node_id,name,entity_type,course,topic,definition,alias,difficulty,importance,source,source_section,book_page,evidence_text
OS_CRS_001,操作系统,Course,操作系统,,研究操作系统如何管理处理机、内存、文件和I/O设备等计算机资源，并为应用程序与用户提供接口和运行环境的核心课程。,"OS,Operating System",4,5,王道2027操作系统，内容简介，教材p2,内容简介,2,教材内容简介说明本书内容包括计算机系统概述、进程与线程、内存管理、文件管理、输入/输出管理等。
OS_TOP_001,第1章 计算机系统概述,Topic,操作系统,第1章 计算机系统概述,建立操作系统整体概念、发展历程、运行环境、结构、引导与虚拟机等基础框架。,,3,5,王道2027操作系统，第1章 计算机系统概述，教材p1,第1章 计算机系统概述,1,教材在“第1章 计算机系统概述”中出现或讲解“第1章 计算机系统概述”；本节点概括为：建立操作系统整体概念、发展历程、运行环境、结构、引导与虚拟机等基础框架。
OS_TOP_002,第2章 进程与线程,Topic,操作系统,第2章 进程与线程,研究进程、线程、CPU调度、同步互斥和死锁等处理机管理核心内容。,,3,5,王道2027操作系统，第2章 进程与线程，教材p37,第2章 进程与线程,37,教材在“第2章 进程与线程”中出现或讲解“第2章 进程与线程”；本节点概括为：研究进程、线程、CPU调度、同步互斥和死锁等处理机管理核心内容。
OS_TOP_003,第3章 内存管理,Topic,操作系统,第3章 内存管理,研究内存分配、地址转换、分页分段和虚拟内存等存储器管理机制。,,3,5,王道2027操作系统，第3章 内存管理，教材p176,第3章 内存管理,176,教材在“第3章 内存管理”中出现或讲解“第3章 内存管理”；本节点概括为：研究内存分配、地址转换、分页分段和虚拟内存等存储器管理机制。
OS_TOP_004,第4章 文件管理,Topic,操作系统,第4章 文件管理,研究文件、目录、文件物理结构、文件系统和外存空间管理。,,3,5,王道2027操作系统，第4章 文件管理，教材p251,第4章 文件管理,251,教材在“第4章 文件管理”中出现或讲解“第4章 文件管理”；本节点概括为：研究文件、目录、文件物理结构、文件系统和外存空间管理。
OS_TOP_005,第5章 输入/输出管理,Topic,操作系统,第5章 输入/输出管理,研究I/O设备、I/O控制方式、设备独立性、缓冲、SPOOLing和磁盘调度。,,3,5,王道2027操作系统，第5章 输入/输出管理，教材p305,第5章 输入/输出管理,305,教材在“第5章 输入/输出管理”中出现或讲解“第5章 输入/输出管理”；本节点概括为：研究I/O设备、I/O控制方式、设备独立性、缓冲、SPOOLing和磁盘调度。
OS_TOP_006,1.1 操作系统的基本概念,Topic,操作系统,第1章 计算机系统概述,讲解操作系统的定义、功能目标和并发、共享、虚拟、异步等基本特征。,,3,4,王道2027操作系统，1.1 操作系统的基本概念，教材p1,1.1 操作系统的基本概念,1,教材在“1.1 操作系统的基本概念”中出现或讲解“1.1 操作系统的基本概念”；本节点概括为：讲解操作系统的定义、功能目标和并发、共享、虚拟、异步等基本特征。
OS_TOP_007,1.2 操作系统发展历程,Topic,操作系统,第1章 计算机系统概述,梳理手工操作、批处理、分时、实时、网络、分布式和微机操作系统的发展。,,3,4,王道2027操作系统，1.2 操作系统发展历程，教材p7,1.2 操作系统发展历程,7,教材在“1.2 操作系统发展历程”中出现或讲解“1.2 操作系统发展历程”；本节点概括为：梳理手工操作、批处理、分时、实时、网络、分布式和微机操作系统的发展。
OS_TOP_008,1.3 操作系统的运行环境,Topic,操作系统,第1章 计算机系统概述,讲解内核、处理机工作模式、中断异常和系统调用。,,3,4,王道2027操作系统，1.3 操作系统的运行环境，教材p15,1.3 操作系统的运行环境,15,教材在“1.3 操作系统的运行环境”中出现或讲解“1.3 操作系统的运行环境”；本节点概括为：讲解内核、处理机工作模式、中断异常和系统调用。
OS_TOP_009,1.4 操作系统结构,Topic,操作系统,第1章 计算机系统概述,比较分层、模块化、宏内核、微内核和外核等系统结构。,,3,4,王道2027操作系统，1.4 操作系统结构，教材p26,1.4 操作系统结构,26,教材在“1.4 操作系统结构”中出现或讲解“1.4 操作系统结构”；本节点概括为：比较分层、模块化、宏内核、微内核和外核等系统结构。
OS_TOP_010,1.5 操作系统引导,Topic,操作系统,第1章 计算机系统概述,讲解计算机开机后装入并启动操作系统的过程。,,3,4,王道2027操作系统，1.5 操作系统引导，教材p29,1.5 操作系统引导,29,教材在“1.5 操作系统引导”中出现或讲解“1.5 操作系统引导”；本节点概括为：讲解计算机开机后装入并启动操作系统的过程。
OS_TOP_011,1.6 虚拟机,Topic,操作系统,第1章 计算机系统概述,讲解虚拟机和虚拟机管理程序的基本概念。,,3,4,王道2027操作系统，1.6 虚拟机，教材p30,1.6 虚拟机,30,教材在“1.6 虚拟机”中出现或讲解“1.6 虚拟机”；本节点概括为：讲解虚拟机和虚拟机管理程序的基本概念。
OS_TOP_012,2.1 进程与线程简介,Topic,操作系统,第2章 进程与线程,讲解进程概念、组成、状态转换、进程控制、进程通信和线程模型。,,3,4,王道2027操作系统，2.1 进程与线程简介，教材p37,2.1 进程与线程简介,37,教材在“2.1 进程与线程简介”中出现或讲解“2.1 进程与线程简介”；本节点概括为：讲解进程概念、组成、状态转换、进程控制、进程通信和线程模型。
OS_TOP_013,2.2 CPU调度,Topic,操作系统,第2章 进程与线程,讲解调度层次、调度目标、进程切换和常见CPU调度算法。,,3,4,王道2027操作系统，2.2 CPU调度，教材p66,2.2 CPU调度,66,教材在“2.2 CPU调度”中出现或讲解“2.2 CPU调度”；本节点概括为：讲解调度层次、调度目标、进程切换和常见CPU调度算法。
OS_TOP_014,2.3 同步与互斥,Topic,操作系统,第2章 进程与线程,讲解并发进程同步互斥、临界区、信号量、经典同步问题和管程。,,3,4,王道2027操作系统，2.3 同步与互斥，教材p99,2.3 同步与互斥,99,教材在“2.3 同步与互斥”中出现或讲解“2.3 同步与互斥”；本节点概括为：讲解并发进程同步互斥、临界区、信号量、经典同步问题和管程。
OS_TOP_015,2.4 死锁,Topic,操作系统,第2章 进程与线程,讲解死锁产生条件、预防、避免、检测与解除。,,3,4,王道2027操作系统，2.4 死锁，教材p149,2.4 死锁,149,教材在“2.4 死锁”中出现或讲解“2.4 死锁”；本节点概括为：讲解死锁产生条件、预防、避免、检测与解除。
OS_TOP_016,3.1 内存管理概念,Topic,操作系统,第3章 内存管理,讲解内存管理要求、连续分配、分页、分段和段页式管理。,,3,4,王道2027操作系统，3.1 内存管理概念，教材p176,3.1 内存管理概念,176,教材在“3.1 内存管理概念”中出现或讲解“3.1 内存管理概念”；本节点概括为：讲解内存管理要求、连续分配、分页、分段和段页式管理。
OS_TOP_017,3.2 虚拟内存管理,Topic,操作系统,第3章 内存管理,讲解虚拟内存、请求分页、页框分配、页面置换、抖动和地址翻译。,,3,4,王道2027操作系统，3.2 虚拟内存管理，教材p212,3.2 虚拟内存管理,212,教材在“3.2 虚拟内存管理”中出现或讲解“3.2 虚拟内存管理”；本节点概括为：讲解虚拟内存、请求分页、页框分配、页面置换、抖动和地址翻译。
OS_TOP_018,4.1 文件系统基础,Topic,操作系统,第4章 文件管理,讲解文件基本概念、文件系统结构和文件逻辑结构。,,3,4,王道2027操作系统，4.1 文件系统基础，教材p251,4.1 文件系统基础,251,教材在“4.1 文件系统基础”中出现或讲解“4.1 文件系统基础”；本节点概括为：讲解文件基本概念、文件系统结构和文件逻辑结构。
OS_TOP_019,4.2 目录与文件,Topic,操作系统,第4章 文件管理,讲解目录、文件控制块、索引节点、目录结构、文件物理结构、共享与保护。,,3,4,王道2027操作系统，4.2 目录与文件，教材p257,4.2 目录与文件,257,教材在“4.2 目录与文件”中出现或讲解“4.2 目录与文件”；本节点概括为：讲解目录、文件控制块、索引节点、目录结构、文件物理结构、共享与保护。
OS_TOP_020,4.3 文件系统,Topic,操作系统,第4章 文件管理,讲解文件系统布局、文件存储空间管理、虚拟文件系统和挂载。,,3,4,王道2027操作系统，4.3 文件系统，教材p294,4.3 文件系统,294,教材在“4.3 文件系统”中出现或讲解“4.3 文件系统”；本节点概括为：讲解文件系统布局、文件存储空间管理、虚拟文件系统和挂载。
OS_TOP_021,5.1 I/O管理概述,Topic,操作系统,第5章 输入/输出管理,讲解I/O设备、I/O控制方式、I/O软件层次和应用程序I/O接口。,,3,4,王道2027操作系统，5.1 I/O管理概述，教材p305,5.1 I/O管理概述,305,教材在“5.1 I/O管理概述”中出现或讲解“5.1 I/O管理概述”；本节点概括为：讲解I/O设备、I/O控制方式、I/O软件层次和应用程序I/O接口。
OS_TOP_022,5.2 设备独立性软件,Topic,操作系统,第5章 输入/输出管理,讲解设备独立性、缓冲、高速缓存、设备分配与SPOOLing技术。,,3,4,王道2027操作系统，5.2 设备独立性软件，教材p320,5.2 设备独立性软件,320,教材在“5.2 设备独立性软件”中出现或讲解“5.2 设备独立性软件”；本节点概括为：讲解设备独立性、缓冲、高速缓存、设备分配与SPOOLing技术。
OS_TOP_023,5.3 磁盘和固态硬盘,Topic,操作系统,第5章 输入/输出管理,讲解磁盘结构、磁盘管理、磁盘调度算法和固态硬盘。,,3,4,王道2027操作系统，5.3 磁盘和固态硬盘，教材p340,5.3 磁盘和固态硬盘,340,教材在“5.3 磁盘和固态硬盘”中出现或讲解“5.3 磁盘和固态硬盘”；本节点概括为：讲解磁盘结构、磁盘管理、磁盘调度算法和固态硬盘。
OS_TOP_024,1.1.1 操作系统的概念,Topic,操作系统,第1章 计算机系统概述,定义操作系统在计算机系统中的位置和作用。,,3,3,王道2027操作系统，1.1.1 操作系统的概念，教材p1,1.1.1 操作系统的概念,1,教材在“1.1.1 操作系统的概念”中出现或讲解“1.1.1 操作系统的概念”；本节点概括为：定义操作系统在计算机系统中的位置和作用。
OS_TOP_025,1.1.2 操作系统的功能和目标,Topic,操作系统,第1章 计算机系统概述,说明处理机、存储器、文件、设备管理和用户接口等功能。,,3,3,王道2027操作系统，1.1.2 操作系统的功能和目标，教材p2,1.1.2 操作系统的功能和目标,2,教材在“1.1.2 操作系统的功能和目标”中出现或讲解“1.1.2 操作系统的功能和目标”；本节点概括为：说明处理机、存储器、文件、设备管理和用户接口等功能。
OS_TOP_026,1.1.3 操作系统的特征,Topic,操作系统,第1章 计算机系统概述,说明并发、共享、虚拟和异步四个基本特征。,,3,3,王道2027操作系统，1.1.3 操作系统的特征，教材p3,1.1.3 操作系统的特征,3,教材在“1.1.3 操作系统的特征”中出现或讲解“1.1.3 操作系统的特征”；本节点概括为：说明并发、共享、虚拟和异步四个基本特征。
OS_TOP_027,1.2.1 手工操作阶段,Topic,操作系统,第1章 计算机系统概述,说明未配置操作系统时人工装入和控制作业的方式。,,3,3,王道2027操作系统，1.2.1 手工操作阶段，教材p7,1.2.1 手工操作阶段,7,教材在“1.2.1 手工操作阶段”中出现或讲解“1.2.1 手工操作阶段”；本节点概括为：说明未配置操作系统时人工装入和控制作业的方式。
OS_TOP_028,1.2.2 批处理阶段,Topic,操作系统,第1章 计算机系统概述,说明单道与多道批处理系统的出现及作用。,,3,3,王道2027操作系统，1.2.2 批处理阶段，教材p7,1.2.2 批处理阶段,7,教材在“1.2.2 批处理阶段”中出现或讲解“1.2.2 批处理阶段”；本节点概括为：说明单道与多道批处理系统的出现及作用。
OS_TOP_029,1.2.3 分时操作系统,Topic,操作系统,第1章 计算机系统概述,说明分时系统的多用户交互和时间片思想。,,3,3,王道2027操作系统，1.2.3 分时操作系统，教材p8,1.2.3 分时操作系统,8,教材在“1.2.3 分时操作系统”中出现或讲解“1.2.3 分时操作系统”；本节点概括为：说明分时系统的多用户交互和时间片思想。
OS_TOP_030,1.2.4 实时操作系统,Topic,操作系统,第1章 计算机系统概述,说明实时系统对及时性和可靠性的要求。,,3,3,王道2027操作系统，1.2.4 实时操作系统，教材p8,1.2.4 实时操作系统,8,教材在“1.2.4 实时操作系统”中出现或讲解“1.2.4 实时操作系统”；本节点概括为：说明实时系统对及时性和可靠性的要求。
OS_TOP_031,1.2.5 网络操作系统和分布式系统,Topic,操作系统,第1章 计算机系统概述,说明网络资源共享和分布式协同的系统形态。,,3,3,王道2027操作系统，1.2.5 网络操作系统和分布式系统，教材p9,1.2.5 网络操作系统和分布式系统,9,教材在“1.2.5 网络操作系统和分布式系统”中出现或讲解“1.2.5 网络操作系统和分布式系统”；本节点概括为：说明网络资源共享和分布式协同的系统形态。
OS_TOP_032,1.2.6 微机操作系统,Topic,操作系统,第1章 计算机系统概述,说明个人计算机操作系统的发展。,,3,3,王道2027操作系统，1.2.6 微机操作系统，教材p9,1.2.6 微机操作系统,9,教材在“1.2.6 微机操作系统”中出现或讲解“1.2.6 微机操作系统”；本节点概括为：说明个人计算机操作系统的发展。
OS_TOP_033,1.3.1 操作系统内核,Topic,操作系统,第1章 计算机系统概述,说明内核中时钟、中断、原语和资源管理等功能。,,3,3,王道2027操作系统，1.3.1 操作系统内核，教材p15,1.3.1 操作系统内核,15,教材在“1.3.1 操作系统内核”中出现或讲解“1.3.1 操作系统内核”；本节点概括为：说明内核中时钟、中断、原语和资源管理等功能。
OS_TOP_034,1.3.2 处理机的双重工作模式,Topic,操作系统,第1章 计算机系统概述,说明用户态、核心态和特权指令。,,3,3,王道2027操作系统，1.3.2 处理机的双重工作模式，教材p16,1.3.2 处理机的双重工作模式,16,教材在“1.3.2 处理机的双重工作模式”中出现或讲解“1.3.2 处理机的双重工作模式”；本节点概括为：说明用户态、核心态和特权指令。
OS_TOP_035,1.3.3 中断和异常的概念,Topic,操作系统,第1章 计算机系统概述,说明中断、异常及其在系统控制中的作用。,,3,3,王道2027操作系统，1.3.3 中断和异常的概念，教材p16,1.3.3 中断和异常的概念,16,教材在“1.3.3 中断和异常的概念”中出现或讲解“1.3.3 中断和异常的概念”；本节点概括为：说明中断、异常及其在系统控制中的作用。
OS_TOP_036,1.3.4 系统调用,Topic,操作系统,第1章 计算机系统概述,说明应用程序请求内核服务的接口。,,3,3,王道2027操作系统，1.3.4 系统调用，教材p17,1.3.4 系统调用,17,教材在“1.3.4 系统调用”中出现或讲解“1.3.4 系统调用”；本节点概括为：说明应用程序请求内核服务的接口。
OS_TOP_037,1.6.1 虚拟机的基本概念,Topic,操作系统,第1章 计算机系统概述,说明虚拟机和虚拟化技术的基本思想。,,3,3,王道2027操作系统，1.6.1 虚拟机的基本概念，教材p30,1.6.1 虚拟机的基本概念,30,教材在“1.6.1 虚拟机的基本概念”中出现或讲解“1.6.1 虚拟机的基本概念”；本节点概括为：说明虚拟机和虚拟化技术的基本思想。
OS_TOP_038,2.1.1 进程的概念和特征,Topic,操作系统,第2章 进程与线程,说明进程作为程序一次执行过程及其动态性、并发性等特征。,,3,3,王道2027操作系统，2.1.1 进程的概念和特征，教材p38,2.1.1 进程的概念和特征,38,教材在“2.1.1 进程的概念和特征”中出现或讲解“2.1.1 进程的概念和特征”；本节点概括为：说明进程作为程序一次执行过程及其动态性、并发性等特征。
OS_TOP_039,2.1.2 进程的组成,Topic,操作系统,第2章 进程与线程,说明进程由程序段、数据段和PCB等组成。,,3,3,王道2027操作系统，2.1.2 进程的组成，教材p38,2.1.2 进程的组成,38,教材在“2.1.2 进程的组成”中出现或讲解“2.1.2 进程的组成”；本节点概括为：说明进程由程序段、数据段和PCB等组成。
OS_TOP_040,2.1.3 进程的内存映像,Topic,操作系统,第2章 进程与线程,说明进程地址空间中代码、数据、堆和栈等映像。,,3,3,王道2027操作系统，2.1.3 进程的内存映像，教材p40,2.1.3 进程的内存映像,40,教材在“2.1.3 进程的内存映像”中出现或讲解“2.1.3 进程的内存映像”；本节点概括为：说明进程地址空间中代码、数据、堆和栈等映像。
OS_TOP_041,2.1.4 进程的状态与转换,Topic,操作系统,第2章 进程与线程,说明运行态、就绪态、阻塞态等状态及转换条件。,,3,3,王道2027操作系统，2.1.4 进程的状态与转换，教材p41,2.1.4 进程的状态与转换,41,教材在“2.1.4 进程的状态与转换”中出现或讲解“2.1.4 进程的状态与转换”；本节点概括为：说明运行态、就绪态、阻塞态等状态及转换条件。
OS_TOP_042,2.1.5 进程控制,Topic,操作系统,第2章 进程与线程,说明创建、撤销、阻塞、唤醒等进程控制操作。,,3,3,王道2027操作系统，2.1.5 进程控制，教材p42,2.1.5 进程控制,42,教材在“2.1.5 进程控制”中出现或讲解“2.1.5 进程控制”；本节点概括为：说明创建、撤销、阻塞、唤醒等进程控制操作。
OS_TOP_043,2.1.6 进程的通信,Topic,操作系统,第2章 进程与线程,说明共享存储、消息传递和管道通信。,,3,3,王道2027操作系统，2.1.6 进程的通信，教材p43,2.1.6 进程的通信,43,教材在“2.1.6 进程的通信”中出现或讲解“2.1.6 进程的通信”；本节点概括为：说明共享存储、消息传递和管道通信。
OS_TOP_044,2.1.7 线程和多线程模型,Topic,操作系统,第2章 进程与线程,说明线程概念及用户级、内核级、多线程映射模型。,,3,3,王道2027操作系统，2.1.7 线程和多线程模型，教材p45,2.1.7 线程和多线程模型,45,教材在“2.1.7 线程和多线程模型”中出现或讲解“2.1.7 线程和多线程模型”；本节点概括为：说明线程概念及用户级、内核级、多线程映射模型。
OS_TOP_045,2.2.1 调度的概念,Topic,操作系统,第2章 进程与线程,说明作业调度、中级调度和进程调度等层次。,,3,3,王道2027操作系统，2.2.1 调度的概念，教材p66,2.2.1 调度的概念,66,教材在“2.2.1 调度的概念”中出现或讲解“2.2.1 调度的概念”；本节点概括为：说明作业调度、中级调度和进程调度等层次。
OS_TOP_046,2.2.2 进程调度,Topic,操作系统,第2章 进程与线程,说明处理机在就绪进程之间分配的过程。,,3,3,王道2027操作系统，2.2.2 进程调度，教材p67,2.2.2 进程调度,67,教材在“2.2.2 进程调度”中出现或讲解“2.2.2 进程调度”；本节点概括为：说明处理机在就绪进程之间分配的过程。
OS_TOP_047,2.2.3 调度的目标,Topic,操作系统,第2章 进程与线程,说明CPU利用率、吞吐量、周转时间、等待时间和响应时间等指标。,,3,3,王道2027操作系统，2.2.3 调度的目标，教材p70,2.2.3 调度的目标,70,教材在“2.2.3 调度的目标”中出现或讲解“2.2.3 调度的目标”；本节点概括为：说明CPU利用率、吞吐量、周转时间、等待时间和响应时间等指标。
OS_TOP_048,2.2.4 进程切换,Topic,操作系统,第2章 进程与线程,说明上下文保存与恢复导致的调度开销。,,3,3,王道2027操作系统，2.2.4 进程切换，教材p70,2.2.4 进程切换,70,教材在“2.2.4 进程切换”中出现或讲解“2.2.4 进程切换”；本节点概括为：说明上下文保存与恢复导致的调度开销。
OS_TOP_049,2.2.5 CPU调度算法,Topic,操作系统,第2章 进程与线程,说明FCFS、SJF、HRRN、RR、优先级和多级反馈队列等算法。,,3,3,王道2027操作系统，2.2.5 CPU调度算法，教材p71,2.2.5 CPU调度算法,71,教材在“2.2.5 CPU调度算法”中出现或讲解“2.2.5 CPU调度算法”；本节点概括为：说明FCFS、SJF、HRRN、RR、优先级和多级反馈队列等算法。
OS_TOP_050,2.2.6 多处理机调度,Topic,操作系统,第2章 进程与线程,说明多处理器环境下的进程分配和负载均衡。,,3,3,王道2027操作系统，2.2.6 多处理机调度，教材p77,2.2.6 多处理机调度,77,教材在“2.2.6 多处理机调度”中出现或讲解“2.2.6 多处理机调度”；本节点概括为：说明多处理器环境下的进程分配和负载均衡。
OS_TOP_051,2.3.1 同步与互斥的基本概念,Topic,操作系统,第2章 进程与线程,说明进程同步、进程互斥和临界区。,,3,3,王道2027操作系统，2.3.1 同步与互斥的基本概念，教材p99,2.3.1 同步与互斥的基本概念,99,教材在“2.3.1 同步与互斥的基本概念”中出现或讲解“2.3.1 同步与互斥的基本概念”；本节点概括为：说明进程同步、进程互斥和临界区。
OS_TOP_052,2.3.2 实现临界区互斥的基本方法,Topic,操作系统,第2章 进程与线程,说明软件方法和硬件方法实现互斥。,,3,3,王道2027操作系统，2.3.2 实现临界区互斥的基本方法，教材p100,2.3.2 实现临界区互斥的基本方法,100,教材在“2.3.2 实现临界区互斥的基本方法”中出现或讲解“2.3.2 实现临界区互斥的基本方法”；本节点概括为：说明软件方法和硬件方法实现互斥。
OS_TOP_053,2.3.3 互斥锁,Topic,操作系统,第2章 进程与线程,说明忙等锁保护临界区的机制。,,3,3,王道2027操作系统，2.3.3 互斥锁，教材p103,2.3.3 互斥锁,103,教材在“2.3.3 互斥锁”中出现或讲解“2.3.3 互斥锁”；本节点概括为：说明忙等锁保护临界区的机制。
OS_TOP_054,2.3.4 信号量,Topic,操作系统,第2章 进程与线程,说明P/V操作和信号量同步互斥机制。,,3,3,王道2027操作系统，2.3.4 信号量，教材p104,2.3.4 信号量,104,教材在“2.3.4 信号量”中出现或讲解“2.3.4 信号量”；本节点概括为：说明P/V操作和信号量同步互斥机制。
OS_TOP_055,2.3.5 经典同步问题,Topic,操作系统,第2章 进程与线程,说明生产者-消费者、读者-写者和哲学家进餐等问题。,,3,3,王道2027操作系统，2.3.5 经典同步问题，教材p107,2.3.5 经典同步问题,107,教材在“2.3.5 经典同步问题”中出现或讲解“2.3.5 经典同步问题”；本节点概括为：说明生产者-消费者、读者-写者和哲学家进餐等问题。
OS_TOP_056,2.3.6 管程,Topic,操作系统,第2章 进程与线程,说明管程将共享数据和操作封装并提供条件变量。,,3,3,王道2027操作系统，2.3.6 管程，教材p112,2.3.6 管程,112,教材在“2.3.6 管程”中出现或讲解“2.3.6 管程”；本节点概括为：说明管程将共享数据和操作封装并提供条件变量。
OS_TOP_057,2.4.1 死锁的概念,Topic,操作系统,第2章 进程与线程,说明进程因竞争资源而永久等待的现象。,,3,3,王道2027操作系统，2.4.1 死锁的概念，教材p150,2.4.1 死锁的概念,150,教材在“2.4.1 死锁的概念”中出现或讲解“2.4.1 死锁的概念”；本节点概括为：说明进程因竞争资源而永久等待的现象。
OS_TOP_058,2.4.2 死锁预防,Topic,操作系统,第2章 进程与线程,说明破坏死锁必要条件来预防死锁。,,3,3,王道2027操作系统，2.4.2 死锁预防，教材p152,2.4.2 死锁预防,152,教材在“2.4.2 死锁预防”中出现或讲解“2.4.2 死锁预防”；本节点概括为：说明破坏死锁必要条件来预防死锁。
OS_TOP_059,2.4.3 死锁避免,Topic,操作系统,第2章 进程与线程,说明利用安全状态和银行家算法避免死锁。,,3,3,王道2027操作系统，2.4.3 死锁避免，教材p153,2.4.3 死锁避免,153,教材在“2.4.3 死锁避免”中出现或讲解“2.4.3 死锁避免”；本节点概括为：说明利用安全状态和银行家算法避免死锁。
OS_TOP_060,2.4.4 死锁检测与解除,Topic,操作系统,第2章 进程与线程,说明检测死锁并通过剥夺资源或撤销进程解除死锁。,,3,3,王道2027操作系统，2.4.4 死锁检测与解除，教材p157,2.4.4 死锁检测与解除,157,教材在“2.4.4 死锁检测与解除”中出现或讲解“2.4.4 死锁检测与解除”；本节点概括为：说明检测死锁并通过剥夺资源或撤销进程解除死锁。
OS_TOP_061,3.1.1 内存管理的基本原理和要求,Topic,操作系统,第3章 内存管理,说明内存分配、地址转换、保护、共享与扩充。,,3,3,王道2027操作系统，3.1.1 内存管理的基本原理和要求，教材p176,3.1.1 内存管理的基本原理和要求,176,教材在“3.1.1 内存管理的基本原理和要求”中出现或讲解“3.1.1 内存管理的基本原理和要求”；本节点概括为：说明内存分配、地址转换、保护、共享与扩充。
OS_TOP_062,3.1.2 连续分配管理方式,Topic,操作系统,第3章 内存管理,说明单一连续分配、固定分区和动态分区。,,3,3,王道2027操作系统，3.1.2 连续分配管理方式，教材p180,3.1.2 连续分配管理方式,180,教材在“3.1.2 连续分配管理方式”中出现或讲解“3.1.2 连续分配管理方式”；本节点概括为：说明单一连续分配、固定分区和动态分区。
OS_TOP_063,3.1.3 基本分页存储管理,Topic,操作系统,第3章 内存管理,说明页、页框、页表、快表和地址转换。,,3,3,王道2027操作系统，3.1.3 基本分页存储管理，教材p183,3.1.3 基本分页存储管理,183,教材在“3.1.3 基本分页存储管理”中出现或讲解“3.1.3 基本分页存储管理”；本节点概括为：说明页、页框、页表、快表和地址转换。
OS_TOP_064,3.1.4 基本分段存储管理,Topic,操作系统,第3章 内存管理,说明按逻辑段组织地址空间及段表转换。,,3,3,王道2027操作系统，3.1.4 基本分段存储管理，教材p187,3.1.4 基本分段存储管理,187,教材在“3.1.4 基本分段存储管理”中出现或讲解“3.1.4 基本分段存储管理”；本节点概括为：说明按逻辑段组织地址空间及段表转换。
OS_TOP_065,3.1.5 段页式存储管理,Topic,操作系统,第3章 内存管理,说明分段和分页结合的存储管理方式。,,3,3,王道2027操作系统，3.1.5 段页式存储管理，教材p190,3.1.5 段页式存储管理,190,教材在“3.1.5 段页式存储管理”中出现或讲解“3.1.5 段页式存储管理”；本节点概括为：说明分段和分页结合的存储管理方式。
OS_TOP_066,3.2.1 虚拟内存的基本概念,Topic,操作系统,第3章 内存管理,说明虚拟存储器基于局部性和离散装入实现内存扩充。,,3,3,王道2027操作系统，3.2.1 虚拟内存的基本概念，教材p212,3.2.1 虚拟内存的基本概念,212,教材在“3.2.1 虚拟内存的基本概念”中出现或讲解“3.2.1 虚拟内存的基本概念”；本节点概括为：说明虚拟存储器基于局部性和离散装入实现内存扩充。
OS_TOP_067,3.2.2 请求分页管理方式,Topic,操作系统,第3章 内存管理,说明按需调页、缺页中断和地址变换。,,3,3,王道2027操作系统，3.2.2 请求分页管理方式，教材p213,3.2.2 请求分页管理方式,213,教材在“3.2.2 请求分页管理方式”中出现或讲解“3.2.2 请求分页管理方式”；本节点概括为：说明按需调页、缺页中断和地址变换。
OS_TOP_068,3.2.3 页框分配,Topic,操作系统,第3章 内存管理,说明驻留集、固定/可变分配和局部/全局置换。,,3,3,王道2027操作系统，3.2.3 页框分配，教材p215,3.2.3 页框分配,215,教材在“3.2.3 页框分配”中出现或讲解“3.2.3 页框分配”；本节点概括为：说明驻留集、固定/可变分配和局部/全局置换。
OS_TOP_069,3.2.4 页面置换算法,Topic,操作系统,第3章 内存管理,说明OPT、FIFO、LRU、CLOCK和改进CLOCK等算法。,,3,3,王道2027操作系统，3.2.4 页面置换算法，教材p217,3.2.4 页面置换算法,217,教材在“3.2.4 页面置换算法”中出现或讲解“3.2.4 页面置换算法”；本节点概括为：说明OPT、FIFO、LRU、CLOCK和改进CLOCK等算法。
OS_TOP_070,3.2.5 抖动和工作集,Topic,操作系统,第3章 内存管理,说明频繁缺页导致系统性能下降及工作集控制。,,3,3,王道2027操作系统，3.2.5 抖动和工作集，教材p220,3.2.5 抖动和工作集,220,教材在“3.2.5 抖动和工作集”中出现或讲解“3.2.5 抖动和工作集”；本节点概括为：说明频繁缺页导致系统性能下降及工作集控制。
OS_TOP_071,3.2.6 页框回收,Topic,操作系统,第3章 内存管理,说明回收空闲页框和控制内存占用。,,3,3,王道2027操作系统，3.2.6 页框回收，教材p221,3.2.6 页框回收,221,教材在“3.2.6 页框回收”中出现或讲解“3.2.6 页框回收”；本节点概括为：说明回收空闲页框和控制内存占用。
OS_TOP_072,3.2.7 内存映射文件,Topic,操作系统,第3章 内存管理,说明将文件映射到进程虚拟地址空间。,,3,3,王道2027操作系统，3.2.7 内存映射文件，教材p222,3.2.7 内存映射文件,222,教材在“3.2.7 内存映射文件”中出现或讲解“3.2.7 内存映射文件”；本节点概括为：说明将文件映射到进程虚拟地址空间。
OS_TOP_073,3.2.8 虚拟存储器性能影响因素,Topic,操作系统,第3章 内存管理,说明缺页率、页面大小和置换算法等因素。,,3,3,王道2027操作系统，3.2.8 虚拟存储器性能影响因素，教材p223,3.2.8 虚拟存储器性能影响因素,223,教材在“3.2.8 虚拟存储器性能影响因素”中出现或讲解“3.2.8 虚拟存储器性能影响因素”；本节点概括为：说明缺页率、页面大小和置换算法等因素。
OS_TOP_074,3.2.9 地址翻译的示例,Topic,操作系统,第3章 内存管理,说明虚拟地址到物理地址转换过程。,,3,3,王道2027操作系统，3.2.9 地址翻译的示例，教材p223,3.2.9 地址翻译的示例,223,教材在“3.2.9 地址翻译的示例”中出现或讲解“3.2.9 地址翻译的示例”；本节点概括为：说明虚拟地址到物理地址转换过程。
OS_TOP_075,4.1.1 文件的基本概念,Topic,操作系统,第4章 文件管理,说明文件作为具有符号名的信息集合。,,3,3,王道2027操作系统，4.1.1 文件的基本概念，教材p251,4.1.1 文件的基本概念,251,教材在“4.1.1 文件的基本概念”中出现或讲解“4.1.1 文件的基本概念”；本节点概括为：说明文件作为具有符号名的信息集合。
OS_TOP_076,4.1.2 文件系统结构,Topic,操作系统,第4章 文件管理,说明文件系统的层次结构和功能组成。,,3,3,王道2027操作系统，4.1.2 文件系统结构，教材p253,4.1.2 文件系统结构,253,教材在“4.1.2 文件系统结构”中出现或讲解“4.1.2 文件系统结构”；本节点概括为：说明文件系统的层次结构和功能组成。
OS_TOP_077,4.1.3 文件的逻辑结构,Topic,操作系统,第4章 文件管理,说明无结构文件和有结构文件的逻辑组织。,,3,3,王道2027操作系统，4.1.3 文件的逻辑结构，教材p253,4.1.3 文件的逻辑结构,253,教材在“4.1.3 文件的逻辑结构”中出现或讲解“4.1.3 文件的逻辑结构”；本节点概括为：说明无结构文件和有结构文件的逻辑组织。
OS_TOP_078,4.2.1 目录的基本概念,Topic,操作系统,第4章 文件管理,说明目录用于实现文件名到文件控制信息的映射。,,3,3,王道2027操作系统，4.2.1 目录的基本概念，教材p257,4.2.1 目录的基本概念,257,教材在“4.2.1 目录的基本概念”中出现或讲解“4.2.1 目录的基本概念”；本节点概括为：说明目录用于实现文件名到文件控制信息的映射。
OS_TOP_079,4.2.2 文件控制块和索引节点,Topic,操作系统,第4章 文件管理,说明FCB和inode管理文件元数据。,,3,3,王道2027操作系统，4.2.2 文件控制块和索引节点，教材p257,4.2.2 文件控制块和索引节点,257,教材在“4.2.2 文件控制块和索引节点”中出现或讲解“4.2.2 文件控制块和索引节点”；本节点概括为：说明FCB和inode管理文件元数据。
OS_TOP_080,4.2.3 目录结构,Topic,操作系统,第4章 文件管理,说明单级、两级、多级和无环图目录结构。,,3,3,王道2027操作系统，4.2.3 目录结构，教材p258,4.2.3 目录结构,258,教材在“4.2.3 目录结构”中出现或讲解“4.2.3 目录结构”；本节点概括为：说明单级、两级、多级和无环图目录结构。
OS_TOP_081,4.2.4 目录的操作,Topic,操作系统,第4章 文件管理,说明查找、创建、删除、显示和修改目录。,,3,3,王道2027操作系统，4.2.4 目录的操作，教材p260,4.2.4 目录的操作,260,教材在“4.2.4 目录的操作”中出现或讲解“4.2.4 目录的操作”；本节点概括为：说明查找、创建、删除、显示和修改目录。
OS_TOP_082,4.2.5 目录实现,Topic,操作系统,第4章 文件管理,说明目录项与索引节点等实现方式。,,3,3,王道2027操作系统，4.2.5 目录实现，教材p261,4.2.5 目录实现,261,教材在“4.2.5 目录实现”中出现或讲解“4.2.5 目录实现”；本节点概括为：说明目录项与索引节点等实现方式。
OS_TOP_083,4.2.6 文件的物理结构,Topic,操作系统,第4章 文件管理,说明连续、链接和索引等文件分配方式。,,3,3,王道2027操作系统，4.2.6 文件的物理结构，教材p261,4.2.6 文件的物理结构,261,教材在“4.2.6 文件的物理结构”中出现或讲解“4.2.6 文件的物理结构”；本节点概括为：说明连续、链接和索引等文件分配方式。
OS_TOP_084,4.2.7 文件的操作,Topic,操作系统,第4章 文件管理,说明创建、打开、读、写、关闭和删除等操作。,,3,3,王道2027操作系统，4.2.7 文件的操作，教材p266,4.2.7 文件的操作,266,教材在“4.2.7 文件的操作”中出现或讲解“4.2.7 文件的操作”；本节点概括为：说明创建、打开、读、写、关闭和删除等操作。
OS_TOP_085,4.2.8 文件共享,Topic,操作系统,第4章 文件管理,说明硬链接和软链接实现文件共享。,,3,3,王道2027操作系统，4.2.8 文件共享，教材p268,4.2.8 文件共享,268,教材在“4.2.8 文件共享”中出现或讲解“4.2.8 文件共享”；本节点概括为：说明硬链接和软链接实现文件共享。
OS_TOP_086,4.2.9 文件保护,Topic,操作系统,第4章 文件管理,说明访问控制、口令和加密保护。,,3,3,王道2027操作系统，4.2.9 文件保护，教材p269,4.2.9 文件保护,269,教材在“4.2.9 文件保护”中出现或讲解“4.2.9 文件保护”；本节点概括为：说明访问控制、口令和加密保护。
OS_TOP_087,4.3.1 文件系统布局,Topic,操作系统,第4章 文件管理,说明磁盘上的引导块、控制块、目录区和文件区。,,3,3,王道2027操作系统，4.3.1 文件系统布局，教材p294,4.3.1 文件系统布局,294,教材在“4.3.1 文件系统布局”中出现或讲解“4.3.1 文件系统布局”；本节点概括为：说明磁盘上的引导块、控制块、目录区和文件区。
OS_TOP_088,4.3.2 文件存储空间管理,Topic,操作系统,第4章 文件管理,说明空闲表、空闲链表、位示图和成组链接。,,3,3,王道2027操作系统，4.3.2 文件存储空间管理，教材p295,4.3.2 文件存储空间管理,295,教材在“4.3.2 文件存储空间管理”中出现或讲解“4.3.2 文件存储空间管理”；本节点概括为：说明空闲表、空闲链表、位示图和成组链接。
OS_TOP_089,4.3.3 虚拟文件系统,Topic,操作系统,第4章 文件管理,说明抽象统一接口以屏蔽不同文件系统差异。,,3,3,王道2027操作系统，4.3.3 虚拟文件系统，教材p298,4.3.3 虚拟文件系统,298,教材在“4.3.3 虚拟文件系统”中出现或讲解“4.3.3 虚拟文件系统”；本节点概括为：说明抽象统一接口以屏蔽不同文件系统差异。
OS_TOP_090,4.3.4 文件系统挂载,Topic,操作系统,第4章 文件管理,说明把文件系统接入统一目录树。,,3,3,王道2027操作系统，4.3.4 文件系统挂载，教材p299,4.3.4 文件系统挂载,299,教材在“4.3.4 文件系统挂载”中出现或讲解“4.3.4 文件系统挂载”；本节点概括为：说明把文件系统接入统一目录树。
OS_TOP_091,5.1.1 I/O设备,Topic,操作系统,第5章 输入/输出管理,说明块设备、字符设备和设备控制器等。,,3,3,王道2027操作系统，5.1.1 I/O设备，教材p305,5.1.1 I/O设备,305,教材在“5.1.1 I/O设备”中出现或讲解“5.1.1 I/O设备”；本节点概括为：说明块设备、字符设备和设备控制器等。
OS_TOP_092,5.1.2 I/O控制方式,Topic,操作系统,第5章 输入/输出管理,说明程序直接控制、中断驱动、DMA和通道控制。,,3,3,王道2027操作系统，5.1.2 I/O控制方式，教材p308,5.1.2 I/O控制方式,308,教材在“5.1.2 I/O控制方式”中出现或讲解“5.1.2 I/O控制方式”；本节点概括为：说明程序直接控制、中断驱动、DMA和通道控制。
OS_TOP_093,5.1.3 I/O软件层次结构,Topic,操作系统,第5章 输入/输出管理,说明用户层、设备独立性软件、设备驱动和中断处理。,,3,3,王道2027操作系统，5.1.3 I/O软件层次结构，教材p310,5.1.3 I/O软件层次结构,310,教材在“5.1.3 I/O软件层次结构”中出现或讲解“5.1.3 I/O软件层次结构”；本节点概括为：说明用户层、设备独立性软件、设备驱动和中断处理。
OS_TOP_094,5.1.4 应用程序I/O接口,Topic,操作系统,第5章 输入/输出管理,说明应用程序访问I/O服务的接口。,,3,3,王道2027操作系统，5.1.4 应用程序I/O接口，教材p313,5.1.4 应用程序I/O接口,313,教材在“5.1.4 应用程序I/O接口”中出现或讲解“5.1.4 应用程序I/O接口”；本节点概括为：说明应用程序访问I/O服务的接口。
OS_TOP_095,5.2.1 设备独立性软件,Topic,操作系统,第5章 输入/输出管理,说明上层程序使用逻辑设备名而非具体物理设备。,,3,3,王道2027操作系统，5.2.1 设备独立性软件，教材p320,5.2.1 设备独立性软件,320,教材在“5.2.1 设备独立性软件”中出现或讲解“5.2.1 设备独立性软件”；本节点概括为：说明上层程序使用逻辑设备名而非具体物理设备。
OS_TOP_096,5.2.2 高速缓存与缓冲区,Topic,操作系统,第5章 输入/输出管理,说明用缓存和缓冲缓解设备速度差异。,,3,3,王道2027操作系统，5.2.2 高速缓存与缓冲区，教材p320,5.2.2 高速缓存与缓冲区,320,教材在“5.2.2 高速缓存与缓冲区”中出现或讲解“5.2.2 高速缓存与缓冲区”；本节点概括为：说明用缓存和缓冲缓解设备速度差异。
OS_TOP_097,5.2.3 设备分配与回收,Topic,操作系统,第5章 输入/输出管理,说明设备、控制器和通道的分配回收。,,3,3,王道2027操作系统，5.2.3 设备分配与回收，教材p324,5.2.3 设备分配与回收,324,教材在“5.2.3 设备分配与回收”中出现或讲解“5.2.3 设备分配与回收”；本节点概括为：说明设备、控制器和通道的分配回收。
OS_TOP_098,5.2.4 SPOOLing技术,Topic,操作系统,第5章 输入/输出管理,说明用磁盘模拟脱机输入输出并把独占设备虚拟化。,,3,3,王道2027操作系统，5.2.4 SPOOLing技术，教材p326,5.2.4 SPOOLing技术,326,教材在“5.2.4 SPOOLing技术”中出现或讲解“5.2.4 SPOOLing技术”；本节点概括为：说明用磁盘模拟脱机输入输出并把独占设备虚拟化。
OS_TOP_099,5.2.5 设备驱动程序接口,Topic,操作系统,第5章 输入/输出管理,说明设备驱动向上提供统一接口。,,3,3,王道2027操作系统，5.2.5 设备驱动程序接口，教材p327,5.2.5 设备驱动程序接口,327,教材在“5.2.5 设备驱动程序接口”中出现或讲解“5.2.5 设备驱动程序接口”；本节点概括为：说明设备驱动向上提供统一接口。
OS_TOP_100,5.2.6 I/O操作举例,Topic,操作系统,第5章 输入/输出管理,说明一次I/O请求经过用户层、内核层和设备层的处理过程。,,3,3,王道2027操作系统，5.2.6 I/O操作举例，教材p328,5.2.6 I/O操作举例,328,教材在“5.2.6 I/O操作举例”中出现或讲解“5.2.6 I/O操作举例”；本节点概括为：说明一次I/O请求经过用户层、内核层和设备层的处理过程。
OS_TOP_101,5.3.1 磁盘,Topic,操作系统,第5章 输入/输出管理,说明磁盘的磁道、扇区、柱面和读写时间。,,3,3,王道2027操作系统，5.3.1 磁盘，教材p340,5.3.1 磁盘,340,教材在“5.3.1 磁盘”中出现或讲解“5.3.1 磁盘”；本节点概括为：说明磁盘的磁道、扇区、柱面和读写时间。
OS_TOP_102,5.3.2 磁盘的管理,Topic,操作系统,第5章 输入/输出管理,说明磁盘初始化、分区和坏块管理等。,,3,3,王道2027操作系统，5.3.2 磁盘的管理，教材p341,5.3.2 磁盘的管理,341,教材在“5.3.2 磁盘的管理”中出现或讲解“5.3.2 磁盘的管理”；本节点概括为：说明磁盘初始化、分区和坏块管理等。
OS_TOP_103,5.3.3 磁盘调度算法,Topic,操作系统,第5章 输入/输出管理,说明FCFS、SSTF、SCAN、C-SCAN、LOOK等调度算法。,,3,3,王道2027操作系统，5.3.3 磁盘调度算法，教材p342,5.3.3 磁盘调度算法,342,教材在“5.3.3 磁盘调度算法”中出现或讲解“5.3.3 磁盘调度算法”；本节点概括为：说明FCFS、SSTF、SCAN、C-SCAN、LOOK等调度算法。
OS_TOP_104,5.3.4 固态硬盘,Topic,操作系统,第5章 输入/输出管理,说明SSD基于闪存并通过FTL和磨损均衡管理。,,3,3,王道2027操作系统，5.3.4 固态硬盘，教材p346,5.3.4 固态硬盘,346,教材在“5.3.4 固态硬盘”中出现或讲解“5.3.4 固态硬盘”；本节点概括为：说明SSD基于闪存并通过FTL和磨损均衡管理。
OS_OBJ_001,硬件资源,ComputingObject,操作系统,1.1 操作系统的基本概念,硬件资源是操作系统管理、调度或抽象的计算资源或系统对象。,,3,4,王道2027操作系统，1.1 操作系统的基本概念，教材p1,1.1 操作系统的基本概念,1,教材在“1.1 操作系统的基本概念”中出现或讲解“硬件资源”；本节点概括为：硬件资源是操作系统管理、调度或抽象的计算资源或系统对象。
OS_OBJ_002,软件资源,ComputingObject,操作系统,1.1 操作系统的基本概念,软件资源是操作系统管理、调度或抽象的计算资源或系统对象。,,3,4,王道2027操作系统，1.1 操作系统的基本概念，教材p1,1.1 操作系统的基本概念,1,教材在“1.1 操作系统的基本概念”中出现或讲解“软件资源”；本节点概括为：软件资源是操作系统管理、调度或抽象的计算资源或系统对象。
OS_MEC_001,处理机管理,Mechanism,操作系统,1.1 操作系统的基本概念,以进程或线程为基本单位对CPU分配、调度和切换进行管理。,,4,5,王道2027操作系统，1.1 操作系统的基本概念，教材p1,1.1 操作系统的基本概念,1,教材在“1.1 操作系统的基本概念”中出现或讲解“处理机管理”；本节点概括为：以进程或线程为基本单位对CPU分配、调度和切换进行管理。
OS_MEC_002,存储器管理,Mechanism,操作系统,1.1 操作系统的基本概念,负责内存分配回收、地址转换、保护共享和内存扩充。,,4,5,王道2027操作系统，1.1 操作系统的基本概念，教材p1,1.1 操作系统的基本概念,1,教材在“1.1 操作系统的基本概念”中出现或讲解“存储器管理”；本节点概括为：负责内存分配回收、地址转换、保护共享和内存扩充。
OS_MEC_003,文件管理,Mechanism,操作系统,1.1 操作系统的基本概念,以文件系统形式管理持久化信息、目录、存储空间和访问保护。,,4,5,王道2027操作系统，1.1 操作系统的基本概念，教材p1,1.1 操作系统的基本概念,1,教材在“1.1 操作系统的基本概念”中出现或讲解“文件管理”；本节点概括为：以文件系统形式管理持久化信息、目录、存储空间和访问保护。
OS_MEC_004,设备管理,Mechanism,操作系统,1.1 操作系统的基本概念,处理I/O请求、屏蔽设备差异并提高设备利用率。,,4,5,王道2027操作系统，1.1 操作系统的基本概念，教材p1,1.1 操作系统的基本概念,1,教材在“1.1 操作系统的基本概念”中出现或讲解“设备管理”；本节点概括为：处理I/O请求、屏蔽设备差异并提高设备利用率。
OS_CON_001,用户接口,Concept,操作系统,1.1 操作系统的基本概念,用户接口是操作系统课程中的核心概念，需要结合进程、内存、文件或I/O管理理解。,,3,4,王道2027操作系统，1.1 操作系统的基本概念，教材p1,1.1 操作系统的基本概念,1,教材在“1.1 操作系统的基本概念”中出现或讲解“用户接口”；本节点概括为：用户接口是操作系统课程中的核心概念，需要结合进程、内存、文件或I/O管理理解。
OS_CON_002,程序接口,Concept,操作系统,1.1 操作系统的基本概念,程序接口是操作系统课程中的核心概念，需要结合进程、内存、文件或I/O管理理解。,,3,4,王道2027操作系统，1.1 操作系统的基本概念，教材p1,1.1 操作系统的基本概念,1,教材在“1.1 操作系统的基本概念”中出现或讲解“程序接口”；本节点概括为：程序接口是操作系统课程中的核心概念，需要结合进程、内存、文件或I/O管理理解。
OS_MEC_005,系统调用,Mechanism,操作系统,1.1 操作系统的基本概念,应用程序请求操作系统内核服务的程序接口。,,4,5,王道2027操作系统，1.1 操作系统的基本概念，教材p1,1.1 操作系统的基本概念,1,教材在“1.1 操作系统的基本概念”中出现或讲解“系统调用”；本节点概括为：应用程序请求操作系统内核服务的程序接口。
OS_CON_003,扩充机器,Concept,操作系统,1.1 操作系统的基本概念,扩充机器是操作系统课程中的核心概念，需要结合进程、内存、文件或I/O管理理解。,,3,4,王道2027操作系统，1.1 操作系统的基本概念，教材p1,1.1 操作系统的基本概念,1,教材在“1.1 操作系统的基本概念”中出现或讲解“扩充机器”；本节点概括为：扩充机器是操作系统课程中的核心概念，需要结合进程、内存、文件或I/O管理理解。
OS_PROP_001,并发,Property,操作系统,1.1 操作系统的基本概念,多个事件在同一时间间隔内发生，是多道程序环境的核心特征。,,3,5,王道2027操作系统，1.1 操作系统的基本概念，教材p1,1.1 操作系统的基本概念,1,教材在“1.1 操作系统的基本概念”中出现或讲解“并发”；本节点概括为：多个事件在同一时间间隔内发生，是多道程序环境的核心特征。
OS_PROP_002,共享,Property,操作系统,1.1 操作系统的基本概念,系统资源可被多个并发进程共同使用，包括互斥共享和同时访问。,,3,5,王道2027操作系统，1.1 操作系统的基本概念，教材p1,1.1 操作系统的基本概念,1,教材在“1.1 操作系统的基本概念”中出现或讲解“共享”；本节点概括为：系统资源可被多个并发进程共同使用，包括互斥共享和同时访问。
OS_PROP_003,虚拟,Property,操作系统,1.1 操作系统的基本概念,通过复用和抽象把一个物理实体映射为多个逻辑实体。,,3,5,王道2027操作系统，1.1 操作系统的基本概念，教材p1,1.1 操作系统的基本概念,1,教材在“1.1 操作系统的基本概念”中出现或讲解“虚拟”；本节点概括为：通过复用和抽象把一个物理实体映射为多个逻辑实体。
OS_PROP_004,异步,Property,操作系统,1.1 操作系统的基本概念,进程以不可预知速度向前推进，执行过程具有不确定性。,,3,5,王道2027操作系统，1.1 操作系统的基本概念，教材p1,1.1 操作系统的基本概念,1,教材在“1.1 操作系统的基本概念”中出现或讲解“异步”；本节点概括为：进程以不可预知速度向前推进，执行过程具有不确定性。
OS_OBJ_003,临界资源,ComputingObject,操作系统,1.1 操作系统的基本概念,临界资源是操作系统管理、调度或抽象的计算资源或系统对象。,,3,4,王道2027操作系统，1.1 操作系统的基本概念，教材p1,1.1 操作系统的基本概念,1,教材在“1.1 操作系统的基本概念”中出现或讲解“临界资源”；本节点概括为：临界资源是操作系统管理、调度或抽象的计算资源或系统对象。
OS_MEC_006,互斥共享,Mechanism,操作系统,1.1 操作系统的基本概念,互斥共享是操作系统实现资源管理、抽象或协作控制的重要机制。,,4,4,王道2027操作系统，1.1 操作系统的基本概念，教材p1,1.1 操作系统的基本概念,1,教材在“1.1 操作系统的基本概念”中出现或讲解“互斥共享”；本节点概括为：互斥共享是操作系统实现资源管理、抽象或协作控制的重要机制。
OS_CON_004,同时访问,Concept,操作系统,1.1 操作系统的基本概念,同时访问是操作系统课程中的核心概念，需要结合进程、内存、文件或I/O管理理解。,,3,4,王道2027操作系统，1.1 操作系统的基本概念，教材p1,1.1 操作系统的基本概念,1,教材在“1.1 操作系统的基本概念”中出现或讲解“同时访问”；本节点概括为：同时访问是操作系统课程中的核心概念，需要结合进程、内存、文件或I/O管理理解。
OS_CON_005,时分复用,Concept,操作系统,1.1 操作系统的基本概念,时分复用是操作系统课程中的核心概念，需要结合进程、内存、文件或I/O管理理解。,,3,4,王道2027操作系统，1.1 操作系统的基本概念，教材p1,1.1 操作系统的基本概念,1,教材在“1.1 操作系统的基本概念”中出现或讲解“时分复用”；本节点概括为：时分复用是操作系统课程中的核心概念，需要结合进程、内存、文件或I/O管理理解。
OS_CON_006,空分复用,Concept,操作系统,1.1 操作系统的基本概念,空分复用是操作系统课程中的核心概念，需要结合进程、内存、文件或I/O管理理解。,,3,4,王道2027操作系统，1.1 操作系统的基本概念，教材p1,1.1 操作系统的基本概念,1,教材在“1.1 操作系统的基本概念”中出现或讲解“空分复用”；本节点概括为：空分复用是操作系统课程中的核心概念，需要结合进程、内存、文件或I/O管理理解。
OS_OBJ_004,虚拟设备,ComputingObject,操作系统,1.1 操作系统的基本概念,虚拟设备是操作系统管理、调度或抽象的计算资源或系统对象。,,3,4,王道2027操作系统，1.1 操作系统的基本概念，教材p1,1.1 操作系统的基本概念,1,教材在“1.1 操作系统的基本概念”中出现或讲解“虚拟设备”；本节点概括为：虚拟设备是操作系统管理、调度或抽象的计算资源或系统对象。
OS_CON_007,多道程序设计,Concept,操作系统,1.1 操作系统的基本概念,多道程序设计是操作系统课程中的核心概念，需要结合进程、内存、文件或I/O管理理解。,,3,4,王道2027操作系统，1.1 操作系统的基本概念，教材p1,1.1 操作系统的基本概念,1,教材在“1.1 操作系统的基本概念”中出现或讲解“多道程序设计”；本节点概括为：多道程序设计是操作系统课程中的核心概念，需要结合进程、内存、文件或I/O管理理解。
OS_CON_008,命令接口,Concept,操作系统,1.1 操作系统的基本概念,命令接口是操作系统课程中的核心概念，需要结合进程、内存、文件或I/O管理理解。,,3,4,王道2027操作系统，1.1 操作系统的基本概念，教材p1,1.1 操作系统的基本概念,1,教材在“1.1 操作系统的基本概念”中出现或讲解“命令接口”；本节点概括为：命令接口是操作系统课程中的核心概念，需要结合进程、内存、文件或I/O管理理解。
OS_CON_009,图形用户接口,Concept,操作系统,1.1 操作系统的基本概念,图形用户接口是操作系统课程中的核心概念，需要结合进程、内存、文件或I/O管理理解。,,3,4,王道2027操作系统，1.1 操作系统的基本概念，教材p1,1.1 操作系统的基本概念,1,教材在“1.1 操作系统的基本概念”中出现或讲解“图形用户接口”；本节点概括为：图形用户接口是操作系统课程中的核心概念，需要结合进程、内存、文件或I/O管理理解。
OS_MEC_007,手工操作方式,Mechanism,操作系统,1.2 操作系统发展历程,手工操作方式是操作系统实现资源管理、抽象或协作控制的重要机制。,,4,4,王道2027操作系统，1.2 操作系统发展历程，教材p7,1.2 操作系统发展历程,7,教材在“1.2 操作系统发展历程”中出现或讲解“手工操作方式”；本节点概括为：手工操作方式是操作系统实现资源管理、抽象或协作控制的重要机制。
OS_CON_010,脱机I/O,Concept,操作系统,1.2 操作系统发展历程,脱机I/O是操作系统课程中的核心概念，需要结合进程、内存、文件或I/O管理理解。,,3,4,王道2027操作系统，1.2 操作系统发展历程，教材p7,1.2 操作系统发展历程,7,教材在“1.2 操作系统发展历程”中出现或讲解“脱机I/O”；本节点概括为：脱机I/O是操作系统课程中的核心概念，需要结合进程、内存、文件或I/O管理理解。
OS_CON_011,单道批处理系统,Concept,操作系统,1.2 操作系统发展历程,单道批处理系统是操作系统课程中的核心概念，需要结合进程、内存、文件或I/O管理理解。,,3,4,王道2027操作系统，1.2 操作系统发展历程，教材p7,1.2 操作系统发展历程,7,教材在“1.2 操作系统发展历程”中出现或讲解“单道批处理系统”；本节点概括为：单道批处理系统是操作系统课程中的核心概念，需要结合进程、内存、文件或I/O管理理解。
OS_CON_012,多道批处理系统,Concept,操作系统,1.2 操作系统发展历程,多道批处理系统是操作系统课程中的核心概念，需要结合进程、内存、文件或I/O管理理解。,,3,4,王道2027操作系统，1.2 操作系统发展历程，教材p7,1.2 操作系统发展历程,7,教材在“1.2 操作系统发展历程”中出现或讲解“多道批处理系统”；本节点概括为：多道批处理系统是操作系统课程中的核心概念，需要结合进程、内存、文件或I/O管理理解。
OS_CON_013,分时操作系统,Concept,操作系统,1.2 操作系统发展历程,分时操作系统是操作系统课程中的核心概念，需要结合进程、内存、文件或I/O管理理解。,,3,4,王道2027操作系统，1.2 操作系统发展历程，教材p7,1.2 操作系统发展历程,7,教材在“1.2 操作系统发展历程”中出现或讲解“分时操作系统”；本节点概括为：分时操作系统是操作系统课程中的核心概念，需要结合进程、内存、文件或I/O管理理解。
OS_CON_014,实时操作系统,Concept,操作系统,1.2 操作系统发展历程,实时操作系统是操作系统课程中的核心概念，需要结合进程、内存、文件或I/O管理理解。,,3,4,王道2027操作系统，1.2 操作系统发展历程，教材p7,1.2 操作系统发展历程,7,教材在“1.2 操作系统发展历程”中出现或讲解“实时操作系统”；本节点概括为：实时操作系统是操作系统课程中的核心概念，需要结合进程、内存、文件或I/O管理理解。
OS_CON_015,网络操作系统,Concept,操作系统,1.2 操作系统发展历程,网络操作系统是操作系统课程中的核心概念，需要结合进程、内存、文件或I/O管理理解。,,3,4,王道2027操作系统，1.2 操作系统发展历程，教材p7,1.2 操作系统发展历程,7,教材在“1.2 操作系统发展历程”中出现或讲解“网络操作系统”；本节点概括为：网络操作系统是操作系统课程中的核心概念，需要结合进程、内存、文件或I/O管理理解。
OS_CON_016,分布式系统,Concept,操作系统,1.2 操作系统发展历程,分布式系统是操作系统课程中的核心概念，需要结合进程、内存、文件或I/O管理理解。,,3,4,王道2027操作系统，1.2 操作系统发展历程，教材p7,1.2 操作系统发展历程,7,教材在“1.2 操作系统发展历程”中出现或讲解“分布式系统”；本节点概括为：分布式系统是操作系统课程中的核心概念，需要结合进程、内存、文件或I/O管理理解。
OS_CON_017,微机操作系统,Concept,操作系统,1.2 操作系统发展历程,微机操作系统是操作系统课程中的核心概念，需要结合进程、内存、文件或I/O管理理解。,,3,4,王道2027操作系统，1.2 操作系统发展历程，教材p7,1.2 操作系统发展历程,7,教材在“1.2 操作系统发展历程”中出现或讲解“微机操作系统”；本节点概括为：微机操作系统是操作系统课程中的核心概念，需要结合进程、内存、文件或I/O管理理解。
OS_CON_018,作业,Concept,操作系统,1.2 操作系统发展历程,作业是操作系统课程中的核心概念，需要结合进程、内存、文件或I/O管理理解。,,3,4,王道2027操作系统，1.2 操作系统发展历程，教材p7,1.2 操作系统发展历程,7,教材在“1.2 操作系统发展历程”中出现或讲解“作业”；本节点概括为：作业是操作系统课程中的核心概念，需要结合进程、内存、文件或I/O管理理解。
OS_MEC_008,作业控制语言,Mechanism,操作系统,1.2 操作系统发展历程,作业控制语言是操作系统实现资源管理、抽象或协作控制的重要机制。,,4,4,王道2027操作系统，1.2 操作系统发展历程，教材p7,1.2 操作系统发展历程,7,教材在“1.2 操作系统发展历程”中出现或讲解“作业控制语言”；本节点概括为：作业控制语言是操作系统实现资源管理、抽象或协作控制的重要机制。
OS_CON_019,监督程序,Concept,操作系统,1.2 操作系统发展历程,监督程序是操作系统课程中的核心概念，需要结合进程、内存、文件或I/O管理理解。,,3,4,王道2027操作系统，1.2 操作系统发展历程，教材p7,1.2 操作系统发展历程,7,教材在“1.2 操作系统发展历程”中出现或讲解“监督程序”；本节点概括为：监督程序是操作系统课程中的核心概念，需要结合进程、内存、文件或I/O管理理解。
OS_CON_020,联机I/O,Concept,操作系统,1.2 操作系统发展历程,联机I/O是操作系统课程中的核心概念，需要结合进程、内存、文件或I/O管理理解。,,3,4,王道2027操作系统，1.2 操作系统发展历程，教材p7,1.2 操作系统发展历程,7,教材在“1.2 操作系统发展历程”中出现或讲解“联机I/O”；本节点概括为：联机I/O是操作系统课程中的核心概念，需要结合进程、内存、文件或I/O管理理解。
OS_CON_021,操作系统内核,Concept,操作系统,1.3 操作系统的运行环境,操作系统内核是操作系统课程中的核心概念，需要结合进程、内存、文件或I/O管理理解。,,3,4,王道2027操作系统，1.3 操作系统的运行环境，教材p15,1.3 操作系统的运行环境,15,教材在“1.3 操作系统的运行环境”中出现或讲解“操作系统内核”；本节点概括为：操作系统内核是操作系统课程中的核心概念，需要结合进程、内存、文件或I/O管理理解。
OS_MEC_009,时钟管理,Mechanism,操作系统,1.3 操作系统的运行环境,时钟管理是操作系统实现资源管理、抽象或协作控制的重要机制。,,4,4,王道2027操作系统，1.3 操作系统的运行环境，教材p15,1.3 操作系统的运行环境,15,教材在“1.3 操作系统的运行环境”中出现或讲解“时钟管理”；本节点概括为：时钟管理是操作系统实现资源管理、抽象或协作控制的重要机制。
OS_MEC_010,中断机制,Mechanism,操作系统,1.3 操作系统的运行环境,中断机制是操作系统实现资源管理、抽象或协作控制的重要机制。,,4,4,王道2027操作系统，1.3 操作系统的运行环境，教材p15,1.3 操作系统的运行环境,15,教材在“1.3 操作系统的运行环境”中出现或讲解“中断机制”；本节点概括为：中断机制是操作系统实现资源管理、抽象或协作控制的重要机制。
OS_CON_022,原语,Concept,操作系统,1.3 操作系统的运行环境,原语是操作系统课程中的核心概念，需要结合进程、内存、文件或I/O管理理解。,,3,4,王道2027操作系统，1.3 操作系统的运行环境，教材p15,1.3 操作系统的运行环境,15,教材在“1.3 操作系统的运行环境”中出现或讲解“原语”；本节点概括为：原语是操作系统课程中的核心概念，需要结合进程、内存、文件或I/O管理理解。
OS_MEC_011,系统资源管理,Mechanism,操作系统,1.3 操作系统的运行环境,系统资源管理是操作系统实现资源管理、抽象或协作控制的重要机制。,,4,4,王道2027操作系统，1.3 操作系统的运行环境，教材p15,1.3 操作系统的运行环境,15,教材在“1.3 操作系统的运行环境”中出现或讲解“系统资源管理”；本节点概括为：系统资源管理是操作系统实现资源管理、抽象或协作控制的重要机制。
OS_PROP_005,用户态,Property,操作系统,1.3 操作系统的运行环境,用户态是操作系统相关对象或机制具有的重要状态、性质或条件。,,3,4,王道2027操作系统，1.3 操作系统的运行环境，教材p15,1.3 操作系统的运行环境,15,教材在“1.3 操作系统的运行环境”中出现或讲解“用户态”；本节点概括为：用户态是操作系统相关对象或机制具有的重要状态、性质或条件。
OS_PROP_006,核心态,Property,操作系统,1.3 操作系统的运行环境,核心态是操作系统相关对象或机制具有的重要状态、性质或条件。,,3,4,王道2027操作系统，1.3 操作系统的运行环境，教材p15,1.3 操作系统的运行环境,15,教材在“1.3 操作系统的运行环境”中出现或讲解“核心态”；本节点概括为：核心态是操作系统相关对象或机制具有的重要状态、性质或条件。
OS_CON_023,特权指令,Concept,操作系统,1.3 操作系统的运行环境,特权指令是操作系统课程中的核心概念，需要结合进程、内存、文件或I/O管理理解。,,3,4,王道2027操作系统，1.3 操作系统的运行环境，教材p15,1.3 操作系统的运行环境,15,教材在“1.3 操作系统的运行环境”中出现或讲解“特权指令”；本节点概括为：特权指令是操作系统课程中的核心概念，需要结合进程、内存、文件或I/O管理理解。
OS_CON_024,非特权指令,Concept,操作系统,1.3 操作系统的运行环境,非特权指令是操作系统课程中的核心概念，需要结合进程、内存、文件或I/O管理理解。,,3,4,王道2027操作系统，1.3 操作系统的运行环境，教材p15,1.3 操作系统的运行环境,15,教材在“1.3 操作系统的运行环境”中出现或讲解“非特权指令”；本节点概括为：非特权指令是操作系统课程中的核心概念，需要结合进程、内存、文件或I/O管理理解。
OS_MEC_012,中断,Mechanism,操作系统,1.3 操作系统的运行环境,中断是操作系统实现资源管理、抽象或协作控制的重要机制。,,4,4,王道2027操作系统，1.3 操作系统的运行环境，教材p15,1.3 操作系统的运行环境,15,教材在“1.3 操作系统的运行环境”中出现或讲解“中断”；本节点概括为：中断是操作系统实现资源管理、抽象或协作控制的重要机制。
OS_MEC_013,异常,Mechanism,操作系统,1.3 操作系统的运行环境,异常是操作系统实现资源管理、抽象或协作控制的重要机制。,,4,4,王道2027操作系统，1.3 操作系统的运行环境，教材p15,1.3 操作系统的运行环境,15,教材在“1.3 操作系统的运行环境”中出现或讲解“异常”；本节点概括为：异常是操作系统实现资源管理、抽象或协作控制的重要机制。
OS_MEC_014,外中断,Mechanism,操作系统,1.3 操作系统的运行环境,外中断是操作系统实现资源管理、抽象或协作控制的重要机制。,,4,4,王道2027操作系统，1.3 操作系统的运行环境，教材p15,1.3 操作系统的运行环境,15,教材在“1.3 操作系统的运行环境”中出现或讲解“外中断”；本节点概括为：外中断是操作系统实现资源管理、抽象或协作控制的重要机制。
OS_MEC_015,内中断,Mechanism,操作系统,1.3 操作系统的运行环境,内中断是操作系统实现资源管理、抽象或协作控制的重要机制。,,4,4,王道2027操作系统，1.3 操作系统的运行环境，教材p15,1.3 操作系统的运行环境,15,教材在“1.3 操作系统的运行环境”中出现或讲解“内中断”；本节点概括为：内中断是操作系统实现资源管理、抽象或协作控制的重要机制。
OS_MEC_016,访管中断,Mechanism,操作系统,1.3 操作系统的运行环境,访管中断是操作系统实现资源管理、抽象或协作控制的重要机制。,,4,4,王道2027操作系统，1.3 操作系统的运行环境，教材p15,1.3 操作系统的运行环境,15,教材在“1.3 操作系统的运行环境”中出现或讲解“访管中断”；本节点概括为：访管中断是操作系统实现资源管理、抽象或协作控制的重要机制。
OS_MEC_017,陷入,Mechanism,操作系统,1.3 操作系统的运行环境,陷入是操作系统实现资源管理、抽象或协作控制的重要机制。,,4,4,王道2027操作系统，1.3 操作系统的运行环境，教材p15,1.3 操作系统的运行环境,15,教材在“1.3 操作系统的运行环境”中出现或讲解“陷入”；本节点概括为：陷入是操作系统实现资源管理、抽象或协作控制的重要机制。
OS_MEC_018,程序装入,Mechanism,操作系统,1.3 操作系统的运行环境,程序装入是操作系统实现资源管理、抽象或协作控制的重要机制。,,4,4,王道2027操作系统，1.3 操作系统的运行环境，教材p15,1.3 操作系统的运行环境,15,教材在“1.3 操作系统的运行环境”中出现或讲解“程序装入”；本节点概括为：程序装入是操作系统实现资源管理、抽象或协作控制的重要机制。
OS_MEC_019,程序链接,Mechanism,操作系统,1.3 操作系统的运行环境,程序链接是操作系统实现资源管理、抽象或协作控制的重要机制。,,4,4,王道2027操作系统，1.3 操作系统的运行环境，教材p15,1.3 操作系统的运行环境,15,教材在“1.3 操作系统的运行环境”中出现或讲解“程序链接”；本节点概括为：程序链接是操作系统实现资源管理、抽象或协作控制的重要机制。
OS_MEC_020,动态链接,Mechanism,操作系统,1.3 操作系统的运行环境,动态链接是操作系统实现资源管理、抽象或协作控制的重要机制。,,4,4,王道2027操作系统，1.3 操作系统的运行环境，教材p15,1.3 操作系统的运行环境,15,教材在“1.3 操作系统的运行环境”中出现或讲解“动态链接”；本节点概括为：动态链接是操作系统实现资源管理、抽象或协作控制的重要机制。
OS_MEC_021,静态链接,Mechanism,操作系统,1.3 操作系统的运行环境,静态链接是操作系统实现资源管理、抽象或协作控制的重要机制。,,4,4,王道2027操作系统，1.3 操作系统的运行环境，教材p15,1.3 操作系统的运行环境,15,教材在“1.3 操作系统的运行环境”中出现或讲解“静态链接”；本节点概括为：静态链接是操作系统实现资源管理、抽象或协作控制的重要机制。
OS_CON_025,进程地址空间,Concept,操作系统,1.3 操作系统的运行环境,进程地址空间是操作系统课程中的核心概念，需要结合进程、内存、文件或I/O管理理解。,,3,4,王道2027操作系统，1.3 操作系统的运行环境，教材p15,1.3 操作系统的运行环境,15,教材在“1.3 操作系统的运行环境”中出现或讲解“进程地址空间”；本节点概括为：进程地址空间是操作系统课程中的核心概念，需要结合进程、内存、文件或I/O管理理解。
OS_MOD_001,分层结构,Model,操作系统,1.4 操作系统结构,分层结构是操作系统中用于描述结构、映射或组织方式的抽象模型。,,3,4,王道2027操作系统，1.4 操作系统结构，教材p26,1.4 操作系统结构,26,教材在“1.4 操作系统结构”中出现或讲解“分层结构”；本节点概括为：分层结构是操作系统中用于描述结构、映射或组织方式的抽象模型。
OS_MOD_002,模块化结构,Model,操作系统,1.4 操作系统结构,模块化结构是操作系统中用于描述结构、映射或组织方式的抽象模型。,,3,4,王道2027操作系统，1.4 操作系统结构，教材p26,1.4 操作系统结构,26,教材在“1.4 操作系统结构”中出现或讲解“模块化结构”；本节点概括为：模块化结构是操作系统中用于描述结构、映射或组织方式的抽象模型。
OS_MOD_003,宏内核,Model,操作系统,1.4 操作系统结构,宏内核是操作系统中用于描述结构、映射或组织方式的抽象模型。,,3,4,王道2027操作系统，1.4 操作系统结构，教材p26,1.4 操作系统结构,26,教材在“1.4 操作系统结构”中出现或讲解“宏内核”；本节点概括为：宏内核是操作系统中用于描述结构、映射或组织方式的抽象模型。
OS_MOD_004,微内核,Model,操作系统,1.4 操作系统结构,微内核是操作系统中用于描述结构、映射或组织方式的抽象模型。,,3,4,王道2027操作系统，1.4 操作系统结构，教材p26,1.4 操作系统结构,26,教材在“1.4 操作系统结构”中出现或讲解“微内核”；本节点概括为：微内核是操作系统中用于描述结构、映射或组织方式的抽象模型。
OS_MOD_005,外核,Model,操作系统,1.4 操作系统结构,外核是操作系统中用于描述结构、映射或组织方式的抽象模型。,,3,4,王道2027操作系统，1.4 操作系统结构，教材p26,1.4 操作系统结构,26,教材在“1.4 操作系统结构”中出现或讲解“外核”；本节点概括为：外核是操作系统中用于描述结构、映射或组织方式的抽象模型。
OS_MOD_006,客户/服务器模式,Model,操作系统,1.4 操作系统结构,客户/服务器模式是操作系统中用于描述结构、映射或组织方式的抽象模型。,,3,4,王道2027操作系统，1.4 操作系统结构，教材p26,1.4 操作系统结构,26,教材在“1.4 操作系统结构”中出现或讲解“客户/服务器模式”；本节点概括为：客户/服务器模式是操作系统中用于描述结构、映射或组织方式的抽象模型。
OS_CON_026,BIOS,Concept,操作系统,1.5 操作系统引导,BIOS是操作系统课程中的核心概念，需要结合进程、内存、文件或I/O管理理解。,,3,4,王道2027操作系统，1.5 操作系统引导，教材p29,1.5 操作系统引导,29,教材在“1.5 操作系统引导”中出现或讲解“BIOS”；本节点概括为：BIOS是操作系统课程中的核心概念，需要结合进程、内存、文件或I/O管理理解。
OS_CON_027,UEFI,Concept,操作系统,1.5 操作系统引导,UEFI是操作系统课程中的核心概念，需要结合进程、内存、文件或I/O管理理解。,,3,4,王道2027操作系统，1.5 操作系统引导，教材p29,1.5 操作系统引导,29,教材在“1.5 操作系统引导”中出现或讲解“UEFI”；本节点概括为：UEFI是操作系统课程中的核心概念，需要结合进程、内存、文件或I/O管理理解。
OS_MEC_022,引导程序,Mechanism,操作系统,1.5 操作系统引导,引导程序是操作系统实现资源管理、抽象或协作控制的重要机制。,,4,4,王道2027操作系统，1.5 操作系统引导，教材p29,1.5 操作系统引导,29,教材在“1.5 操作系统引导”中出现或讲解“引导程序”；本节点概括为：引导程序是操作系统实现资源管理、抽象或协作控制的重要机制。
OS_MEC_023,主引导记录,Mechanism,操作系统,1.5 操作系统引导,主引导记录是操作系统实现资源管理、抽象或协作控制的重要机制。,,4,4,王道2027操作系统，1.5 操作系统引导，教材p29,1.5 操作系统引导,29,教材在“1.5 操作系统引导”中出现或讲解“主引导记录”；本节点概括为：主引导记录是操作系统实现资源管理、抽象或协作控制的重要机制。
OS_MEC_024,操作系统引导,Mechanism,操作系统,1.5 操作系统引导,操作系统引导是操作系统实现资源管理、抽象或协作控制的重要机制。,,4,4,王道2027操作系统，1.5 操作系统引导，教材p29,1.5 操作系统引导,29,教材在“1.5 操作系统引导”中出现或讲解“操作系统引导”；本节点概括为：操作系统引导是操作系统实现资源管理、抽象或协作控制的重要机制。
OS_CON_028,启动块,Concept,操作系统,1.5 操作系统引导,启动块是操作系统课程中的核心概念，需要结合进程、内存、文件或I/O管理理解。,,3,4,王道2027操作系统，1.5 操作系统引导，教材p29,1.5 操作系统引导,29,教材在“1.5 操作系统引导”中出现或讲解“启动块”；本节点概括为：启动块是操作系统课程中的核心概念，需要结合进程、内存、文件或I/O管理理解。
OS_CON_029,虚拟机,Concept,操作系统,1.6 虚拟机,虚拟机是操作系统课程中的核心概念，需要结合进程、内存、文件或I/O管理理解。,,3,4,王道2027操作系统，1.6 虚拟机，教材p30,1.6 虚拟机,30,教材在“1.6 虚拟机”中出现或讲解“虚拟机”；本节点概括为：虚拟机是操作系统课程中的核心概念，需要结合进程、内存、文件或I/O管理理解。
OS_MEC_025,虚拟机管理程序,Mechanism,操作系统,1.6 虚拟机,虚拟机管理程序是操作系统实现资源管理、抽象或协作控制的重要机制。,,4,4,王道2027操作系统，1.6 虚拟机，教材p30,1.6 虚拟机,30,教材在“1.6 虚拟机”中出现或讲解“虚拟机管理程序”；本节点概括为：虚拟机管理程序是操作系统实现资源管理、抽象或协作控制的重要机制。
OS_MEC_026,第一类虚拟机管理程序,Mechanism,操作系统,1.6 虚拟机,第一类虚拟机管理程序是操作系统实现资源管理、抽象或协作控制的重要机制。,,4,4,王道2027操作系统，1.6 虚拟机，教材p30,1.6 虚拟机,30,教材在“1.6 虚拟机”中出现或讲解“第一类虚拟机管理程序”；本节点概括为：第一类虚拟机管理程序是操作系统实现资源管理、抽象或协作控制的重要机制。
OS_MEC_027,第二类虚拟机管理程序,Mechanism,操作系统,1.6 虚拟机,第二类虚拟机管理程序是操作系统实现资源管理、抽象或协作控制的重要机制。,,4,4,王道2027操作系统，1.6 虚拟机，教材p30,1.6 虚拟机,30,教材在“1.6 虚拟机”中出现或讲解“第二类虚拟机管理程序”；本节点概括为：第二类虚拟机管理程序是操作系统实现资源管理、抽象或协作控制的重要机制。
OS_MEC_028,虚拟化,Mechanism,操作系统,1.6 虚拟机,虚拟化是操作系统实现资源管理、抽象或协作控制的重要机制。,,4,4,王道2027操作系统，1.6 虚拟机，教材p30,1.6 虚拟机,30,教材在“1.6 虚拟机”中出现或讲解“虚拟化”；本节点概括为：虚拟化是操作系统实现资源管理、抽象或协作控制的重要机制。
OS_CON_030,进程,Concept,操作系统,2.1 进程与线程简介,程序在某个数据集合上的一次运行过程，是资源分配和独立运行的基本单位。,,3,5,王道2027操作系统，2.1 进程与线程简介，教材p37,2.1 进程与线程简介,37,教材在“2.1 进程与线程简介”中出现或讲解“进程”；本节点概括为：程序在某个数据集合上的一次运行过程，是资源分配和独立运行的基本单位。
OS_CON_031,程序,Concept,操作系统,2.1 进程与线程简介,程序是操作系统课程中的核心概念，需要结合进程、内存、文件或I/O管理理解。,,3,4,王道2027操作系统，2.1 进程与线程简介，教材p37,2.1 进程与线程简介,37,教材在“2.1 进程与线程简介”中出现或讲解“程序”；本节点概括为：程序是操作系统课程中的核心概念，需要结合进程、内存、文件或I/O管理理解。
OS_DST_001,PCB,DataStructure,操作系统,2.1 进程与线程简介,进程控制块，保存进程标识、状态、调度和资源等管理信息。,,4,5,王道2027操作系统，2.1 进程与线程简介，教材p37,2.1 进程与线程简介,37,教材在“2.1 进程与线程简介”中出现或讲解“PCB”；本节点概括为：进程控制块，保存进程标识、状态、调度和资源等管理信息。
OS_CON_032,进程映像,Concept,操作系统,2.1 进程与线程简介,进程映像是操作系统课程中的核心概念，需要结合进程、内存、文件或I/O管理理解。,,3,4,王道2027操作系统，2.1 进程与线程简介，教材p37,2.1 进程与线程简介,37,教材在“2.1 进程与线程简介”中出现或讲解“进程映像”；本节点概括为：进程映像是操作系统课程中的核心概念，需要结合进程、内存、文件或I/O管理理解。
OS_CON_033,程序段,Concept,操作系统,2.1 进程与线程简介,程序段是操作系统课程中的核心概念，需要结合进程、内存、文件或I/O管理理解。,,3,4,王道2027操作系统，2.1 进程与线程简介，教材p37,2.1 进程与线程简介,37,教材在“2.1 进程与线程简介”中出现或讲解“程序段”；本节点概括为：程序段是操作系统课程中的核心概念，需要结合进程、内存、文件或I/O管理理解。
OS_CON_034,数据段,Concept,操作系统,2.1 进程与线程简介,数据段是操作系统课程中的核心概念，需要结合进程、内存、文件或I/O管理理解。,,3,4,王道2027操作系统，2.1 进程与线程简介，教材p37,2.1 进程与线程简介,37,教材在“2.1 进程与线程简介”中出现或讲解“数据段”；本节点概括为：数据段是操作系统课程中的核心概念，需要结合进程、内存、文件或I/O管理理解。
OS_DST_002,进程控制块,DataStructure,操作系统,2.1 进程与线程简介,进程控制块是操作系统用于保存状态、索引、映射或管理信息的数据结构。,,4,4,王道2027操作系统，2.1 进程与线程简介，教材p37,2.1 进程与线程简介,37,教材在“2.1 进程与线程简介”中出现或讲解“进程控制块”；本节点概括为：进程控制块是操作系统用于保存状态、索引、映射或管理信息的数据结构。
OS_CON_035,进程状态,Concept,操作系统,2.1 进程与线程简介,进程状态是操作系统课程中的核心概念，需要结合进程、内存、文件或I/O管理理解。,,3,4,王道2027操作系统，2.1 进程与线程简介，教材p37,2.1 进程与线程简介,37,教材在“2.1 进程与线程简介”中出现或讲解“进程状态”；本节点概括为：进程状态是操作系统课程中的核心概念，需要结合进程、内存、文件或I/O管理理解。
OS_PROP_007,运行态,Property,操作系统,2.1 进程与线程简介,运行态是操作系统相关对象或机制具有的重要状态、性质或条件。,,3,4,王道2027操作系统，2.1 进程与线程简介，教材p37,2.1 进程与线程简介,37,教材在“2.1 进程与线程简介”中出现或讲解“运行态”；本节点概括为：运行态是操作系统相关对象或机制具有的重要状态、性质或条件。
OS_PROP_008,就绪态,Property,操作系统,2.1 进程与线程简介,就绪态是操作系统相关对象或机制具有的重要状态、性质或条件。,,3,4,王道2027操作系统，2.1 进程与线程简介，教材p37,2.1 进程与线程简介,37,教材在“2.1 进程与线程简介”中出现或讲解“就绪态”；本节点概括为：就绪态是操作系统相关对象或机制具有的重要状态、性质或条件。
OS_PROP_009,阻塞态,Property,操作系统,2.1 进程与线程简介,阻塞态是操作系统相关对象或机制具有的重要状态、性质或条件。,,3,4,王道2027操作系统，2.1 进程与线程简介，教材p37,2.1 进程与线程简介,37,教材在“2.1 进程与线程简介”中出现或讲解“阻塞态”；本节点概括为：阻塞态是操作系统相关对象或机制具有的重要状态、性质或条件。
OS_PROP_010,创建态,Property,操作系统,2.1 进程与线程简介,创建态是操作系统相关对象或机制具有的重要状态、性质或条件。,,3,4,王道2027操作系统，2.1 进程与线程简介，教材p37,2.1 进程与线程简介,37,教材在“2.1 进程与线程简介”中出现或讲解“创建态”；本节点概括为：创建态是操作系统相关对象或机制具有的重要状态、性质或条件。
OS_PROP_011,终止态,Property,操作系统,2.1 进程与线程简介,终止态是操作系统相关对象或机制具有的重要状态、性质或条件。,,3,4,王道2027操作系统，2.1 进程与线程简介，教材p37,2.1 进程与线程简介,37,教材在“2.1 进程与线程简介”中出现或讲解“终止态”；本节点概括为：终止态是操作系统相关对象或机制具有的重要状态、性质或条件。
OS_MEC_029,进程控制,Mechanism,操作系统,2.1 进程与线程简介,进程控制是操作系统实现资源管理、抽象或协作控制的重要机制。,,4,4,王道2027操作系统，2.1 进程与线程简介，教材p37,2.1 进程与线程简介,37,教材在“2.1 进程与线程简介”中出现或讲解“进程控制”；本节点概括为：进程控制是操作系统实现资源管理、抽象或协作控制的重要机制。
OS_OPE_001,创建进程,Operation,操作系统,2.1 进程与线程简介,创建进程是操作系统对进程、文件、设备或内存对象执行的基本操作。,,3,4,王道2027操作系统，2.1 进程与线程简介，教材p37,2.1 进程与线程简介,37,教材在“2.1 进程与线程简介”中出现或讲解“创建进程”；本节点概括为：创建进程是操作系统对进程、文件、设备或内存对象执行的基本操作。
OS_OPE_002,撤销进程,Operation,操作系统,2.1 进程与线程简介,撤销进程是操作系统对进程、文件、设备或内存对象执行的基本操作。,,3,4,王道2027操作系统，2.1 进程与线程简介，教材p37,2.1 进程与线程简介,37,教材在“2.1 进程与线程简介”中出现或讲解“撤销进程”；本节点概括为：撤销进程是操作系统对进程、文件、设备或内存对象执行的基本操作。
OS_OPE_003,阻塞进程,Operation,操作系统,2.1 进程与线程简介,阻塞进程是操作系统对进程、文件、设备或内存对象执行的基本操作。,,3,4,王道2027操作系统，2.1 进程与线程简介，教材p37,2.1 进程与线程简介,37,教材在“2.1 进程与线程简介”中出现或讲解“阻塞进程”；本节点概括为：阻塞进程是操作系统对进程、文件、设备或内存对象执行的基本操作。
OS_OPE_004,唤醒进程,Operation,操作系统,2.1 进程与线程简介,唤醒进程是操作系统对进程、文件、设备或内存对象执行的基本操作。,,3,4,王道2027操作系统，2.1 进程与线程简介，教材p37,2.1 进程与线程简介,37,教材在“2.1 进程与线程简介”中出现或讲解“唤醒进程”；本节点概括为：唤醒进程是操作系统对进程、文件、设备或内存对象执行的基本操作。
OS_MEC_030,进程通信,Mechanism,操作系统,2.1 进程与线程简介,进程通信是操作系统实现资源管理、抽象或协作控制的重要机制。,,4,4,王道2027操作系统，2.1 进程与线程简介，教材p37,2.1 进程与线程简介,37,教材在“2.1 进程与线程简介”中出现或讲解“进程通信”；本节点概括为：进程通信是操作系统实现资源管理、抽象或协作控制的重要机制。
OS_MEC_031,共享存储,Mechanism,操作系统,2.1 进程与线程简介,共享存储是操作系统实现资源管理、抽象或协作控制的重要机制。,,4,4,王道2027操作系统，2.1 进程与线程简介，教材p37,2.1 进程与线程简介,37,教材在“2.1 进程与线程简介”中出现或讲解“共享存储”；本节点概括为：共享存储是操作系统实现资源管理、抽象或协作控制的重要机制。
OS_CON_036,消息传递,Concept,操作系统,2.1 进程与线程简介,消息传递是操作系统课程中的核心概念，需要结合进程、内存、文件或I/O管理理解。,,3,4,王道2027操作系统，2.1 进程与线程简介，教材p37,2.1 进程与线程简介,37,教材在“2.1 进程与线程简介”中出现或讲解“消息传递”；本节点概括为：消息传递是操作系统课程中的核心概念，需要结合进程、内存、文件或I/O管理理解。
OS_MEC_032,管道通信,Mechanism,操作系统,2.1 进程与线程简介,管道通信是操作系统实现资源管理、抽象或协作控制的重要机制。,,4,4,王道2027操作系统，2.1 进程与线程简介，教材p37,2.1 进程与线程简介,37,教材在“2.1 进程与线程简介”中出现或讲解“管道通信”；本节点概括为：管道通信是操作系统实现资源管理、抽象或协作控制的重要机制。
OS_CON_037,线程,Concept,操作系统,2.1 进程与线程简介,进程中的一个执行流，是处理机调度的基本单位。,,3,5,王道2027操作系统，2.1 进程与线程简介，教材p37,2.1 进程与线程简介,37,教材在“2.1 进程与线程简介”中出现或讲解“线程”；本节点概括为：进程中的一个执行流，是处理机调度的基本单位。
OS_CON_038,用户级线程,Concept,操作系统,2.1 进程与线程简介,用户级线程是操作系统课程中的核心概念，需要结合进程、内存、文件或I/O管理理解。,,3,4,王道2027操作系统，2.1 进程与线程简介，教材p37,2.1 进程与线程简介,37,教材在“2.1 进程与线程简介”中出现或讲解“用户级线程”；本节点概括为：用户级线程是操作系统课程中的核心概念，需要结合进程、内存、文件或I/O管理理解。
OS_CON_039,内核级线程,Concept,操作系统,2.1 进程与线程简介,内核级线程是操作系统课程中的核心概念，需要结合进程、内存、文件或I/O管理理解。,,3,4,王道2027操作系统，2.1 进程与线程简介，教材p37,2.1 进程与线程简介,37,教材在“2.1 进程与线程简介”中出现或讲解“内核级线程”；本节点概括为：内核级线程是操作系统课程中的核心概念，需要结合进程、内存、文件或I/O管理理解。
OS_MOD_007,一对一模型,Model,操作系统,2.1 进程与线程简介,一对一模型是操作系统中用于描述结构、映射或组织方式的抽象模型。,,3,4,王道2027操作系统，2.1 进程与线程简介，教材p37,2.1 进程与线程简介,37,教材在“2.1 进程与线程简介”中出现或讲解“一对一模型”；本节点概括为：一对一模型是操作系统中用于描述结构、映射或组织方式的抽象模型。
OS_MOD_008,多对一模型,Model,操作系统,2.1 进程与线程简介,多对一模型是操作系统中用于描述结构、映射或组织方式的抽象模型。,,3,4,王道2027操作系统，2.1 进程与线程简介，教材p37,2.1 进程与线程简介,37,教材在“2.1 进程与线程简介”中出现或讲解“多对一模型”；本节点概括为：多对一模型是操作系统中用于描述结构、映射或组织方式的抽象模型。
OS_MOD_009,多对多模型,Model,操作系统,2.1 进程与线程简介,多对多模型是操作系统中用于描述结构、映射或组织方式的抽象模型。,,3,4,王道2027操作系统，2.1 进程与线程简介，教材p37,2.1 进程与线程简介,37,教材在“2.1 进程与线程简介”中出现或讲解“多对多模型”；本节点概括为：多对多模型是操作系统中用于描述结构、映射或组织方式的抽象模型。
OS_ALG_001,进程调度队列,Algorithm,操作系统,2.1 进程与线程简介,进程调度队列是操作系统中用于完成调度、分配、置换或管理决策的算法/策略。,,4,5,王道2027操作系统，2.1 进程与线程简介，教材p37,2.1 进程与线程简介,37,教材在“2.1 进程与线程简介”中出现或讲解“进程调度队列”；本节点概括为：进程调度队列是操作系统中用于完成调度、分配、置换或管理决策的算法/策略。
OS_DST_003,就绪队列,DataStructure,操作系统,2.1 进程与线程简介,就绪队列是操作系统用于保存状态、索引、映射或管理信息的数据结构。,,4,4,王道2027操作系统，2.1 进程与线程简介，教材p37,2.1 进程与线程简介,37,教材在“2.1 进程与线程简介”中出现或讲解“就绪队列”；本节点概括为：就绪队列是操作系统用于保存状态、索引、映射或管理信息的数据结构。
OS_DST_004,阻塞队列,DataStructure,操作系统,2.1 进程与线程简介,阻塞队列是操作系统用于保存状态、索引、映射或管理信息的数据结构。,,4,4,王道2027操作系统，2.1 进程与线程简介，教材p37,2.1 进程与线程简介,37,教材在“2.1 进程与线程简介”中出现或讲解“阻塞队列”；本节点概括为：阻塞队列是操作系统用于保存状态、索引、映射或管理信息的数据结构。
OS_MEC_033,CPU调度,Mechanism,操作系统,2.2 CPU调度,从就绪进程中选择一个分配处理机运行的过程。,,4,5,王道2027操作系统，2.2 CPU调度，教材p66,2.2 CPU调度,66,教材在“2.2 CPU调度”中出现或讲解“CPU调度”；本节点概括为：从就绪进程中选择一个分配处理机运行的过程。
OS_ALG_002,高级调度,Algorithm,操作系统,2.2 CPU调度,高级调度是操作系统中用于完成调度、分配、置换或管理决策的算法/策略。,,4,5,王道2027操作系统，2.2 CPU调度，教材p66,2.2 CPU调度,66,教材在“2.2 CPU调度”中出现或讲解“高级调度”；本节点概括为：高级调度是操作系统中用于完成调度、分配、置换或管理决策的算法/策略。
OS_ALG_003,中级调度,Algorithm,操作系统,2.2 CPU调度,中级调度是操作系统中用于完成调度、分配、置换或管理决策的算法/策略。,,4,5,王道2027操作系统，2.2 CPU调度，教材p66,2.2 CPU调度,66,教材在“2.2 CPU调度”中出现或讲解“中级调度”；本节点概括为：中级调度是操作系统中用于完成调度、分配、置换或管理决策的算法/策略。
OS_ALG_004,低级调度,Algorithm,操作系统,2.2 CPU调度,低级调度是操作系统中用于完成调度、分配、置换或管理决策的算法/策略。,,4,5,王道2027操作系统，2.2 CPU调度，教材p66,2.2 CPU调度,66,教材在“2.2 CPU调度”中出现或讲解“低级调度”；本节点概括为：低级调度是操作系统中用于完成调度、分配、置换或管理决策的算法/策略。
OS_ALG_005,调度程序,Algorithm,操作系统,2.2 CPU调度,调度程序是操作系统中用于完成调度、分配、置换或管理决策的算法/策略。,,4,5,王道2027操作系统，2.2 CPU调度，教材p66,2.2 CPU调度,66,教材在“2.2 CPU调度”中出现或讲解“调度程序”；本节点概括为：调度程序是操作系统中用于完成调度、分配、置换或管理决策的算法/策略。
OS_ALG_006,非抢占式调度,Algorithm,操作系统,2.2 CPU调度,非抢占式调度是操作系统中用于完成调度、分配、置换或管理决策的算法/策略。,,4,5,王道2027操作系统，2.2 CPU调度，教材p66,2.2 CPU调度,66,教材在“2.2 CPU调度”中出现或讲解“非抢占式调度”；本节点概括为：非抢占式调度是操作系统中用于完成调度、分配、置换或管理决策的算法/策略。
OS_ALG_007,抢占式调度,Algorithm,操作系统,2.2 CPU调度,抢占式调度是操作系统中用于完成调度、分配、置换或管理决策的算法/策略。,,4,5,王道2027操作系统，2.2 CPU调度，教材p66,2.2 CPU调度,66,教材在“2.2 CPU调度”中出现或讲解“抢占式调度”；本节点概括为：抢占式调度是操作系统中用于完成调度、分配、置换或管理决策的算法/策略。
OS_MET_001,周转时间,Metric,操作系统,2.2 CPU调度,周转时间是评价操作系统调度、存储或I/O性能的重要指标。,,3,4,王道2027操作系统，2.2 CPU调度，教材p66,2.2 CPU调度,66,教材在“2.2 CPU调度”中出现或讲解“周转时间”；本节点概括为：周转时间是评价操作系统调度、存储或I/O性能的重要指标。
OS_MET_002,带权周转时间,Metric,操作系统,2.2 CPU调度,带权周转时间是评价操作系统调度、存储或I/O性能的重要指标。,,3,4,王道2027操作系统，2.2 CPU调度，教材p66,2.2 CPU调度,66,教材在“2.2 CPU调度”中出现或讲解“带权周转时间”；本节点概括为：带权周转时间是评价操作系统调度、存储或I/O性能的重要指标。
OS_MET_003,等待时间,Metric,操作系统,2.2 CPU调度,等待时间是评价操作系统调度、存储或I/O性能的重要指标。,,3,4,王道2027操作系统，2.2 CPU调度，教材p66,2.2 CPU调度,66,教材在“2.2 CPU调度”中出现或讲解“等待时间”；本节点概括为：等待时间是评价操作系统调度、存储或I/O性能的重要指标。
OS_MET_004,响应时间,Metric,操作系统,2.2 CPU调度,响应时间是评价操作系统调度、存储或I/O性能的重要指标。,,3,4,王道2027操作系统，2.2 CPU调度，教材p66,2.2 CPU调度,66,教材在“2.2 CPU调度”中出现或讲解“响应时间”；本节点概括为：响应时间是评价操作系统调度、存储或I/O性能的重要指标。
OS_MET_005,CPU利用率,Metric,操作系统,2.2 CPU调度,CPU利用率是评价操作系统调度、存储或I/O性能的重要指标。,,3,4,王道2027操作系统，2.2 CPU调度，教材p66,2.2 CPU调度,66,教材在“2.2 CPU调度”中出现或讲解“CPU利用率”；本节点概括为：CPU利用率是评价操作系统调度、存储或I/O性能的重要指标。
OS_MET_006,系统吞吐量,Metric,操作系统,2.2 CPU调度,系统吞吐量是评价操作系统调度、存储或I/O性能的重要指标。,,3,4,王道2027操作系统，2.2 CPU调度，教材p66,2.2 CPU调度,66,教材在“2.2 CPU调度”中出现或讲解“系统吞吐量”；本节点概括为：系统吞吐量是评价操作系统调度、存储或I/O性能的重要指标。
OS_MEC_034,进程切换,Mechanism,操作系统,2.2 CPU调度,进程切换是操作系统实现资源管理、抽象或协作控制的重要机制。,,4,4,王道2027操作系统，2.2 CPU调度，教材p66,2.2 CPU调度,66,教材在“2.2 CPU调度”中出现或讲解“进程切换”；本节点概括为：进程切换是操作系统实现资源管理、抽象或协作控制的重要机制。
OS_MEC_035,上下文切换,Mechanism,操作系统,2.2 CPU调度,保存当前进程现场并恢复另一进程现场的过程。,,4,5,王道2027操作系统，2.2 CPU调度，教材p66,2.2 CPU调度,66,教材在“2.2 CPU调度”中出现或讲解“上下文切换”；本节点概括为：保存当前进程现场并恢复另一进程现场的过程。
OS_ALG_008,先来先服务调度,Algorithm,操作系统,2.2 CPU调度,先来先服务调度是操作系统中用于完成调度、分配、置换或管理决策的算法/策略。,,4,5,王道2027操作系统，2.2 CPU调度，教材p66,2.2 CPU调度,66,教材在“2.2 CPU调度”中出现或讲解“先来先服务调度”；本节点概括为：先来先服务调度是操作系统中用于完成调度、分配、置换或管理决策的算法/策略。
OS_ALG_009,短作业优先调度,Algorithm,操作系统,2.2 CPU调度,短作业优先调度是操作系统中用于完成调度、分配、置换或管理决策的算法/策略。,,4,5,王道2027操作系统，2.2 CPU调度，教材p66,2.2 CPU调度,66,教材在“2.2 CPU调度”中出现或讲解“短作业优先调度”；本节点概括为：短作业优先调度是操作系统中用于完成调度、分配、置换或管理决策的算法/策略。
OS_ALG_010,高响应比优先调度,Algorithm,操作系统,2.2 CPU调度,高响应比优先调度是操作系统中用于完成调度、分配、置换或管理决策的算法/策略。,,4,5,王道2027操作系统，2.2 CPU调度，教材p66,2.2 CPU调度,66,教材在“2.2 CPU调度”中出现或讲解“高响应比优先调度”；本节点概括为：高响应比优先调度是操作系统中用于完成调度、分配、置换或管理决策的算法/策略。
OS_ALG_011,时间片轮转调度,Algorithm,操作系统,2.2 CPU调度,时间片轮转调度是操作系统中用于完成调度、分配、置换或管理决策的算法/策略。,,4,5,王道2027操作系统，2.2 CPU调度，教材p66,2.2 CPU调度,66,教材在“2.2 CPU调度”中出现或讲解“时间片轮转调度”；本节点概括为：时间片轮转调度是操作系统中用于完成调度、分配、置换或管理决策的算法/策略。
OS_ALG_012,优先级调度,Algorithm,操作系统,2.2 CPU调度,优先级调度是操作系统中用于完成调度、分配、置换或管理决策的算法/策略。,,4,5,王道2027操作系统，2.2 CPU调度，教材p66,2.2 CPU调度,66,教材在“2.2 CPU调度”中出现或讲解“优先级调度”；本节点概括为：优先级调度是操作系统中用于完成调度、分配、置换或管理决策的算法/策略。
OS_ALG_013,多级反馈队列调度,Algorithm,操作系统,2.2 CPU调度,多级反馈队列调度是操作系统中用于完成调度、分配、置换或管理决策的算法/策略。,,4,5,王道2027操作系统，2.2 CPU调度，教材p66,2.2 CPU调度,66,教材在“2.2 CPU调度”中出现或讲解“多级反馈队列调度”；本节点概括为：多级反馈队列调度是操作系统中用于完成调度、分配、置换或管理决策的算法/策略。
OS_MEC_036,多处理机调度,Mechanism,操作系统,2.2 CPU调度,多处理机调度是操作系统实现资源管理、抽象或协作控制的重要机制。,,4,4,王道2027操作系统，2.2 CPU调度，教材p66,2.2 CPU调度,66,教材在“2.2 CPU调度”中出现或讲解“多处理机调度”；本节点概括为：多处理机调度是操作系统实现资源管理、抽象或协作控制的重要机制。
OS_CON_040,负载均衡,Concept,操作系统,2.2 CPU调度,负载均衡是操作系统课程中的核心概念，需要结合进程、内存、文件或I/O管理理解。,,3,4,王道2027操作系统，2.2 CPU调度，教材p66,2.2 CPU调度,66,教材在“2.2 CPU调度”中出现或讲解“负载均衡”；本节点概括为：负载均衡是操作系统课程中的核心概念，需要结合进程、内存、文件或I/O管理理解。
OS_ALG_014,调度算法饥饿问题,Algorithm,操作系统,2.2 CPU调度,调度算法饥饿问题是操作系统中用于完成调度、分配、置换或管理决策的算法/策略。,,4,5,王道2027操作系统，2.2 CPU调度，教材p66,2.2 CPU调度,66,教材在“2.2 CPU调度”中出现或讲解“调度算法饥饿问题”；本节点概括为：调度算法饥饿问题是操作系统中用于完成调度、分配、置换或管理决策的算法/策略。
OS_MEC_037,同步,Mechanism,操作系统,2.3 同步与互斥,同步是操作系统实现资源管理、抽象或协作控制的重要机制。,,4,4,王道2027操作系统，2.3 同步与互斥，教材p99,2.3 同步与互斥,99,教材在“2.3 同步与互斥”中出现或讲解“同步”；本节点概括为：同步是操作系统实现资源管理、抽象或协作控制的重要机制。
OS_MEC_038,互斥,Mechanism,操作系统,2.3 同步与互斥,互斥是操作系统实现资源管理、抽象或协作控制的重要机制。,,4,4,王道2027操作系统，2.3 同步与互斥，教材p99,2.3 同步与互斥,99,教材在“2.3 同步与互斥”中出现或讲解“互斥”；本节点概括为：互斥是操作系统实现资源管理、抽象或协作控制的重要机制。
OS_CON_041,临界区,Concept,操作系统,2.3 同步与互斥,临界区是操作系统课程中的核心概念，需要结合进程、内存、文件或I/O管理理解。,,3,4,王道2027操作系统，2.3 同步与互斥，教材p99,2.3 同步与互斥,99,教材在“2.3 同步与互斥”中出现或讲解“临界区”；本节点概括为：临界区是操作系统课程中的核心概念，需要结合进程、内存、文件或I/O管理理解。
OS_CON_042,进入区,Concept,操作系统,2.3 同步与互斥,进入区是操作系统课程中的核心概念，需要结合进程、内存、文件或I/O管理理解。,,3,4,王道2027操作系统，2.3 同步与互斥，教材p99,2.3 同步与互斥,99,教材在“2.3 同步与互斥”中出现或讲解“进入区”；本节点概括为：进入区是操作系统课程中的核心概念，需要结合进程、内存、文件或I/O管理理解。
OS_CON_043,退出区,Concept,操作系统,2.3 同步与互斥,退出区是操作系统课程中的核心概念，需要结合进程、内存、文件或I/O管理理解。,,3,4,王道2027操作系统，2.3 同步与互斥，教材p99,2.3 同步与互斥,99,教材在“2.3 同步与互斥”中出现或讲解“退出区”；本节点概括为：退出区是操作系统课程中的核心概念，需要结合进程、内存、文件或I/O管理理解。
OS_CON_044,剩余区,Concept,操作系统,2.3 同步与互斥,剩余区是操作系统课程中的核心概念，需要结合进程、内存、文件或I/O管理理解。,,3,4,王道2027操作系统，2.3 同步与互斥，教材p99,2.3 同步与互斥,99,教材在“2.3 同步与互斥”中出现或讲解“剩余区”；本节点概括为：剩余区是操作系统课程中的核心概念，需要结合进程、内存、文件或I/O管理理解。
OS_PRB_001,临界区互斥问题,Problem,操作系统,2.3 同步与互斥,临界区互斥问题是操作系统课程中需要用相应机制或算法解决的典型问题。,,4,5,王道2027操作系统，2.3 同步与互斥，教材p99,2.3 同步与互斥,99,教材在“2.3 同步与互斥”中出现或讲解“临界区互斥问题”；本节点概括为：临界区互斥问题是操作系统课程中需要用相应机制或算法解决的典型问题。
OS_MEC_039,软件实现互斥,Mechanism,操作系统,2.3 同步与互斥,软件实现互斥是操作系统实现资源管理、抽象或协作控制的重要机制。,,4,4,王道2027操作系统，2.3 同步与互斥，教材p99,2.3 同步与互斥,99,教材在“2.3 同步与互斥”中出现或讲解“软件实现互斥”；本节点概括为：软件实现互斥是操作系统实现资源管理、抽象或协作控制的重要机制。
OS_ALG_015,Peterson算法,Algorithm,操作系统,2.3 同步与互斥,Peterson算法是操作系统中用于完成调度、分配、置换或管理决策的算法/策略。,,4,5,王道2027操作系统，2.3 同步与互斥，教材p99,2.3 同步与互斥,99,教材在“2.3 同步与互斥”中出现或讲解“Peterson算法”；本节点概括为：Peterson算法是操作系统中用于完成调度、分配、置换或管理决策的算法/策略。
OS_MEC_040,硬件实现互斥,Mechanism,操作系统,2.3 同步与互斥,硬件实现互斥是操作系统实现资源管理、抽象或协作控制的重要机制。,,4,4,王道2027操作系统，2.3 同步与互斥，教材p99,2.3 同步与互斥,99,教材在“2.3 同步与互斥”中出现或讲解“硬件实现互斥”；本节点概括为：硬件实现互斥是操作系统实现资源管理、抽象或协作控制的重要机制。
OS_MEC_041,中断屏蔽,Mechanism,操作系统,2.3 同步与互斥,中断屏蔽是操作系统实现资源管理、抽象或协作控制的重要机制。,,4,4,王道2027操作系统，2.3 同步与互斥，教材p99,2.3 同步与互斥,99,教材在“2.3 同步与互斥”中出现或讲解“中断屏蔽”；本节点概括为：中断屏蔽是操作系统实现资源管理、抽象或协作控制的重要机制。
OS_CON_045,TestAndSet指令,Concept,操作系统,2.3 同步与互斥,TestAndSet指令是操作系统课程中的核心概念，需要结合进程、内存、文件或I/O管理理解。,,3,4,王道2027操作系统，2.3 同步与互斥，教材p99,2.3 同步与互斥,99,教材在“2.3 同步与互斥”中出现或讲解“TestAndSet指令”；本节点概括为：TestAndSet指令是操作系统课程中的核心概念，需要结合进程、内存、文件或I/O管理理解。
OS_CON_046,Swap指令,Concept,操作系统,2.3 同步与互斥,Swap指令是操作系统课程中的核心概念，需要结合进程、内存、文件或I/O管理理解。,,3,4,王道2027操作系统，2.3 同步与互斥，教材p99,2.3 同步与互斥,99,教材在“2.3 同步与互斥”中出现或讲解“Swap指令”；本节点概括为：Swap指令是操作系统课程中的核心概念，需要结合进程、内存、文件或I/O管理理解。
OS_MEC_042,互斥锁,Mechanism,操作系统,2.3 同步与互斥,互斥锁是操作系统实现资源管理、抽象或协作控制的重要机制。,,4,4,王道2027操作系统，2.3 同步与互斥，教材p99,2.3 同步与互斥,99,教材在“2.3 同步与互斥”中出现或讲解“互斥锁”；本节点概括为：互斥锁是操作系统实现资源管理、抽象或协作控制的重要机制。
OS_CON_047,信号量,Concept,操作系统,2.3 同步与互斥,由整数值及P/V操作组成的同步互斥机制。,,3,5,王道2027操作系统，2.3 同步与互斥，教材p99,2.3 同步与互斥,99,教材在“2.3 同步与互斥”中出现或讲解“信号量”；本节点概括为：由整数值及P/V操作组成的同步互斥机制。
OS_CON_048,整型信号量,Concept,操作系统,2.3 同步与互斥,整型信号量是操作系统课程中的核心概念，需要结合进程、内存、文件或I/O管理理解。,,3,4,王道2027操作系统，2.3 同步与互斥，教材p99,2.3 同步与互斥,99,教材在“2.3 同步与互斥”中出现或讲解“整型信号量”；本节点概括为：整型信号量是操作系统课程中的核心概念，需要结合进程、内存、文件或I/O管理理解。
OS_CON_049,记录型信号量,Concept,操作系统,2.3 同步与互斥,记录型信号量是操作系统课程中的核心概念，需要结合进程、内存、文件或I/O管理理解。,,3,4,王道2027操作系统，2.3 同步与互斥，教材p99,2.3 同步与互斥,99,教材在“2.3 同步与互斥”中出现或讲解“记录型信号量”；本节点概括为：记录型信号量是操作系统课程中的核心概念，需要结合进程、内存、文件或I/O管理理解。
OS_OPE_005,P操作,Operation,操作系统,2.3 同步与互斥,对信号量执行申请资源或等待的原子操作。,,3,5,王道2027操作系统，2.3 同步与互斥，教材p99,2.3 同步与互斥,99,教材在“2.3 同步与互斥”中出现或讲解“P操作”；本节点概括为：对信号量执行申请资源或等待的原子操作。
OS_OPE_006,V操作,Operation,操作系统,2.3 同步与互斥,对信号量执行释放资源或唤醒等待进程的原子操作。,,3,5,王道2027操作系统，2.3 同步与互斥，教材p99,2.3 同步与互斥,99,教材在“2.3 同步与互斥”中出现或讲解“V操作”；本节点概括为：对信号量执行释放资源或唤醒等待进程的原子操作。
OS_PRB_002,生产者-消费者问题,Problem,操作系统,2.3 同步与互斥,生产者-消费者问题是操作系统课程中需要用相应机制或算法解决的典型问题。,,4,5,王道2027操作系统，2.3 同步与互斥，教材p99,2.3 同步与互斥,99,教材在“2.3 同步与互斥”中出现或讲解“生产者-消费者问题”；本节点概括为：生产者-消费者问题是操作系统课程中需要用相应机制或算法解决的典型问题。
OS_PRB_003,读者-写者问题,Problem,操作系统,2.3 同步与互斥,读者-写者问题是操作系统课程中需要用相应机制或算法解决的典型问题。,,4,5,王道2027操作系统，2.3 同步与互斥，教材p99,2.3 同步与互斥,99,教材在“2.3 同步与互斥”中出现或讲解“读者-写者问题”；本节点概括为：读者-写者问题是操作系统课程中需要用相应机制或算法解决的典型问题。
OS_PRB_004,哲学家进餐问题,Problem,操作系统,2.3 同步与互斥,哲学家进餐问题是操作系统课程中需要用相应机制或算法解决的典型问题。,,4,5,王道2027操作系统，2.3 同步与互斥，教材p99,2.3 同步与互斥,99,教材在“2.3 同步与互斥”中出现或讲解“哲学家进餐问题”；本节点概括为：哲学家进餐问题是操作系统课程中需要用相应机制或算法解决的典型问题。
OS_CON_050,管程,Concept,操作系统,2.3 同步与互斥,把共享数据及其操作封装在一起并保证互斥进入的同步机制。,,3,5,王道2027操作系统，2.3 同步与互斥，教材p99,2.3 同步与互斥,99,教材在“2.3 同步与互斥”中出现或讲解“管程”；本节点概括为：把共享数据及其操作封装在一起并保证互斥进入的同步机制。
OS_CON_051,条件变量,Concept,操作系统,2.3 同步与互斥,条件变量是操作系统课程中的核心概念，需要结合进程、内存、文件或I/O管理理解。,,3,4,王道2027操作系统，2.3 同步与互斥，教材p99,2.3 同步与互斥,99,教材在“2.3 同步与互斥”中出现或讲解“条件变量”；本节点概括为：条件变量是操作系统课程中的核心概念，需要结合进程、内存、文件或I/O管理理解。
OS_PROP_012,忙等待,Property,操作系统,2.3 同步与互斥,忙等待是操作系统相关对象或机制具有的重要状态、性质或条件。,,3,4,王道2027操作系统，2.3 同步与互斥，教材p99,2.3 同步与互斥,99,教材在“2.3 同步与互斥”中出现或讲解“忙等待”；本节点概括为：忙等待是操作系统相关对象或机制具有的重要状态、性质或条件。
OS_CON_052,死锁,Concept,操作系统,2.4 死锁,多个进程因竞争资源而互相等待，导致所有相关进程无法继续推进的状态。,,3,5,王道2027操作系统，2.4 死锁，教材p149,2.4 死锁,149,教材在“2.4 死锁”中出现或讲解“死锁”；本节点概括为：多个进程因竞争资源而互相等待，导致所有相关进程无法继续推进的状态。
OS_OBJ_005,资源,ComputingObject,操作系统,2.4 死锁,资源是操作系统管理、调度或抽象的计算资源或系统对象。,,3,4,王道2027操作系统，2.4 死锁，教材p149,2.4 死锁,149,教材在“2.4 死锁”中出现或讲解“资源”；本节点概括为：资源是操作系统管理、调度或抽象的计算资源或系统对象。
OS_OBJ_006,可重用资源,ComputingObject,操作系统,2.4 死锁,可重用资源是操作系统管理、调度或抽象的计算资源或系统对象。,,3,4,王道2027操作系统，2.4 死锁，教材p149,2.4 死锁,149,教材在“2.4 死锁”中出现或讲解“可重用资源”；本节点概括为：可重用资源是操作系统管理、调度或抽象的计算资源或系统对象。
OS_OBJ_007,消耗性资源,ComputingObject,操作系统,2.4 死锁,消耗性资源是操作系统管理、调度或抽象的计算资源或系统对象。,,3,4,王道2027操作系统，2.4 死锁，教材p149,2.4 死锁,149,教材在“2.4 死锁”中出现或讲解“消耗性资源”；本节点概括为：消耗性资源是操作系统管理、调度或抽象的计算资源或系统对象。
OS_PROP_013,互斥条件,Property,操作系统,2.4 死锁,互斥条件是操作系统相关对象或机制具有的重要状态、性质或条件。,,3,4,王道2027操作系统，2.4 死锁，教材p149,2.4 死锁,149,教材在“2.4 死锁”中出现或讲解“互斥条件”；本节点概括为：互斥条件是操作系统相关对象或机制具有的重要状态、性质或条件。
OS_PROP_014,不剥夺条件,Property,操作系统,2.4 死锁,不剥夺条件是操作系统相关对象或机制具有的重要状态、性质或条件。,,3,4,王道2027操作系统，2.4 死锁，教材p149,2.4 死锁,149,教材在“2.4 死锁”中出现或讲解“不剥夺条件”；本节点概括为：不剥夺条件是操作系统相关对象或机制具有的重要状态、性质或条件。
OS_PROP_015,请求和保持条件,Property,操作系统,2.4 死锁,请求和保持条件是操作系统相关对象或机制具有的重要状态、性质或条件。,,3,4,王道2027操作系统，2.4 死锁，教材p149,2.4 死锁,149,教材在“2.4 死锁”中出现或讲解“请求和保持条件”；本节点概括为：请求和保持条件是操作系统相关对象或机制具有的重要状态、性质或条件。
OS_PROP_016,循环等待条件,Property,操作系统,2.4 死锁,循环等待条件是操作系统相关对象或机制具有的重要状态、性质或条件。,,3,4,王道2027操作系统，2.4 死锁，教材p149,2.4 死锁,149,教材在“2.4 死锁”中出现或讲解“循环等待条件”；本节点概括为：循环等待条件是操作系统相关对象或机制具有的重要状态、性质或条件。
OS_CON_053,死锁预防,Concept,操作系统,2.4 死锁,死锁预防是操作系统课程中的核心概念，需要结合进程、内存、文件或I/O管理理解。,,3,4,王道2027操作系统，2.4 死锁，教材p149,2.4 死锁,149,教材在“2.4 死锁”中出现或讲解“死锁预防”；本节点概括为：死锁预防是操作系统课程中的核心概念，需要结合进程、内存、文件或I/O管理理解。
OS_CON_054,死锁避免,Concept,操作系统,2.4 死锁,死锁避免是操作系统课程中的核心概念，需要结合进程、内存、文件或I/O管理理解。,,3,4,王道2027操作系统，2.4 死锁，教材p149,2.4 死锁,149,教材在“2.4 死锁”中出现或讲解“死锁避免”；本节点概括为：死锁避免是操作系统课程中的核心概念，需要结合进程、内存、文件或I/O管理理解。
OS_PROP_017,安全状态,Property,操作系统,2.4 死锁,安全状态是操作系统相关对象或机制具有的重要状态、性质或条件。,,3,4,王道2027操作系统，2.4 死锁，教材p149,2.4 死锁,149,教材在“2.4 死锁”中出现或讲解“安全状态”；本节点概括为：安全状态是操作系统相关对象或机制具有的重要状态、性质或条件。
OS_PROP_018,不安全状态,Property,操作系统,2.4 死锁,不安全状态是操作系统相关对象或机制具有的重要状态、性质或条件。,,3,4,王道2027操作系统，2.4 死锁，教材p149,2.4 死锁,149,教材在“2.4 死锁”中出现或讲解“不安全状态”；本节点概括为：不安全状态是操作系统相关对象或机制具有的重要状态、性质或条件。
OS_ALG_016,银行家算法,Algorithm,操作系统,2.4 死锁,根据系统是否仍处于安全状态来决定是否分配资源的死锁避免算法。,,4,5,王道2027操作系统，2.4 死锁，教材p149,2.4 死锁,149,教材在“2.4 死锁”中出现或讲解“银行家算法”；本节点概括为：根据系统是否仍处于安全状态来决定是否分配资源的死锁避免算法。
OS_DST_005,资源分配图,DataStructure,操作系统,2.4 死锁,资源分配图是操作系统用于保存状态、索引、映射或管理信息的数据结构。,,4,4,王道2027操作系统，2.4 死锁，教材p149,2.4 死锁,149,教材在“2.4 死锁”中出现或讲解“资源分配图”；本节点概括为：资源分配图是操作系统用于保存状态、索引、映射或管理信息的数据结构。
OS_CON_055,死锁检测,Concept,操作系统,2.4 死锁,死锁检测是操作系统课程中的核心概念，需要结合进程、内存、文件或I/O管理理解。,,3,4,王道2027操作系统，2.4 死锁，教材p149,2.4 死锁,149,教材在“2.4 死锁”中出现或讲解“死锁检测”；本节点概括为：死锁检测是操作系统课程中的核心概念，需要结合进程、内存、文件或I/O管理理解。
OS_CON_056,死锁解除,Concept,操作系统,2.4 死锁,死锁解除是操作系统课程中的核心概念，需要结合进程、内存、文件或I/O管理理解。,,3,4,王道2027操作系统，2.4 死锁，教材p149,2.4 死锁,149,教材在“2.4 死锁”中出现或讲解“死锁解除”；本节点概括为：死锁解除是操作系统课程中的核心概念，需要结合进程、内存、文件或I/O管理理解。
OS_CON_057,资源剥夺,Concept,操作系统,2.4 死锁,资源剥夺是操作系统课程中的核心概念，需要结合进程、内存、文件或I/O管理理解。,,3,4,王道2027操作系统，2.4 死锁，教材p149,2.4 死锁,149,教材在“2.4 死锁”中出现或讲解“资源剥夺”；本节点概括为：资源剥夺是操作系统课程中的核心概念，需要结合进程、内存、文件或I/O管理理解。
OS_PRB_005,死锁问题,Problem,操作系统,2.4 死锁,死锁问题是操作系统课程中需要用相应机制或算法解决的典型问题。,,4,5,王道2027操作系统，2.4 死锁，教材p149,2.4 死锁,149,教材在“2.4 死锁”中出现或讲解“死锁问题”；本节点概括为：死锁问题是操作系统课程中需要用相应机制或算法解决的典型问题。
OS_MEC_043,内存管理,Mechanism,操作系统,3.1 内存管理概念,内存管理是操作系统实现资源管理、抽象或协作控制的重要机制。,,4,4,王道2027操作系统，3.1 内存管理概念，教材p176,3.1 内存管理概念,176,教材在“3.1 内存管理概念”中出现或讲解“内存管理”；本节点概括为：内存管理是操作系统实现资源管理、抽象或协作控制的重要机制。
OS_CON_058,地址重定位,Concept,操作系统,3.1 内存管理概念,地址重定位是操作系统课程中的核心概念，需要结合进程、内存、文件或I/O管理理解。,,3,4,王道2027操作系统，3.1 内存管理概念，教材p176,3.1 内存管理概念,176,教材在“3.1 内存管理概念”中出现或讲解“地址重定位”；本节点概括为：地址重定位是操作系统课程中的核心概念，需要结合进程、内存、文件或I/O管理理解。
OS_OBJ_008,逻辑地址,ComputingObject,操作系统,3.1 内存管理概念,程序生成的地址，也称虚拟地址。,,3,5,王道2027操作系统，3.1 内存管理概念，教材p176,3.1 内存管理概念,176,教材在“3.1 内存管理概念”中出现或讲解“逻辑地址”；本节点概括为：程序生成的地址，也称虚拟地址。
OS_OBJ_009,物理地址,ComputingObject,操作系统,3.1 内存管理概念,内存单元中的真实地址。,,3,5,王道2027操作系统，3.1 内存管理概念，教材p176,3.1 内存管理概念,176,教材在“3.1 内存管理概念”中出现或讲解“物理地址”；本节点概括为：内存单元中的真实地址。
OS_CON_059,地址转换,Concept,操作系统,3.1 内存管理概念,地址转换是操作系统课程中的核心概念，需要结合进程、内存、文件或I/O管理理解。,,3,4,王道2027操作系统，3.1 内存管理概念，教材p176,3.1 内存管理概念,176,教材在“3.1 内存管理概念”中出现或讲解“地址转换”；本节点概括为：地址转换是操作系统课程中的核心概念，需要结合进程、内存、文件或I/O管理理解。
OS_MEC_044,内存保护,Mechanism,操作系统,3.1 内存管理概念,内存保护是操作系统实现资源管理、抽象或协作控制的重要机制。,,4,4,王道2027操作系统，3.1 内存管理概念，教材p176,3.1 内存管理概念,176,教材在“3.1 内存管理概念”中出现或讲解“内存保护”；本节点概括为：内存保护是操作系统实现资源管理、抽象或协作控制的重要机制。
OS_MEC_045,内存共享,Mechanism,操作系统,3.1 内存管理概念,内存共享是操作系统实现资源管理、抽象或协作控制的重要机制。,,4,4,王道2027操作系统，3.1 内存管理概念，教材p176,3.1 内存管理概念,176,教材在“3.1 内存管理概念”中出现或讲解“内存共享”；本节点概括为：内存共享是操作系统实现资源管理、抽象或协作控制的重要机制。
OS_CON_060,内存扩充,Concept,操作系统,3.1 内存管理概念,内存扩充是操作系统课程中的核心概念，需要结合进程、内存、文件或I/O管理理解。,,3,4,王道2027操作系统，3.1 内存管理概念，教材p176,3.1 内存管理概念,176,教材在“3.1 内存管理概念”中出现或讲解“内存扩充”；本节点概括为：内存扩充是操作系统课程中的核心概念，需要结合进程、内存、文件或I/O管理理解。
OS_MEC_046,连续分配管理方式,Mechanism,操作系统,3.1 内存管理概念,连续分配管理方式是操作系统实现资源管理、抽象或协作控制的重要机制。,,4,4,王道2027操作系统，3.1 内存管理概念，教材p176,3.1 内存管理概念,176,教材在“3.1 内存管理概念”中出现或讲解“连续分配管理方式”；本节点概括为：连续分配管理方式是操作系统实现资源管理、抽象或协作控制的重要机制。
OS_MEC_047,单一连续分配,Mechanism,操作系统,3.1 内存管理概念,单一连续分配是操作系统实现资源管理、抽象或协作控制的重要机制。,,4,4,王道2027操作系统，3.1 内存管理概念，教材p176,3.1 内存管理概念,176,教材在“3.1 内存管理概念”中出现或讲解“单一连续分配”；本节点概括为：单一连续分配是操作系统实现资源管理、抽象或协作控制的重要机制。
OS_MEC_048,固定分区分配,Mechanism,操作系统,3.1 内存管理概念,固定分区分配是操作系统实现资源管理、抽象或协作控制的重要机制。,,4,4,王道2027操作系统，3.1 内存管理概念，教材p176,3.1 内存管理概念,176,教材在“3.1 内存管理概念”中出现或讲解“固定分区分配”；本节点概括为：固定分区分配是操作系统实现资源管理、抽象或协作控制的重要机制。
OS_MEC_049,动态分区分配,Mechanism,操作系统,3.1 内存管理概念,动态分区分配是操作系统实现资源管理、抽象或协作控制的重要机制。,,4,4,王道2027操作系统，3.1 内存管理概念，教材p176,3.1 内存管理概念,176,教材在“3.1 内存管理概念”中出现或讲解“动态分区分配”；本节点概括为：动态分区分配是操作系统实现资源管理、抽象或协作控制的重要机制。
OS_ALG_017,首次适应算法,Algorithm,操作系统,3.1 内存管理概念,首次适应算法是操作系统中用于完成调度、分配、置换或管理决策的算法/策略。,,4,5,王道2027操作系统，3.1 内存管理概念，教材p176,3.1 内存管理概念,176,教材在“3.1 内存管理概念”中出现或讲解“首次适应算法”；本节点概括为：首次适应算法是操作系统中用于完成调度、分配、置换或管理决策的算法/策略。
OS_ALG_018,最佳适应算法,Algorithm,操作系统,3.1 内存管理概念,最佳适应算法是操作系统中用于完成调度、分配、置换或管理决策的算法/策略。,,4,5,王道2027操作系统，3.1 内存管理概念，教材p176,3.1 内存管理概念,176,教材在“3.1 内存管理概念”中出现或讲解“最佳适应算法”；本节点概括为：最佳适应算法是操作系统中用于完成调度、分配、置换或管理决策的算法/策略。
OS_ALG_019,最坏适应算法,Algorithm,操作系统,3.1 内存管理概念,最坏适应算法是操作系统中用于完成调度、分配、置换或管理决策的算法/策略。,,4,5,王道2027操作系统，3.1 内存管理概念，教材p176,3.1 内存管理概念,176,教材在“3.1 内存管理概念”中出现或讲解“最坏适应算法”；本节点概括为：最坏适应算法是操作系统中用于完成调度、分配、置换或管理决策的算法/策略。
OS_ALG_020,邻近适应算法,Algorithm,操作系统,3.1 内存管理概念,邻近适应算法是操作系统中用于完成调度、分配、置换或管理决策的算法/策略。,,4,5,王道2027操作系统，3.1 内存管理概念，教材p176,3.1 内存管理概念,176,教材在“3.1 内存管理概念”中出现或讲解“邻近适应算法”；本节点概括为：邻近适应算法是操作系统中用于完成调度、分配、置换或管理决策的算法/策略。
OS_PROP_019,内部碎片,Property,操作系统,3.1 内存管理概念,内部碎片是操作系统相关对象或机制具有的重要状态、性质或条件。,,3,4,王道2027操作系统，3.1 内存管理概念，教材p176,3.1 内存管理概念,176,教材在“3.1 内存管理概念”中出现或讲解“内部碎片”；本节点概括为：内部碎片是操作系统相关对象或机制具有的重要状态、性质或条件。
OS_PROP_020,外部碎片,Property,操作系统,3.1 内存管理概念,外部碎片是操作系统相关对象或机制具有的重要状态、性质或条件。,,3,4,王道2027操作系统，3.1 内存管理概念，教材p176,3.1 内存管理概念,176,教材在“3.1 内存管理概念”中出现或讲解“外部碎片”；本节点概括为：外部碎片是操作系统相关对象或机制具有的重要状态、性质或条件。
OS_CON_061,紧凑,Concept,操作系统,3.1 内存管理概念,紧凑是操作系统课程中的核心概念，需要结合进程、内存、文件或I/O管理理解。,,3,4,王道2027操作系统，3.1 内存管理概念，教材p176,3.1 内存管理概念,176,教材在“3.1 内存管理概念”中出现或讲解“紧凑”；本节点概括为：紧凑是操作系统课程中的核心概念，需要结合进程、内存、文件或I/O管理理解。
OS_CON_062,基本分页,Concept,操作系统,3.1 内存管理概念,基本分页是操作系统课程中的核心概念，需要结合进程、内存、文件或I/O管理理解。,,3,4,王道2027操作系统，3.1 内存管理概念，教材p176,3.1 内存管理概念,176,教材在“3.1 内存管理概念”中出现或讲解“基本分页”；本节点概括为：基本分页是操作系统课程中的核心概念，需要结合进程、内存、文件或I/O管理理解。
OS_OBJ_010,页,ComputingObject,操作系统,3.1 内存管理概念,页是操作系统管理、调度或抽象的计算资源或系统对象。,,3,4,王道2027操作系统，3.1 内存管理概念，教材p176,3.1 内存管理概念,176,教材在“3.1 内存管理概念”中出现或讲解“页”；本节点概括为：页是操作系统管理、调度或抽象的计算资源或系统对象。
OS_OBJ_011,页框,ComputingObject,操作系统,3.1 内存管理概念,页框是操作系统管理、调度或抽象的计算资源或系统对象。,,3,4,王道2027操作系统，3.1 内存管理概念，教材p176,3.1 内存管理概念,176,教材在“3.1 内存管理概念”中出现或讲解“页框”；本节点概括为：页框是操作系统管理、调度或抽象的计算资源或系统对象。
OS_DST_006,页表,DataStructure,操作系统,3.1 内存管理概念,记录虚拟页到物理页框映射关系的数据结构。,,4,5,王道2027操作系统，3.1 内存管理概念，教材p176,3.1 内存管理概念,176,教材在“3.1 内存管理概念”中出现或讲解“页表”；本节点概括为：记录虚拟页到物理页框映射关系的数据结构。
OS_DST_007,页表项,DataStructure,操作系统,3.1 内存管理概念,页表项是操作系统用于保存状态、索引、映射或管理信息的数据结构。,,4,4,王道2027操作系统，3.1 内存管理概念，教材p176,3.1 内存管理概念,176,教材在“3.1 内存管理概念”中出现或讲解“页表项”；本节点概括为：页表项是操作系统用于保存状态、索引、映射或管理信息的数据结构。
OS_CON_063,快表,Concept,操作系统,3.1 内存管理概念,用于加速地址转换的高速联想存储器，也称TLB。,,3,5,王道2027操作系统，3.1 内存管理概念，教材p176,3.1 内存管理概念,176,教材在“3.1 内存管理概念”中出现或讲解“快表”；本节点概括为：用于加速地址转换的高速联想存储器，也称TLB。
OS_DST_008,两级页表,DataStructure,操作系统,3.1 内存管理概念,两级页表是操作系统用于保存状态、索引、映射或管理信息的数据结构。,,4,4,王道2027操作系统，3.1 内存管理概念，教材p176,3.1 内存管理概念,176,教材在“3.1 内存管理概念”中出现或讲解“两级页表”；本节点概括为：两级页表是操作系统用于保存状态、索引、映射或管理信息的数据结构。
OS_CON_064,基本分段,Concept,操作系统,3.1 内存管理概念,基本分段是操作系统课程中的核心概念，需要结合进程、内存、文件或I/O管理理解。,,3,4,王道2027操作系统，3.1 内存管理概念，教材p176,3.1 内存管理概念,176,教材在“3.1 内存管理概念”中出现或讲解“基本分段”；本节点概括为：基本分段是操作系统课程中的核心概念，需要结合进程、内存、文件或I/O管理理解。
OS_OBJ_012,段,ComputingObject,操作系统,3.1 内存管理概念,段是操作系统管理、调度或抽象的计算资源或系统对象。,,3,4,王道2027操作系统，3.1 内存管理概念，教材p176,3.1 内存管理概念,176,教材在“3.1 内存管理概念”中出现或讲解“段”；本节点概括为：段是操作系统管理、调度或抽象的计算资源或系统对象。
OS_DST_009,段表,DataStructure,操作系统,3.1 内存管理概念,段表是操作系统用于保存状态、索引、映射或管理信息的数据结构。,,4,4,王道2027操作系统，3.1 内存管理概念，教材p176,3.1 内存管理概念,176,教材在“3.1 内存管理概念”中出现或讲解“段表”；本节点概括为：段表是操作系统用于保存状态、索引、映射或管理信息的数据结构。
OS_MEC_050,段页式管理,Mechanism,操作系统,3.1 内存管理概念,段页式管理是操作系统实现资源管理、抽象或协作控制的重要机制。,,4,4,王道2027操作系统，3.1 内存管理概念，教材p176,3.1 内存管理概念,176,教材在“3.1 内存管理概念”中出现或讲解“段页式管理”；本节点概括为：段页式管理是操作系统实现资源管理、抽象或协作控制的重要机制。
OS_PRB_006,地址转换问题,Problem,操作系统,3.1 内存管理概念,地址转换问题是操作系统课程中需要用相应机制或算法解决的典型问题。,,4,5,王道2027操作系统，3.1 内存管理概念，教材p176,3.1 内存管理概念,176,教材在“3.1 内存管理概念”中出现或讲解“地址转换问题”；本节点概括为：地址转换问题是操作系统课程中需要用相应机制或算法解决的典型问题。
OS_PRB_007,内存分配问题,Problem,操作系统,3.1 内存管理概念,内存分配问题是操作系统课程中需要用相应机制或算法解决的典型问题。,,4,5,王道2027操作系统，3.1 内存管理概念，教材p176,3.1 内存管理概念,176,教材在“3.1 内存管理概念”中出现或讲解“内存分配问题”；本节点概括为：内存分配问题是操作系统课程中需要用相应机制或算法解决的典型问题。
OS_CON_065,虚拟内存,Concept,操作系统,3.2 虚拟内存管理,基于局部性原理和外存支持，让程序获得大于物理内存的逻辑地址空间。,,3,5,王道2027操作系统，3.2 虚拟内存管理，教材p212,3.2 虚拟内存管理,212,教材在“3.2 虚拟内存管理”中出现或讲解“虚拟内存”；本节点概括为：基于局部性原理和外存支持，让程序获得大于物理内存的逻辑地址空间。
OS_CON_066,局部性原理,Concept,操作系统,3.2 虚拟内存管理,局部性原理是操作系统课程中的核心概念，需要结合进程、内存、文件或I/O管理理解。,,3,4,王道2027操作系统，3.2 虚拟内存管理，教材p212,3.2 虚拟内存管理,212,教材在“3.2 虚拟内存管理”中出现或讲解“局部性原理”；本节点概括为：局部性原理是操作系统课程中的核心概念，需要结合进程、内存、文件或I/O管理理解。
OS_CON_067,请求分页,Concept,操作系统,3.2 虚拟内存管理,请求分页是操作系统课程中的核心概念，需要结合进程、内存、文件或I/O管理理解。,,3,4,王道2027操作系统，3.2 虚拟内存管理，教材p212,3.2 虚拟内存管理,212,教材在“3.2 虚拟内存管理”中出现或讲解“请求分页”；本节点概括为：请求分页是操作系统课程中的核心概念，需要结合进程、内存、文件或I/O管理理解。
OS_MEC_051,页表机制,Mechanism,操作系统,3.2 虚拟内存管理,页表机制是操作系统实现资源管理、抽象或协作控制的重要机制。,,4,4,王道2027操作系统，3.2 虚拟内存管理，教材p212,3.2 虚拟内存管理,212,教材在“3.2 虚拟内存管理”中出现或讲解“页表机制”；本节点概括为：页表机制是操作系统实现资源管理、抽象或协作控制的重要机制。
OS_MEC_052,缺页中断,Mechanism,操作系统,3.2 虚拟内存管理,访问页面不在内存时由硬件产生并交由操作系统处理的异常。,,4,5,王道2027操作系统，3.2 虚拟内存管理，教材p212,3.2 虚拟内存管理,212,教材在“3.2 虚拟内存管理”中出现或讲解“缺页中断”；本节点概括为：访问页面不在内存时由硬件产生并交由操作系统处理的异常。
OS_CON_068,地址变换机构,Concept,操作系统,3.2 虚拟内存管理,地址变换机构是操作系统课程中的核心概念，需要结合进程、内存、文件或I/O管理理解。,,3,4,王道2027操作系统，3.2 虚拟内存管理，教材p212,3.2 虚拟内存管理,212,教材在“3.2 虚拟内存管理”中出现或讲解“地址变换机构”；本节点概括为：地址变换机构是操作系统课程中的核心概念，需要结合进程、内存、文件或I/O管理理解。
OS_CON_069,页面置换,Concept,操作系统,3.2 虚拟内存管理,内存页框不足时选择某一页面换出以装入新页面的过程。,,3,5,王道2027操作系统，3.2 虚拟内存管理，教材p212,3.2 虚拟内存管理,212,教材在“3.2 虚拟内存管理”中出现或讲解“页面置换”；本节点概括为：内存页框不足时选择某一页面换出以装入新页面的过程。
OS_MEC_053,页框分配,Mechanism,操作系统,3.2 虚拟内存管理,页框分配是操作系统实现资源管理、抽象或协作控制的重要机制。,,4,4,王道2027操作系统，3.2 虚拟内存管理，教材p212,3.2 虚拟内存管理,212,教材在“3.2 虚拟内存管理”中出现或讲解“页框分配”；本节点概括为：页框分配是操作系统实现资源管理、抽象或协作控制的重要机制。
OS_CON_070,驻留集,Concept,操作系统,3.2 虚拟内存管理,驻留集是操作系统课程中的核心概念，需要结合进程、内存、文件或I/O管理理解。,,3,4,王道2027操作系统，3.2 虚拟内存管理，教材p212,3.2 虚拟内存管理,212,教材在“3.2 虚拟内存管理”中出现或讲解“驻留集”；本节点概括为：驻留集是操作系统课程中的核心概念，需要结合进程、内存、文件或I/O管理理解。
OS_MEC_054,固定分配,Mechanism,操作系统,3.2 虚拟内存管理,固定分配是操作系统实现资源管理、抽象或协作控制的重要机制。,,4,4,王道2027操作系统，3.2 虚拟内存管理，教材p212,3.2 虚拟内存管理,212,教材在“3.2 虚拟内存管理”中出现或讲解“固定分配”；本节点概括为：固定分配是操作系统实现资源管理、抽象或协作控制的重要机制。
OS_MEC_055,可变分配,Mechanism,操作系统,3.2 虚拟内存管理,可变分配是操作系统实现资源管理、抽象或协作控制的重要机制。,,4,4,王道2027操作系统，3.2 虚拟内存管理，教材p212,3.2 虚拟内存管理,212,教材在“3.2 虚拟内存管理”中出现或讲解“可变分配”；本节点概括为：可变分配是操作系统实现资源管理、抽象或协作控制的重要机制。
OS_CON_071,局部置换,Concept,操作系统,3.2 虚拟内存管理,局部置换是操作系统课程中的核心概念，需要结合进程、内存、文件或I/O管理理解。,,3,4,王道2027操作系统，3.2 虚拟内存管理，教材p212,3.2 虚拟内存管理,212,教材在“3.2 虚拟内存管理”中出现或讲解“局部置换”；本节点概括为：局部置换是操作系统课程中的核心概念，需要结合进程、内存、文件或I/O管理理解。
OS_CON_072,全局置换,Concept,操作系统,3.2 虚拟内存管理,全局置换是操作系统课程中的核心概念，需要结合进程、内存、文件或I/O管理理解。,,3,4,王道2027操作系统，3.2 虚拟内存管理，教材p212,3.2 虚拟内存管理,212,教材在“3.2 虚拟内存管理”中出现或讲解“全局置换”；本节点概括为：全局置换是操作系统课程中的核心概念，需要结合进程、内存、文件或I/O管理理解。
OS_ALG_021,最佳置换算法,Algorithm,操作系统,3.2 虚拟内存管理,最佳置换算法是操作系统中用于完成调度、分配、置换或管理决策的算法/策略。,,4,5,王道2027操作系统，3.2 虚拟内存管理，教材p212,3.2 虚拟内存管理,212,教材在“3.2 虚拟内存管理”中出现或讲解“最佳置换算法”；本节点概括为：最佳置换算法是操作系统中用于完成调度、分配、置换或管理决策的算法/策略。
OS_ALG_022,先进先出置换算法,Algorithm,操作系统,3.2 虚拟内存管理,先进先出置换算法是操作系统中用于完成调度、分配、置换或管理决策的算法/策略。,,4,5,王道2027操作系统，3.2 虚拟内存管理，教材p212,3.2 虚拟内存管理,212,教材在“3.2 虚拟内存管理”中出现或讲解“先进先出置换算法”；本节点概括为：先进先出置换算法是操作系统中用于完成调度、分配、置换或管理决策的算法/策略。
OS_ALG_023,最近最久未使用置换算法,Algorithm,操作系统,3.2 虚拟内存管理,最近最久未使用置换算法是操作系统中用于完成调度、分配、置换或管理决策的算法/策略。,,4,5,王道2027操作系统，3.2 虚拟内存管理，教材p212,3.2 虚拟内存管理,212,教材在“3.2 虚拟内存管理”中出现或讲解“最近最久未使用置换算法”；本节点概括为：最近最久未使用置换算法是操作系统中用于完成调度、分配、置换或管理决策的算法/策略。
OS_ALG_024,时钟置换算法,Algorithm,操作系统,3.2 虚拟内存管理,时钟置换算法是操作系统中用于完成调度、分配、置换或管理决策的算法/策略。,,4,5,王道2027操作系统，3.2 虚拟内存管理，教材p212,3.2 虚拟内存管理,212,教材在“3.2 虚拟内存管理”中出现或讲解“时钟置换算法”；本节点概括为：时钟置换算法是操作系统中用于完成调度、分配、置换或管理决策的算法/策略。
OS_ALG_025,改进型时钟置换算法,Algorithm,操作系统,3.2 虚拟内存管理,改进型时钟置换算法是操作系统中用于完成调度、分配、置换或管理决策的算法/策略。,,4,5,王道2027操作系统，3.2 虚拟内存管理，教材p212,3.2 虚拟内存管理,212,教材在“3.2 虚拟内存管理”中出现或讲解“改进型时钟置换算法”；本节点概括为：改进型时钟置换算法是操作系统中用于完成调度、分配、置换或管理决策的算法/策略。
OS_CON_073,抖动,Concept,操作系统,3.2 虚拟内存管理,抖动是操作系统课程中的核心概念，需要结合进程、内存、文件或I/O管理理解。,,3,4,王道2027操作系统，3.2 虚拟内存管理，教材p212,3.2 虚拟内存管理,212,教材在“3.2 虚拟内存管理”中出现或讲解“抖动”；本节点概括为：抖动是操作系统课程中的核心概念，需要结合进程、内存、文件或I/O管理理解。
OS_CON_074,工作集,Concept,操作系统,3.2 虚拟内存管理,工作集是操作系统课程中的核心概念，需要结合进程、内存、文件或I/O管理理解。,,3,4,王道2027操作系统，3.2 虚拟内存管理，教材p212,3.2 虚拟内存管理,212,教材在“3.2 虚拟内存管理”中出现或讲解“工作集”；本节点概括为：工作集是操作系统课程中的核心概念，需要结合进程、内存、文件或I/O管理理解。
OS_OPE_007,页框回收,Operation,操作系统,3.2 虚拟内存管理,页框回收是操作系统对进程、文件、设备或内存对象执行的基本操作。,,3,4,王道2027操作系统，3.2 虚拟内存管理，教材p212,3.2 虚拟内存管理,212,教材在“3.2 虚拟内存管理”中出现或讲解“页框回收”；本节点概括为：页框回收是操作系统对进程、文件、设备或内存对象执行的基本操作。
OS_MEC_056,内存映射文件,Mechanism,操作系统,3.2 虚拟内存管理,内存映射文件是操作系统实现资源管理、抽象或协作控制的重要机制。,,4,4,王道2027操作系统，3.2 虚拟内存管理，教材p212,3.2 虚拟内存管理,212,教材在“3.2 虚拟内存管理”中出现或讲解“内存映射文件”；本节点概括为：内存映射文件是操作系统实现资源管理、抽象或协作控制的重要机制。
OS_MET_007,有效访问时间,Metric,操作系统,3.2 虚拟内存管理,有效访问时间是评价操作系统调度、存储或I/O性能的重要指标。,,3,4,王道2027操作系统，3.2 虚拟内存管理，教材p212,3.2 虚拟内存管理,212,教材在“3.2 虚拟内存管理”中出现或讲解“有效访问时间”；本节点概括为：有效访问时间是评价操作系统调度、存储或I/O性能的重要指标。
OS_MET_008,缺页率,Metric,操作系统,3.2 虚拟内存管理,缺页率是评价操作系统调度、存储或I/O性能的重要指标。,,3,4,王道2027操作系统，3.2 虚拟内存管理，教材p212,3.2 虚拟内存管理,212,教材在“3.2 虚拟内存管理”中出现或讲解“缺页率”；本节点概括为：缺页率是评价操作系统调度、存储或I/O性能的重要指标。
OS_PRB_008,页面置换问题,Problem,操作系统,3.2 虚拟内存管理,页面置换问题是操作系统课程中需要用相应机制或算法解决的典型问题。,,4,5,王道2027操作系统，3.2 虚拟内存管理，教材p212,3.2 虚拟内存管理,212,教材在“3.2 虚拟内存管理”中出现或讲解“页面置换问题”；本节点概括为：页面置换问题是操作系统课程中需要用相应机制或算法解决的典型问题。
OS_PRB_009,缺页处理,Problem,操作系统,3.2 虚拟内存管理,缺页处理是操作系统课程中需要用相应机制或算法解决的典型问题。,,4,5,王道2027操作系统，3.2 虚拟内存管理，教材p212,3.2 虚拟内存管理,212,教材在“3.2 虚拟内存管理”中出现或讲解“缺页处理”；本节点概括为：缺页处理是操作系统课程中需要用相应机制或算法解决的典型问题。
OS_OBJ_013,虚拟地址,ComputingObject,操作系统,3.2 虚拟内存管理,虚拟地址是操作系统管理、调度或抽象的计算资源或系统对象。,,3,4,王道2027操作系统，3.2 虚拟内存管理，教材p212,3.2 虚拟内存管理,212,教材在“3.2 虚拟内存管理”中出现或讲解“虚拟地址”；本节点概括为：虚拟地址是操作系统管理、调度或抽象的计算资源或系统对象。
OS_OBJ_014,物理块号,ComputingObject,操作系统,3.2 虚拟内存管理,物理块号是操作系统管理、调度或抽象的计算资源或系统对象。,,3,4,王道2027操作系统，3.2 虚拟内存管理，教材p212,3.2 虚拟内存管理,212,教材在“3.2 虚拟内存管理”中出现或讲解“物理块号”；本节点概括为：物理块号是操作系统管理、调度或抽象的计算资源或系统对象。
OS_OBJ_015,文件,ComputingObject,操作系统,4.1 文件系统基础,具有符号名的一组相关信息集合，是文件系统管理的基本对象。,,3,5,王道2027操作系统，4.1 文件系统基础，教材p251,4.1 文件系统基础,251,教材在“4.1 文件系统基础”中出现或讲解“文件”；本节点概括为：具有符号名的一组相关信息集合，是文件系统管理的基本对象。
OS_CON_075,文件系统,Concept,操作系统,4.1 文件系统基础,文件系统是操作系统课程中的核心概念，需要结合进程、内存、文件或I/O管理理解。,,3,4,王道2027操作系统，4.1 文件系统基础，教材p251,4.1 文件系统基础,251,教材在“4.1 文件系统基础”中出现或讲解“文件系统”；本节点概括为：文件系统是操作系统课程中的核心概念，需要结合进程、内存、文件或I/O管理理解。
OS_CON_076,文件属性,Concept,操作系统,4.1 文件系统基础,文件属性是操作系统课程中的核心概念，需要结合进程、内存、文件或I/O管理理解。,,3,4,王道2027操作系统，4.1 文件系统基础，教材p251,4.1 文件系统基础,251,教材在“4.1 文件系统基础”中出现或讲解“文件属性”；本节点概括为：文件属性是操作系统课程中的核心概念，需要结合进程、内存、文件或I/O管理理解。
OS_DST_010,文件控制块,DataStructure,操作系统,4.1 文件系统基础,文件控制块是操作系统用于保存状态、索引、映射或管理信息的数据结构。,,4,4,王道2027操作系统，4.1 文件系统基础，教材p251,4.1 文件系统基础,251,教材在“4.1 文件系统基础”中出现或讲解“文件控制块”；本节点概括为：文件控制块是操作系统用于保存状态、索引、映射或管理信息的数据结构。
OS_CON_077,文件描述符,Concept,操作系统,4.1 文件系统基础,文件描述符是操作系统课程中的核心概念，需要结合进程、内存、文件或I/O管理理解。,,3,4,王道2027操作系统，4.1 文件系统基础，教材p251,4.1 文件系统基础,251,教材在“4.1 文件系统基础”中出现或讲解“文件描述符”；本节点概括为：文件描述符是操作系统课程中的核心概念，需要结合进程、内存、文件或I/O管理理解。
OS_MOD_010,文件逻辑结构,Model,操作系统,4.1 文件系统基础,文件逻辑结构是操作系统中用于描述结构、映射或组织方式的抽象模型。,,3,4,王道2027操作系统，4.1 文件系统基础，教材p251,4.1 文件系统基础,251,教材在“4.1 文件系统基础”中出现或讲解“文件逻辑结构”；本节点概括为：文件逻辑结构是操作系统中用于描述结构、映射或组织方式的抽象模型。
OS_CON_078,无结构文件,Concept,操作系统,4.1 文件系统基础,无结构文件是操作系统课程中的核心概念，需要结合进程、内存、文件或I/O管理理解。,,3,4,王道2027操作系统，4.1 文件系统基础，教材p251,4.1 文件系统基础,251,教材在“4.1 文件系统基础”中出现或讲解“无结构文件”；本节点概括为：无结构文件是操作系统课程中的核心概念，需要结合进程、内存、文件或I/O管理理解。
OS_CON_079,有结构文件,Concept,操作系统,4.1 文件系统基础,有结构文件是操作系统课程中的核心概念，需要结合进程、内存、文件或I/O管理理解。,,3,4,王道2027操作系统，4.1 文件系统基础，教材p251,4.1 文件系统基础,251,教材在“4.1 文件系统基础”中出现或讲解“有结构文件”；本节点概括为：有结构文件是操作系统课程中的核心概念，需要结合进程、内存、文件或I/O管理理解。
OS_CON_080,顺序文件,Concept,操作系统,4.1 文件系统基础,顺序文件是操作系统课程中的核心概念，需要结合进程、内存、文件或I/O管理理解。,,3,4,王道2027操作系统，4.1 文件系统基础，教材p251,4.1 文件系统基础,251,教材在“4.1 文件系统基础”中出现或讲解“顺序文件”；本节点概括为：顺序文件是操作系统课程中的核心概念，需要结合进程、内存、文件或I/O管理理解。
OS_CON_081,索引文件,Concept,操作系统,4.1 文件系统基础,索引文件是操作系统课程中的核心概念，需要结合进程、内存、文件或I/O管理理解。,,3,4,王道2027操作系统，4.1 文件系统基础，教材p251,4.1 文件系统基础,251,教材在“4.1 文件系统基础”中出现或讲解“索引文件”；本节点概括为：索引文件是操作系统课程中的核心概念，需要结合进程、内存、文件或I/O管理理解。
OS_CON_082,索引顺序文件,Concept,操作系统,4.1 文件系统基础,索引顺序文件是操作系统课程中的核心概念，需要结合进程、内存、文件或I/O管理理解。,,3,4,王道2027操作系统，4.1 文件系统基础，教材p251,4.1 文件系统基础,251,教材在“4.1 文件系统基础”中出现或讲解“索引顺序文件”；本节点概括为：索引顺序文件是操作系统课程中的核心概念，需要结合进程、内存、文件或I/O管理理解。
OS_MOD_011,文件系统结构,Model,操作系统,4.1 文件系统基础,文件系统结构是操作系统中用于描述结构、映射或组织方式的抽象模型。,,3,4,王道2027操作系统，4.1 文件系统基础，教材p251,4.1 文件系统基础,251,教材在“4.1 文件系统基础”中出现或讲解“文件系统结构”；本节点概括为：文件系统结构是操作系统中用于描述结构、映射或组织方式的抽象模型。
OS_OBJ_016,目录,ComputingObject,操作系统,4.2 目录与文件,保存文件名与文件控制信息映射的数据结构。,,3,5,王道2027操作系统，4.2 目录与文件，教材p257,4.2 目录与文件,257,教材在“4.2 目录与文件”中出现或讲解“目录”；本节点概括为：保存文件名与文件控制信息映射的数据结构。
OS_DST_011,目录项,DataStructure,操作系统,4.2 目录与文件,目录项是操作系统用于保存状态、索引、映射或管理信息的数据结构。,,4,4,王道2027操作系统，4.2 目录与文件，教材p257,4.2 目录与文件,257,教材在“4.2 目录与文件”中出现或讲解“目录项”；本节点概括为：目录项是操作系统用于保存状态、索引、映射或管理信息的数据结构。
OS_DST_012,索引节点,DataStructure,操作系统,4.2 目录与文件,UNIX类文件系统中保存文件元数据和地址信息的数据结构。,,4,5,王道2027操作系统，4.2 目录与文件，教材p257,4.2 目录与文件,257,教材在“4.2 目录与文件”中出现或讲解“索引节点”；本节点概括为：UNIX类文件系统中保存文件元数据和地址信息的数据结构。
OS_MOD_012,单级目录结构,Model,操作系统,4.2 目录与文件,单级目录结构是操作系统中用于描述结构、映射或组织方式的抽象模型。,,3,4,王道2027操作系统，4.2 目录与文件，教材p257,4.2 目录与文件,257,教材在“4.2 目录与文件”中出现或讲解“单级目录结构”；本节点概括为：单级目录结构是操作系统中用于描述结构、映射或组织方式的抽象模型。
OS_MOD_013,两级目录结构,Model,操作系统,4.2 目录与文件,两级目录结构是操作系统中用于描述结构、映射或组织方式的抽象模型。,,3,4,王道2027操作系统，4.2 目录与文件，教材p257,4.2 目录与文件,257,教材在“4.2 目录与文件”中出现或讲解“两级目录结构”；本节点概括为：两级目录结构是操作系统中用于描述结构、映射或组织方式的抽象模型。
OS_MOD_014,多级目录结构,Model,操作系统,4.2 目录与文件,多级目录结构是操作系统中用于描述结构、映射或组织方式的抽象模型。,,3,4,王道2027操作系统，4.2 目录与文件，教材p257,4.2 目录与文件,257,教材在“4.2 目录与文件”中出现或讲解“多级目录结构”；本节点概括为：多级目录结构是操作系统中用于描述结构、映射或组织方式的抽象模型。
OS_MOD_015,无环图目录结构,Model,操作系统,4.2 目录与文件,无环图目录结构是操作系统中用于描述结构、映射或组织方式的抽象模型。,,3,4,王道2027操作系统，4.2 目录与文件，教材p257,4.2 目录与文件,257,教材在“4.2 目录与文件”中出现或讲解“无环图目录结构”；本节点概括为：无环图目录结构是操作系统中用于描述结构、映射或组织方式的抽象模型。
OS_OPE_008,目录查询,Operation,操作系统,4.2 目录与文件,目录查询是操作系统对进程、文件、设备或内存对象执行的基本操作。,,3,4,王道2027操作系统，4.2 目录与文件，教材p257,4.2 目录与文件,257,教材在“4.2 目录与文件”中出现或讲解“目录查询”；本节点概括为：目录查询是操作系统对进程、文件、设备或内存对象执行的基本操作。
OS_OPE_009,目录创建,Operation,操作系统,4.2 目录与文件,目录创建是操作系统对进程、文件、设备或内存对象执行的基本操作。,,3,4,王道2027操作系统，4.2 目录与文件，教材p257,4.2 目录与文件,257,教材在“4.2 目录与文件”中出现或讲解“目录创建”；本节点概括为：目录创建是操作系统对进程、文件、设备或内存对象执行的基本操作。
OS_OPE_010,目录删除,Operation,操作系统,4.2 目录与文件,目录删除是操作系统对进程、文件、设备或内存对象执行的基本操作。,,3,4,王道2027操作系统，4.2 目录与文件，教材p257,4.2 目录与文件,257,教材在“4.2 目录与文件”中出现或讲解“目录删除”；本节点概括为：目录删除是操作系统对进程、文件、设备或内存对象执行的基本操作。
OS_MOD_016,文件物理结构,Model,操作系统,4.2 目录与文件,文件物理结构是操作系统中用于描述结构、映射或组织方式的抽象模型。,,3,4,王道2027操作系统，4.2 目录与文件，教材p257,4.2 目录与文件,257,教材在“4.2 目录与文件”中出现或讲解“文件物理结构”；本节点概括为：文件物理结构是操作系统中用于描述结构、映射或组织方式的抽象模型。
OS_MEC_057,文件连续分配,Mechanism,操作系统,4.2 目录与文件,文件连续分配是操作系统实现资源管理、抽象或协作控制的重要机制。,,4,4,王道2027操作系统，4.2 目录与文件，教材p257,4.2 目录与文件,257,教材在“4.2 目录与文件”中出现或讲解“文件连续分配”；本节点概括为：文件连续分配是操作系统实现资源管理、抽象或协作控制的重要机制。
OS_MEC_058,文件链接分配,Mechanism,操作系统,4.2 目录与文件,文件链接分配是操作系统实现资源管理、抽象或协作控制的重要机制。,,4,4,王道2027操作系统，4.2 目录与文件，教材p257,4.2 目录与文件,257,教材在“4.2 目录与文件”中出现或讲解“文件链接分配”；本节点概括为：文件链接分配是操作系统实现资源管理、抽象或协作控制的重要机制。
OS_MEC_059,显式链接,Mechanism,操作系统,4.2 目录与文件,显式链接是操作系统实现资源管理、抽象或协作控制的重要机制。,,4,4,王道2027操作系统，4.2 目录与文件，教材p257,4.2 目录与文件,257,教材在“4.2 目录与文件”中出现或讲解“显式链接”；本节点概括为：显式链接是操作系统实现资源管理、抽象或协作控制的重要机制。
OS_MEC_060,隐式链接,Mechanism,操作系统,4.2 目录与文件,隐式链接是操作系统实现资源管理、抽象或协作控制的重要机制。,,4,4,王道2027操作系统，4.2 目录与文件，教材p257,4.2 目录与文件,257,教材在“4.2 目录与文件”中出现或讲解“隐式链接”；本节点概括为：隐式链接是操作系统实现资源管理、抽象或协作控制的重要机制。
OS_MEC_061,文件索引分配,Mechanism,操作系统,4.2 目录与文件,文件索引分配是操作系统实现资源管理、抽象或协作控制的重要机制。,,4,4,王道2027操作系统，4.2 目录与文件，教材p257,4.2 目录与文件,257,教材在“4.2 目录与文件”中出现或讲解“文件索引分配”；本节点概括为：文件索引分配是操作系统实现资源管理、抽象或协作控制的重要机制。
OS_MEC_062,混合索引分配,Mechanism,操作系统,4.2 目录与文件,混合索引分配是操作系统实现资源管理、抽象或协作控制的重要机制。,,4,4,王道2027操作系统，4.2 目录与文件，教材p257,4.2 目录与文件,257,教材在“4.2 目录与文件”中出现或讲解“混合索引分配”；本节点概括为：混合索引分配是操作系统实现资源管理、抽象或协作控制的重要机制。
OS_CON_083,文件操作,Concept,操作系统,4.2 目录与文件,文件操作是操作系统课程中的核心概念，需要结合进程、内存、文件或I/O管理理解。,,3,4,王道2027操作系统，4.2 目录与文件，教材p257,4.2 目录与文件,257,教材在“4.2 目录与文件”中出现或讲解“文件操作”；本节点概括为：文件操作是操作系统课程中的核心概念，需要结合进程、内存、文件或I/O管理理解。
OS_OPE_011,创建文件,Operation,操作系统,4.2 目录与文件,创建文件是操作系统对进程、文件、设备或内存对象执行的基本操作。,,3,4,王道2027操作系统，4.2 目录与文件，教材p257,4.2 目录与文件,257,教材在“4.2 目录与文件”中出现或讲解“创建文件”；本节点概括为：创建文件是操作系统对进程、文件、设备或内存对象执行的基本操作。
OS_OPE_012,打开文件,Operation,操作系统,4.2 目录与文件,打开文件是操作系统对进程、文件、设备或内存对象执行的基本操作。,,3,4,王道2027操作系统，4.2 目录与文件，教材p257,4.2 目录与文件,257,教材在“4.2 目录与文件”中出现或讲解“打开文件”；本节点概括为：打开文件是操作系统对进程、文件、设备或内存对象执行的基本操作。
OS_OPE_013,读文件,Operation,操作系统,4.2 目录与文件,读文件是操作系统对进程、文件、设备或内存对象执行的基本操作。,,3,4,王道2027操作系统，4.2 目录与文件，教材p257,4.2 目录与文件,257,教材在“4.2 目录与文件”中出现或讲解“读文件”；本节点概括为：读文件是操作系统对进程、文件、设备或内存对象执行的基本操作。
OS_OPE_014,写文件,Operation,操作系统,4.2 目录与文件,写文件是操作系统对进程、文件、设备或内存对象执行的基本操作。,,3,4,王道2027操作系统，4.2 目录与文件，教材p257,4.2 目录与文件,257,教材在“4.2 目录与文件”中出现或讲解“写文件”；本节点概括为：写文件是操作系统对进程、文件、设备或内存对象执行的基本操作。
OS_OPE_015,关闭文件,Operation,操作系统,4.2 目录与文件,关闭文件是操作系统对进程、文件、设备或内存对象执行的基本操作。,,3,4,王道2027操作系统，4.2 目录与文件，教材p257,4.2 目录与文件,257,教材在“4.2 目录与文件”中出现或讲解“关闭文件”；本节点概括为：关闭文件是操作系统对进程、文件、设备或内存对象执行的基本操作。
OS_OPE_016,删除文件,Operation,操作系统,4.2 目录与文件,删除文件是操作系统对进程、文件、设备或内存对象执行的基本操作。,,3,4,王道2027操作系统，4.2 目录与文件，教材p257,4.2 目录与文件,257,教材在“4.2 目录与文件”中出现或讲解“删除文件”；本节点概括为：删除文件是操作系统对进程、文件、设备或内存对象执行的基本操作。
OS_MEC_063,文件共享,Mechanism,操作系统,4.2 目录与文件,文件共享是操作系统实现资源管理、抽象或协作控制的重要机制。,,4,4,王道2027操作系统，4.2 目录与文件，教材p257,4.2 目录与文件,257,教材在“4.2 目录与文件”中出现或讲解“文件共享”；本节点概括为：文件共享是操作系统实现资源管理、抽象或协作控制的重要机制。
OS_MEC_064,硬链接,Mechanism,操作系统,4.2 目录与文件,硬链接是操作系统实现资源管理、抽象或协作控制的重要机制。,,4,4,王道2027操作系统，4.2 目录与文件，教材p257,4.2 目录与文件,257,教材在“4.2 目录与文件”中出现或讲解“硬链接”；本节点概括为：硬链接是操作系统实现资源管理、抽象或协作控制的重要机制。
OS_MEC_065,软链接,Mechanism,操作系统,4.2 目录与文件,软链接是操作系统实现资源管理、抽象或协作控制的重要机制。,,4,4,王道2027操作系统，4.2 目录与文件，教材p257,4.2 目录与文件,257,教材在“4.2 目录与文件”中出现或讲解“软链接”；本节点概括为：软链接是操作系统实现资源管理、抽象或协作控制的重要机制。
OS_MEC_066,文件保护,Mechanism,操作系统,4.2 目录与文件,文件保护是操作系统实现资源管理、抽象或协作控制的重要机制。,,4,4,王道2027操作系统，4.2 目录与文件，教材p257,4.2 目录与文件,257,教材在“4.2 目录与文件”中出现或讲解“文件保护”；本节点概括为：文件保护是操作系统实现资源管理、抽象或协作控制的重要机制。
OS_DST_013,访问控制矩阵,DataStructure,操作系统,4.2 目录与文件,访问控制矩阵是操作系统用于保存状态、索引、映射或管理信息的数据结构。,,4,4,王道2027操作系统，4.2 目录与文件，教材p257,4.2 目录与文件,257,教材在“4.2 目录与文件”中出现或讲解“访问控制矩阵”；本节点概括为：访问控制矩阵是操作系统用于保存状态、索引、映射或管理信息的数据结构。
OS_DST_014,访问控制表,DataStructure,操作系统,4.2 目录与文件,访问控制表是操作系统用于保存状态、索引、映射或管理信息的数据结构。,,4,4,王道2027操作系统，4.2 目录与文件，教材p257,4.2 目录与文件,257,教材在“4.2 目录与文件”中出现或讲解“访问控制表”；本节点概括为：访问控制表是操作系统用于保存状态、索引、映射或管理信息的数据结构。
OS_MEC_067,口令保护,Mechanism,操作系统,4.2 目录与文件,口令保护是操作系统实现资源管理、抽象或协作控制的重要机制。,,4,4,王道2027操作系统，4.2 目录与文件，教材p257,4.2 目录与文件,257,教材在“4.2 目录与文件”中出现或讲解“口令保护”；本节点概括为：口令保护是操作系统实现资源管理、抽象或协作控制的重要机制。
OS_MEC_068,加密保护,Mechanism,操作系统,4.2 目录与文件,加密保护是操作系统实现资源管理、抽象或协作控制的重要机制。,,4,4,王道2027操作系统，4.2 目录与文件，教材p257,4.2 目录与文件,257,教材在“4.2 目录与文件”中出现或讲解“加密保护”；本节点概括为：加密保护是操作系统实现资源管理、抽象或协作控制的重要机制。
OS_PRB_010,文件分配问题,Problem,操作系统,4.2 目录与文件,文件分配问题是操作系统课程中需要用相应机制或算法解决的典型问题。,,4,5,王道2027操作系统，4.2 目录与文件，教材p257,4.2 目录与文件,257,教材在“4.2 目录与文件”中出现或讲解“文件分配问题”；本节点概括为：文件分配问题是操作系统课程中需要用相应机制或算法解决的典型问题。
OS_CON_084,文件系统布局,Concept,操作系统,4.3 文件系统,文件系统布局是操作系统课程中的核心概念，需要结合进程、内存、文件或I/O管理理解。,,3,4,王道2027操作系统，4.3 文件系统，教材p294,4.3 文件系统,294,教材在“4.3 文件系统”中出现或讲解“文件系统布局”；本节点概括为：文件系统布局是操作系统课程中的核心概念，需要结合进程、内存、文件或I/O管理理解。
OS_MEC_069,引导控制块,Mechanism,操作系统,4.3 文件系统,引导控制块是操作系统实现资源管理、抽象或协作控制的重要机制。,,4,4,王道2027操作系统，4.3 文件系统，教材p294,4.3 文件系统,294,教材在“4.3 文件系统”中出现或讲解“引导控制块”；本节点概括为：引导控制块是操作系统实现资源管理、抽象或协作控制的重要机制。
OS_MEC_070,卷控制块,Mechanism,操作系统,4.3 文件系统,卷控制块是操作系统实现资源管理、抽象或协作控制的重要机制。,,4,4,王道2027操作系统，4.3 文件系统，教材p294,4.3 文件系统,294,教材在“4.3 文件系统”中出现或讲解“卷控制块”；本节点概括为：卷控制块是操作系统实现资源管理、抽象或协作控制的重要机制。
OS_CON_085,目录区,Concept,操作系统,4.3 文件系统,目录区是操作系统课程中的核心概念，需要结合进程、内存、文件或I/O管理理解。,,3,4,王道2027操作系统，4.3 文件系统，教材p294,4.3 文件系统,294,教材在“4.3 文件系统”中出现或讲解“目录区”；本节点概括为：目录区是操作系统课程中的核心概念，需要结合进程、内存、文件或I/O管理理解。
OS_CON_086,文件区,Concept,操作系统,4.3 文件系统,文件区是操作系统课程中的核心概念，需要结合进程、内存、文件或I/O管理理解。,,3,4,王道2027操作系统，4.3 文件系统，教材p294,4.3 文件系统,294,教材在“4.3 文件系统”中出现或讲解“文件区”；本节点概括为：文件区是操作系统课程中的核心概念，需要结合进程、内存、文件或I/O管理理解。
OS_CON_087,空闲表法,Concept,操作系统,4.3 文件系统,空闲表法是操作系统课程中的核心概念，需要结合进程、内存、文件或I/O管理理解。,,3,4,王道2027操作系统，4.3 文件系统，教材p294,4.3 文件系统,294,教材在“4.3 文件系统”中出现或讲解“空闲表法”；本节点概括为：空闲表法是操作系统课程中的核心概念，需要结合进程、内存、文件或I/O管理理解。
OS_CON_088,空闲链表法,Concept,操作系统,4.3 文件系统,空闲链表法是操作系统课程中的核心概念，需要结合进程、内存、文件或I/O管理理解。,,3,4,王道2027操作系统，4.3 文件系统，教材p294,4.3 文件系统,294,教材在“4.3 文件系统”中出现或讲解“空闲链表法”；本节点概括为：空闲链表法是操作系统课程中的核心概念，需要结合进程、内存、文件或I/O管理理解。
OS_DST_015,位示图法,DataStructure,操作系统,4.3 文件系统,位示图法是操作系统用于保存状态、索引、映射或管理信息的数据结构。,,4,4,王道2027操作系统，4.3 文件系统，教材p294,4.3 文件系统,294,教材在“4.3 文件系统”中出现或讲解“位示图法”；本节点概括为：位示图法是操作系统用于保存状态、索引、映射或管理信息的数据结构。
OS_MEC_071,成组链接法,Mechanism,操作系统,4.3 文件系统,成组链接法是操作系统实现资源管理、抽象或协作控制的重要机制。,,4,4,王道2027操作系统，4.3 文件系统，教材p294,4.3 文件系统,294,教材在“4.3 文件系统”中出现或讲解“成组链接法”；本节点概括为：成组链接法是操作系统实现资源管理、抽象或协作控制的重要机制。
OS_CON_089,虚拟文件系统,Concept,操作系统,4.3 文件系统,为不同具体文件系统提供统一接口和抽象层的机制。,,3,5,王道2027操作系统，4.3 文件系统，教材p294,4.3 文件系统,294,教材在“4.3 文件系统”中出现或讲解“虚拟文件系统”；本节点概括为：为不同具体文件系统提供统一接口和抽象层的机制。
OS_CON_090,文件系统挂载,Concept,操作系统,4.3 文件系统,文件系统挂载是操作系统课程中的核心概念，需要结合进程、内存、文件或I/O管理理解。,,3,4,王道2027操作系统，4.3 文件系统，教材p294,4.3 文件系统,294,教材在“4.3 文件系统”中出现或讲解“文件系统挂载”；本节点概括为：文件系统挂载是操作系统课程中的核心概念，需要结合进程、内存、文件或I/O管理理解。
OS_PRB_011,外存空闲空间管理问题,Problem,操作系统,4.3 文件系统,外存空闲空间管理问题是操作系统课程中需要用相应机制或算法解决的典型问题。,,4,5,王道2027操作系统，4.3 文件系统，教材p294,4.3 文件系统,294,教材在“4.3 文件系统”中出现或讲解“外存空闲空间管理问题”；本节点概括为：外存空闲空间管理问题是操作系统课程中需要用相应机制或算法解决的典型问题。
OS_OBJ_017,I/O设备,ComputingObject,操作系统,5.1 I/O管理概述,I/O设备是操作系统管理、调度或抽象的计算资源或系统对象。,,3,4,王道2027操作系统，5.1 I/O管理概述，教材p305,5.1 I/O管理概述,305,教材在“5.1 I/O管理概述”中出现或讲解“I/O设备”；本节点概括为：I/O设备是操作系统管理、调度或抽象的计算资源或系统对象。
OS_OBJ_018,块设备,ComputingObject,操作系统,5.1 I/O管理概述,块设备是操作系统管理、调度或抽象的计算资源或系统对象。,,3,4,王道2027操作系统，5.1 I/O管理概述，教材p305,5.1 I/O管理概述,305,教材在“5.1 I/O管理概述”中出现或讲解“块设备”；本节点概括为：块设备是操作系统管理、调度或抽象的计算资源或系统对象。
OS_OBJ_019,字符设备,ComputingObject,操作系统,5.1 I/O管理概述,字符设备是操作系统管理、调度或抽象的计算资源或系统对象。,,3,4,王道2027操作系统，5.1 I/O管理概述，教材p305,5.1 I/O管理概述,305,教材在“5.1 I/O管理概述”中出现或讲解“字符设备”；本节点概括为：字符设备是操作系统管理、调度或抽象的计算资源或系统对象。
OS_OBJ_020,设备控制器,ComputingObject,操作系统,5.1 I/O管理概述,设备控制器是操作系统管理、调度或抽象的计算资源或系统对象。,,3,4,王道2027操作系统，5.1 I/O管理概述，教材p305,5.1 I/O管理概述,305,教材在“5.1 I/O管理概述”中出现或讲解“设备控制器”；本节点概括为：设备控制器是操作系统管理、调度或抽象的计算资源或系统对象。
OS_OBJ_021,I/O控制器,ComputingObject,操作系统,5.1 I/O管理概述,I/O控制器是操作系统管理、调度或抽象的计算资源或系统对象。,,3,4,王道2027操作系统，5.1 I/O管理概述，教材p305,5.1 I/O管理概述,305,教材在“5.1 I/O管理概述”中出现或讲解“I/O控制器”；本节点概括为：I/O控制器是操作系统管理、调度或抽象的计算资源或系统对象。
OS_CON_091,I/O端口,Concept,操作系统,5.1 I/O管理概述,I/O端口是操作系统课程中的核心概念，需要结合进程、内存、文件或I/O管理理解。,,3,4,王道2027操作系统，5.1 I/O管理概述，教材p305,5.1 I/O管理概述,305,教材在“5.1 I/O管理概述”中出现或讲解“I/O端口”；本节点概括为：I/O端口是操作系统课程中的核心概念，需要结合进程、内存、文件或I/O管理理解。
OS_MEC_072,I/O控制方式,Mechanism,操作系统,5.1 I/O管理概述,CPU、内存与I/O设备之间完成数据传输的控制方式。,,4,5,王道2027操作系统，5.1 I/O管理概述，教材p305,5.1 I/O管理概述,305,教材在“5.1 I/O管理概述”中出现或讲解“I/O控制方式”；本节点概括为：CPU、内存与I/O设备之间完成数据传输的控制方式。
OS_MEC_073,程序直接控制方式,Mechanism,操作系统,5.1 I/O管理概述,程序直接控制方式是操作系统实现资源管理、抽象或协作控制的重要机制。,,4,4,王道2027操作系统，5.1 I/O管理概述，教材p305,5.1 I/O管理概述,305,教材在“5.1 I/O管理概述”中出现或讲解“程序直接控制方式”；本节点概括为：程序直接控制方式是操作系统实现资源管理、抽象或协作控制的重要机制。
OS_MEC_074,中断驱动方式,Mechanism,操作系统,5.1 I/O管理概述,中断驱动方式是操作系统实现资源管理、抽象或协作控制的重要机制。,,4,4,王道2027操作系统，5.1 I/O管理概述，教材p305,5.1 I/O管理概述,305,教材在“5.1 I/O管理概述”中出现或讲解“中断驱动方式”；本节点概括为：中断驱动方式是操作系统实现资源管理、抽象或协作控制的重要机制。
OS_MEC_075,DMA方式,Mechanism,操作系统,5.1 I/O管理概述,由DMA控制器直接在内存与设备之间传输数据，减少CPU干预的I/O方式。,,4,5,王道2027操作系统，5.1 I/O管理概述，教材p305,5.1 I/O管理概述,305,教材在“5.1 I/O管理概述”中出现或讲解“DMA方式”；本节点概括为：由DMA控制器直接在内存与设备之间传输数据，减少CPU干预的I/O方式。
OS_MEC_076,通道控制方式,Mechanism,操作系统,5.1 I/O管理概述,通道控制方式是操作系统实现资源管理、抽象或协作控制的重要机制。,,4,4,王道2027操作系统，5.1 I/O管理概述，教材p305,5.1 I/O管理概述,305,教材在“5.1 I/O管理概述”中出现或讲解“通道控制方式”；本节点概括为：通道控制方式是操作系统实现资源管理、抽象或协作控制的重要机制。
OS_MOD_017,I/O软件层次结构,Model,操作系统,5.1 I/O管理概述,I/O软件层次结构是操作系统中用于描述结构、映射或组织方式的抽象模型。,,3,4,王道2027操作系统，5.1 I/O管理概述，教材p305,5.1 I/O管理概述,305,教材在“5.1 I/O管理概述”中出现或讲解“I/O软件层次结构”；本节点概括为：I/O软件层次结构是操作系统中用于描述结构、映射或组织方式的抽象模型。
OS_CON_092,用户层软件,Concept,操作系统,5.1 I/O管理概述,用户层软件是操作系统课程中的核心概念，需要结合进程、内存、文件或I/O管理理解。,,3,4,王道2027操作系统，5.1 I/O管理概述，教材p305,5.1 I/O管理概述,305,教材在“5.1 I/O管理概述”中出现或讲解“用户层软件”；本节点概括为：用户层软件是操作系统课程中的核心概念，需要结合进程、内存、文件或I/O管理理解。
OS_CON_093,设备独立性软件,Concept,操作系统,5.1 I/O管理概述,设备独立性软件是操作系统课程中的核心概念，需要结合进程、内存、文件或I/O管理理解。,,3,4,王道2027操作系统，5.1 I/O管理概述，教材p305,5.1 I/O管理概述,305,教材在“5.1 I/O管理概述”中出现或讲解“设备独立性软件”；本节点概括为：设备独立性软件是操作系统课程中的核心概念，需要结合进程、内存、文件或I/O管理理解。
OS_CON_094,设备驱动程序,Concept,操作系统,5.1 I/O管理概述,设备驱动程序是操作系统课程中的核心概念，需要结合进程、内存、文件或I/O管理理解。,,3,4,王道2027操作系统，5.1 I/O管理概述，教材p305,5.1 I/O管理概述,305,教材在“5.1 I/O管理概述”中出现或讲解“设备驱动程序”；本节点概括为：设备驱动程序是操作系统课程中的核心概念，需要结合进程、内存、文件或I/O管理理解。
OS_MEC_077,中断处理程序,Mechanism,操作系统,5.1 I/O管理概述,中断处理程序是操作系统实现资源管理、抽象或协作控制的重要机制。,,4,4,王道2027操作系统，5.1 I/O管理概述，教材p305,5.1 I/O管理概述,305,教材在“5.1 I/O管理概述”中出现或讲解“中断处理程序”；本节点概括为：中断处理程序是操作系统实现资源管理、抽象或协作控制的重要机制。
OS_CON_095,应用程序I/O接口,Concept,操作系统,5.1 I/O管理概述,应用程序I/O接口是操作系统课程中的核心概念，需要结合进程、内存、文件或I/O管理理解。,,3,4,王道2027操作系统，5.1 I/O管理概述，教材p305,5.1 I/O管理概述,305,教材在“5.1 I/O管理概述”中出现或讲解“应用程序I/O接口”；本节点概括为：应用程序I/O接口是操作系统课程中的核心概念，需要结合进程、内存、文件或I/O管理理解。
OS_PRB_012,设备速度不匹配问题,Problem,操作系统,5.1 I/O管理概述,设备速度不匹配问题是操作系统课程中需要用相应机制或算法解决的典型问题。,,4,5,王道2027操作系统，5.1 I/O管理概述，教材p305,5.1 I/O管理概述,305,教材在“5.1 I/O管理概述”中出现或讲解“设备速度不匹配问题”；本节点概括为：设备速度不匹配问题是操作系统课程中需要用相应机制或算法解决的典型问题。
OS_CON_096,设备独立性,Concept,操作系统,5.2 设备独立性软件,设备独立性是操作系统课程中的核心概念，需要结合进程、内存、文件或I/O管理理解。,,3,4,王道2027操作系统，5.2 设备独立性软件，教材p320,5.2 设备独立性软件,320,教材在“5.2 设备独立性软件”中出现或讲解“设备独立性”；本节点概括为：设备独立性是操作系统课程中的核心概念，需要结合进程、内存、文件或I/O管理理解。
OS_OBJ_022,逻辑设备名,ComputingObject,操作系统,5.2 设备独立性软件,逻辑设备名是操作系统管理、调度或抽象的计算资源或系统对象。,,3,4,王道2027操作系统，5.2 设备独立性软件，教材p320,5.2 设备独立性软件,320,教材在“5.2 设备独立性软件”中出现或讲解“逻辑设备名”；本节点概括为：逻辑设备名是操作系统管理、调度或抽象的计算资源或系统对象。
OS_OBJ_023,物理设备名,ComputingObject,操作系统,5.2 设备独立性软件,物理设备名是操作系统管理、调度或抽象的计算资源或系统对象。,,3,4,王道2027操作系统，5.2 设备独立性软件，教材p320,5.2 设备独立性软件,320,教材在“5.2 设备独立性软件”中出现或讲解“物理设备名”；本节点概括为：物理设备名是操作系统管理、调度或抽象的计算资源或系统对象。
OS_OPE_017,设备分配,Operation,操作系统,5.2 设备独立性软件,设备分配是操作系统对进程、文件、设备或内存对象执行的基本操作。,,3,4,王道2027操作系统，5.2 设备独立性软件，教材p320,5.2 设备独立性软件,320,教材在“5.2 设备独立性软件”中出现或讲解“设备分配”；本节点概括为：设备分配是操作系统对进程、文件、设备或内存对象执行的基本操作。
OS_OPE_018,设备回收,Operation,操作系统,5.2 设备独立性软件,设备回收是操作系统对进程、文件、设备或内存对象执行的基本操作。,,3,4,王道2027操作系统，5.2 设备独立性软件，教材p320,5.2 设备独立性软件,320,教材在“5.2 设备独立性软件”中出现或讲解“设备回收”；本节点概括为：设备回收是操作系统对进程、文件、设备或内存对象执行的基本操作。
OS_DST_016,设备分配表,DataStructure,操作系统,5.2 设备独立性软件,设备分配表是操作系统用于保存状态、索引、映射或管理信息的数据结构。,,4,4,王道2027操作系统，5.2 设备独立性软件，教材p320,5.2 设备独立性软件,320,教材在“5.2 设备独立性软件”中出现或讲解“设备分配表”；本节点概括为：设备分配表是操作系统用于保存状态、索引、映射或管理信息的数据结构。
OS_DST_017,控制器控制表,DataStructure,操作系统,5.2 设备独立性软件,控制器控制表是操作系统用于保存状态、索引、映射或管理信息的数据结构。,,4,4,王道2027操作系统，5.2 设备独立性软件，教材p320,5.2 设备独立性软件,320,教材在“5.2 设备独立性软件”中出现或讲解“控制器控制表”；本节点概括为：控制器控制表是操作系统用于保存状态、索引、映射或管理信息的数据结构。
OS_DST_018,通道控制表,DataStructure,操作系统,5.2 设备独立性软件,通道控制表是操作系统用于保存状态、索引、映射或管理信息的数据结构。,,4,4,王道2027操作系统，5.2 设备独立性软件，教材p320,5.2 设备独立性软件,320,教材在“5.2 设备独立性软件”中出现或讲解“通道控制表”；本节点概括为：通道控制表是操作系统用于保存状态、索引、映射或管理信息的数据结构。
OS_DST_019,系统设备表,DataStructure,操作系统,5.2 设备独立性软件,系统设备表是操作系统用于保存状态、索引、映射或管理信息的数据结构。,,4,4,王道2027操作系统，5.2 设备独立性软件，教材p320,5.2 设备独立性软件,320,教材在“5.2 设备独立性软件”中出现或讲解“系统设备表”；本节点概括为：系统设备表是操作系统用于保存状态、索引、映射或管理信息的数据结构。
OS_OBJ_024,缓冲区,ComputingObject,操作系统,5.2 设备独立性软件,缓冲区是操作系统管理、调度或抽象的计算资源或系统对象。,,3,4,王道2027操作系统，5.2 设备独立性软件，教材p320,5.2 设备独立性软件,320,教材在“5.2 设备独立性软件”中出现或讲解“缓冲区”；本节点概括为：缓冲区是操作系统管理、调度或抽象的计算资源或系统对象。
OS_MEC_078,单缓冲,Mechanism,操作系统,5.2 设备独立性软件,单缓冲是操作系统实现资源管理、抽象或协作控制的重要机制。,,4,4,王道2027操作系统，5.2 设备独立性软件，教材p320,5.2 设备独立性软件,320,教材在“5.2 设备独立性软件”中出现或讲解“单缓冲”；本节点概括为：单缓冲是操作系统实现资源管理、抽象或协作控制的重要机制。
OS_MEC_079,双缓冲,Mechanism,操作系统,5.2 设备独立性软件,双缓冲是操作系统实现资源管理、抽象或协作控制的重要机制。,,4,4,王道2027操作系统，5.2 设备独立性软件，教材p320,5.2 设备独立性软件,320,教材在“5.2 设备独立性软件”中出现或讲解“双缓冲”；本节点概括为：双缓冲是操作系统实现资源管理、抽象或协作控制的重要机制。
OS_MEC_080,循环缓冲,Mechanism,操作系统,5.2 设备独立性软件,循环缓冲是操作系统实现资源管理、抽象或协作控制的重要机制。,,4,4,王道2027操作系统，5.2 设备独立性软件，教材p320,5.2 设备独立性软件,320,教材在“5.2 设备独立性软件”中出现或讲解“循环缓冲”；本节点概括为：循环缓冲是操作系统实现资源管理、抽象或协作控制的重要机制。
OS_MEC_081,缓冲池,Mechanism,操作系统,5.2 设备独立性软件,缓冲池是操作系统实现资源管理、抽象或协作控制的重要机制。,,4,4,王道2027操作系统，5.2 设备独立性软件，教材p320,5.2 设备独立性软件,320,教材在“5.2 设备独立性软件”中出现或讲解“缓冲池”；本节点概括为：缓冲池是操作系统实现资源管理、抽象或协作控制的重要机制。
OS_MEC_082,高速缓存,Mechanism,操作系统,5.2 设备独立性软件,高速缓存是操作系统实现资源管理、抽象或协作控制的重要机制。,,4,4,王道2027操作系统，5.2 设备独立性软件，教材p320,5.2 设备独立性软件,320,教材在“5.2 设备独立性软件”中出现或讲解“高速缓存”；本节点概括为：高速缓存是操作系统实现资源管理、抽象或协作控制的重要机制。
OS_MEC_083,SPOOLing技术,Mechanism,操作系统,5.2 设备独立性软件,用磁盘作为输入井和输出井，把独占设备改造为可共享虚拟设备的技术。,,4,5,王道2027操作系统，5.2 设备独立性软件，教材p320,5.2 设备独立性软件,320,教材在“5.2 设备独立性软件”中出现或讲解“SPOOLing技术”；本节点概括为：用磁盘作为输入井和输出井，把独占设备改造为可共享虚拟设备的技术。
OS_OBJ_025,输入井,ComputingObject,操作系统,5.2 设备独立性软件,输入井是操作系统管理、调度或抽象的计算资源或系统对象。,,3,4,王道2027操作系统，5.2 设备独立性软件，教材p320,5.2 设备独立性软件,320,教材在“5.2 设备独立性软件”中出现或讲解“输入井”；本节点概括为：输入井是操作系统管理、调度或抽象的计算资源或系统对象。
OS_OBJ_026,输出井,ComputingObject,操作系统,5.2 设备独立性软件,输出井是操作系统管理、调度或抽象的计算资源或系统对象。,,3,4,王道2027操作系统，5.2 设备独立性软件，教材p320,5.2 设备独立性软件,320,教材在“5.2 设备独立性软件”中出现或讲解“输出井”；本节点概括为：输出井是操作系统管理、调度或抽象的计算资源或系统对象。
OS_MEC_084,井管理程序,Mechanism,操作系统,5.2 设备独立性软件,井管理程序是操作系统实现资源管理、抽象或协作控制的重要机制。,,4,4,王道2027操作系统，5.2 设备独立性软件，教材p320,5.2 设备独立性软件,320,教材在“5.2 设备独立性软件”中出现或讲解“井管理程序”；本节点概括为：井管理程序是操作系统实现资源管理、抽象或协作控制的重要机制。
OS_OBJ_027,独占设备,ComputingObject,操作系统,5.2 设备独立性软件,独占设备是操作系统管理、调度或抽象的计算资源或系统对象。,,3,4,王道2027操作系统，5.2 设备独立性软件，教材p320,5.2 设备独立性软件,320,教材在“5.2 设备独立性软件”中出现或讲解“独占设备”；本节点概括为：独占设备是操作系统管理、调度或抽象的计算资源或系统对象。
OS_OBJ_028,共享设备,ComputingObject,操作系统,5.2 设备独立性软件,共享设备是操作系统管理、调度或抽象的计算资源或系统对象。,,3,4,王道2027操作系统，5.2 设备独立性软件，教材p320,5.2 设备独立性软件,320,教材在“5.2 设备独立性软件”中出现或讲解“共享设备”；本节点概括为：共享设备是操作系统管理、调度或抽象的计算资源或系统对象。
OS_CON_097,设备驱动程序接口,Concept,操作系统,5.2 设备独立性软件,设备驱动程序接口是操作系统课程中的核心概念，需要结合进程、内存、文件或I/O管理理解。,,3,4,王道2027操作系统，5.2 设备独立性软件，教材p320,5.2 设备独立性软件,320,教材在“5.2 设备独立性软件”中出现或讲解“设备驱动程序接口”；本节点概括为：设备驱动程序接口是操作系统课程中的核心概念，需要结合进程、内存、文件或I/O管理理解。
OS_PRB_013,I/O设备分配问题,Problem,操作系统,5.2 设备独立性软件,I/O设备分配问题是操作系统课程中需要用相应机制或算法解决的典型问题。,,4,5,王道2027操作系统，5.2 设备独立性软件，教材p320,5.2 设备独立性软件,320,教材在“5.2 设备独立性软件”中出现或讲解“I/O设备分配问题”；本节点概括为：I/O设备分配问题是操作系统课程中需要用相应机制或算法解决的典型问题。
OS_OBJ_029,磁盘,ComputingObject,操作系统,5.3 磁盘和固态硬盘,磁盘是操作系统管理、调度或抽象的计算资源或系统对象。,,3,4,王道2027操作系统，5.3 磁盘和固态硬盘，教材p340,5.3 磁盘和固态硬盘,340,教材在“5.3 磁盘和固态硬盘”中出现或讲解“磁盘”；本节点概括为：磁盘是操作系统管理、调度或抽象的计算资源或系统对象。
OS_OBJ_030,磁道,ComputingObject,操作系统,5.3 磁盘和固态硬盘,磁道是操作系统管理、调度或抽象的计算资源或系统对象。,,3,4,王道2027操作系统，5.3 磁盘和固态硬盘，教材p340,5.3 磁盘和固态硬盘,340,教材在“5.3 磁盘和固态硬盘”中出现或讲解“磁道”；本节点概括为：磁道是操作系统管理、调度或抽象的计算资源或系统对象。
OS_OBJ_031,扇区,ComputingObject,操作系统,5.3 磁盘和固态硬盘,扇区是操作系统管理、调度或抽象的计算资源或系统对象。,,3,4,王道2027操作系统，5.3 磁盘和固态硬盘，教材p340,5.3 磁盘和固态硬盘,340,教材在“5.3 磁盘和固态硬盘”中出现或讲解“扇区”；本节点概括为：扇区是操作系统管理、调度或抽象的计算资源或系统对象。
OS_OBJ_032,柱面,ComputingObject,操作系统,5.3 磁盘和固态硬盘,柱面是操作系统管理、调度或抽象的计算资源或系统对象。,,3,4,王道2027操作系统，5.3 磁盘和固态硬盘，教材p340,5.3 磁盘和固态硬盘,340,教材在“5.3 磁盘和固态硬盘”中出现或讲解“柱面”；本节点概括为：柱面是操作系统管理、调度或抽象的计算资源或系统对象。
OS_CON_098,磁盘地址,Concept,操作系统,5.3 磁盘和固态硬盘,磁盘地址是操作系统课程中的核心概念，需要结合进程、内存、文件或I/O管理理解。,,3,4,王道2027操作系统，5.3 磁盘和固态硬盘，教材p340,5.3 磁盘和固态硬盘,340,教材在“5.3 磁盘和固态硬盘”中出现或讲解“磁盘地址”；本节点概括为：磁盘地址是操作系统课程中的核心概念，需要结合进程、内存、文件或I/O管理理解。
OS_MET_009,寻道时间,Metric,操作系统,5.3 磁盘和固态硬盘,寻道时间是评价操作系统调度、存储或I/O性能的重要指标。,,3,4,王道2027操作系统，5.3 磁盘和固态硬盘，教材p340,5.3 磁盘和固态硬盘,340,教材在“5.3 磁盘和固态硬盘”中出现或讲解“寻道时间”；本节点概括为：寻道时间是评价操作系统调度、存储或I/O性能的重要指标。
OS_MET_010,旋转延迟时间,Metric,操作系统,5.3 磁盘和固态硬盘,旋转延迟时间是评价操作系统调度、存储或I/O性能的重要指标。,,3,4,王道2027操作系统，5.3 磁盘和固态硬盘，教材p340,5.3 磁盘和固态硬盘,340,教材在“5.3 磁盘和固态硬盘”中出现或讲解“旋转延迟时间”；本节点概括为：旋转延迟时间是评价操作系统调度、存储或I/O性能的重要指标。
OS_MET_011,传输时间,Metric,操作系统,5.3 磁盘和固态硬盘,传输时间是评价操作系统调度、存储或I/O性能的重要指标。,,3,4,王道2027操作系统，5.3 磁盘和固态硬盘，教材p340,5.3 磁盘和固态硬盘,340,教材在“5.3 磁盘和固态硬盘”中出现或讲解“传输时间”；本节点概括为：传输时间是评价操作系统调度、存储或I/O性能的重要指标。
OS_MEC_085,磁盘调度,Mechanism,操作系统,5.3 磁盘和固态硬盘,根据磁盘请求队列选择服务顺序以减少寻道开销的调度问题。,,4,5,王道2027操作系统，5.3 磁盘和固态硬盘，教材p340,5.3 磁盘和固态硬盘,340,教材在“5.3 磁盘和固态硬盘”中出现或讲解“磁盘调度”；本节点概括为：根据磁盘请求队列选择服务顺序以减少寻道开销的调度问题。
OS_ALG_026,先来先服务磁盘调度,Algorithm,操作系统,5.3 磁盘和固态硬盘,先来先服务磁盘调度是操作系统中用于完成调度、分配、置换或管理决策的算法/策略。,,4,5,王道2027操作系统，5.3 磁盘和固态硬盘，教材p340,5.3 磁盘和固态硬盘,340,教材在“5.3 磁盘和固态硬盘”中出现或讲解“先来先服务磁盘调度”；本节点概括为：先来先服务磁盘调度是操作系统中用于完成调度、分配、置换或管理决策的算法/策略。
OS_ALG_027,最短寻道时间优先,Algorithm,操作系统,5.3 磁盘和固态硬盘,最短寻道时间优先是操作系统中用于完成调度、分配、置换或管理决策的算法/策略。,,4,5,王道2027操作系统，5.3 磁盘和固态硬盘，教材p340,5.3 磁盘和固态硬盘,340,教材在“5.3 磁盘和固态硬盘”中出现或讲解“最短寻道时间优先”；本节点概括为：最短寻道时间优先是操作系统中用于完成调度、分配、置换或管理决策的算法/策略。
OS_ALG_028,扫描算法,Algorithm,操作系统,5.3 磁盘和固态硬盘,扫描算法是操作系统中用于完成调度、分配、置换或管理决策的算法/策略。,,4,5,王道2027操作系统，5.3 磁盘和固态硬盘，教材p340,5.3 磁盘和固态硬盘,340,教材在“5.3 磁盘和固态硬盘”中出现或讲解“扫描算法”；本节点概括为：扫描算法是操作系统中用于完成调度、分配、置换或管理决策的算法/策略。
OS_ALG_029,循环扫描算法,Algorithm,操作系统,5.3 磁盘和固态硬盘,循环扫描算法是操作系统中用于完成调度、分配、置换或管理决策的算法/策略。,,4,5,王道2027操作系统，5.3 磁盘和固态硬盘，教材p340,5.3 磁盘和固态硬盘,340,教材在“5.3 磁盘和固态硬盘”中出现或讲解“循环扫描算法”；本节点概括为：循环扫描算法是操作系统中用于完成调度、分配、置换或管理决策的算法/策略。
OS_ALG_030,LOOK调度,Algorithm,操作系统,5.3 磁盘和固态硬盘,LOOK调度是操作系统中用于完成调度、分配、置换或管理决策的算法/策略。,,4,5,王道2027操作系统，5.3 磁盘和固态硬盘，教材p340,5.3 磁盘和固态硬盘,340,教材在“5.3 磁盘和固态硬盘”中出现或讲解“LOOK调度”；本节点概括为：LOOK调度是操作系统中用于完成调度、分配、置换或管理决策的算法/策略。
OS_ALG_031,C-LOOK调度,Algorithm,操作系统,5.3 磁盘和固态硬盘,C-LOOK调度是操作系统中用于完成调度、分配、置换或管理决策的算法/策略。,,4,5,王道2027操作系统，5.3 磁盘和固态硬盘，教材p340,5.3 磁盘和固态硬盘,340,教材在“5.3 磁盘和固态硬盘”中出现或讲解“C-LOOK调度”；本节点概括为：C-LOOK调度是操作系统中用于完成调度、分配、置换或管理决策的算法/策略。
OS_OBJ_033,固态硬盘,ComputingObject,操作系统,5.3 磁盘和固态硬盘,基于闪存的外存设备，具有无机械寻道、随机访问快等特点。,,3,5,王道2027操作系统，5.3 磁盘和固态硬盘，教材p340,5.3 磁盘和固态硬盘,340,教材在“5.3 磁盘和固态硬盘”中出现或讲解“固态硬盘”；本节点概括为：基于闪存的外存设备，具有无机械寻道、随机访问快等特点。
OS_CON_099,闪存翻译层,Concept,操作系统,5.3 磁盘和固态硬盘,闪存翻译层是操作系统课程中的核心概念，需要结合进程、内存、文件或I/O管理理解。,,3,4,王道2027操作系统，5.3 磁盘和固态硬盘，教材p340,5.3 磁盘和固态硬盘,340,教材在“5.3 磁盘和固态硬盘”中出现或讲解“闪存翻译层”；本节点概括为：闪存翻译层是操作系统课程中的核心概念，需要结合进程、内存、文件或I/O管理理解。
OS_CON_100,磨损均衡,Concept,操作系统,5.3 磁盘和固态硬盘,磨损均衡是操作系统课程中的核心概念，需要结合进程、内存、文件或I/O管理理解。,,3,4,王道2027操作系统，5.3 磁盘和固态硬盘，教材p340,5.3 磁盘和固态硬盘,340,教材在“5.3 磁盘和固态硬盘”中出现或讲解“磨损均衡”；本节点概括为：磨损均衡是操作系统课程中的核心概念，需要结合进程、内存、文件或I/O管理理解。
OS_PRB_014,磁盘寻道优化,Problem,操作系统,5.3 磁盘和固态硬盘,磁盘寻道优化是操作系统课程中需要用相应机制或算法解决的典型问题。,,4,5,王道2027操作系统，5.3 磁盘和固态硬盘，教材p340,5.3 磁盘和固态硬盘,340,教材在“5.3 磁盘和固态硬盘”中出现或讲解“磁盘寻道优化”；本节点概括为：磁盘寻道优化是操作系统课程中需要用相应机制或算法解决的典型问题。
OS_CON_101,批处理阶段,Concept,操作系统,1.2 操作系统发展历程,操作系统开始出现并用监督程序自动连续处理作业的发展阶段。,,3,3,王道2027操作系统，1.2 操作系统发展历程，教材p7,1.2 操作系统发展历程,7,教材在“1.2 操作系统发展历程”中出现或讲解“批处理阶段”；本节点概括为：操作系统开始出现并用监督程序自动连续处理作业的发展阶段。
OS_MOD_018,目录结构,Model,操作系统,4.2 目录与文件,目录结构是操作系统中用于描述结构、映射或组织方式的抽象模型。,,3,3,王道2027操作系统，4.2 目录与文件，教材p257,4.2 目录与文件,257,教材在“4.2 目录与文件”中出现或讲解“目录结构”；本节点概括为：目录结构是操作系统中用于描述结构、映射或组织方式的抽象模型。
OS_MEC_086,文件存储空间管理,Mechanism,操作系统,4.3 文件系统,文件存储空间管理是操作系统实现资源管理、抽象或协作控制的重要机制。,,3,3,王道2027操作系统，4.3 文件系统，教材p294,4.3 文件系统,294,教材在“4.3 文件系统”中出现或讲解“文件存储空间管理”；本节点概括为：文件存储空间管理是操作系统实现资源管理、抽象或协作控制的重要机制。
DS_CRS_001,数据结构,Course,数据结构,,研究数据的逻辑结构、存储结构及其运算，并分析算法效率的计算机专业核心课程。,"DS,Data Structure",3,5,王道2027数据结构，内容简介，PDF页2,内容简介,2,教材内容简介说明本书包括绪论、线性表、栈、队列和数组、串、树与二叉树、图、查找、排序等内容；本节点概括为数据结构课程。
DS_TOP_001,第1章 绪论,Topic,数据结构,第1章 绪论,建立数据结构、逻辑结构、存储结构、数据运算以及算法复杂度分析的基本框架。,,3,5,王道2027数据结构，第1章 绪论，教材p1（PDF页12）,第1章 绪论,1,教材在“第1章 绪论”中出现或讲解“第1章 绪论”；本节点概括为：建立数据结构、逻辑结构、存储结构、数据运算以及算法复杂度分析的基本框架。
DS_TOP_002,数据结构的基本概念,Topic,数据结构,第1章 绪论,说明数据、数据元素、数据类型、数据结构三要素及逻辑结构/存储结构的分类。,,3,4,王道2027数据结构，数据结构的基本概念，教材p1（PDF页12）,数据结构的基本概念,1,教材在“数据结构的基本概念”中出现或讲解“数据结构的基本概念”；本节点概括为：说明数据、数据元素、数据类型、数据结构三要素及逻辑结构/存储结构的分类。
DS_TOP_003,数据,Concept,数据结构,第1章 绪论,信息的载体，是能被计算机识别和处理的符号集合。,,1,3,王道2027数据结构，数据结构的基本概念，教材p1（PDF页12）,数据结构的基本概念,1,教材在“数据结构的基本概念”中出现或讲解“数据”；本节点概括为：信息的载体，是能被计算机识别和处理的符号集合。
DS_TOP_004,数据元素,ComputingObject,数据结构,第1章 绪论,数据的基本单位，通常作为一个整体进行处理。,,1,3,王道2027数据结构，数据结构的基本概念，教材p1（PDF页12）,数据结构的基本概念,1,教材在“数据结构的基本概念”中出现或讲解“数据元素”；本节点概括为：数据的基本单位，通常作为一个整体进行处理。
DS_TOP_005,数据项,ComputingObject,数据结构,第1章 绪论,构成数据元素的不可分割的最小单位。,,1,3,王道2027数据结构，数据结构的基本概念，教材p1（PDF页12）,数据结构的基本概念,1,教材在“数据结构的基本概念”中出现或讲解“数据项”；本节点概括为：构成数据元素的不可分割的最小单位。
DS_TOP_006,数据对象,Concept,数据结构,第1章 绪论,具有相同性质的数据元素的集合，是数据的一个子集。,,2,3,王道2027数据结构，数据结构的基本概念，教材p1（PDF页12）,数据结构的基本概念,1,教材在“数据结构的基本概念”中出现或讲解“数据对象”；本节点概括为：具有相同性质的数据元素的集合，是数据的一个子集。
DS_TOP_007,数据类型,Concept,数据结构,第1章 绪论,一个值集合以及定义在该集合上的一组操作的总称。,,2,3,王道2027数据结构，数据结构的基本概念，教材p1（PDF页12）,数据结构的基本概念,1,教材在“数据结构的基本概念”中出现或讲解“数据类型”；本节点概括为：一个值集合以及定义在该集合上的一组操作的总称。
DS_TOP_008,原子类型,Concept,数据结构,第1章 绪论,值不可再分的数据类型。,,1,2,王道2027数据结构，数据结构的基本概念，教材p1（PDF页12）,数据结构的基本概念,1,教材在“数据结构的基本概念”中出现或讲解“原子类型”；本节点概括为：值不可再分的数据类型。
DS_TOP_009,结构类型,Concept,数据结构,第1章 绪论,值可以进一步分解为若干分量的数据类型。,,2,2,王道2027数据结构，数据结构的基本概念，教材p1（PDF页12）,数据结构的基本概念,1,教材在“数据结构的基本概念”中出现或讲解“结构类型”；本节点概括为：值可以进一步分解为若干分量的数据类型。
DS_TOP_010,抽象数据类型,Model,数据结构,第1章 绪论,由数学模型及定义在该模型上的一组操作构成的数据抽象。,ADT,3,4,王道2027数据结构，数据结构的基本概念，教材p1（PDF页12）,数据结构的基本概念,1,教材在“数据结构的基本概念”中出现或讲解“抽象数据类型”；本节点概括为：由数学模型及定义在该模型上的一组操作构成的数据抽象。
DS_TOP_011,数据结构三要素,Concept,数据结构,第1章 绪论,数据结构由逻辑结构、存储结构和数据的运算三方面构成。,,2,5,王道2027数据结构，数据结构的基本概念，教材p1（PDF页12）,数据结构的基本概念,1,教材在“数据结构的基本概念”中出现或讲解“数据结构三要素”；本节点概括为：数据结构由逻辑结构、存储结构和数据的运算三方面构成。
DS_TOP_012,逻辑结构,Concept,数据结构,第1章 绪论,从逻辑关系角度描述数据元素之间关系的结构。,,2,5,王道2027数据结构，数据结构的基本概念，教材p1（PDF页12）,数据结构的基本概念,1,教材在“数据结构的基本概念”中出现或讲解“逻辑结构”；本节点概括为：从逻辑关系角度描述数据元素之间关系的结构。
DS_TOP_013,存储结构,Concept,数据结构,第1章 绪论,数据结构在计算机中的具体表示形式，又称物理结构。,物理结构,2,5,王道2027数据结构，数据结构的基本概念，教材p1（PDF页12）,数据结构的基本概念,1,教材在“数据结构的基本概念”中出现或讲解“存储结构”；本节点概括为：数据结构在计算机中的具体表示形式，又称物理结构。
DS_TOP_014,数据的运算,Operation,数据结构,第1章 绪论,定义在数据结构上的操作，包含逻辑定义和存储实现两个层面。,,2,4,王道2027数据结构，数据结构的基本概念，教材p1（PDF页12）,数据结构的基本概念,1,教材在“数据结构的基本概念”中出现或讲解“数据的运算”；本节点概括为：定义在数据结构上的操作，包含逻辑定义和存储实现两个层面。
DS_TOP_015,集合,DataStructure,数据结构,第1章 绪论,数据元素之间除同属一个集合外没有其他关系的结构。,,1,3,王道2027数据结构，数据结构的基本概念，教材p1（PDF页12）,数据结构的基本概念,1,教材在“数据结构的基本概念”中出现或讲解“集合”；本节点概括为：数据元素之间除同属一个集合外没有其他关系的结构。
DS_TOP_016,线性结构,Concept,数据结构,第1章 绪论,数据元素之间存在一对一关系的逻辑结构。,,2,5,王道2027数据结构，数据结构的基本概念，教材p1（PDF页12）,数据结构的基本概念,1,教材在“数据结构的基本概念”中出现或讲解“线性结构”；本节点概括为：数据元素之间存在一对一关系的逻辑结构。
DS_TOP_017,树形结构,Concept,数据结构,第1章 绪论,数据元素之间存在一对多关系的逻辑结构。,,2,4,王道2027数据结构，数据结构的基本概念，教材p1（PDF页12）,数据结构的基本概念,1,教材在“数据结构的基本概念”中出现或讲解“树形结构”；本节点概括为：数据元素之间存在一对多关系的逻辑结构。
DS_TOP_018,图状结构,Concept,数据结构,第1章 绪论,数据元素之间存在多对多关系的逻辑结构。,网状结构,2,4,王道2027数据结构，数据结构的基本概念，教材p1（PDF页12）,数据结构的基本概念,1,教材在“数据结构的基本概念”中出现或讲解“图状结构”；本节点概括为：数据元素之间存在多对多关系的逻辑结构。
DS_TOP_019,顺序存储,Mechanism,数据结构,第1章 绪论,将逻辑相邻元素存放在物理相邻的存储单元中。,,2,5,王道2027数据结构，数据结构的基本概念，教材p1（PDF页12）,数据结构的基本概念,1,教材在“数据结构的基本概念”中出现或讲解“顺序存储”；本节点概括为：将逻辑相邻元素存放在物理相邻的存储单元中。
DS_TOP_020,链式存储,Mechanism,数据结构,第1章 绪论,用指针表示元素间逻辑关系，不要求物理相邻。,,2,5,王道2027数据结构，数据结构的基本概念，教材p1（PDF页12）,数据结构的基本概念,1,教材在“数据结构的基本概念”中出现或讲解“链式存储”；本节点概括为：用指针表示元素间逻辑关系，不要求物理相邻。
DS_TOP_021,索引存储,Mechanism,数据结构,第1章 绪论,在存储数据的同时建立索引表以提高检索速度。,,3,3,王道2027数据结构，数据结构的基本概念，教材p1（PDF页12）,数据结构的基本概念,1,教材在“数据结构的基本概念”中出现或讲解“索引存储”；本节点概括为：在存储数据的同时建立索引表以提高检索速度。
DS_TOP_022,散列存储,Mechanism,数据结构,第1章 绪论,根据关键字直接计算存储地址的存储方法。,哈希存储,3,4,王道2027数据结构，数据结构的基本概念，教材p1（PDF页12）,数据结构的基本概念,1,教材在“数据结构的基本概念”中出现或讲解“散列存储”；本节点概括为：根据关键字直接计算存储地址的存储方法。
DS_TOP_023,随机存取,Property,数据结构,第1章 绪论,可在相同时间内直接访问任一位置元素的性质。,,2,4,王道2027数据结构，数据结构的基本概念，教材p1（PDF页12）,数据结构的基本概念,1,教材在“数据结构的基本概念”中出现或讲解“随机存取”；本节点概括为：可在相同时间内直接访问任一位置元素的性质。
DS_TOP_024,顺序存取,Property,数据结构,第1章 绪论,必须按存储或链接顺序逐个访问元素的性质。,,2,4,王道2027数据结构，数据结构的基本概念，教材p1（PDF页12）,数据结构的基本概念,1,教材在“数据结构的基本概念”中出现或讲解“顺序存取”；本节点概括为：必须按存储或链接顺序逐个访问元素的性质。
DS_TOP_025,算法和算法评价,Topic,数据结构,第1章 绪论,说明算法的五个特性、评价目标以及时间复杂度和空间复杂度的分析方法。,,3,4,王道2027数据结构，算法和算法评价，教材p4（PDF页15）,算法和算法评价,4,教材在“算法和算法评价”中出现或讲解“算法和算法评价”；本节点概括为：说明算法的五个特性、评价目标以及时间复杂度和空间复杂度的分析方法。
DS_TOP_026,算法,Algorithm,数据结构,第1章 绪论,对特定问题求解步骤的有穷描述。,Algorithm,1,5,王道2027数据结构，算法和算法评价，教材p4（PDF页15）,算法和算法评价,4,教材在“算法和算法评价”中出现或讲解“算法”；本节点概括为：对特定问题求解步骤的有穷描述。
DS_TOP_027,有穷性,Property,数据结构,第1章 绪论,算法必须在有限步后结束。,,1,4,王道2027数据结构，算法和算法评价，教材p4（PDF页15）,算法和算法评价,4,教材在“算法和算法评价”中出现或讲解“有穷性”；本节点概括为：算法必须在有限步后结束。
DS_TOP_028,确定性,Property,数据结构,第1章 绪论,算法每条指令含义明确，相同输入产生相同输出。,,1,4,王道2027数据结构，算法和算法评价，教材p4（PDF页15）,算法和算法评价,4,教材在“算法和算法评价”中出现或讲解“确定性”；本节点概括为：算法每条指令含义明确，相同输入产生相同输出。
DS_TOP_029,可行性,Property,数据结构,第1章 绪论,算法中每个操作都可通过基本运算有限次实现。,,1,4,王道2027数据结构，算法和算法评价，教材p4（PDF页15）,算法和算法评价,4,教材在“算法和算法评价”中出现或讲解“可行性”；本节点概括为：算法中每个操作都可通过基本运算有限次实现。
DS_TOP_030,输入,Concept,数据结构,第1章 绪论,算法可以具有零个或多个输入。,,1,3,王道2027数据结构，算法和算法评价，教材p4（PDF页15）,算法和算法评价,4,教材在“算法和算法评价”中出现或讲解“输入”；本节点概括为：算法可以具有零个或多个输入。
DS_TOP_031,输出,Concept,数据结构,第1章 绪论,算法至少有一个输出。,,1,3,王道2027数据结构，算法和算法评价，教材p4（PDF页15）,算法和算法评价,4,教材在“算法和算法评价”中出现或讲解“输出”；本节点概括为：算法至少有一个输出。
DS_TOP_032,正确性,Property,数据结构,第1章 绪论,算法能够正确解决给定问题的性质。,,1,5,王道2027数据结构，算法和算法评价，教材p4（PDF页15）,算法和算法评价,4,教材在“算法和算法评价”中出现或讲解“正确性”；本节点概括为：算法能够正确解决给定问题的性质。
DS_TOP_033,可读性,Property,数据结构,第1章 绪论,算法结构清晰、易于理解和交流的性质。,,1,3,王道2027数据结构，算法和算法评价，教材p4（PDF页15）,算法和算法评价,4,教材在“算法和算法评价”中出现或讲解“可读性”；本节点概括为：算法结构清晰、易于理解和交流的性质。
DS_TOP_034,健壮性,Property,数据结构,第1章 绪论,算法能对非法或异常输入做出适当处理的性质。,,2,3,王道2027数据结构，算法和算法评价，教材p4（PDF页15）,算法和算法评价,4,教材在“算法和算法评价”中出现或讲解“健壮性”；本节点概括为：算法能对非法或异常输入做出适当处理的性质。
DS_TOP_035,时间复杂度,Metric,数据结构,第1章 绪论,描述算法执行时间随问题规模增长而变化趋势的度量。,,3,5,王道2027数据结构，算法和算法评价，教材p4（PDF页15）,算法和算法评价,4,教材在“算法和算法评价”中出现或讲解“时间复杂度”；本节点概括为：描述算法执行时间随问题规模增长而变化趋势的度量。
DS_TOP_036,空间复杂度,Metric,数据结构,第1章 绪论,描述算法运行过程中额外辅助空间随问题规模变化的度量。,,3,5,王道2027数据结构，算法和算法评价，教材p4（PDF页15）,算法和算法评价,4,教材在“算法和算法评价”中出现或讲解“空间复杂度”；本节点概括为：描述算法运行过程中额外辅助空间随问题规模变化的度量。
DS_TOP_037,最好时间复杂度,Metric,数据结构,第1章 绪论,在最有利输入下的算法运行时间增长阶。,,3,3,王道2027数据结构，算法和算法评价，教材p4（PDF页15）,算法和算法评价,4,教材在“算法和算法评价”中出现或讲解“最好时间复杂度”；本节点概括为：在最有利输入下的算法运行时间增长阶。
DS_TOP_038,最坏时间复杂度,Metric,数据结构,第1章 绪论,在最不利输入下的算法运行时间增长阶，常作为评价标准。,,3,5,王道2027数据结构，算法和算法评价，教材p4（PDF页15）,算法和算法评价,4,教材在“算法和算法评价”中出现或讲解“最坏时间复杂度”；本节点概括为：在最不利输入下的算法运行时间增长阶，常作为评价标准。
DS_TOP_039,平均时间复杂度,Metric,数据结构,第1章 绪论,在各类输入按概率出现时的期望运行时间增长阶。,,4,4,王道2027数据结构，算法和算法评价，教材p4（PDF页15）,算法和算法评价,4,教材在“算法和算法评价”中出现或讲解“平均时间复杂度”；本节点概括为：在各类输入按概率出现时的期望运行时间增长阶。
DS_TOP_040,大O记号,Metric,数据结构,第1章 绪论,用于表示渐近复杂度上界的数学记号。,O记号,3,5,王道2027数据结构，算法和算法评价，教材p4（PDF页15）,算法和算法评价,4,教材在“算法和算法评价”中出现或讲解“大O记号”；本节点概括为：用于表示渐近复杂度上界的数学记号。
DS_TOP_041,原地工作,Property,数据结构,第1章 绪论,算法仅使用常量级额外空间，即空间复杂度为O(1)。,,2,3,王道2027数据结构，算法和算法评价，教材p4（PDF页15）,算法和算法评价,4,教材在“算法和算法评价”中出现或讲解“原地工作”；本节点概括为：算法仅使用常量级额外空间，即空间复杂度为O(1)。
DS_TOP_042,问题规模,Concept,数据结构,第1章 绪论,刻画输入规模大小的变量，通常记为n。,n,2,5,王道2027数据结构，算法和算法评价，教材p4（PDF页15）,算法和算法评价,4,教材在“算法和算法评价”中出现或讲解“问题规模”；本节点概括为：刻画输入规模大小的变量，通常记为n。
DS_TOP_043,第2章 线性表,Topic,数据结构,第2章 线性表,研究线性表的逻辑定义、基本操作、顺序表示和链式表示，是后续栈、队列、串等结构的基础。,,3,5,王道2027数据结构，第2章 线性表，教材p13（PDF页24）,第2章 线性表,13,教材在“第2章 线性表”中出现或讲解“第2章 线性表”；本节点概括为：研究线性表的逻辑定义、基本操作、顺序表示和链式表示，是后续栈、队列、串等结构的基础。
DS_TOP_044,线性表的定义和基本操作,Topic,数据结构,第2章 线性表,说明线性表的逻辑特征及插入、删除、查找等基本操作。,,3,4,王道2027数据结构，线性表的定义和基本操作，教材p13（PDF页24）,线性表的定义和基本操作,13,教材在“线性表的定义和基本操作”中出现或讲解“线性表的定义和基本操作”；本节点概括为：说明线性表的逻辑特征及插入、删除、查找等基本操作。
DS_TOP_045,线性表,DataStructure,数据结构,第2章 线性表,具有相同数据类型的n个数据元素的有限序列。,,2,5,王道2027数据结构，线性表的定义和基本操作，教材p13（PDF页24）,线性表的定义和基本操作,13,教材在“线性表的定义和基本操作”中出现或讲解“线性表”；本节点概括为：具有相同数据类型的n个数据元素的有限序列。
DS_TOP_046,直接前驱,Concept,数据结构,第2章 线性表,在线性表中某元素前面相邻的元素。,,1,3,王道2027数据结构，线性表的定义和基本操作，教材p13（PDF页24）,线性表的定义和基本操作,13,教材在“线性表的定义和基本操作”中出现或讲解“直接前驱”；本节点概括为：在线性表中某元素前面相邻的元素。
DS_TOP_047,直接后继,Concept,数据结构,第2章 线性表,在线性表中某元素后面相邻的元素。,,1,3,王道2027数据结构，线性表的定义和基本操作，教材p13（PDF页24）,线性表的定义和基本操作,13,教材在“线性表的定义和基本操作”中出现或讲解“直接后继”；本节点概括为：在线性表中某元素后面相邻的元素。
DS_TOP_048,插入操作,Operation,数据结构,第2章 线性表,在线性表指定位置加入新元素的操作。,,2,5,王道2027数据结构，线性表的定义和基本操作，教材p13（PDF页24）,线性表的定义和基本操作,13,教材在“线性表的定义和基本操作”中出现或讲解“插入操作”；本节点概括为：在线性表指定位置加入新元素的操作。
DS_TOP_049,删除操作,Operation,数据结构,第2章 线性表,从线性表中移除指定元素的操作。,,2,5,王道2027数据结构，线性表的定义和基本操作，教材p13（PDF页24）,线性表的定义和基本操作,13,教材在“线性表的定义和基本操作”中出现或讲解“删除操作”；本节点概括为：从线性表中移除指定元素的操作。
DS_TOP_050,查找操作,Operation,数据结构,第2章 线性表,按位置或值定位线性表中元素的操作。,,2,4,王道2027数据结构，线性表的定义和基本操作，教材p13（PDF页24）,线性表的定义和基本操作,13,教材在“线性表的定义和基本操作”中出现或讲解“查找操作”；本节点概括为：按位置或值定位线性表中元素的操作。
DS_TOP_051,判空操作,Operation,数据结构,第2章 线性表,判断线性表是否为空的操作。,,1,3,王道2027数据结构，线性表的定义和基本操作，教材p13（PDF页24）,线性表的定义和基本操作,13,教材在“线性表的定义和基本操作”中出现或讲解“判空操作”；本节点概括为：判断线性表是否为空的操作。
DS_TOP_052,求表长操作,Operation,数据结构,第2章 线性表,返回线性表当前元素个数的操作。,,1,3,王道2027数据结构，线性表的定义和基本操作，教材p13（PDF页24）,线性表的定义和基本操作,13,教材在“线性表的定义和基本操作”中出现或讲解“求表长操作”；本节点概括为：返回线性表当前元素个数的操作。
DS_TOP_053,线性表的顺序表示,Topic,数据结构,第2章 线性表,说明顺序表的定义、存储特点以及基本操作实现。,,3,4,王道2027数据结构，线性表的顺序表示，教材p15（PDF页26）,线性表的顺序表示,15,教材在“线性表的顺序表示”中出现或讲解“线性表的顺序表示”；本节点概括为：说明顺序表的定义、存储特点以及基本操作实现。
DS_TOP_054,顺序表,DataStructure,数据结构,第2章 线性表,用一组地址连续的存储单元依次存储线性表元素的结构。,,2,5,王道2027数据结构，线性表的顺序表示，教材p15（PDF页26）,线性表的顺序表示,15,教材在“线性表的顺序表示”中出现或讲解“顺序表”；本节点概括为：用一组地址连续的存储单元依次存储线性表元素的结构。
DS_TOP_055,静态分配,Mechanism,数据结构,第2章 线性表,顺序表存储空间在编译或初始化时固定分配。,,2,3,王道2027数据结构，线性表的顺序表示，教材p15（PDF页26）,线性表的顺序表示,15,教材在“线性表的顺序表示”中出现或讲解“静态分配”；本节点概括为：顺序表存储空间在编译或初始化时固定分配。
DS_TOP_056,动态分配,Mechanism,数据结构,第2章 线性表,顺序表存储空间可在运行时申请和扩展。,,3,3,王道2027数据结构，线性表的顺序表示，教材p15（PDF页26）,线性表的顺序表示,15,教材在“线性表的顺序表示”中出现或讲解“动态分配”；本节点概括为：顺序表存储空间可在运行时申请和扩展。
DS_TOP_057,地址连续,Property,数据结构,第2章 线性表,元素在物理存储中占据连续地址空间的性质。,,2,4,王道2027数据结构，线性表的顺序表示，教材p15（PDF页26）,线性表的顺序表示,15,教材在“线性表的顺序表示”中出现或讲解“地址连续”；本节点概括为：元素在物理存储中占据连续地址空间的性质。
DS_TOP_058,元素移动,Operation,数据结构,第2章 线性表,插入或删除时为保持顺序而移动若干元素的操作。,,2,4,王道2027数据结构，线性表的顺序表示，教材p15（PDF页26）,线性表的顺序表示,15,教材在“线性表的顺序表示”中出现或讲解“元素移动”；本节点概括为：插入或删除时为保持顺序而移动若干元素的操作。
DS_TOP_059,线性表的链式表示,Topic,数据结构,第2章 线性表,说明单链表、双链表、循环链表、静态链表及其基本操作。,,3,4,王道2027数据结构，线性表的链式表示，教材p30（PDF页41）,线性表的链式表示,30,教材在“线性表的链式表示”中出现或讲解“线性表的链式表示”；本节点概括为：说明单链表、双链表、循环链表、静态链表及其基本操作。
DS_TOP_060,链表,DataStructure,数据结构,第2章 线性表,通过指针链接结点来表示线性关系的存储结构。,,2,5,王道2027数据结构，线性表的链式表示，教材p30（PDF页41）,线性表的链式表示,30,教材在“线性表的链式表示”中出现或讲解“链表”；本节点概括为：通过指针链接结点来表示线性关系的存储结构。
DS_TOP_061,单链表,DataStructure,数据结构,第2章 线性表,每个结点只含一个指向后继结点指针的链表。,,2,5,王道2027数据结构，线性表的链式表示，教材p30（PDF页41）,线性表的链式表示,30,教材在“线性表的链式表示”中出现或讲解“单链表”；本节点概括为：每个结点只含一个指向后继结点指针的链表。
DS_TOP_062,结点,ComputingObject,数据结构,第2章 线性表,链式存储中的基本存储单元，通常含数据域和指针域。,节点,1,4,王道2027数据结构，线性表的链式表示，教材p30（PDF页41）,线性表的链式表示,30,教材在“线性表的链式表示”中出现或讲解“结点”；本节点概括为：链式存储中的基本存储单元，通常含数据域和指针域。
DS_TOP_063,数据域,ComputingObject,数据结构,第2章 线性表,链表结点中存放数据元素值的部分。,,1,3,王道2027数据结构，线性表的链式表示，教材p30（PDF页41）,线性表的链式表示,30,教材在“线性表的链式表示”中出现或讲解“数据域”；本节点概括为：链表结点中存放数据元素值的部分。
DS_TOP_064,指针域,ComputingObject,数据结构,第2章 线性表,链表结点中存放后继或前驱地址的部分。,,1,4,王道2027数据结构，线性表的链式表示，教材p30（PDF页41）,线性表的链式表示,30,教材在“线性表的链式表示”中出现或讲解“指针域”；本节点概括为：链表结点中存放后继或前驱地址的部分。
DS_TOP_065,头指针,ComputingObject,数据结构,第2章 线性表,指向链表第一个结点或头结点的指针。,,2,4,王道2027数据结构，线性表的链式表示，教材p30（PDF页41）,线性表的链式表示,30,教材在“线性表的链式表示”中出现或讲解“头指针”；本节点概括为：指向链表第一个结点或头结点的指针。
DS_TOP_066,头结点,ComputingObject,数据结构,第2章 线性表,位于首元结点之前、通常不存放有效数据的附加结点。,,2,4,王道2027数据结构，线性表的链式表示，教材p30（PDF页41）,线性表的链式表示,30,教材在“线性表的链式表示”中出现或讲解“头结点”；本节点概括为：位于首元结点之前、通常不存放有效数据的附加结点。
DS_TOP_067,首元结点,ComputingObject,数据结构,第2章 线性表,链表中存放第一个有效数据元素的结点。,,1,3,王道2027数据结构，线性表的链式表示，教材p30（PDF页41）,线性表的链式表示,30,教材在“线性表的链式表示”中出现或讲解“首元结点”；本节点概括为：链表中存放第一个有效数据元素的结点。
DS_TOP_068,尾插法,Algorithm,数据结构,第2章 线性表,每次将新结点插入链表尾部以建立链表的方法。,,2,4,王道2027数据结构，线性表的链式表示，教材p30（PDF页41）,线性表的链式表示,30,教材在“线性表的链式表示”中出现或讲解“尾插法”；本节点概括为：每次将新结点插入链表尾部以建立链表的方法。
DS_TOP_069,头插法,Algorithm,数据结构,第2章 线性表,每次将新结点插入链表头部以建立链表的方法。,,2,4,王道2027数据结构，线性表的链式表示，教材p30（PDF页41）,线性表的链式表示,30,教材在“线性表的链式表示”中出现或讲解“头插法”；本节点概括为：每次将新结点插入链表头部以建立链表的方法。
DS_TOP_070,按位查找,Algorithm,数据结构,第2章 线性表,按序号定位链表或顺序表中元素的方法。,,2,4,王道2027数据结构，线性表的链式表示，教材p30（PDF页41）,线性表的链式表示,30,教材在“线性表的链式表示”中出现或讲解“按位查找”；本节点概括为：按序号定位链表或顺序表中元素的方法。
DS_TOP_071,按值查找,Algorithm,数据结构,第2章 线性表,按元素值在表中查找匹配结点的方法。,,2,4,王道2027数据结构，线性表的链式表示，教材p30（PDF页41）,线性表的链式表示,30,教材在“线性表的链式表示”中出现或讲解“按值查找”；本节点概括为：按元素值在表中查找匹配结点的方法。
DS_TOP_072,双链表,DataStructure,数据结构,第2章 线性表,每个结点含前驱和后继两个方向指针的链表。,,2,4,王道2027数据结构，线性表的链式表示，教材p30（PDF页41）,线性表的链式表示,30,教材在“线性表的链式表示”中出现或讲解“双链表”；本节点概括为：每个结点含前驱和后继两个方向指针的链表。
DS_TOP_073,前驱指针,ComputingObject,数据结构,第2章 线性表,双链表结点中指向前驱结点的指针。,,2,3,王道2027数据结构，线性表的链式表示，教材p30（PDF页41）,线性表的链式表示,30,教材在“线性表的链式表示”中出现或讲解“前驱指针”；本节点概括为：双链表结点中指向前驱结点的指针。
DS_TOP_074,后继指针,ComputingObject,数据结构,第2章 线性表,链表结点中指向后继结点的指针。,,2,3,王道2027数据结构，线性表的链式表示，教材p30（PDF页41）,线性表的链式表示,30,教材在“线性表的链式表示”中出现或讲解“后继指针”；本节点概括为：链表结点中指向后继结点的指针。
DS_TOP_075,循环链表,DataStructure,数据结构,第2章 线性表,表尾结点指针指向头部形成环状结构的链表。,,2,4,王道2027数据结构，线性表的链式表示，教材p30（PDF页41）,线性表的链式表示,30,教材在“线性表的链式表示”中出现或讲解“循环链表”；本节点概括为：表尾结点指针指向头部形成环状结构的链表。
DS_TOP_076,循环单链表,DataStructure,数据结构,第2章 线性表,单链表的尾结点指向头结点或首元结点形成循环。,,2,3,王道2027数据结构，线性表的链式表示，教材p30（PDF页41）,线性表的链式表示,30,教材在“线性表的链式表示”中出现或讲解“循环单链表”；本节点概括为：单链表的尾结点指向头结点或首元结点形成循环。
DS_TOP_077,循环双链表,DataStructure,数据结构,第2章 线性表,双链表首尾相接形成双向循环结构。,,2,3,王道2027数据结构，线性表的链式表示，教材p30（PDF页41）,线性表的链式表示,30,教材在“线性表的链式表示”中出现或讲解“循环双链表”；本节点概括为：双链表首尾相接形成双向循环结构。
DS_TOP_078,静态链表,DataStructure,数据结构,第2章 线性表,借助数组和游标模拟链式存储的结构。,,3,3,王道2027数据结构，线性表的链式表示，教材p30（PDF页41）,线性表的链式表示,30,教材在“线性表的链式表示”中出现或讲解“静态链表”；本节点概括为：借助数组和游标模拟链式存储的结构。
DS_TOP_079,顺序表和链表的比较,Concept,数据结构,第2章 线性表,从存取、插入删除、空间开销和适用场景比较两种线性表实现。,,2,5,王道2027数据结构，线性表的链式表示，教材p30（PDF页41）,线性表的链式表示,30,教材在“线性表的链式表示”中出现或讲解“顺序表和链表的比较”；本节点概括为：从存取、插入删除、空间开销和适用场景比较两种线性表实现。
DS_TOP_080,第3章 栈、队列和数组,Topic,数据结构,第3章 栈、队列和数组,研究受限线性表栈与队列、它们的典型应用，以及数组和特殊矩阵的存储。,,3,5,王道2027数据结构，第3章 栈、队列和数组，教材p63（PDF页74）,第3章 栈、队列和数组,63,教材在“第3章 栈、队列和数组”中出现或讲解“第3章 栈、队列和数组”；本节点概括为：研究受限线性表栈与队列、它们的典型应用，以及数组和特殊矩阵的存储。
DS_TOP_081,栈,Topic,数据结构,第3章 栈、队列和数组,说明栈的定义、顺序存储、链式存储以及进栈出栈操作。,,3,4,王道2027数据结构，栈，教材p63（PDF页74）,栈,63,教材在“栈”中出现或讲解“栈”；本节点概括为：说明栈的定义、顺序存储、链式存储以及进栈出栈操作。
DS_TOP_082,栈顶,ComputingObject,数据结构,第3章 栈、队列和数组,栈中允许插入和删除的一端。,,1,4,王道2027数据结构，栈，教材p63（PDF页74）,栈,63,教材在“栈”中出现或讲解“栈顶”；本节点概括为：栈中允许插入和删除的一端。
DS_TOP_083,栈底,ComputingObject,数据结构,第3章 栈、队列和数组,栈中固定不允许直接操作的一端。,,1,3,王道2027数据结构，栈，教材p63（PDF页74）,栈,63,教材在“栈”中出现或讲解“栈底”；本节点概括为：栈中固定不允许直接操作的一端。
DS_TOP_084,后进先出,Property,数据结构,第3章 栈、队列和数组,后进入的数据元素先被删除的性质。,LIFO,1,5,王道2027数据结构，栈，教材p63（PDF页74）,栈,63,教材在“栈”中出现或讲解“后进先出”；本节点概括为：后进入的数据元素先被删除的性质。
DS_TOP_085,进栈,Operation,数据结构,第3章 栈、队列和数组,向栈顶插入元素的操作。,"入栈,push",1,5,王道2027数据结构，栈，教材p63（PDF页74）,栈,63,教材在“栈”中出现或讲解“进栈”；本节点概括为：向栈顶插入元素的操作。
DS_TOP_086,出栈,Operation,数据结构,第3章 栈、队列和数组,从栈顶删除元素的操作。,pop,1,5,王道2027数据结构，栈，教材p63（PDF页74）,栈,63,教材在“栈”中出现或讲解“出栈”；本节点概括为：从栈顶删除元素的操作。
DS_TOP_087,顺序栈,DataStructure,数据结构,第3章 栈、队列和数组,采用顺序存储实现的栈。,,2,4,王道2027数据结构，栈，教材p63（PDF页74）,栈,63,教材在“栈”中出现或讲解“顺序栈”；本节点概括为：采用顺序存储实现的栈。
DS_TOP_088,链栈,DataStructure,数据结构,第3章 栈、队列和数组,采用链式存储实现的栈。,,2,4,王道2027数据结构，栈，教材p63（PDF页74）,栈,63,教材在“栈”中出现或讲解“链栈”；本节点概括为：采用链式存储实现的栈。
DS_TOP_089,共享栈,DataStructure,数据结构,第3章 栈、队列和数组,两个栈共享同一顺序存储空间的结构。,,3,3,王道2027数据结构，栈，教材p63（PDF页74）,栈,63,教材在“栈”中出现或讲解“共享栈”；本节点概括为：两个栈共享同一顺序存储空间的结构。
DS_TOP_090,栈上溢,Problem,数据结构,第3章 栈、队列和数组,进栈时栈空间已满而无法继续存储的问题。,,2,3,王道2027数据结构，栈，教材p63（PDF页74）,栈,63,教材在“栈”中出现或讲解“栈上溢”；本节点概括为：进栈时栈空间已满而无法继续存储的问题。
DS_TOP_091,栈下溢,Problem,数据结构,第3章 栈、队列和数组,出栈时栈为空而无法删除元素的问题。,,2,3,王道2027数据结构，栈，教材p63（PDF页74）,栈,63,教材在“栈”中出现或讲解“栈下溢”；本节点概括为：出栈时栈为空而无法删除元素的问题。
DS_TOP_092,队列,Topic,数据结构,第3章 栈、队列和数组,说明队列的定义、顺序存储、链式存储、循环队列和双端队列。,,3,4,王道2027数据结构，队列，教材p76（PDF页87）,队列,76,教材在“队列”中出现或讲解“队列”；本节点概括为：说明队列的定义、顺序存储、链式存储、循环队列和双端队列。
DS_TOP_093,队头,ComputingObject,数据结构,第3章 栈、队列和数组,队列中允许删除元素的一端。,,1,4,王道2027数据结构，队列，教材p76（PDF页87）,队列,76,教材在“队列”中出现或讲解“队头”；本节点概括为：队列中允许删除元素的一端。
DS_TOP_094,队尾,ComputingObject,数据结构,第3章 栈、队列和数组,队列中允许插入元素的一端。,,1,4,王道2027数据结构，队列，教材p76（PDF页87）,队列,76,教材在“队列”中出现或讲解“队尾”；本节点概括为：队列中允许插入元素的一端。
DS_TOP_095,先进先出,Property,数据结构,第3章 栈、队列和数组,先进入的数据元素先离开的性质。,FIFO,1,5,王道2027数据结构，队列，教材p76（PDF页87）,队列,76,教材在“队列”中出现或讲解“先进先出”；本节点概括为：先进入的数据元素先离开的性质。
DS_TOP_096,入队,Operation,数据结构,第3章 栈、队列和数组,在队尾插入元素的操作。,enqueue,1,5,王道2027数据结构，队列，教材p76（PDF页87）,队列,76,教材在“队列”中出现或讲解“入队”；本节点概括为：在队尾插入元素的操作。
DS_TOP_097,出队,Operation,数据结构,第3章 栈、队列和数组,在队头删除元素的操作。,dequeue,1,5,王道2027数据结构，队列，教材p76（PDF页87）,队列,76,教材在“队列”中出现或讲解“出队”；本节点概括为：在队头删除元素的操作。
DS_TOP_098,循环队列,DataStructure,数据结构,第3章 栈、队列和数组,将顺序队列存储空间首尾相接以循环利用的结构。,,3,5,王道2027数据结构，队列，教材p76（PDF页87）,队列,76,教材在“队列”中出现或讲解“循环队列”；本节点概括为：将顺序队列存储空间首尾相接以循环利用的结构。
DS_TOP_099,队空条件,Property,数据结构,第3章 栈、队列和数组,判定循环队列或链队列为空的条件。,,3,4,王道2027数据结构，队列，教材p76（PDF页87）,队列,76,教材在“队列”中出现或讲解“队空条件”；本节点概括为：判定循环队列或链队列为空的条件。
DS_TOP_100,队满条件,Property,数据结构,第3章 栈、队列和数组,判定循环队列存储空间已满的条件。,,3,4,王道2027数据结构，队列，教材p76（PDF页87）,队列,76,教材在“队列”中出现或讲解“队满条件”；本节点概括为：判定循环队列存储空间已满的条件。
DS_TOP_101,链队列,DataStructure,数据结构,第3章 栈、队列和数组,采用链式存储实现的队列。,,2,4,王道2027数据结构，队列，教材p76（PDF页87）,队列,76,教材在“队列”中出现或讲解“链队列”；本节点概括为：采用链式存储实现的队列。
DS_TOP_102,双端队列,DataStructure,数据结构,第3章 栈、队列和数组,两端都可插入和删除的队列。,Deque,3,4,王道2027数据结构，队列，教材p76（PDF页87）,队列,76,教材在“队列”中出现或讲解“双端队列”；本节点概括为：两端都可插入和删除的队列。
DS_TOP_103,栈和队列的应用,Topic,数据结构,第3章 栈、队列和数组,说明括号匹配、表达式求值、递归、层次遍历和系统缓冲等应用。,,3,4,王道2027数据结构，栈和队列的应用，教材p90（PDF页101）,栈和队列的应用,90,教材在“栈和队列的应用”中出现或讲解“栈和队列的应用”；本节点概括为：说明括号匹配、表达式求值、递归、层次遍历和系统缓冲等应用。
DS_TOP_104,括号匹配,Application,数据结构,第3章 栈、队列和数组,利用栈判断括号序列是否正确配对的典型应用。,,2,5,王道2027数据结构，栈和队列的应用，教材p90（PDF页101）,栈和队列的应用,90,教材在“栈和队列的应用”中出现或讲解“括号匹配”；本节点概括为：利用栈判断括号序列是否正确配对的典型应用。
DS_TOP_105,表达式求值,Application,数据结构,第3章 栈、队列和数组,利用栈处理运算符优先级和操作数的典型应用。,,3,5,王道2027数据结构，栈和队列的应用，教材p90（PDF页101）,栈和队列的应用,90,教材在“栈和队列的应用”中出现或讲解“表达式求值”；本节点概括为：利用栈处理运算符优先级和操作数的典型应用。
DS_TOP_106,中缀表达式,Concept,数据结构,第3章 栈、队列和数组,运算符位于两个操作数之间的表达式形式。,,2,3,王道2027数据结构，栈和队列的应用，教材p90（PDF页101）,栈和队列的应用,90,教材在“栈和队列的应用”中出现或讲解“中缀表达式”；本节点概括为：运算符位于两个操作数之间的表达式形式。
DS_TOP_107,后缀表达式,Concept,数据结构,第3章 栈、队列和数组,运算符位于操作数之后的表达式形式。,逆波兰表达式,3,4,王道2027数据结构，栈和队列的应用，教材p90（PDF页101）,栈和队列的应用,90,教材在“栈和队列的应用”中出现或讲解“后缀表达式”；本节点概括为：运算符位于操作数之后的表达式形式。
DS_TOP_108,前缀表达式,Concept,数据结构,第3章 栈、队列和数组,运算符位于操作数之前的表达式形式。,波兰表达式,3,3,王道2027数据结构，栈和队列的应用，教材p90（PDF页101）,栈和队列的应用,90,教材在“栈和队列的应用”中出现或讲解“前缀表达式”；本节点概括为：运算符位于操作数之前的表达式形式。
DS_TOP_109,递归,Mechanism,数据结构,第3章 栈、队列和数组,函数或过程直接或间接调用自身的机制。,,3,5,王道2027数据结构，栈和队列的应用，教材p90（PDF页101）,栈和队列的应用,90,教材在“栈和队列的应用”中出现或讲解“递归”；本节点概括为：函数或过程直接或间接调用自身的机制。
DS_TOP_110,递归工作栈,DataStructure,数据结构,第3章 栈、队列和数组,系统用于保存递归调用现场信息的栈结构。,,3,4,王道2027数据结构，栈和队列的应用，教材p90（PDF页101）,栈和队列的应用,90,教材在“栈和队列的应用”中出现或讲解“递归工作栈”；本节点概括为：系统用于保存递归调用现场信息的栈结构。
DS_TOP_111,层次遍历,Algorithm,数据结构,第3章 栈、队列和数组,按层从上到下、从左到右访问树或图结点的遍历方法。,,2,5,王道2027数据结构，栈和队列的应用，教材p90（PDF页101）,栈和队列的应用,90,教材在“栈和队列的应用”中出现或讲解“层次遍历”；本节点概括为：按层从上到下、从左到右访问树或图结点的遍历方法。
DS_TOP_112,缓冲区,Application,数据结构,第3章 栈、队列和数组,利用队列平衡数据产生与消费速度差异的系统应用。,,2,3,王道2027数据结构，栈和队列的应用，教材p90（PDF页101）,栈和队列的应用,90,教材在“栈和队列的应用”中出现或讲解“缓冲区”；本节点概括为：利用队列平衡数据产生与消费速度差异的系统应用。
DS_TOP_113,数组和特殊矩阵,Topic,数据结构,第3章 栈、队列和数组,说明数组存储、特殊矩阵压缩存储和稀疏矩阵表示。,,3,4,王道2027数据结构，数组和特殊矩阵，教材p100（PDF页111）,数组和特殊矩阵,100,教材在“数组和特殊矩阵”中出现或讲解“数组和特殊矩阵”；本节点概括为：说明数组存储、特殊矩阵压缩存储和稀疏矩阵表示。
DS_TOP_114,数组,DataStructure,数据结构,第3章 栈、队列和数组,由相同类型数据元素构成，并可按下标随机访问的结构。,,2,4,王道2027数据结构，数组和特殊矩阵，教材p100（PDF页111）,数组和特殊矩阵,100,教材在“数组和特殊矩阵”中出现或讲解“数组”；本节点概括为：由相同类型数据元素构成，并可按下标随机访问的结构。
DS_TOP_115,多维数组,DataStructure,数据结构,第3章 栈、队列和数组,具有两个或多个下标维度的数组结构。,,2,3,王道2027数据结构，数组和特殊矩阵，教材p100（PDF页111）,数组和特殊矩阵,100,教材在“数组和特殊矩阵”中出现或讲解“多维数组”；本节点概括为：具有两个或多个下标维度的数组结构。
DS_TOP_116,行优先存储,Mechanism,数据结构,第3章 栈、队列和数组,按行序将二维数组元素映射到一维存储空间的方法。,,2,3,王道2027数据结构，数组和特殊矩阵，教材p100（PDF页111）,数组和特殊矩阵,100,教材在“数组和特殊矩阵”中出现或讲解“行优先存储”；本节点概括为：按行序将二维数组元素映射到一维存储空间的方法。
DS_TOP_117,列优先存储,Mechanism,数据结构,第3章 栈、队列和数组,按列序将二维数组元素映射到一维存储空间的方法。,,2,3,王道2027数据结构，数组和特殊矩阵，教材p100（PDF页111）,数组和特殊矩阵,100,教材在“数组和特殊矩阵”中出现或讲解“列优先存储”；本节点概括为：按列序将二维数组元素映射到一维存储空间的方法。
DS_TOP_118,矩阵压缩存储,Mechanism,数据结构,第3章 栈、队列和数组,只存储矩阵中必要元素以节省空间的存储方法。,,3,4,王道2027数据结构，数组和特殊矩阵，教材p100（PDF页111）,数组和特殊矩阵,100,教材在“数组和特殊矩阵”中出现或讲解“矩阵压缩存储”；本节点概括为：只存储矩阵中必要元素以节省空间的存储方法。
DS_TOP_119,特殊矩阵,DataStructure,数据结构,第3章 栈、队列和数组,具有元素分布规律、可压缩存储的矩阵。,,2,4,王道2027数据结构，数组和特殊矩阵，教材p100（PDF页111）,数组和特殊矩阵,100,教材在“数组和特殊矩阵”中出现或讲解“特殊矩阵”；本节点概括为：具有元素分布规律、可压缩存储的矩阵。
DS_TOP_120,对称矩阵,DataStructure,数据结构,第3章 栈、队列和数组,满足a_ij=a_ji的方阵。,,2,4,王道2027数据结构，数组和特殊矩阵，教材p100（PDF页111）,数组和特殊矩阵,100,教材在“数组和特殊矩阵”中出现或讲解“对称矩阵”；本节点概括为：满足a_ij=a_ji的方阵。
DS_TOP_121,三角矩阵,DataStructure,数据结构,第3章 栈、队列和数组,上三角或下三角区域之外元素相同或为零的矩阵。,,2,4,王道2027数据结构，数组和特殊矩阵，教材p100（PDF页111）,数组和特殊矩阵,100,教材在“数组和特殊矩阵”中出现或讲解“三角矩阵”；本节点概括为：上三角或下三角区域之外元素相同或为零的矩阵。
DS_TOP_122,三对角矩阵,DataStructure,数据结构,第3章 栈、队列和数组,非零元素集中在主对角线及其上下相邻对角线的矩阵。,带状矩阵,3,4,王道2027数据结构，数组和特殊矩阵，教材p100（PDF页111）,数组和特殊矩阵,100,教材在“数组和特殊矩阵”中出现或讲解“三对角矩阵”；本节点概括为：非零元素集中在主对角线及其上下相邻对角线的矩阵。
DS_TOP_123,稀疏矩阵,DataStructure,数据结构,第3章 栈、队列和数组,非零元素个数远少于矩阵元素总数的矩阵。,,3,4,王道2027数据结构，数组和特殊矩阵，教材p100（PDF页111）,数组和特殊矩阵,100,教材在“数组和特殊矩阵”中出现或讲解“稀疏矩阵”；本节点概括为：非零元素个数远少于矩阵元素总数的矩阵。
DS_TOP_124,三元组,DataStructure,数据结构,第3章 栈、队列和数组,用行号、列号和值描述稀疏矩阵非零元素的结构。,,3,4,王道2027数据结构，数组和特殊矩阵，教材p100（PDF页111）,数组和特殊矩阵,100,教材在“数组和特殊矩阵”中出现或讲解“三元组”；本节点概括为：用行号、列号和值描述稀疏矩阵非零元素的结构。
DS_TOP_125,稀疏矩阵十字链表,DataStructure,数据结构,第3章 栈、队列和数组,用于稀疏矩阵的行列双向链式表示。,稀疏矩阵十字链表,4,3,王道2027数据结构，数组和特殊矩阵，教材p100（PDF页111）,数组和特殊矩阵,100,教材在“数组和特殊矩阵”中出现或讲解“稀疏矩阵十字链表”；本节点概括为：用于稀疏矩阵的行列双向链式表示。
DS_TOP_126,第4章 串,Topic,数据结构,第4章 串,研究串的定义、存储实现和模式匹配，重点是KMP算法及next数组。,,3,5,王道2027数据结构，第4章 串，教材p109（PDF页120）,第4章 串,109,教材在“第4章 串”中出现或讲解“第4章 串”；本节点概括为：研究串的定义、存储实现和模式匹配，重点是KMP算法及next数组。
DS_TOP_127,串的定义和实现,Topic,数据结构,第4章 串,说明串、子串、主串、模式串以及串的基本操作和存储结构。,,3,4,王道2027数据结构，串的定义和实现，教材p109（PDF页120）,串的定义和实现,109,教材在“串的定义和实现”中出现或讲解“串的定义和实现”；本节点概括为：说明串、子串、主串、模式串以及串的基本操作和存储结构。
DS_TOP_128,串,DataStructure,数据结构,第4章 串,由零个或多个字符组成的有限序列。,"字符串,String",2,5,王道2027数据结构，串的定义和实现，教材p109（PDF页120）,串的定义和实现,109,教材在“串的定义和实现”中出现或讲解“串”；本节点概括为：由零个或多个字符组成的有限序列。
DS_TOP_129,空串,DataStructure,数据结构,第4章 串,长度为0的串。,,1,3,王道2027数据结构，串的定义和实现，教材p109（PDF页120）,串的定义和实现,109,教材在“串的定义和实现”中出现或讲解“空串”；本节点概括为：长度为0的串。
DS_TOP_130,子串,Concept,数据结构,第4章 串,串中任意连续字符组成的子序列。,,1,4,王道2027数据结构，串的定义和实现，教材p109（PDF页120）,串的定义和实现,109,教材在“串的定义和实现”中出现或讲解“子串”；本节点概括为：串中任意连续字符组成的子序列。
DS_TOP_131,主串,Concept,数据结构,第4章 串,被匹配或被查找的目标串。,,1,4,王道2027数据结构，串的定义和实现，教材p109（PDF页120）,串的定义和实现,109,教材在“串的定义和实现”中出现或讲解“主串”；本节点概括为：被匹配或被查找的目标串。
DS_TOP_132,模式串,Concept,数据结构,第4章 串,在主串中需要查找的串。,模式,2,5,王道2027数据结构，串的定义和实现，教材p109（PDF页120）,串的定义和实现,109,教材在“串的定义和实现”中出现或讲解“模式串”；本节点概括为：在主串中需要查找的串。
DS_TOP_133,串长,Metric,数据结构,第4章 串,串中字符的个数。,,1,3,王道2027数据结构，串的定义和实现，教材p109（PDF页120）,串的定义和实现,109,教材在“串的定义和实现”中出现或讲解“串长”；本节点概括为：串中字符的个数。
DS_TOP_134,串的顺序存储,Mechanism,数据结构,第4章 串,用连续存储空间存放串中字符的实现方式。,,2,4,王道2027数据结构，串的定义和实现，教材p109（PDF页120）,串的定义和实现,109,教材在“串的定义和实现”中出现或讲解“串的顺序存储”；本节点概括为：用连续存储空间存放串中字符的实现方式。
DS_TOP_135,串的链式存储,Mechanism,数据结构,第4章 串,用链表结点存储串中字符或字符块的实现方式。,,3,3,王道2027数据结构，串的定义和实现，教材p109（PDF页120）,串的定义和实现,109,教材在“串的定义和实现”中出现或讲解“串的链式存储”；本节点概括为：用链表结点存储串中字符或字符块的实现方式。
DS_TOP_136,串的模式匹配,Topic,数据结构,第4章 串,说明简单模式匹配、KMP算法及其优化。,,3,4,王道2027数据结构，串的模式匹配，教材p111（PDF页122）,串的模式匹配,111,教材在“串的模式匹配”中出现或讲解“串的模式匹配”；本节点概括为：说明简单模式匹配、KMP算法及其优化。
DS_TOP_137,模式匹配,Problem,数据结构,第4章 串,在主串中查找与模式串相等子串的位置的问题。,,3,5,王道2027数据结构，串的模式匹配，教材p111（PDF页122）,串的模式匹配,111,教材在“串的模式匹配”中出现或讲解“模式匹配”；本节点概括为：在主串中查找与模式串相等子串的位置的问题。
DS_TOP_138,简单模式匹配算法,Algorithm,数据结构,第4章 串,逐个起始位置尝试匹配模式串的朴素算法。,朴素匹配,2,4,王道2027数据结构，串的模式匹配，教材p111（PDF页122）,串的模式匹配,111,教材在“串的模式匹配”中出现或讲解“简单模式匹配算法”；本节点概括为：逐个起始位置尝试匹配模式串的朴素算法。
DS_TOP_139,KMP算法,Algorithm,数据结构,第4章 串,利用已匹配信息避免主串指针回溯的模式匹配算法。,,4,5,王道2027数据结构，串的模式匹配，教材p111（PDF页122）,串的模式匹配,111,教材在“串的模式匹配”中出现或讲解“KMP算法”；本节点概括为：利用已匹配信息避免主串指针回溯的模式匹配算法。
DS_TOP_140,next数组,DataStructure,数据结构,第4章 串,记录模式串在失配时应跳转位置的辅助数组。,,4,5,王道2027数据结构，串的模式匹配，教材p111（PDF页122）,串的模式匹配,111,教材在“串的模式匹配”中出现或讲解“next数组”；本节点概括为：记录模式串在失配时应跳转位置的辅助数组。
DS_TOP_141,nextval数组,DataStructure,数据结构,第4章 串,对next数组进一步优化以减少重复比较的辅助数组。,,4,4,王道2027数据结构，串的模式匹配，教材p111（PDF页122）,串的模式匹配,111,教材在“串的模式匹配”中出现或讲解“nextval数组”；本节点概括为：对next数组进一步优化以减少重复比较的辅助数组。
DS_TOP_142,失配,Problem,数据结构,第4章 串,模式串当前字符与主串当前字符比较不相等的情况。,,3,4,王道2027数据结构，串的模式匹配，教材p111（PDF页122）,串的模式匹配,111,教材在“串的模式匹配”中出现或讲解“失配”；本节点概括为：模式串当前字符与主串当前字符比较不相等的情况。
DS_TOP_143,主串指针回溯,Problem,数据结构,第4章 串,朴素匹配中主串指针反复退回导致效率降低的问题。,,3,4,王道2027数据结构，串的模式匹配，教材p111（PDF页122）,串的模式匹配,111,教材在“串的模式匹配”中出现或讲解“主串指针回溯”；本节点概括为：朴素匹配中主串指针反复退回导致效率降低的问题。
DS_TOP_144,部分匹配,Mechanism,数据结构,第4章 串,利用模式串前后缀相同部分决定下一次比较位置的思想。,,4,4,王道2027数据结构，串的模式匹配，教材p111（PDF页122）,串的模式匹配,111,教材在“串的模式匹配”中出现或讲解“部分匹配”；本节点概括为：利用模式串前后缀相同部分决定下一次比较位置的思想。
DS_TOP_145,第5章 树与二叉树,Topic,数据结构,第5章 树与二叉树,研究树、二叉树、遍历、线索二叉树、树/森林转换、哈夫曼树和并查集。,,3,5,王道2027数据结构，第5章 树与二叉树，教材p124（PDF页135）,第5章 树与二叉树,124,教材在“第5章 树与二叉树”中出现或讲解“第5章 树与二叉树”；本节点概括为：研究树、二叉树、遍历、线索二叉树、树/森林转换、哈夫曼树和并查集。
DS_TOP_146,树的基本概念,Topic,数据结构,第5章 树与二叉树,说明树的定义、基本术语和基本性质。,,3,4,王道2027数据结构，树的基本概念，教材p124（PDF页135）,树的基本概念,124,教材在“树的基本概念”中出现或讲解“树的基本概念”；本节点概括为：说明树的定义、基本术语和基本性质。
DS_TOP_147,树,DataStructure,数据结构,第5章 树与二叉树,由n个结点构成的有限集合，n=0时为空树，非空树具有唯一根结点。,Tree,2,5,王道2027数据结构，树的基本概念，教材p124（PDF页135）,树的基本概念,124,教材在“树的基本概念”中出现或讲解“树”；本节点概括为：由n个结点构成的有限集合，n=0时为空树，非空树具有唯一根结点。
DS_TOP_148,空树,DataStructure,数据结构,第5章 树与二叉树,结点数为0的树。,,1,2,王道2027数据结构，树的基本概念，教材p124（PDF页135）,树的基本概念,124,教材在“树的基本概念”中出现或讲解“空树”；本节点概括为：结点数为0的树。
DS_TOP_149,根结点,ComputingObject,数据结构,第5章 树与二叉树,树中没有前驱的唯一结点。,根节点,1,5,王道2027数据结构，树的基本概念，教材p124（PDF页135）,树的基本概念,124,教材在“树的基本概念”中出现或讲解“根结点”；本节点概括为：树中没有前驱的唯一结点。
DS_TOP_150,叶结点,ComputingObject,数据结构,第5章 树与二叉树,度为0的结点。,"叶子结点,终端结点",1,5,王道2027数据结构，树的基本概念，教材p124（PDF页135）,树的基本概念,124,教材在“树的基本概念”中出现或讲解“叶结点”；本节点概括为：度为0的结点。
DS_TOP_151,分支结点,ComputingObject,数据结构,第5章 树与二叉树,度大于0的结点。,非终端结点,1,3,王道2027数据结构，树的基本概念，教材p124（PDF页135）,树的基本概念,124,教材在“树的基本概念”中出现或讲解“分支结点”；本节点概括为：度大于0的结点。
DS_TOP_152,结点的度,Metric,数据结构,第5章 树与二叉树,结点拥有的孩子结点数。,,2,5,王道2027数据结构，树的基本概念，教材p124（PDF页135）,树的基本概念,124,教材在“树的基本概念”中出现或讲解“结点的度”；本节点概括为：结点拥有的孩子结点数。
DS_TOP_153,树的度,Metric,数据结构,第5章 树与二叉树,树中所有结点度的最大值。,,2,5,王道2027数据结构，树的基本概念，教材p124（PDF页135）,树的基本概念,124,教材在“树的基本概念”中出现或讲解“树的度”；本节点概括为：树中所有结点度的最大值。
DS_TOP_154,孩子结点,ComputingObject,数据结构,第5章 树与二叉树,某结点的直接后继。,,1,3,王道2027数据结构，树的基本概念，教材p124（PDF页135）,树的基本概念,124,教材在“树的基本概念”中出现或讲解“孩子结点”；本节点概括为：某结点的直接后继。
DS_TOP_155,双亲结点,ComputingObject,数据结构,第5章 树与二叉树,某结点的直接前驱。,父结点,1,3,王道2027数据结构，树的基本概念，教材p124（PDF页135）,树的基本概念,124,教材在“树的基本概念”中出现或讲解“双亲结点”；本节点概括为：某结点的直接前驱。
DS_TOP_156,兄弟结点,ComputingObject,数据结构,第5章 树与二叉树,具有同一双亲的结点。,,1,3,王道2027数据结构，树的基本概念，教材p124（PDF页135）,树的基本概念,124,教材在“树的基本概念”中出现或讲解“兄弟结点”；本节点概括为：具有同一双亲的结点。
DS_TOP_157,祖先结点,ComputingObject,数据结构,第5章 树与二叉树,从根到该结点路径上经过的所有前驱结点。,,2,3,王道2027数据结构，树的基本概念，教材p124（PDF页135）,树的基本概念,124,教材在“树的基本概念”中出现或讲解“祖先结点”；本节点概括为：从根到该结点路径上经过的所有前驱结点。
DS_TOP_158,子孙结点,ComputingObject,数据结构,第5章 树与二叉树,以某结点为根的子树中的所有结点。,,2,3,王道2027数据结构，树的基本概念，教材p124（PDF页135）,树的基本概念,124,教材在“树的基本概念”中出现或讲解“子孙结点”；本节点概括为：以某结点为根的子树中的所有结点。
DS_TOP_159,层次,Metric,数据结构,第5章 树与二叉树,根为第1层，向下逐层增加的结点层号。,,2,4,王道2027数据结构，树的基本概念，教材p124（PDF页135）,树的基本概念,124,教材在“树的基本概念”中出现或讲解“层次”；本节点概括为：根为第1层，向下逐层增加的结点层号。
DS_TOP_160,高度,Metric,数据结构,第5章 树与二叉树,树中结点的最大层数。,深度,2,4,王道2027数据结构，树的基本概念，教材p124（PDF页135）,树的基本概念,124,教材在“树的基本概念”中出现或讲解“高度”；本节点概括为：树中结点的最大层数。
DS_TOP_161,路径,Concept,数据结构,第5章 树与二叉树,从一个结点到另一个结点所经过的结点序列。,,2,3,王道2027数据结构，树的基本概念，教材p124（PDF页135）,树的基本概念,124,教材在“树的基本概念”中出现或讲解“路径”；本节点概括为：从一个结点到另一个结点所经过的结点序列。
DS_TOP_162,森林,DataStructure,数据结构,第5章 树与二叉树,m棵互不相交的树的集合。,,2,4,王道2027数据结构，树的基本概念，教材p124（PDF页135）,树的基本概念,124,教材在“树的基本概念”中出现或讲解“森林”；本节点概括为：m棵互不相交的树的集合。
DS_TOP_163,二叉树的概念,Topic,数据结构,第5章 树与二叉树,说明二叉树的定义、主要特性和存储结构。,,3,4,王道2027数据结构，二叉树的概念，教材p129（PDF页140）,二叉树的概念,129,教材在“二叉树的概念”中出现或讲解“二叉树的概念”；本节点概括为：说明二叉树的定义、主要特性和存储结构。
DS_TOP_164,二叉树,DataStructure,数据结构,第5章 树与二叉树,每个结点至多有两棵子树，且左右子树有序的树结构。,Binary Tree,2,5,王道2027数据结构，二叉树的概念，教材p129（PDF页140）,二叉树的概念,129,教材在“二叉树的概念”中出现或讲解“二叉树”；本节点概括为：每个结点至多有两棵子树，且左右子树有序的树结构。
DS_TOP_165,左子树,DataStructure,数据结构,第5章 树与二叉树,二叉树结点的左侧子树。,,1,3,王道2027数据结构，二叉树的概念，教材p129（PDF页140）,二叉树的概念,129,教材在“二叉树的概念”中出现或讲解“左子树”；本节点概括为：二叉树结点的左侧子树。
DS_TOP_166,右子树,DataStructure,数据结构,第5章 树与二叉树,二叉树结点的右侧子树。,,1,3,王道2027数据结构，二叉树的概念，教材p129（PDF页140）,二叉树的概念,129,教材在“二叉树的概念”中出现或讲解“右子树”；本节点概括为：二叉树结点的右侧子树。
DS_TOP_167,满二叉树,DataStructure,数据结构,第5章 树与二叉树,除叶结点外每个结点都有两个孩子且叶子在同一层的二叉树。,,2,4,王道2027数据结构，二叉树的概念，教材p129（PDF页140）,二叉树的概念,129,教材在“二叉树的概念”中出现或讲解“满二叉树”；本节点概括为：除叶结点外每个结点都有两个孩子且叶子在同一层的二叉树。
DS_TOP_168,完全二叉树,DataStructure,数据结构,第5章 树与二叉树,按层序编号与同高度满二叉树对应位置一致的二叉树。,,3,5,王道2027数据结构，二叉树的概念，教材p129（PDF页140）,二叉树的概念,129,教材在“二叉树的概念”中出现或讲解“完全二叉树”；本节点概括为：按层序编号与同高度满二叉树对应位置一致的二叉树。
DS_TOP_169,二叉链表,DataStructure,数据结构,第5章 树与二叉树,每个二叉树结点含数据域、左指针和右指针的链式存储结构。,,2,5,王道2027数据结构，二叉树的概念，教材p129（PDF页140）,二叉树的概念,129,教材在“二叉树的概念”中出现或讲解“二叉链表”；本节点概括为：每个二叉树结点含数据域、左指针和右指针的链式存储结构。
DS_TOP_170,顺序存储二叉树,DataStructure,数据结构,第5章 树与二叉树,按层序编号将二叉树结点存入数组的存储方式。,,2,4,王道2027数据结构，二叉树的概念，教材p129（PDF页140）,二叉树的概念,129,教材在“二叉树的概念”中出现或讲解“顺序存储二叉树”；本节点概括为：按层序编号将二叉树结点存入数组的存储方式。
DS_TOP_171,至多两个孩子,Property,数据结构,第5章 树与二叉树,二叉树每个结点最多有两个孩子的性质。,,1,4,王道2027数据结构，二叉树的概念，教材p129（PDF页140）,二叉树的概念,129,教材在“二叉树的概念”中出现或讲解“至多两个孩子”；本节点概括为：二叉树每个结点最多有两个孩子的性质。
DS_TOP_172,二叉树的遍历和线索二叉树,Topic,数据结构,第5章 树与二叉树,说明二叉树遍历序列、线索化思想和线索二叉树。,,3,4,王道2027数据结构，二叉树的遍历和线索二叉树，教材p140（PDF页151）,二叉树的遍历和线索二叉树,140,教材在“二叉树的遍历和线索二叉树”中出现或讲解“二叉树的遍历和线索二叉树”；本节点概括为：说明二叉树遍历序列、线索化思想和线索二叉树。
DS_TOP_173,二叉树遍历,Algorithm,数据结构,第5章 树与二叉树,按照某种次序访问二叉树中每个结点且仅访问一次的过程。,,3,5,王道2027数据结构，二叉树的遍历和线索二叉树，教材p140（PDF页151）,二叉树的遍历和线索二叉树,140,教材在“二叉树的遍历和线索二叉树”中出现或讲解“二叉树遍历”；本节点概括为：按照某种次序访问二叉树中每个结点且仅访问一次的过程。
DS_TOP_174,先序遍历,Algorithm,数据结构,第5章 树与二叉树,按根、左子树、右子树顺序访问二叉树的遍历。,前序遍历,2,5,王道2027数据结构，二叉树的遍历和线索二叉树，教材p140（PDF页151）,二叉树的遍历和线索二叉树,140,教材在“二叉树的遍历和线索二叉树”中出现或讲解“先序遍历”；本节点概括为：按根、左子树、右子树顺序访问二叉树的遍历。
DS_TOP_175,中序遍历,Algorithm,数据结构,第5章 树与二叉树,按左子树、根、右子树顺序访问二叉树的遍历。,,2,5,王道2027数据结构，二叉树的遍历和线索二叉树，教材p140（PDF页151）,二叉树的遍历和线索二叉树,140,教材在“二叉树的遍历和线索二叉树”中出现或讲解“中序遍历”；本节点概括为：按左子树、根、右子树顺序访问二叉树的遍历。
DS_TOP_176,后序遍历,Algorithm,数据结构,第5章 树与二叉树,按左子树、右子树、根顺序访问二叉树的遍历。,,2,5,王道2027数据结构，二叉树的遍历和线索二叉树，教材p140（PDF页151）,二叉树的遍历和线索二叉树,140,教材在“二叉树的遍历和线索二叉树”中出现或讲解“后序遍历”；本节点概括为：按左子树、右子树、根顺序访问二叉树的遍历。
DS_TOP_177,线索二叉树,DataStructure,数据结构,第5章 树与二叉树,利用空指针域存放遍历前驱或后继线索的二叉树。,,4,5,王道2027数据结构，二叉树的遍历和线索二叉树，教材p140（PDF页151）,二叉树的遍历和线索二叉树,140,教材在“二叉树的遍历和线索二叉树”中出现或讲解“线索二叉树”；本节点概括为：利用空指针域存放遍历前驱或后继线索的二叉树。
DS_TOP_178,线索化,Operation,数据结构,第5章 树与二叉树,将二叉树空指针改造为前驱或后继线索的过程。,,4,4,王道2027数据结构，二叉树的遍历和线索二叉树，教材p140（PDF页151）,二叉树的遍历和线索二叉树,140,教材在“二叉树的遍历和线索二叉树”中出现或讲解“线索化”；本节点概括为：将二叉树空指针改造为前驱或后继线索的过程。
DS_TOP_179,前驱线索,ComputingObject,数据结构,第5章 树与二叉树,指向遍历序列中前驱结点的线索。,,3,3,王道2027数据结构，二叉树的遍历和线索二叉树，教材p140（PDF页151）,二叉树的遍历和线索二叉树,140,教材在“二叉树的遍历和线索二叉树”中出现或讲解“前驱线索”；本节点概括为：指向遍历序列中前驱结点的线索。
DS_TOP_180,后继线索,ComputingObject,数据结构,第5章 树与二叉树,指向遍历序列中后继结点的线索。,,3,3,王道2027数据结构，二叉树的遍历和线索二叉树，教材p140（PDF页151）,二叉树的遍历和线索二叉树,140,教材在“二叉树的遍历和线索二叉树”中出现或讲解“后继线索”；本节点概括为：指向遍历序列中后继结点的线索。
DS_TOP_181,中序线索二叉树,DataStructure,数据结构,第5章 树与二叉树,按照中序遍历序列线索化得到的线索二叉树。,,4,4,王道2027数据结构，二叉树的遍历和线索二叉树，教材p140（PDF页151）,二叉树的遍历和线索二叉树,140,教材在“二叉树的遍历和线索二叉树”中出现或讲解“中序线索二叉树”；本节点概括为：按照中序遍历序列线索化得到的线索二叉树。
DS_TOP_182,遍历序列还原二叉树,Example,数据结构,第5章 树与二叉树,根据先序/中序、后序/中序等序列确定二叉树的典型题型。,,4,5,王道2027数据结构，二叉树的遍历和线索二叉树，教材p140（PDF页151）,二叉树的遍历和线索二叉树,140,教材在“二叉树的遍历和线索二叉树”中出现或讲解“遍历序列还原二叉树”；本节点概括为：根据先序/中序、后序/中序等序列确定二叉树的典型题型。
DS_TOP_183,树、森林,Topic,数据结构,第5章 树与二叉树,说明树的存储结构、树/森林与二叉树的转换及遍历。,,3,4,王道2027数据结构，树、森林，教材p168（PDF页179）,树、森林,168,教材在“树、森林”中出现或讲解“树、森林”；本节点概括为：说明树的存储结构、树/森林与二叉树的转换及遍历。
DS_TOP_184,双亲表示法,DataStructure,数据结构,第5章 树与二叉树,用数组记录每个结点及其双亲位置的树存储结构。,,3,3,王道2027数据结构，树、森林，教材p168（PDF页179）,树、森林,168,教材在“树、森林”中出现或讲解“双亲表示法”；本节点概括为：用数组记录每个结点及其双亲位置的树存储结构。
DS_TOP_185,孩子表示法,DataStructure,数据结构,第5章 树与二叉树,用孩子链表记录每个结点孩子集合的树存储结构。,,3,3,王道2027数据结构，树、森林，教材p168（PDF页179）,树、森林,168,教材在“树、森林”中出现或讲解“孩子表示法”；本节点概括为：用孩子链表记录每个结点孩子集合的树存储结构。
DS_TOP_186,孩子兄弟表示法,DataStructure,数据结构,第5章 树与二叉树,用左孩子右兄弟指针表示树的链式存储结构。,,3,5,王道2027数据结构，树、森林，教材p168（PDF页179）,树、森林,168,教材在“树、森林”中出现或讲解“孩子兄弟表示法”；本节点概括为：用左孩子右兄弟指针表示树的链式存储结构。
DS_TOP_187,树与二叉树转换,Mechanism,数据结构,第5章 树与二叉树,用孩子兄弟关系把一般树转换为二叉树的方法。,,3,5,王道2027数据结构，树、森林，教材p168（PDF页179）,树、森林,168,教材在“树、森林”中出现或讲解“树与二叉树转换”；本节点概括为：用孩子兄弟关系把一般树转换为二叉树的方法。
DS_TOP_188,森林与二叉树转换,Mechanism,数据结构,第5章 树与二叉树,把森林中各树按兄弟关系连接并转化为二叉树的方法。,,3,4,王道2027数据结构，树、森林，教材p168（PDF页179）,树、森林,168,教材在“树、森林”中出现或讲解“森林与二叉树转换”；本节点概括为：把森林中各树按兄弟关系连接并转化为二叉树的方法。
DS_TOP_189,树的遍历,Algorithm,数据结构,第5章 树与二叉树,按照先根、后根等次序访问树中结点的过程。,,3,4,王道2027数据结构，树、森林，教材p168（PDF页179）,树、森林,168,教材在“树、森林”中出现或讲解“树的遍历”；本节点概括为：按照先根、后根等次序访问树中结点的过程。
DS_TOP_190,森林的遍历,Algorithm,数据结构,第5章 树与二叉树,按照先序或中序等规则访问森林中所有结点的过程。,,3,3,王道2027数据结构，树、森林，教材p168（PDF页179）,树、森林,168,教材在“树、森林”中出现或讲解“森林的遍历”；本节点概括为：按照先序或中序等规则访问森林中所有结点的过程。
DS_TOP_191,树与二叉树的应用,Topic,数据结构,第5章 树与二叉树,说明哈夫曼树、哈夫曼编码和并查集等应用。,,3,4,王道2027数据结构，树与二叉树的应用，教材p180（PDF页191）,树与二叉树的应用,180,教材在“树与二叉树的应用”中出现或讲解“树与二叉树的应用”；本节点概括为：说明哈夫曼树、哈夫曼编码和并查集等应用。
DS_TOP_192,哈夫曼树,DataStructure,数据结构,第5章 树与二叉树,带权路径长度最小的二叉树。,最优二叉树,4,5,王道2027数据结构，树与二叉树的应用，教材p180（PDF页191）,树与二叉树的应用,180,教材在“树与二叉树的应用”中出现或讲解“哈夫曼树”；本节点概括为：带权路径长度最小的二叉树。
DS_TOP_193,哈夫曼编码,Algorithm,数据结构,第5章 树与二叉树,根据哈夫曼树为字符构造的前缀编码。,,4,5,王道2027数据结构，树与二叉树的应用，教材p180（PDF页191）,树与二叉树的应用,180,教材在“树与二叉树的应用”中出现或讲解“哈夫曼编码”；本节点概括为：根据哈夫曼树为字符构造的前缀编码。
DS_TOP_194,权,Metric,数据结构,第5章 树与二叉树,赋予结点或边的数值，用于度量代价或频率。,,2,4,王道2027数据结构，树与二叉树的应用，教材p180（PDF页191）,树与二叉树的应用,180,教材在“树与二叉树的应用”中出现或讲解“权”；本节点概括为：赋予结点或边的数值，用于度量代价或频率。
DS_TOP_195,带权路径长度,Metric,数据结构,第5章 树与二叉树,树中所有叶结点的权值乘以路径长度之和。,WPL,4,5,王道2027数据结构，树与二叉树的应用，教材p180（PDF页191）,树与二叉树的应用,180,教材在“树与二叉树的应用”中出现或讲解“带权路径长度”；本节点概括为：树中所有叶结点的权值乘以路径长度之和。
DS_TOP_196,前缀编码,Property,数据结构,第5章 树与二叉树,任一编码都不是其他编码前缀的编码性质。,,3,4,王道2027数据结构，树与二叉树的应用，教材p180（PDF页191）,树与二叉树的应用,180,教材在“树与二叉树的应用”中出现或讲解“前缀编码”；本节点概括为：任一编码都不是其他编码前缀的编码性质。
DS_TOP_197,并查集,DataStructure,数据结构,第5章 树与二叉树,支持查找所属集合与合并集合的树形集合结构。,Disjoint Set,4,5,王道2027数据结构，树与二叉树的应用，教材p180（PDF页191）,树与二叉树的应用,180,教材在“树与二叉树的应用”中出现或讲解“并查集”；本节点概括为：支持查找所属集合与合并集合的树形集合结构。
DS_TOP_198,查找根,Operation,数据结构,第5章 树与二叉树,在并查集中找到元素所在集合代表元的操作。,Find,3,4,王道2027数据结构，树与二叉树的应用，教材p180（PDF页191）,树与二叉树的应用,180,教材在“树与二叉树的应用”中出现或讲解“查找根”；本节点概括为：在并查集中找到元素所在集合代表元的操作。
DS_TOP_199,合并集合,Operation,数据结构,第5章 树与二叉树,将两个互不相交集合合并为一个集合的操作。,Union,3,4,王道2027数据结构，树与二叉树的应用，教材p180（PDF页191）,树与二叉树的应用,180,教材在“树与二叉树的应用”中出现或讲解“合并集合”；本节点概括为：将两个互不相交集合合并为一个集合的操作。
DS_TOP_200,路径压缩,Algorithm,数据结构,第5章 树与二叉树,在查找根时压缩结点到根路径以降低后续查找代价的优化。,,4,4,王道2027数据结构，树与二叉树的应用，教材p180（PDF页191）,树与二叉树的应用,180,教材在“树与二叉树的应用”中出现或讲解“路径压缩”；本节点概括为：在查找根时压缩结点到根路径以降低后续查找代价的优化。
DS_TOP_201,并查集查找效率,Metric,数据结构,第5章 树与二叉树,评价并查集查找操作开销的指标。,,4,3,王道2027数据结构，树与二叉树的应用，教材p180（PDF页191）,树与二叉树的应用,180,教材在“树与二叉树的应用”中出现或讲解“并查集查找效率”；本节点概括为：评价并查集查找操作开销的指标。
DS_TOP_202,第6章 图,Topic,数据结构,第6章 图,研究图的基本概念、存储结构、遍历以及最小生成树、最短路径、拓扑排序和关键路径。,,3,5,王道2027数据结构，第6章 图，教材p194（PDF页205）,第6章 图,194,教材在“第6章 图”中出现或讲解“第6章 图”；本节点概括为：研究图的基本概念、存储结构、遍历以及最小生成树、最短路径、拓扑排序和关键路径。
DS_TOP_203,图的基本概念,Topic,数据结构,第6章 图,说明图、顶点、边、度、路径、连通性等基本概念。,,3,4,王道2027数据结构，图的基本概念，教材p194（PDF页205）,图的基本概念,194,教材在“图的基本概念”中出现或讲解“图的基本概念”；本节点概括为：说明图、顶点、边、度、路径、连通性等基本概念。
DS_TOP_204,图,DataStructure,数据结构,第6章 图,由顶点集合和边集合组成的数据结构。,Graph,3,5,王道2027数据结构，图的基本概念，教材p194（PDF页205）,图的基本概念,194,教材在“图的基本概念”中出现或讲解“图”；本节点概括为：由顶点集合和边集合组成的数据结构。
DS_TOP_205,顶点,ComputingObject,数据结构,第6章 图,图中的数据元素。,,1,5,王道2027数据结构，图的基本概念，教材p194（PDF页205）,图的基本概念,194,教材在“图的基本概念”中出现或讲解“顶点”；本节点概括为：图中的数据元素。
DS_TOP_206,边,ComputingObject,数据结构,第6章 图,连接两个顶点的关系。,,1,5,王道2027数据结构，图的基本概念，教材p194（PDF页205）,图的基本概念,194,教材在“图的基本概念”中出现或讲解“边”；本节点概括为：连接两个顶点的关系。
DS_TOP_207,有向图,DataStructure,数据结构,第6章 图,每条边都有方向的图。,,2,4,王道2027数据结构，图的基本概念，教材p194（PDF页205）,图的基本概念,194,教材在“图的基本概念”中出现或讲解“有向图”；本节点概括为：每条边都有方向的图。
DS_TOP_208,无向图,DataStructure,数据结构,第6章 图,每条边没有方向的图。,,2,4,王道2027数据结构，图的基本概念，教材p194（PDF页205）,图的基本概念,194,教材在“图的基本概念”中出现或讲解“无向图”；本节点概括为：每条边没有方向的图。
DS_TOP_209,弧,ComputingObject,数据结构,第6章 图,有向图中的有向边。,,2,3,王道2027数据结构，图的基本概念，教材p194（PDF页205）,图的基本概念,194,教材在“图的基本概念”中出现或讲解“弧”；本节点概括为：有向图中的有向边。
DS_TOP_210,网,DataStructure,数据结构,第6章 图,边或弧带权值的图。,网络,2,4,王道2027数据结构，图的基本概念，教材p194（PDF页205）,图的基本概念,194,教材在“图的基本概念”中出现或讲解“网”；本节点概括为：边或弧带权值的图。
DS_TOP_211,简单图,DataStructure,数据结构,第6章 图,不存在重复边且不存在顶点到自身边的图。,,2,3,王道2027数据结构，图的基本概念，教材p194（PDF页205）,图的基本概念,194,教材在“图的基本概念”中出现或讲解“简单图”；本节点概括为：不存在重复边且不存在顶点到自身边的图。
DS_TOP_212,完全图,DataStructure,数据结构,第6章 图,任意两个顶点之间都有边相连的图。,,3,3,王道2027数据结构，图的基本概念，教材p194（PDF页205）,图的基本概念,194,教材在“图的基本概念”中出现或讲解“完全图”；本节点概括为：任意两个顶点之间都有边相连的图。
DS_TOP_213,子图,DataStructure,数据结构,第6章 图,顶点集合和边集合均为原图子集的图。,,2,3,王道2027数据结构，图的基本概念，教材p194（PDF页205）,图的基本概念,194,教材在“图的基本概念”中出现或讲解“子图”；本节点概括为：顶点集合和边集合均为原图子集的图。
DS_TOP_214,邻接,Concept,数据结构,第6章 图,两个顶点之间存在边或弧相连的关系。,,2,3,王道2027数据结构，图的基本概念，教材p194（PDF页205）,图的基本概念,194,教材在“图的基本概念”中出现或讲解“邻接”；本节点概括为：两个顶点之间存在边或弧相连的关系。
DS_TOP_215,度,Metric,数据结构,第6章 图,无向图中与某顶点相关联的边数。,,2,4,王道2027数据结构，图的基本概念，教材p194（PDF页205）,图的基本概念,194,教材在“图的基本概念”中出现或讲解“度”；本节点概括为：无向图中与某顶点相关联的边数。
DS_TOP_216,入度,Metric,数据结构,第6章 图,有向图中以某顶点为终点的弧数。,,2,4,王道2027数据结构，图的基本概念，教材p194（PDF页205）,图的基本概念,194,教材在“图的基本概念”中出现或讲解“入度”；本节点概括为：有向图中以某顶点为终点的弧数。
DS_TOP_217,出度,Metric,数据结构,第6章 图,有向图中以某顶点为起点的弧数。,,2,4,王道2027数据结构，图的基本概念，教材p194（PDF页205）,图的基本概念,194,教材在“图的基本概念”中出现或讲解“出度”；本节点概括为：有向图中以某顶点为起点的弧数。
DS_TOP_218,连通图,DataStructure,数据结构,第6章 图,任意两个顶点之间都有路径的无向图。,,3,4,王道2027数据结构，图的基本概念，教材p194（PDF页205）,图的基本概念,194,教材在“图的基本概念”中出现或讲解“连通图”；本节点概括为：任意两个顶点之间都有路径的无向图。
DS_TOP_219,强连通图,DataStructure,数据结构,第6章 图,任意两个顶点之间都互相可达的有向图。,,4,4,王道2027数据结构，图的基本概念，教材p194（PDF页205）,图的基本概念,194,教材在“图的基本概念”中出现或讲解“强连通图”；本节点概括为：任意两个顶点之间都互相可达的有向图。
DS_TOP_220,连通分量,DataStructure,数据结构,第6章 图,无向图中的极大连通子图。,,3,4,王道2027数据结构，图的基本概念，教材p194（PDF页205）,图的基本概念,194,教材在“图的基本概念”中出现或讲解“连通分量”；本节点概括为：无向图中的极大连通子图。
DS_TOP_221,强连通分量,DataStructure,数据结构,第6章 图,有向图中的极大强连通子图。,,4,3,王道2027数据结构，图的基本概念，教材p194（PDF页205）,图的基本概念,194,教材在“图的基本概念”中出现或讲解“强连通分量”；本节点概括为：有向图中的极大强连通子图。
DS_TOP_222,生成树,DataStructure,数据结构,第6章 图,连通图中包含全部顶点的极小连通子图。,,3,5,王道2027数据结构，图的基本概念，教材p194（PDF页205）,图的基本概念,194,教材在“图的基本概念”中出现或讲解“生成树”；本节点概括为：连通图中包含全部顶点的极小连通子图。
DS_TOP_223,路径长度,Metric,数据结构,第6章 图,路径上边或弧的数目，带权图中也可表示权值之和。,,2,3,王道2027数据结构，图的基本概念，教材p194（PDF页205）,图的基本概念,194,教材在“图的基本概念”中出现或讲解“路径长度”；本节点概括为：路径上边或弧的数目，带权图中也可表示权值之和。
DS_TOP_224,回路,Concept,数据结构,第6章 图,第一个顶点和最后一个顶点相同的路径。,环,2,3,王道2027数据结构，图的基本概念，教材p194（PDF页205）,图的基本概念,194,教材在“图的基本概念”中出现或讲解“回路”；本节点概括为：第一个顶点和最后一个顶点相同的路径。
DS_TOP_225,图的存储及基本操作,Topic,数据结构,第6章 图,说明邻接矩阵、邻接表、十字链表、邻接多重表及图的基本操作。,,3,4,王道2027数据结构，图的存储及基本操作，教材p201（PDF页212）,图的存储及基本操作,201,教材在“图的存储及基本操作”中出现或讲解“图的存储及基本操作”；本节点概括为：说明邻接矩阵、邻接表、十字链表、邻接多重表及图的基本操作。
DS_TOP_226,邻接矩阵,DataStructure,数据结构,第6章 图,用矩阵表示顶点之间邻接关系的图存储结构。,,3,5,王道2027数据结构，图的存储及基本操作，教材p201（PDF页212）,图的存储及基本操作,201,教材在“图的存储及基本操作”中出现或讲解“邻接矩阵”；本节点概括为：用矩阵表示顶点之间邻接关系的图存储结构。
DS_TOP_227,邻接表,DataStructure,数据结构,第6章 图,为每个顶点建立边表来表示邻接关系的图存储结构。,,3,5,王道2027数据结构，图的存储及基本操作，教材p201（PDF页212）,图的存储及基本操作,201,教材在“图的存储及基本操作”中出现或讲解“邻接表”；本节点概括为：为每个顶点建立边表来表示邻接关系的图存储结构。
DS_TOP_228,十字链表,DataStructure,数据结构,第6章 图,适用于有向图的链式存储结构，结合入边表和出边表。,,4,4,王道2027数据结构，图的存储及基本操作，教材p201（PDF页212）,图的存储及基本操作,201,教材在“图的存储及基本操作”中出现或讲解“十字链表”；本节点概括为：适用于有向图的链式存储结构，结合入边表和出边表。
DS_TOP_229,邻接多重表,DataStructure,数据结构,第6章 图,适用于无向图的链式存储结构，使每条边只存储一次。,,4,3,王道2027数据结构，图的存储及基本操作，教材p201（PDF页212）,图的存储及基本操作,201,教材在“图的存储及基本操作”中出现或讲解“邻接多重表”；本节点概括为：适用于无向图的链式存储结构，使每条边只存储一次。
DS_TOP_230,图的基本操作,Operation,数据结构,第6章 图,包括创建图、访问顶点、插入/删除顶点或边、查找邻接点等操作。,,3,4,王道2027数据结构，图的存储及基本操作，教材p201（PDF页212）,图的存储及基本操作,201,教材在“图的存储及基本操作”中出现或讲解“图的基本操作”；本节点概括为：包括创建图、访问顶点、插入/删除顶点或边、查找邻接点等操作。
DS_TOP_231,访问顶点,Operation,数据结构,第6章 图,读取或处理图中某个顶点信息的操作。,,2,3,王道2027数据结构，图的存储及基本操作，教材p201（PDF页212）,图的存储及基本操作,201,教材在“图的存储及基本操作”中出现或讲解“访问顶点”；本节点概括为：读取或处理图中某个顶点信息的操作。
DS_TOP_232,插入边,Operation,数据结构,第6章 图,在图中添加一条边或弧的操作。,,2,3,王道2027数据结构，图的存储及基本操作，教材p201（PDF页212）,图的存储及基本操作,201,教材在“图的存储及基本操作”中出现或讲解“插入边”；本节点概括为：在图中添加一条边或弧的操作。
DS_TOP_233,删除边,Operation,数据结构,第6章 图,在图中删除一条边或弧的操作。,,2,3,王道2027数据结构，图的存储及基本操作，教材p201（PDF页212）,图的存储及基本操作,201,教材在“图的存储及基本操作”中出现或讲解“删除边”；本节点概括为：在图中删除一条边或弧的操作。
DS_TOP_234,图的遍历,Topic,数据结构,第6章 图,说明广度优先搜索、深度优先搜索及遍历与连通性的关系。,,3,4,王道2027数据结构，图的遍历，教材p214（PDF页225）,图的遍历,214,教材在“图的遍历”中出现或讲解“图的遍历”；本节点概括为：说明广度优先搜索、深度优先搜索及遍历与连通性的关系。
DS_TOP_235,广度优先搜索,Algorithm,数据结构,第6章 图,先访问距离起点近的顶点，再逐层向外扩展的图遍历算法。,BFS,3,5,王道2027数据结构，图的遍历，教材p214（PDF页225）,图的遍历,214,教材在“图的遍历”中出现或讲解“广度优先搜索”；本节点概括为：先访问距离起点近的顶点，再逐层向外扩展的图遍历算法。
DS_TOP_236,深度优先搜索,Algorithm,数据结构,第6章 图,沿一条路径尽可能深入，不能继续时回溯的图遍历算法。,DFS,3,5,王道2027数据结构，图的遍历，教材p214（PDF页225）,图的遍历,214,教材在“图的遍历”中出现或讲解“深度优先搜索”；本节点概括为：沿一条路径尽可能深入，不能继续时回溯的图遍历算法。
DS_TOP_237,BFS树,DataStructure,数据结构,第6章 图,广度优先遍历形成的树。,,3,3,王道2027数据结构，图的遍历，教材p214（PDF页225）,图的遍历,214,教材在“图的遍历”中出现或讲解“BFS树”；本节点概括为：广度优先遍历形成的树。
DS_TOP_238,DFS森林,DataStructure,数据结构,第6章 图,深度优先遍历非连通图时形成的森林。,,3,3,王道2027数据结构，图的遍历，教材p214（PDF页225）,图的遍历,214,教材在“图的遍历”中出现或讲解“DFS森林”；本节点概括为：深度优先遍历非连通图时形成的森林。
DS_TOP_239,访问标记数组,DataStructure,数据结构,第6章 图,用于记录顶点是否已被访问的辅助数组。,,2,4,王道2027数据结构，图的遍历，教材p214（PDF页225）,图的遍历,214,教材在“图的遍历”中出现或讲解“访问标记数组”；本节点概括为：用于记录顶点是否已被访问的辅助数组。
DS_TOP_240,图的应用,Topic,数据结构,第6章 图,说明最小生成树、最短路径、DAG表达式、拓扑排序和关键路径。,,3,4,王道2027数据结构，图的应用，教材p226（PDF页237）,图的应用,226,教材在“图的应用”中出现或讲解“图的应用”；本节点概括为：说明最小生成树、最短路径、DAG表达式、拓扑排序和关键路径。
DS_TOP_241,最小生成树,Problem,数据结构,第6章 图,在连通带权无向图中寻找权值之和最小的生成树问题。,MST,4,5,王道2027数据结构，图的应用，教材p226（PDF页237）,图的应用,226,教材在“图的应用”中出现或讲解“最小生成树”；本节点概括为：在连通带权无向图中寻找权值之和最小的生成树问题。
DS_TOP_242,Prim算法,Algorithm,数据结构,第6章 图,从一个顶点集合逐步扩展构造最小生成树的贪心算法。,,4,5,王道2027数据结构，图的应用，教材p226（PDF页237）,图的应用,226,教材在“图的应用”中出现或讲解“Prim算法”；本节点概括为：从一个顶点集合逐步扩展构造最小生成树的贪心算法。
DS_TOP_243,Kruskal算法,Algorithm,数据结构,第6章 图,按边权从小到大选择边构造最小生成树的贪心算法。,,4,5,王道2027数据结构，图的应用，教材p226（PDF页237）,图的应用,226,教材在“图的应用”中出现或讲解“Kruskal算法”；本节点概括为：按边权从小到大选择边构造最小生成树的贪心算法。
DS_TOP_244,最短路径,Problem,数据结构,第6章 图,在带权图中寻找从源点到目标顶点代价最小路径的问题。,,4,5,王道2027数据结构，图的应用，教材p226（PDF页237）,图的应用,226,教材在“图的应用”中出现或讲解“最短路径”；本节点概括为：在带权图中寻找从源点到目标顶点代价最小路径的问题。
DS_TOP_245,Dijkstra算法,Algorithm,数据结构,第6章 图,求解非负权图单源最短路径的贪心算法。,,4,5,王道2027数据结构，图的应用，教材p226（PDF页237）,图的应用,226,教材在“图的应用”中出现或讲解“Dijkstra算法”；本节点概括为：求解非负权图单源最短路径的贪心算法。
DS_TOP_246,Floyd算法,Algorithm,数据结构,第6章 图,通过动态规划求解所有顶点对最短路径的算法。,,4,4,王道2027数据结构，图的应用，教材p226（PDF页237）,图的应用,226,教材在“图的应用”中出现或讲解“Floyd算法”；本节点概括为：通过动态规划求解所有顶点对最短路径的算法。
DS_TOP_247,有向无环图,DataStructure,数据结构,第6章 图,不存在有向环的有向图。,DAG,3,4,王道2027数据结构，图的应用，教材p226（PDF页237）,图的应用,226,教材在“图的应用”中出现或讲解“有向无环图”；本节点概括为：不存在有向环的有向图。
DS_TOP_248,AOV网,Model,数据结构,第6章 图,用顶点表示活动、边表示活动先后关系的有向无环图。,,4,5,王道2027数据结构，图的应用，教材p226（PDF页237）,图的应用,226,教材在“图的应用”中出现或讲解“AOV网”；本节点概括为：用顶点表示活动、边表示活动先后关系的有向无环图。
DS_TOP_249,AOE网,Model,数据结构,第6章 图,用边表示活动、顶点表示事件的带权有向无环图。,,4,5,王道2027数据结构，图的应用，教材p226（PDF页237）,图的应用,226,教材在“图的应用”中出现或讲解“AOE网”；本节点概括为：用边表示活动、顶点表示事件的带权有向无环图。
DS_TOP_250,拓扑排序,Algorithm,数据结构,第6章 图,对有向无环图顶点进行线性排序，使每条有向边前驱在前。,,4,5,王道2027数据结构，图的应用，教材p226（PDF页237）,图的应用,226,教材在“图的应用”中出现或讲解“拓扑排序”；本节点概括为：对有向无环图顶点进行线性排序，使每条有向边前驱在前。
DS_TOP_251,关键路径,Algorithm,数据结构,第6章 图,在AOE网中从源点到汇点路径长度最大的路径。,,4,5,王道2027数据结构，图的应用，教材p226（PDF页237）,图的应用,226,教材在“图的应用”中出现或讲解“关键路径”；本节点概括为：在AOE网中从源点到汇点路径长度最大的路径。
DS_TOP_252,关键活动,Concept,数据结构,第6章 图,位于关键路径上的活动，延误会影响工程总工期。,,4,4,王道2027数据结构，图的应用，教材p226（PDF页237）,图的应用,226,教材在“图的应用”中出现或讲解“关键活动”；本节点概括为：位于关键路径上的活动，延误会影响工程总工期。
DS_TOP_253,事件最早发生时间,Metric,数据结构,第6章 图,AOE网中事件可能发生的最早时间。,ve,4,4,王道2027数据结构，图的应用，教材p226（PDF页237）,图的应用,226,教材在“图的应用”中出现或讲解“事件最早发生时间”；本节点概括为：AOE网中事件可能发生的最早时间。
DS_TOP_254,事件最迟发生时间,Metric,数据结构,第6章 图,不影响总工期前提下事件允许发生的最迟时间。,vl,4,4,王道2027数据结构，图的应用，教材p226（PDF页237）,图的应用,226,教材在“图的应用”中出现或讲解“事件最迟发生时间”；本节点概括为：不影响总工期前提下事件允许发生的最迟时间。
DS_TOP_255,第7章 查找,Topic,数据结构,第7章 查找,研究静态查找、树形查找、B树/B+树和散列表及其性能分析。,,3,5,王道2027数据结构，第7章 查找，教材p264（PDF页275）,第7章 查找,264,教材在“第7章 查找”中出现或讲解“第7章 查找”；本节点概括为：研究静态查找、树形查找、B树/B+树和散列表及其性能分析。
DS_TOP_256,查找的基本概念,Topic,数据结构,第7章 查找,说明查找表、关键字、平均查找长度等基本概念。,,3,4,王道2027数据结构，查找的基本概念，教材p264（PDF页275）,查找的基本概念,264,教材在“查找的基本概念”中出现或讲解“查找的基本概念”；本节点概括为：说明查找表、关键字、平均查找长度等基本概念。
DS_TOP_257,查找,Operation,数据结构,第7章 查找,在数据集合中寻找满足给定条件的数据元素的过程。,Search,2,5,王道2027数据结构，查找的基本概念，教材p264（PDF页275）,查找的基本概念,264,教材在“查找的基本概念”中出现或讲解“查找”；本节点概括为：在数据集合中寻找满足给定条件的数据元素的过程。
DS_TOP_258,查找表,DataStructure,数据结构,第7章 查找,由同一类型数据元素或记录构成的集合。,,2,4,王道2027数据结构，查找的基本概念，教材p264（PDF页275）,查找的基本概念,264,教材在“查找的基本概念”中出现或讲解“查找表”；本节点概括为：由同一类型数据元素或记录构成的集合。
DS_TOP_259,关键字,ComputingObject,数据结构,第7章 查找,数据元素中可用于标识或比较的数据项。,,2,5,王道2027数据结构，查找的基本概念，教材p264（PDF页275）,查找的基本概念,264,教材在“查找的基本概念”中出现或讲解“关键字”；本节点概括为：数据元素中可用于标识或比较的数据项。
DS_TOP_260,主关键字,ComputingObject,数据结构,第7章 查找,能唯一标识一个记录的关键字。,,2,3,王道2027数据结构，查找的基本概念，教材p264（PDF页275）,查找的基本概念,264,教材在“查找的基本概念”中出现或讲解“主关键字”；本节点概括为：能唯一标识一个记录的关键字。
DS_TOP_261,次关键字,ComputingObject,数据结构,第7章 查找,不能唯一标识一个记录的关键字。,,2,2,王道2027数据结构，查找的基本概念，教材p264（PDF页275）,查找的基本概念,264,教材在“查找的基本概念”中出现或讲解“次关键字”；本节点概括为：不能唯一标识一个记录的关键字。
DS_TOP_262,平均查找长度,Metric,数据结构,第7章 查找,查找过程中关键字比较次数的期望值。,ASL,4,5,王道2027数据结构，查找的基本概念，教材p264（PDF页275）,查找的基本概念,264,教材在“查找的基本概念”中出现或讲解“平均查找长度”；本节点概括为：查找过程中关键字比较次数的期望值。
DS_TOP_263,静态查找表,DataStructure,数据结构,第7章 查找,只进行查找而不进行动态插入删除的查找表。,,2,3,王道2027数据结构，查找的基本概念，教材p264（PDF页275）,查找的基本概念,264,教材在“查找的基本概念”中出现或讲解“静态查找表”；本节点概括为：只进行查找而不进行动态插入删除的查找表。
DS_TOP_264,动态查找表,DataStructure,数据结构,第7章 查找,查找过程中还可能插入或删除元素的查找表。,,3,3,王道2027数据结构，查找的基本概念，教材p264（PDF页275）,查找的基本概念,264,教材在“查找的基本概念”中出现或讲解“动态查找表”；本节点概括为：查找过程中还可能插入或删除元素的查找表。
DS_TOP_265,顺序查找和折半查找,Topic,数据结构,第7章 查找,说明顺序查找、折半查找和分块查找。,,3,4,王道2027数据结构，顺序查找和折半查找，教材p265（PDF页276）,顺序查找和折半查找,265,教材在“顺序查找和折半查找”中出现或讲解“顺序查找和折半查找”；本节点概括为：说明顺序查找、折半查找和分块查找。
DS_TOP_266,顺序查找,Algorithm,数据结构,第7章 查找,从表的一端开始逐个比较关键字的查找方法。,,2,5,王道2027数据结构，顺序查找和折半查找，教材p265（PDF页276）,顺序查找和折半查找,265,教材在“顺序查找和折半查找”中出现或讲解“顺序查找”；本节点概括为：从表的一端开始逐个比较关键字的查找方法。
DS_TOP_267,折半查找,Algorithm,数据结构,第7章 查找,在有序顺序表中不断缩小查找区间的查找方法。,二分查找,3,5,王道2027数据结构，顺序查找和折半查找，教材p265（PDF页276）,顺序查找和折半查找,265,教材在“顺序查找和折半查找”中出现或讲解“折半查找”；本节点概括为：在有序顺序表中不断缩小查找区间的查找方法。
DS_TOP_268,有序表,DataStructure,数据结构,第7章 查找,元素按关键字有序排列的线性表。,,2,4,王道2027数据结构，顺序查找和折半查找，教材p265（PDF页276）,顺序查找和折半查找,265,教材在“顺序查找和折半查找”中出现或讲解“有序表”；本节点概括为：元素按关键字有序排列的线性表。
DS_TOP_269,分块查找,Algorithm,数据结构,第7章 查找,将表分块并通过索引定位块，再在块内查找的方法。,索引顺序查找,3,4,王道2027数据结构，顺序查找和折半查找，教材p265（PDF页276）,顺序查找和折半查找,265,教材在“顺序查找和折半查找”中出现或讲解“分块查找”；本节点概括为：将表分块并通过索引定位块，再在块内查找的方法。
DS_TOP_270,索引表,DataStructure,数据结构,第7章 查找,记录各块最大关键字及块起始位置的辅助表。,,3,4,王道2027数据结构，顺序查找和折半查找，教材p265（PDF页276）,顺序查找和折半查找,265,教材在“顺序查找和折半查找”中出现或讲解“索引表”；本节点概括为：记录各块最大关键字及块起始位置的辅助表。
DS_TOP_271,树形查找,Topic,数据结构,第7章 查找,说明二叉排序树、平衡二叉树和红黑树。,,3,4,王道2027数据结构，树形查找，教材p278（PDF页289）,树形查找,278,教材在“树形查找”中出现或讲解“树形查找”；本节点概括为：说明二叉排序树、平衡二叉树和红黑树。
DS_TOP_272,二叉排序树,DataStructure,数据结构,第7章 查找,左子树关键字小于根、右子树关键字大于根的二叉树。,BST,3,5,王道2027数据结构，树形查找，教材p278（PDF页289）,树形查找,278,教材在“树形查找”中出现或讲解“二叉排序树”；本节点概括为：左子树关键字小于根、右子树关键字大于根的二叉树。
DS_TOP_273,平衡二叉树,DataStructure,数据结构,第7章 查找,任意结点左右子树高度差不超过规定范围的二叉排序树。,AVL树,4,5,王道2027数据结构，树形查找，教材p278（PDF页289）,树形查找,278,教材在“树形查找”中出现或讲解“平衡二叉树”；本节点概括为：任意结点左右子树高度差不超过规定范围的二叉排序树。
DS_TOP_274,AVL树,DataStructure,数据结构,第7章 查找,高度平衡的二叉排序树。,,4,4,王道2027数据结构，树形查找，教材p278（PDF页289）,树形查找,278,教材在“树形查找”中出现或讲解“AVL树”；本节点概括为：高度平衡的二叉排序树。
DS_TOP_275,平衡因子,Metric,数据结构,第7章 查找,结点左子树高度与右子树高度之差。,,4,4,王道2027数据结构，树形查找，教材p278（PDF页289）,树形查找,278,教材在“树形查找”中出现或讲解“平衡因子”；本节点概括为：结点左子树高度与右子树高度之差。
DS_TOP_276,红黑树,DataStructure,数据结构,第7章 查找,通过颜色和旋转维持近似平衡的二叉查找树。,,5,4,王道2027数据结构，树形查找，教材p278（PDF页289）,树形查找,278,教材在“树形查找”中出现或讲解“红黑树”；本节点概括为：通过颜色和旋转维持近似平衡的二叉查找树。
DS_TOP_277,旋转操作,Operation,数据结构,第7章 查找,平衡树调整结构以恢复平衡的操作。,,4,4,王道2027数据结构，树形查找，教材p278（PDF页289）,树形查找,278,教材在“树形查找”中出现或讲解“旋转操作”；本节点概括为：平衡树调整结构以恢复平衡的操作。
DS_TOP_278,B树和B+树,Topic,数据结构,第7章 查找,说明B树、B+树及其基本操作和适用场景。,,3,4,王道2027数据结构，B树和B+树，教材p304（PDF页315）,B树和B+树,304,教材在“B树和B+树”中出现或讲解“B树和B+树”；本节点概括为：说明B树、B+树及其基本操作和适用场景。
DS_TOP_279,B树,DataStructure,数据结构,第7章 查找,一种多路平衡查找树，适合外存索引。,,5,5,王道2027数据结构，B树和B+树，教材p304（PDF页315）,B树和B+树,304,教材在“B树和B+树”中出现或讲解“B树”；本节点概括为：一种多路平衡查找树，适合外存索引。
DS_TOP_280,B+树,DataStructure,数据结构,第7章 查找,叶结点包含全部关键字并按序链接的多路查找树。,,5,5,王道2027数据结构，B树和B+树，教材p304（PDF页315）,B树和B+树,304,教材在“B树和B+树”中出现或讲解“B+树”；本节点概括为：叶结点包含全部关键字并按序链接的多路查找树。
DS_TOP_281,多路查找树,DataStructure,数据结构,第7章 查找,每个结点可拥有多个关键字和多棵子树的查找树。,,4,4,王道2027数据结构，B树和B+树，教材p304（PDF页315）,B树和B+树,304,教材在“B树和B+树”中出现或讲解“多路查找树”；本节点概括为：每个结点可拥有多个关键字和多棵子树的查找树。
DS_TOP_282,文件索引,Application,数据结构,第7章 查找,利用B树或B+树降低外存查找次数的应用场景。,,4,4,王道2027数据结构，B树和B+树，教材p304（PDF页315）,B树和B+树,304,教材在“B树和B+树”中出现或讲解“文件索引”；本节点概括为：利用B树或B+树降低外存查找次数的应用场景。
DS_TOP_283,范围查询,Application,数据结构,第7章 查找,查询某一关键字区间内所有记录的操作场景。,,4,3,王道2027数据结构，B树和B+树，教材p304（PDF页315）,B树和B+树,304,教材在“B树和B+树”中出现或讲解“范围查询”；本节点概括为：查询某一关键字区间内所有记录的操作场景。
DS_TOP_284,散列(Hash)表,Topic,数据结构,第7章 查找,说明散列表、散列函数、冲突处理和性能分析。,,3,4,王道2027数据结构，散列(Hash)表，教材p317（PDF页328）,散列(Hash)表,317,教材在“散列(Hash)表”中出现或讲解“散列(Hash)表”；本节点概括为：说明散列表、散列函数、冲突处理和性能分析。
DS_TOP_285,散列表,DataStructure,数据结构,第7章 查找,根据关键字经散列函数映射到存储地址的查找结构。,"哈希表,Hash表",4,5,王道2027数据结构，散列(Hash)表，教材p317（PDF页328）,散列(Hash)表,317,教材在“散列(Hash)表”中出现或讲解“散列表”；本节点概括为：根据关键字经散列函数映射到存储地址的查找结构。
DS_TOP_286,散列函数,Algorithm,数据结构,第7章 查找,把关键字映射为散列表地址的函数。,哈希函数,4,5,王道2027数据结构，散列(Hash)表，教材p317（PDF页328）,散列(Hash)表,317,教材在“散列(Hash)表”中出现或讲解“散列函数”；本节点概括为：把关键字映射为散列表地址的函数。
DS_TOP_287,同义词,Concept,数据结构,第7章 查找,经散列函数映射到同一地址的不同关键字。,,3,3,王道2027数据结构，散列(Hash)表，教材p317（PDF页328）,散列(Hash)表,317,教材在“散列(Hash)表”中出现或讲解“同义词”；本节点概括为：经散列函数映射到同一地址的不同关键字。
DS_TOP_288,哈希冲突,Problem,数据结构,第7章 查找,不同关键字被映射到同一散列地址的问题。,冲突,4,5,王道2027数据结构，散列(Hash)表，教材p317（PDF页328）,散列(Hash)表,317,教材在“散列(Hash)表”中出现或讲解“哈希冲突”；本节点概括为：不同关键字被映射到同一散列地址的问题。
DS_TOP_289,开放定址法,Algorithm,数据结构,第7章 查找,冲突时在散列表中按某探测序列寻找空位的方法。,,4,5,王道2027数据结构，散列(Hash)表，教材p317（PDF页328）,散列(Hash)表,317,教材在“散列(Hash)表”中出现或讲解“开放定址法”；本节点概括为：冲突时在散列表中按某探测序列寻找空位的方法。
DS_TOP_290,线性探测法,Algorithm,数据结构,第7章 查找,开放定址法中按固定步长逐位探测的冲突处理方法。,,4,4,王道2027数据结构，散列(Hash)表，教材p317（PDF页328）,散列(Hash)表,317,教材在“散列(Hash)表”中出现或讲解“线性探测法”；本节点概括为：开放定址法中按固定步长逐位探测的冲突处理方法。
DS_TOP_291,平方探测法,Algorithm,数据结构,第7章 查找,开放定址法中按平方序列探测的冲突处理方法。,,4,3,王道2027数据结构，散列(Hash)表，教材p317（PDF页328）,散列(Hash)表,317,教材在“散列(Hash)表”中出现或讲解“平方探测法”；本节点概括为：开放定址法中按平方序列探测的冲突处理方法。
DS_TOP_292,再散列法,Algorithm,数据结构,第7章 查找,冲突时使用另一个散列函数计算新地址的方法。,,4,3,王道2027数据结构，散列(Hash)表，教材p317（PDF页328）,散列(Hash)表,317,教材在“散列(Hash)表”中出现或讲解“再散列法”；本节点概括为：冲突时使用另一个散列函数计算新地址的方法。
DS_TOP_293,拉链法,Algorithm,数据结构,第7章 查找,将同义词存入同一地址对应链表中的冲突处理方法。,链地址法,4,5,王道2027数据结构，散列(Hash)表，教材p317（PDF页328）,散列(Hash)表,317,教材在“散列(Hash)表”中出现或讲解“拉链法”；本节点概括为：将同义词存入同一地址对应链表中的冲突处理方法。
DS_TOP_294,装填因子,Metric,数据结构,第7章 查找,散列表中已存元素个数与表长之比。,,4,5,王道2027数据结构，散列(Hash)表，教材p317（PDF页328）,散列(Hash)表,317,教材在“散列(Hash)表”中出现或讲解“装填因子”；本节点概括为：散列表中已存元素个数与表长之比。
DS_TOP_295,查找性能下降,Problem,数据结构,第7章 查找,冲突过多导致平均查找长度增大的现象。,,4,4,王道2027数据结构，散列(Hash)表，教材p317（PDF页328）,散列(Hash)表,317,教材在“散列(Hash)表”中出现或讲解“查找性能下降”；本节点概括为：冲突过多导致平均查找长度增大的现象。
DS_TOP_296,第8章 排序,Topic,数据结构,第8章 排序,研究内部排序和外部排序，包括插入、交换、选择、归并、基数排序以及多路归并等。,,3,5,王道2027数据结构，第8章 排序，教材p331（PDF页342）,第8章 排序,331,教材在“第8章 排序”中出现或讲解“第8章 排序”；本节点概括为：研究内部排序和外部排序，包括插入、交换、选择、归并、基数排序以及多路归并等。
DS_TOP_297,排序的基本概念,Topic,数据结构,第8章 排序,说明排序、内部排序、外部排序和稳定性等基本概念。,,3,4,王道2027数据结构，排序的基本概念，教材p331（PDF页342）,排序的基本概念,331,教材在“排序的基本概念”中出现或讲解“排序的基本概念”；本节点概括为：说明排序、内部排序、外部排序和稳定性等基本概念。
DS_TOP_298,排序,Algorithm,数据结构,第8章 排序,将一组记录按关键字递增或递减排列的过程。,Sort,2,5,王道2027数据结构，排序的基本概念，教材p331（PDF页342）,排序的基本概念,331,教材在“排序的基本概念”中出现或讲解“排序”；本节点概括为：将一组记录按关键字递增或递减排列的过程。
DS_TOP_299,内部排序,Algorithm,数据结构,第8章 排序,排序过程全部在内存中完成的排序。,,2,5,王道2027数据结构，排序的基本概念，教材p331（PDF页342）,排序的基本概念,331,教材在“排序的基本概念”中出现或讲解“内部排序”；本节点概括为：排序过程全部在内存中完成的排序。
DS_TOP_300,外部排序,Topic,数据结构,第8章 排序,待排序数据量太大，需借助外存完成的排序。,,3,4,王道2027数据结构，排序的基本概念，教材p331（PDF页342）,排序的基本概念,331,教材在“排序的基本概念”中出现或讲解“外部排序”；本节点概括为：待排序数据量太大，需借助外存完成的排序。
DS_TOP_301,排序稳定性,Property,数据结构,第8章 排序,关键字相等的记录排序前后相对次序不变的性质。,稳定性,3,5,王道2027数据结构，排序的基本概念，教材p331（PDF页342）,排序的基本概念,331,教材在“排序的基本概念”中出现或讲解“排序稳定性”；本节点概括为：关键字相等的记录排序前后相对次序不变的性质。
DS_TOP_302,关键字比较次数,Metric,数据结构,第8章 排序,排序过程中关键字比较操作执行的次数。,,3,4,王道2027数据结构，排序的基本概念，教材p331（PDF页342）,排序的基本概念,331,教材在“排序的基本概念”中出现或讲解“关键字比较次数”；本节点概括为：排序过程中关键字比较操作执行的次数。
DS_TOP_303,记录移动次数,Metric,数据结构,第8章 排序,排序过程中记录移动或交换操作执行的次数。,,3,4,王道2027数据结构，排序的基本概念，教材p331（PDF页342）,排序的基本概念,331,教材在“排序的基本概念”中出现或讲解“记录移动次数”；本节点概括为：排序过程中记录移动或交换操作执行的次数。
DS_TOP_304,插入排序,Topic,数据结构,第8章 排序,说明直接插入排序、折半插入排序和希尔排序。,,3,4,王道2027数据结构，插入排序，教材p333（PDF页344）,插入排序,333,教材在“插入排序”中出现或讲解“插入排序”；本节点概括为：说明直接插入排序、折半插入排序和希尔排序。
DS_TOP_305,直接插入排序,Algorithm,数据结构,第8章 排序,顺序查找插入位置并移动元素的插入排序算法。,,2,5,王道2027数据结构，插入排序，教材p333（PDF页344）,插入排序,333,教材在“插入排序”中出现或讲解“直接插入排序”；本节点概括为：顺序查找插入位置并移动元素的插入排序算法。
DS_TOP_306,折半插入排序,Algorithm,数据结构,第8章 排序,用折半查找确定插入位置的插入排序算法。,,3,4,王道2027数据结构，插入排序，教材p333（PDF页344）,插入排序,333,教材在“插入排序”中出现或讲解“折半插入排序”；本节点概括为：用折半查找确定插入位置的插入排序算法。
DS_TOP_307,希尔排序,Algorithm,数据结构,第8章 排序,按增量分组进行直接插入排序的改进算法。,,4,4,王道2027数据结构，插入排序，教材p333（PDF页344）,插入排序,333,教材在“插入排序”中出现或讲解“希尔排序”；本节点概括为：按增量分组进行直接插入排序的改进算法。
DS_TOP_308,增量序列,Concept,数据结构,第8章 排序,希尔排序中逐步缩小的分组间隔序列。,,4,3,王道2027数据结构，插入排序，教材p333（PDF页344）,插入排序,333,教材在“插入排序”中出现或讲解“增量序列”；本节点概括为：希尔排序中逐步缩小的分组间隔序列。
DS_TOP_309,交换排序,Topic,数据结构,第8章 排序,说明冒泡排序和快速排序。,,3,4,王道2027数据结构，交换排序，教材p340（PDF页351）,交换排序,340,教材在“交换排序”中出现或讲解“交换排序”；本节点概括为：说明冒泡排序和快速排序。
DS_TOP_310,冒泡排序,Algorithm,数据结构,第8章 排序,反复比较相邻元素并交换逆序对的排序算法。,,2,5,王道2027数据结构，交换排序，教材p340（PDF页351）,交换排序,340,教材在“交换排序”中出现或讲解“冒泡排序”；本节点概括为：反复比较相邻元素并交换逆序对的排序算法。
DS_TOP_311,快速排序,Algorithm,数据结构,第8章 排序,通过枢轴划分子表并递归排序的交换排序算法。,快排,4,5,王道2027数据结构，交换排序，教材p340（PDF页351）,交换排序,340,教材在“交换排序”中出现或讲解“快速排序”；本节点概括为：通过枢轴划分子表并递归排序的交换排序算法。
DS_TOP_312,枢轴,ComputingObject,数据结构,第8章 排序,快速排序划分过程中用于分割序列的基准元素。,pivot,3,4,王道2027数据结构，交换排序，教材p340（PDF页351）,交换排序,340,教材在“交换排序”中出现或讲解“枢轴”；本节点概括为：快速排序划分过程中用于分割序列的基准元素。
DS_TOP_313,划分操作,Operation,数据结构,第8章 排序,将序列按枢轴分成左右两部分的操作。,,4,4,王道2027数据结构，交换排序，教材p340（PDF页351）,交换排序,340,教材在“交换排序”中出现或讲解“划分操作”；本节点概括为：将序列按枢轴分成左右两部分的操作。
DS_TOP_314,分治思想,Mechanism,数据结构,第8章 排序,将大问题分解为若干相似子问题分别求解再合并的思想。,分治,3,5,王道2027数据结构，交换排序，教材p340（PDF页351）,交换排序,340,教材在“交换排序”中出现或讲解“分治思想”；本节点概括为：将大问题分解为若干相似子问题分别求解再合并的思想。
DS_TOP_315,选择排序,Topic,数据结构,第8章 排序,说明简单选择排序和堆排序。,,3,4,王道2027数据结构，选择排序，教材p351（PDF页362）,选择排序,351,教材在“选择排序”中出现或讲解“选择排序”；本节点概括为：说明简单选择排序和堆排序。
DS_TOP_316,简单选择排序,Algorithm,数据结构,第8章 排序,每趟选择最小元素与待排序部分第一个元素交换的排序算法。,,2,4,王道2027数据结构，选择排序，教材p351（PDF页362）,选择排序,351,教材在“选择排序”中出现或讲解“简单选择排序”；本节点概括为：每趟选择最小元素与待排序部分第一个元素交换的排序算法。
DS_TOP_317,堆排序,Algorithm,数据结构,第8章 排序,利用堆结构反复选择最大或最小元素的排序算法。,,4,5,王道2027数据结构，选择排序，教材p351（PDF页362）,选择排序,351,教材在“选择排序”中出现或讲解“堆排序”；本节点概括为：利用堆结构反复选择最大或最小元素的排序算法。
DS_TOP_318,堆,DataStructure,数据结构,第8章 排序,满足堆序性质的完全二叉树。,,4,5,王道2027数据结构，选择排序，教材p351（PDF页362）,选择排序,351,教材在“选择排序”中出现或讲解“堆”；本节点概括为：满足堆序性质的完全二叉树。
DS_TOP_319,大根堆,DataStructure,数据结构,第8章 排序,每个结点关键字不小于其孩子结点关键字的堆。,最大堆,3,4,王道2027数据结构，选择排序，教材p351（PDF页362）,选择排序,351,教材在“选择排序”中出现或讲解“大根堆”；本节点概括为：每个结点关键字不小于其孩子结点关键字的堆。
DS_TOP_320,小根堆,DataStructure,数据结构,第8章 排序,每个结点关键字不大于其孩子结点关键字的堆。,最小堆,3,4,王道2027数据结构，选择排序，教材p351（PDF页362）,选择排序,351,教材在“选择排序”中出现或讲解“小根堆”；本节点概括为：每个结点关键字不大于其孩子结点关键字的堆。
DS_TOP_321,建堆,Operation,数据结构,第8章 排序,将无序序列调整为堆的操作。,,4,4,王道2027数据结构，选择排序，教材p351（PDF页362）,选择排序,351,教材在“选择排序”中出现或讲解“建堆”；本节点概括为：将无序序列调整为堆的操作。
DS_TOP_322,归并排序、基数排序和计数排序,Topic,数据结构,第8章 排序,说明归并排序、基数排序和计数排序。,,3,4,王道2027数据结构，归并排序、基数排序和计数排序，教材p363（PDF页374）,归并排序、基数排序和计数排序,363,教材在“归并排序、基数排序和计数排序”中出现或讲解“归并排序、基数排序和计数排序”；本节点概括为：说明归并排序、基数排序和计数排序。
DS_TOP_323,归并排序,Algorithm,数据结构,第8章 排序,将有序子序列合并成更大有序序列的排序算法。,,3,5,王道2027数据结构，归并排序、基数排序和计数排序，教材p363（PDF页374）,归并排序、基数排序和计数排序,363,教材在“归并排序、基数排序和计数排序”中出现或讲解“归并排序”；本节点概括为：将有序子序列合并成更大有序序列的排序算法。
DS_TOP_324,二路归并,Algorithm,数据结构,第8章 排序,每次把两个有序序列合并为一个有序序列的方法。,,3,4,王道2027数据结构，归并排序、基数排序和计数排序，教材p363（PDF页374）,归并排序、基数排序和计数排序,363,教材在“归并排序、基数排序和计数排序”中出现或讲解“二路归并”；本节点概括为：每次把两个有序序列合并为一个有序序列的方法。
DS_TOP_325,基数排序,Algorithm,数据结构,第8章 排序,按关键字各位分配和收集的非比较排序算法。,,4,4,王道2027数据结构，归并排序、基数排序和计数排序，教材p363（PDF页374）,归并排序、基数排序和计数排序,363,教材在“归并排序、基数排序和计数排序”中出现或讲解“基数排序”；本节点概括为：按关键字各位分配和收集的非比较排序算法。
DS_TOP_326,计数排序,Algorithm,数据结构,第8章 排序,利用计数数组统计关键字出现次数的排序算法。,,3,3,王道2027数据结构，归并排序、基数排序和计数排序，教材p363（PDF页374）,归并排序、基数排序和计数排序,363,教材在“归并排序、基数排序和计数排序”中出现或讲解“计数排序”；本节点概括为：利用计数数组统计关键字出现次数的排序算法。
DS_TOP_327,分配,Operation,数据结构,第8章 排序,基数排序中按当前位关键字把记录放入桶的操作。,,3,3,王道2027数据结构，归并排序、基数排序和计数排序，教材p363（PDF页374）,归并排序、基数排序和计数排序,363,教材在“归并排序、基数排序和计数排序”中出现或讲解“分配”；本节点概括为：基数排序中按当前位关键字把记录放入桶的操作。
DS_TOP_328,收集,Operation,数据结构,第8章 排序,基数排序中按桶顺序取出记录形成新序列的操作。,,3,3,王道2027数据结构，归并排序、基数排序和计数排序，教材p363（PDF页374）,归并排序、基数排序和计数排序,363,教材在“归并排序、基数排序和计数排序”中出现或讲解“收集”；本节点概括为：基数排序中按桶顺序取出记录形成新序列的操作。
DS_TOP_329,各种内部排序算法的比较及应用,Topic,数据结构,第8章 排序,比较内部排序算法的复杂度、稳定性和适用条件。,,3,4,王道2027数据结构，各种内部排序算法的比较及应用，教材p373（PDF页384）,各种内部排序算法的比较及应用,373,教材在“各种内部排序算法的比较及应用”中出现或讲解“各种内部排序算法的比较及应用”；本节点概括为：比较内部排序算法的复杂度、稳定性和适用条件。
DS_TOP_330,内部排序算法比较,Concept,数据结构,第8章 排序,从时间复杂度、空间复杂度、稳定性和适用场景比较各类内部排序算法。,,3,5,王道2027数据结构，各种内部排序算法的比较及应用，教材p373（PDF页384）,各种内部排序算法的比较及应用,373,教材在“各种内部排序算法的比较及应用”中出现或讲解“内部排序算法比较”；本节点概括为：从时间复杂度、空间复杂度、稳定性和适用场景比较各类内部排序算法。
DS_TOP_331,最好情况,Concept,数据结构,第8章 排序,算法输入处于最有利状态的情况。,,2,3,王道2027数据结构，各种内部排序算法的比较及应用，教材p373（PDF页384）,各种内部排序算法的比较及应用,373,教材在“各种内部排序算法的比较及应用”中出现或讲解“最好情况”；本节点概括为：算法输入处于最有利状态的情况。
DS_TOP_332,最坏情况,Concept,数据结构,第8章 排序,算法输入处于最不利状态的情况。,,2,4,王道2027数据结构，各种内部排序算法的比较及应用，教材p373（PDF页384）,各种内部排序算法的比较及应用,373,教材在“各种内部排序算法的比较及应用”中出现或讲解“最坏情况”；本节点概括为：算法输入处于最不利状态的情况。
DS_TOP_333,平均情况,Concept,数据结构,第8章 排序,按概率统计的典型输入状态。,,2,3,王道2027数据结构，各种内部排序算法的比较及应用，教材p373（PDF页384）,各种内部排序算法的比较及应用,373,教材在“各种内部排序算法的比较及应用”中出现或讲解“平均情况”；本节点概括为：按概率统计的典型输入状态。
DS_TOP_334,外部排序方法,Mechanism,数据结构,第8章 排序,利用内存缓冲区和外存归并完成大文件排序的方法。,,4,4,王道2027数据结构，外部排序，教材p380（PDF页391）,外部排序,380,教材在“外部排序”中出现或讲解“外部排序方法”；本节点概括为：利用内存缓冲区和外存归并完成大文件排序的方法。
DS_TOP_335,归并段,DataStructure,数据结构,第8章 排序,外部排序中已经有序的一段记录序列。,,4,4,王道2027数据结构，外部排序，教材p380（PDF页391）,外部排序,380,教材在“外部排序”中出现或讲解“归并段”；本节点概括为：外部排序中已经有序的一段记录序列。
DS_TOP_336,多路平衡归并,Algorithm,数据结构,第8章 排序,每趟同时归并多个有序归并段且各路基本均衡的方法。,,4,5,王道2027数据结构，外部排序，教材p380（PDF页391）,外部排序,380,教材在“外部排序”中出现或讲解“多路平衡归并”；本节点概括为：每趟同时归并多个有序归并段且各路基本均衡的方法。
DS_TOP_337,败者树,DataStructure,数据结构,第8章 排序,用于高效选择多路归并中最小关键字记录的选择树。,,5,5,王道2027数据结构，外部排序，教材p380（PDF页391）,外部排序,380,教材在“外部排序”中出现或讲解“败者树”；本节点概括为：用于高效选择多路归并中最小关键字记录的选择树。
DS_TOP_338,置换选择排序,Algorithm,数据结构,第8章 排序,利用工作区生成较长初始归并段的外部排序方法。,,5,5,王道2027数据结构，外部排序，教材p380（PDF页391）,外部排序,380,教材在“外部排序”中出现或讲解“置换选择排序”；本节点概括为：利用工作区生成较长初始归并段的外部排序方法。
DS_TOP_339,初始归并段,DataStructure,数据结构,第8章 排序,外部排序第一阶段生成的有序段。,,4,4,王道2027数据结构，外部排序，教材p380（PDF页391）,外部排序,380,教材在“外部排序”中出现或讲解“初始归并段”；本节点概括为：外部排序第一阶段生成的有序段。
DS_TOP_340,最佳归并树,Algorithm,数据结构,第8章 排序,使外部归并总代价最小的归并方案。,,5,4,王道2027数据结构，外部排序，教材p380（PDF页391）,外部排序,380,教材在“外部排序”中出现或讲解“最佳归并树”；本节点概括为：使外部归并总代价最小的归并方案。
DS_TOP_341,外部归并I/O次数,Metric,数据结构,第8章 排序,衡量外部排序读写外存次数的指标。,,4,4,王道2027数据结构，外部排序，教材p380（PDF页391）,外部排序,380,教材在“外部排序”中出现或讲解“外部归并I/O次数”；本节点概括为：衡量外部排序读写外存次数的指标。
DS_TOP_342,排序效率,Metric,数据结构,第8章 排序,评价排序算法时间、空间和稳定性的综合目标。,,3,4,王道2027数据结构，外部排序，教材p380（PDF页391）,外部排序,380,教材在“外部排序”中出现或讲解“排序效率”；本节点概括为：评价排序算法时间、空间和稳定性的综合目标。
DS_TOP_343,查找效率,Metric,数据结构,第7章 查找,评价查找过程比较次数或访问开销的综合指标。,,3,4,王道2027数据结构，查找的基本概念，教材p264（PDF页275）,查找的基本概念,264,根据教材章节体系和知识点关系补充“查找效率”节点，用于连接相关考点；本节点概括为：评价查找过程比较次数或访问开销的综合指标。
DS_TOP_344,模式匹配效率,Metric,数据结构,第4章 串,评价串模式匹配算法比较次数与回溯开销的指标。,,3,4,王道2027数据结构，串的模式匹配，教材p111（PDF页122）,串的模式匹配,111,根据教材章节体系和知识点关系补充“模式匹配效率”节点，用于连接相关考点；本节点概括为：评价串模式匹配算法比较次数与回溯开销的指标。
DS_TOP_345,多路归并效率,Metric,数据结构,第8章 排序,评价多路归并过程中选择最小记录和归并趟数的效率指标。,,3,4,王道2027数据结构，外部排序，教材p380（PDF页391）,外部排序,380,根据教材章节体系和知识点关系补充“多路归并效率”节点，用于连接相关考点；本节点概括为：评价多路归并过程中选择最小记录和归并趟数的效率指标。
DS_TOP_346,动态查找效率,Metric,数据结构,第7章 查找,评价动态查找结构查找、插入、删除效率的指标。,,3,4,王道2027数据结构，树形查找，教材p278（PDF页289）,树形查找,278,根据教材章节体系和知识点关系补充“动态查找效率”节点，用于连接相关考点；本节点概括为：评价动态查找结构查找、插入、删除效率的指标。
DS_TOP_347,范围查询效率,Metric,数据结构,第7章 查找,评价区间查询或顺序扫描能力的指标。,,3,3,王道2027数据结构，B树和B+树，教材p304（PDF页315）,B树和B+树,304,根据教材章节体系和知识点关系补充“范围查询效率”节点，用于连接相关考点；本节点概括为：评价区间查询或顺序扫描能力的指标。
DS_TOP_348,工程总工期,Metric,数据结构,第6章 图,AOE网中完成整个工程所需的最短时间。,,3,4,王道2027数据结构，图的应用，教材p226（PDF页237）,图的应用,226,根据教材章节体系和知识点关系补充“工程总工期”节点，用于连接相关考点；本节点概括为：AOE网中完成整个工程所需的最短时间。
DS_TOP_349,哈希冲突处理,Mechanism,数据结构,第7章 查找,解决不同关键字映射到同一散列地址的机制。,,3,5,王道2027数据结构，散列(Hash)表，教材p317（PDF页328）,散列(Hash)表,317,根据教材章节体系和知识点关系补充“哈希冲突处理”节点，用于连接相关考点；本节点概括为：解决不同关键字映射到同一散列地址的机制。
DS_TOP_350,查找效率问题,Problem,数据结构,第7章 查找,查找过程中比较次数或访问开销过大的问题。,,3,4,王道2027数据结构，查找的基本概念，教材p264（PDF页275）,查找的基本概念,264,根据教材章节体系和知识点关系补充“查找效率问题”节点，用于连接相关考点；本节点概括为：查找过程中比较次数或访问开销过大的问题。
DS_TOP_351,排序效率问题,Problem,数据结构,第8章 排序,排序过程中比较、移动或I/O代价过高的问题。,,3,4,王道2027数据结构，排序的基本概念，教材p331（PDF页342）,排序的基本概念,331,根据教材章节体系和知识点关系补充“排序效率问题”节点，用于连接相关考点；本节点概括为：排序过程中比较、移动或I/O代价过高的问题。
DS_TOP_352,归并代价最小化,Problem,数据结构,第8章 排序,外部归并中使带权路径长度或总I/O代价尽量小的问题。,,3,4,王道2027数据结构，外部排序，教材p380（PDF页391）,外部排序,380,根据教材章节体系和知识点关系补充“归并代价最小化”节点，用于连接相关考点；本节点概括为：外部归并中使带权路径长度或总I/O代价尽量小的问题。
DS_TOP_353,KMP匹配示例,Example,数据结构,第4章 串,用于说明KMP算法根据next数组移动模式串的典型例题。,,3,3,王道2027数据结构，串的模式匹配，教材p111（PDF页122）,串的模式匹配,111,根据教材章节体系和知识点关系补充“KMP匹配示例”节点，用于连接相关考点；本节点概括为：用于说明KMP算法根据next数组移动模式串的典型例题。
DS_TOP_354,二叉树遍历序列还原示例,Example,数据结构,第5章 树与二叉树,根据先序/中序或后序/中序遍历序列构造二叉树的典型题型。,,3,4,王道2027数据结构，二叉树的遍历和线索二叉树，教材p140（PDF页151）,二叉树的遍历和线索二叉树,140,根据教材章节体系和知识点关系补充“二叉树遍历序列还原示例”节点，用于连接相关考点；本节点概括为：根据先序/中序或后序/中序遍历序列构造二叉树的典型题型。
DS_TOP_355,关键路径计算示例,Example,数据结构,第6章 图,用于计算事件最早/最迟发生时间和关键活动的典型题型。,,3,4,王道2027数据结构，图的应用，教材p226（PDF页237）,图的应用,226,根据教材章节体系和知识点关系补充“关键路径计算示例”节点，用于连接相关考点；本节点概括为：用于计算事件最早/最迟发生时间和关键活动的典型题型。
DS_TOP_356,哈希查找示例,Example,数据结构,第7章 查找,用于说明散列函数、冲突处理和平均查找长度计算的典型题型。,,3,4,王道2027数据结构，散列(Hash)表，教材p317（PDF页328）,散列(Hash)表,317,根据教材章节体系和知识点关系补充“哈希查找示例”节点，用于连接相关考点；本节点概括为：用于说明散列函数、冲突处理和平均查找长度计算的典型题型。
DS_TOP_357,外部排序归并示例,Example,数据结构,第8章 排序,用于说明多路归并、败者树、置换选择排序和最佳归并树的典型题型。,,3,4,王道2027数据结构，外部排序，教材p380（PDF页391）,外部排序,380,根据教材章节体系和知识点关系补充“外部排序归并示例”节点，用于连接相关考点；本节点概括为：用于说明多路归并、败者树、置换选择排序和最佳归并树的典型题型。
DS_TOP_358,编码长度优化,Problem,数据结构,第5章 树与二叉树,通过编码设计降低平均码长或带权路径长度的问题。,,3,4,王道2027数据结构，树与二叉树的应用，教材p180（PDF页191）,树与二叉树的应用,180,根据教材章节体系和知识点关系补充“编码长度优化”节点，用于连接相关考点；本节点概括为：通过编码设计降低平均码长或带权路径长度的问题。
DS_TOP_359,平衡性,Property,数据结构,第7章 查找,树结构保持高度差受限或近似受限的性质。,,3,4,王道2027数据结构，树形查找，教材p278（PDF页289）,树形查找,278,根据教材章节体系和知识点关系补充“平衡性”节点，用于连接相关考点；本节点概括为：树结构保持高度差受限或近似受限的性质。
CP_CRS_001,编译原理,Course,编译原理,编译原理,研究程序设计语言的翻译、分析、优化和目标代码生成原理的计算机专业核心课程。,"Compiler Principles,Compilers",5,5,《编译原理（第3版）》王生原等，清华大学出版社，封面/目录，教材p1,封面/目录,1,教材目录或相应页面在“封面/目录”（教材p1）出现或讲解“编译原理”；本节点/关系用于表示：研究程序设计语言的翻译、分析、优化和目标代码生成原理的计算机专业核心课程。
CP_TOP_001,第1章 引论,Topic,编译原理,第1章 引论,介绍编译程序的概念、编译过程、解释程序及PL/0编译系统。,,3,5,《编译原理（第3版）》王生原等，清华大学出版社，第1章 引论，教材p1,第1章 引论,1,教材目录或相应页面在“第1章 引论”（教材p1）出现或讲解“第1章 引论”；本节点/关系用于表示：介绍编译程序的概念、编译过程、解释程序及PL/0编译系统。
CP_TOP_002,第2章 文法和语言,Topic,编译原理,第2章 文法和语言,介绍文法、符号串、语言形式定义、文法类型、语法树和句型分析。,,3,5,《编译原理（第3版）》王生原等，清华大学出版社，第2章 文法和语言，教材p19,第2章 文法和语言,19,教材目录或相应页面在“第2章 文法和语言”（教材p19）出现或讲解“第2章 文法和语言”；本节点/关系用于表示：介绍文法、符号串、语言形式定义、文法类型、语法树和句型分析。
CP_TOP_003,第3章 词法分析,Topic,编译原理,第3章 词法分析,研究单词识别、正规文法、正规式、有穷自动机及词法分析器构造工具。,,3,5,《编译原理（第3版）》王生原等，清华大学出版社，第3章 词法分析，教材p37,第3章 词法分析,37,教材目录或相应页面在“第3章 词法分析”（教材p37）出现或讲解“第3章 词法分析”；本节点/关系用于表示：研究单词识别、正规文法、正规式、有穷自动机及词法分析器构造工具。
CP_TOP_004,第4章 自顶向下语法分析方法,Topic,编译原理,第4章 自顶向下语法分析方法,研究LL(1)文法、自顶向下分析、递归下降和预测分析表。,,3,5,《编译原理（第3版）》王生原等，清华大学出版社，第4章 自顶向下语法分析方法，教材p68,第4章 自顶向下语法分析方法,68,教材目录或相应页面在“第4章 自顶向下语法分析方法”（教材p68）出现或讲解“第4章 自顶向下语法分析方法”；本节点/关系用于表示：研究LL(1)文法、自顶向下分析、递归下降和预测分析表。
CP_TOP_005,第5章 自底向上优先分析,Topic,编译原理,第5章 自底向上优先分析,研究简单优先分析、算符优先分析及优先关系表。,,3,5,《编译原理（第3版）》王生原等，清华大学出版社，第5章 自底向上优先分析，教材p103,第5章 自底向上优先分析,103,教材目录或相应页面在“第5章 自底向上优先分析”（教材p103）出现或讲解“第5章 自底向上优先分析”；本节点/关系用于表示：研究简单优先分析、算符优先分析及优先关系表。
CP_TOP_006,第6章 LR分析,Topic,编译原理,第6章 LR分析,研究LR(0)、SLR(1)、LR(1)、LALR(1)及LR分析表构造。,,3,5,《编译原理（第3版）》王生原等，清华大学出版社，第6章 LR分析，教材p123,第6章 LR分析,123,教材目录或相应页面在“第6章 LR分析”（教材p123）出现或讲解“第6章 LR分析”；本节点/关系用于表示：研究LR(0)、SLR(1)、LR(1)、LALR(1)及LR分析表构造。
CP_TOP_007,第7章 语法制导的语义计算,Topic,编译原理,第7章 语法制导的语义计算,研究属性文法、S属性/L属性文法和翻译模式。,,3,5,《编译原理（第3版）》王生原等，清华大学出版社，第7章 语法制导的语义计算，教材p160,第7章 语法制导的语义计算,160,教材目录或相应页面在“第7章 语法制导的语义计算”（教材p160）出现或讲解“第7章 语法制导的语义计算”；本节点/关系用于表示：研究属性文法、S属性/L属性文法和翻译模式。
CP_TOP_008,第8章 静态语义分析和中间代码生成,Topic,编译原理,第8章 静态语义分析和中间代码生成,研究符号表、静态语义分析、类型检查和中间代码生成。,,3,5,《编译原理（第3版）》王生原等，清华大学出版社，第8章 静态语义分析和中间代码生成，教材p195,第8章 静态语义分析和中间代码生成,195,教材目录或相应页面在“第8章 静态语义分析和中间代码生成”（教材p195）出现或讲解“第8章 静态语义分析和中间代码生成”；本节点/关系用于表示：研究符号表、静态语义分析、类型检查和中间代码生成。
CP_TOP_009,第9章 运行时存储组织,Topic,编译原理,第9章 运行时存储组织,研究活动记录、过程调用、运行时存储布局和面向对象运行时组织。,,3,5,《编译原理（第3版）》王生原等，清华大学出版社，第9章 运行时存储组织，教材p229,第9章 运行时存储组织,229,教材目录或相应页面在“第9章 运行时存储组织”（教材p229）出现或讲解“第9章 运行时存储组织”；本节点/关系用于表示：研究活动记录、过程调用、运行时存储布局和面向对象运行时组织。
CP_TOP_010,第10章 代码优化和目标代码生成,Topic,编译原理,第10章 代码优化和目标代码生成,研究基本块、流图、数据流分析、代码优化和目标代码生成。,,3,5,《编译原理（第3版）》王生原等，清华大学出版社，第10章 代码优化和目标代码生成，教材p255,第10章 代码优化和目标代码生成,255,教材目录或相应页面在“第10章 代码优化和目标代码生成”（教材p255）出现或讲解“第10章 代码优化和目标代码生成”；本节点/关系用于表示：研究基本块、流图、数据流分析、代码优化和目标代码生成。
CP_TOP_011,第11章 课程设计,Topic,编译原理,第11章 课程设计,基于PL/0和Decaf编译器组织课程设计与阶段实验。,,3,5,《编译原理（第3版）》王生原等，清华大学出版社，第11章 课程设计，教材p296,第11章 课程设计,296,教材目录或相应页面在“第11章 课程设计”（教材p296）出现或讲解“第11章 课程设计”；本节点/关系用于表示：基于PL/0和Decaf编译器组织课程设计与阶段实验。
CP_TOP_012,第12章 编译器和相关工具实例——GCC/Binutils,Topic,编译原理,第12章 编译器和相关工具实例——GCC/Binutils,介绍GCC、Binutils及编译器工具链使用实例。,,3,5,《编译原理（第3版）》王生原等，清华大学出版社，第12章 编译器和相关工具实例——GCC/Binutils，教材p336,第12章 编译器和相关工具实例——GCC/Binutils,336,教材目录或相应页面在“第12章 编译器和相关工具实例——GCC/Binutils”（教材p336）出现或讲解“第12章 编译器和相关工具实例——GCC/Binutils”；本节点/关系用于表示：介绍GCC、Binutils及编译器工具链使用实例。
CP_TOP_013,1.1 什么是编译程序,Topic,编译原理,第1章 引论,围绕“1.1 什么是编译程序”展开的编译原理知识模块。,,3,4,《编译原理（第3版）》王生原等，清华大学出版社，1.1 什么是编译程序，教材p1,1.1 什么是编译程序,1,教材目录或相应页面在“1.1 什么是编译程序”（教材p1）出现或讲解“1.1 什么是编译程序”；本节点/关系用于表示：围绕“1.1 什么是编译程序”展开的编译原理知识模块。
CP_TOP_014,1.2 编译过程和编译程序的结构,Topic,编译原理,第1章 引论,围绕“1.2 编译过程和编译程序的结构”展开的编译原理知识模块。,,3,4,《编译原理（第3版）》王生原等，清华大学出版社，1.2 编译过程和编译程序的结构，教材p2,1.2 编译过程和编译程序的结构,2,教材目录或相应页面在“1.2 编译过程和编译程序的结构”（教材p2）出现或讲解“1.2 编译过程和编译程序的结构”；本节点/关系用于表示：围绕“1.2 编译过程和编译程序的结构”展开的编译原理知识模块。
CP_TOP_015,1.2.1 编译过程概述,Topic,编译原理,第1章 引论,围绕“1.2.1 编译过程概述”展开的编译原理知识模块。,,3,4,《编译原理（第3版）》王生原等，清华大学出版社，1.2.1 编译过程概述，教材p2,1.2.1 编译过程概述,2,教材目录或相应页面在“1.2.1 编译过程概述”（教材p2）出现或讲解“1.2.1 编译过程概述”；本节点/关系用于表示：围绕“1.2.1 编译过程概述”展开的编译原理知识模块。
CP_TOP_016,1.2.2 编译程序的结构,Topic,编译原理,第1章 引论,围绕“1.2.2 编译程序的结构”展开的编译原理知识模块。,,3,4,《编译原理（第3版）》王生原等，清华大学出版社，1.2.2 编译程序的结构，教材p5,1.2.2 编译程序的结构,5,教材目录或相应页面在“1.2.2 编译程序的结构”（教材p5）出现或讲解“1.2.2 编译程序的结构”；本节点/关系用于表示：围绕“1.2.2 编译程序的结构”展开的编译原理知识模块。
CP_TOP_017,1.2.3 编译程序的组合,Topic,编译原理,第1章 引论,围绕“1.2.3 编译程序的组合”展开的编译原理知识模块。,,3,4,《编译原理（第3版）》王生原等，清华大学出版社，1.2.3 编译程序的组合，教材p6,1.2.3 编译程序的组合,6,教材目录或相应页面在“1.2.3 编译程序的组合”（教材p6）出现或讲解“1.2.3 编译程序的组合”；本节点/关系用于表示：围绕“1.2.3 编译程序的组合”展开的编译原理知识模块。
CP_TOP_018,1.3 解释程序和一些软件工具,Topic,编译原理,第1章 引论,围绕“1.3 解释程序和一些软件工具”展开的编译原理知识模块。,,3,4,《编译原理（第3版）》王生原等，清华大学出版社，1.3 解释程序和一些软件工具，教材p7,1.3 解释程序和一些软件工具,7,教材目录或相应页面在“1.3 解释程序和一些软件工具”（教材p7）出现或讲解“1.3 解释程序和一些软件工具”；本节点/关系用于表示：围绕“1.3 解释程序和一些软件工具”展开的编译原理知识模块。
CP_TOP_019,1.3.1 解释程序,Topic,编译原理,第1章 引论,围绕“1.3.1 解释程序”展开的编译原理知识模块。,,3,4,《编译原理（第3版）》王生原等，清华大学出版社，1.3.1 解释程序，教材p7,1.3.1 解释程序,7,教材目录或相应页面在“1.3.1 解释程序”（教材p7）出现或讲解“1.3.1 解释程序”；本节点/关系用于表示：围绕“1.3.1 解释程序”展开的编译原理知识模块。
CP_TOP_020,1.3.2 处理源程序的软件工具,Topic,编译原理,第1章 引论,围绕“1.3.2 处理源程序的软件工具”展开的编译原理知识模块。,,3,4,《编译原理（第3版）》王生原等，清华大学出版社，1.3.2 处理源程序的软件工具，教材p8,1.3.2 处理源程序的软件工具,8,教材目录或相应页面在“1.3.2 处理源程序的软件工具”（教材p8）出现或讲解“1.3.2 处理源程序的软件工具”；本节点/关系用于表示：围绕“1.3.2 处理源程序的软件工具”展开的编译原理知识模块。
CP_TOP_021,1.4 PL/0语言编译系统,Topic,编译原理,第1章 引论,围绕“1.4 PL/0语言编译系统”展开的编译原理知识模块。,,3,4,《编译原理（第3版）》王生原等，清华大学出版社，1.4 PL/0语言编译系统，教材p10,1.4 PL/0语言编译系统,10,教材目录或相应页面在“1.4 PL/0语言编译系统”（教材p10）出现或讲解“1.4 PL/0语言编译系统”；本节点/关系用于表示：围绕“1.4 PL/0语言编译系统”展开的编译原理知识模块。
CP_TOP_022,1.4.1 PL/0语言编译系统构成,Topic,编译原理,第1章 引论,围绕“1.4.1 PL/0语言编译系统构成”展开的编译原理知识模块。,,3,4,《编译原理（第3版）》王生原等，清华大学出版社，1.4.1 PL/0语言编译系统构成，教材p11,1.4.1 PL/0语言编译系统构成,11,教材目录或相应页面在“1.4.1 PL/0语言编译系统构成”（教材p11）出现或讲解“1.4.1 PL/0语言编译系统构成”；本节点/关系用于表示：围绕“1.4.1 PL/0语言编译系统构成”展开的编译原理知识模块。
CP_TOP_023,1.4.2 PL/0语言,Topic,编译原理,第1章 引论,围绕“1.4.2 PL/0语言”展开的编译原理知识模块。,,3,4,《编译原理（第3版）》王生原等，清华大学出版社，1.4.2 PL/0语言，教材p11,1.4.2 PL/0语言,11,教材目录或相应页面在“1.4.2 PL/0语言”（教材p11）出现或讲解“1.4.2 PL/0语言”；本节点/关系用于表示：围绕“1.4.2 PL/0语言”展开的编译原理知识模块。
CP_TOP_024,1.4.3 类P-code语言,Topic,编译原理,第1章 引论,围绕“1.4.3 类P-code语言”展开的编译原理知识模块。,,3,4,《编译原理（第3版）》王生原等，清华大学出版社，1.4.3 类P-code语言，教材p14,1.4.3 类P-code语言,14,教材目录或相应页面在“1.4.3 类P-code语言”（教材p14）出现或讲解“1.4.3 类P-code语言”；本节点/关系用于表示：围绕“1.4.3 类P-code语言”展开的编译原理知识模块。
CP_TOP_025,1.4.4 PL/0编译程序,Topic,编译原理,第1章 引论,围绕“1.4.4 PL/0编译程序”展开的编译原理知识模块。,,3,4,《编译原理（第3版）》王生原等，清华大学出版社，1.4.4 PL/0编译程序，教材p15,1.4.4 PL/0编译程序,15,教材目录或相应页面在“1.4.4 PL/0编译程序”（教材p15）出现或讲解“1.4.4 PL/0编译程序”；本节点/关系用于表示：围绕“1.4.4 PL/0编译程序”展开的编译原理知识模块。
CP_TOP_026,1.4.5 PL/0语言编译系统的驱动代码,Topic,编译原理,第1章 引论,围绕“1.4.5 PL/0语言编译系统的驱动代码”展开的编译原理知识模块。,,3,4,《编译原理（第3版）》王生原等，清华大学出版社，1.4.5 PL/0语言编译系统的驱动代码，教材p16,1.4.5 PL/0语言编译系统的驱动代码,16,教材目录或相应页面在“1.4.5 PL/0语言编译系统的驱动代码”（教材p16）出现或讲解“1.4.5 PL/0语言编译系统的驱动代码”；本节点/关系用于表示：围绕“1.4.5 PL/0语言编译系统的驱动代码”展开的编译原理知识模块。
CP_TOP_027,2.1 文法的直观概念,Topic,编译原理,第2章 文法和语言,围绕“2.1 文法的直观概念”展开的编译原理知识模块。,,3,4,《编译原理（第3版）》王生原等，清华大学出版社，2.1 文法的直观概念，教材p19,2.1 文法的直观概念,19,教材目录或相应页面在“2.1 文法的直观概念”（教材p19）出现或讲解“2.1 文法的直观概念”；本节点/关系用于表示：围绕“2.1 文法的直观概念”展开的编译原理知识模块。
CP_TOP_028,2.2 符号和符号串,Topic,编译原理,第2章 文法和语言,围绕“2.2 符号和符号串”展开的编译原理知识模块。,,3,4,《编译原理（第3版）》王生原等，清华大学出版社，2.2 符号和符号串，教材p20,2.2 符号和符号串,20,教材目录或相应页面在“2.2 符号和符号串”（教材p20）出现或讲解“2.2 符号和符号串”；本节点/关系用于表示：围绕“2.2 符号和符号串”展开的编译原理知识模块。
CP_TOP_029,2.3 文法和语言的形式定义,Topic,编译原理,第2章 文法和语言,围绕“2.3 文法和语言的形式定义”展开的编译原理知识模块。,,3,4,《编译原理（第3版）》王生原等，清华大学出版社，2.3 文法和语言的形式定义，教材p21,2.3 文法和语言的形式定义,21,教材目录或相应页面在“2.3 文法和语言的形式定义”（教材p21）出现或讲解“2.3 文法和语言的形式定义”；本节点/关系用于表示：围绕“2.3 文法和语言的形式定义”展开的编译原理知识模块。
CP_TOP_030,2.4 文法的类型,Topic,编译原理,第2章 文法和语言,围绕“2.4 文法的类型”展开的编译原理知识模块。,,3,4,《编译原理（第3版）》王生原等，清华大学出版社，2.4 文法的类型，教材p25,2.4 文法的类型,25,教材目录或相应页面在“2.4 文法的类型”（教材p25）出现或讲解“2.4 文法的类型”；本节点/关系用于表示：围绕“2.4 文法的类型”展开的编译原理知识模块。
CP_TOP_031,2.5 上下文无关文法及其语法树,Topic,编译原理,第2章 文法和语言,围绕“2.5 上下文无关文法及其语法树”展开的编译原理知识模块。,,3,4,《编译原理（第3版）》王生原等，清华大学出版社，2.5 上下文无关文法及其语法树，教材p26,2.5 上下文无关文法及其语法树,26,教材目录或相应页面在“2.5 上下文无关文法及其语法树”（教材p26）出现或讲解“2.5 上下文无关文法及其语法树”；本节点/关系用于表示：围绕“2.5 上下文无关文法及其语法树”展开的编译原理知识模块。
CP_TOP_032,2.6 句型的分析,Topic,编译原理,第2章 文法和语言,围绕“2.6 句型的分析”展开的编译原理知识模块。,,3,4,《编译原理（第3版）》王生原等，清华大学出版社，2.6 句型的分析，教材p29,2.6 句型的分析,29,教材目录或相应页面在“2.6 句型的分析”（教材p29）出现或讲解“2.6 句型的分析”；本节点/关系用于表示：围绕“2.6 句型的分析”展开的编译原理知识模块。
CP_TOP_033,2.6.1 自上而下的分析方法,Topic,编译原理,第2章 文法和语言,围绕“2.6.1 自上而下的分析方法”展开的编译原理知识模块。,,3,4,《编译原理（第3版）》王生原等，清华大学出版社，2.6.1 自上而下的分析方法，教材p30,2.6.1 自上而下的分析方法,30,教材目录或相应页面在“2.6.1 自上而下的分析方法”（教材p30）出现或讲解“2.6.1 自上而下的分析方法”；本节点/关系用于表示：围绕“2.6.1 自上而下的分析方法”展开的编译原理知识模块。
CP_TOP_034,2.6.2 自下而上的分析方法,Topic,编译原理,第2章 文法和语言,围绕“2.6.2 自下而上的分析方法”展开的编译原理知识模块。,,3,4,《编译原理（第3版）》王生原等，清华大学出版社，2.6.2 自下而上的分析方法，教材p30,2.6.2 自下而上的分析方法,30,教材目录或相应页面在“2.6.2 自下而上的分析方法”（教材p30）出现或讲解“2.6.2 自下而上的分析方法”；本节点/关系用于表示：围绕“2.6.2 自下而上的分析方法”展开的编译原理知识模块。
CP_TOP_035,2.6.3 句型分析的有关问题,Topic,编译原理,第2章 文法和语言,围绕“2.6.3 句型分析的有关问题”展开的编译原理知识模块。,,3,4,《编译原理（第3版）》王生原等，清华大学出版社，2.6.3 句型分析的有关问题，教材p31,2.6.3 句型分析的有关问题,31,教材目录或相应页面在“2.6.3 句型分析的有关问题”（教材p31）出现或讲解“2.6.3 句型分析的有关问题”；本节点/关系用于表示：围绕“2.6.3 句型分析的有关问题”展开的编译原理知识模块。
CP_TOP_036,2.7 有关文法实际应用的一些说明,Topic,编译原理,第2章 文法和语言,围绕“2.7 有关文法实际应用的一些说明”展开的编译原理知识模块。,,3,4,《编译原理（第3版）》王生原等，清华大学出版社，2.7 有关文法实际应用的一些说明，教材p32,2.7 有关文法实际应用的一些说明,32,教材目录或相应页面在“2.7 有关文法实际应用的一些说明”（教材p32）出现或讲解“2.7 有关文法实际应用的一些说明”；本节点/关系用于表示：围绕“2.7 有关文法实际应用的一些说明”展开的编译原理知识模块。
CP_TOP_037,2.7.1 有关文法的实用限制,Topic,编译原理,第2章 文法和语言,围绕“2.7.1 有关文法的实用限制”展开的编译原理知识模块。,,3,4,《编译原理（第3版）》王生原等，清华大学出版社，2.7.1 有关文法的实用限制，教材p32,2.7.1 有关文法的实用限制,32,教材目录或相应页面在“2.7.1 有关文法的实用限制”（教材p32）出现或讲解“2.7.1 有关文法的实用限制”；本节点/关系用于表示：围绕“2.7.1 有关文法的实用限制”展开的编译原理知识模块。
CP_TOP_038,2.7.2 上下文无关文法中的二义性,Topic,编译原理,第2章 文法和语言,围绕“2.7.2 上下文无关文法中的二义性”展开的编译原理知识模块。,,3,4,《编译原理（第3版）》王生原等，清华大学出版社，2.7.2 上下文无关文法中的二义性，教材p33,2.7.2 上下文无关文法中的二义性,33,教材目录或相应页面在“2.7.2 上下文无关文法中的二义性”（教材p33）出现或讲解“2.7.2 上下文无关文法中的二义性”；本节点/关系用于表示：围绕“2.7.2 上下文无关文法中的二义性”展开的编译原理知识模块。
CP_TOP_039,2.7.3 上下文无关文法中的规则,Topic,编译原理,第2章 文法和语言,围绕“2.7.3 上下文无关文法中的规则”展开的编译原理知识模块。,,3,4,《编译原理（第3版）》王生原等，清华大学出版社，2.7.3 上下文无关文法中的规则，教材p33,2.7.3 上下文无关文法中的规则,33,教材目录或相应页面在“2.7.3 上下文无关文法中的规则”（教材p33）出现或讲解“2.7.3 上下文无关文法中的规则”；本节点/关系用于表示：围绕“2.7.3 上下文无关文法中的规则”展开的编译原理知识模块。
CP_TOP_040,3.1 词法分析程序的设计,Topic,编译原理,第3章 词法分析,围绕“3.1 词法分析程序的设计”展开的编译原理知识模块。,,3,4,《编译原理（第3版）》王生原等，清华大学出版社，3.1 词法分析程序的设计，教材p37,3.1 词法分析程序的设计,37,教材目录或相应页面在“3.1 词法分析程序的设计”（教材p37）出现或讲解“3.1 词法分析程序的设计”；本节点/关系用于表示：围绕“3.1 词法分析程序的设计”展开的编译原理知识模块。
CP_TOP_041,3.1.1 词法分析程序和语法分析程序的接口方式,Topic,编译原理,第3章 词法分析,围绕“3.1.1 词法分析程序和语法分析程序的接口方式”展开的编译原理知识模块。,,3,4,《编译原理（第3版）》王生原等，清华大学出版社，3.1.1 词法分析程序和语法分析程序的接口方式，教材p37,3.1.1 词法分析程序和语法分析程序的接口方式,37,教材目录或相应页面在“3.1.1 词法分析程序和语法分析程序的接口方式”（教材p37）出现或讲解“3.1.1 词法分析程序和语法分析程序的接口方式”；本节点/关系用于表示：围绕“3.1.1 词法分析程序和语法分析程序的接口方式”展开的编译原理知识模块。
CP_TOP_042,3.1.2 词法分析程序的输出,Topic,编译原理,第3章 词法分析,围绕“3.1.2 词法分析程序的输出”展开的编译原理知识模块。,,3,4,《编译原理（第3版）》王生原等，清华大学出版社，3.1.2 词法分析程序的输出，教材p38,3.1.2 词法分析程序的输出,38,教材目录或相应页面在“3.1.2 词法分析程序的输出”（教材p38）出现或讲解“3.1.2 词法分析程序的输出”；本节点/关系用于表示：围绕“3.1.2 词法分析程序的输出”展开的编译原理知识模块。
CP_TOP_043,3.1.3 将词法分析工作分离的考虑,Topic,编译原理,第3章 词法分析,围绕“3.1.3 将词法分析工作分离的考虑”展开的编译原理知识模块。,,3,4,《编译原理（第3版）》王生原等，清华大学出版社，3.1.3 将词法分析工作分离的考虑，教材p38,3.1.3 将词法分析工作分离的考虑,38,教材目录或相应页面在“3.1.3 将词法分析工作分离的考虑”（教材p38）出现或讲解“3.1.3 将词法分析工作分离的考虑”；本节点/关系用于表示：围绕“3.1.3 将词法分析工作分离的考虑”展开的编译原理知识模块。
CP_TOP_044,3.1.4 词法分析程序中的规则和单词,Topic,编译原理,第3章 词法分析,围绕“3.1.4 词法分析程序中的规则和单词”展开的编译原理知识模块。,,3,4,《编译原理（第3版）》王生原等，清华大学出版社，3.1.4 词法分析程序中的规则和单词，教材p39,3.1.4 词法分析程序中的规则和单词,39,教材目录或相应页面在“3.1.4 词法分析程序中的规则和单词”（教材p39）出现或讲解“3.1.4 词法分析程序中的规则和单词”；本节点/关系用于表示：围绕“3.1.4 词法分析程序中的规则和单词”展开的编译原理知识模块。
CP_TOP_045,3.2 PL/0编译程序中的词法分析程序设计和实现,Topic,编译原理,第3章 词法分析,围绕“3.2 PL/0编译程序中的词法分析程序设计和实现”展开的编译原理知识模块。,,3,4,《编译原理（第3版）》王生原等，清华大学出版社，3.2 PL/0编译程序中的词法分析程序设计和实现，教材p40,3.2 PL/0编译程序中的词法分析程序设计和实现,40,教材目录或相应页面在“3.2 PL/0编译程序中的词法分析程序设计和实现”（教材p40）出现或讲解“3.2 PL/0编译程序中的词法分析程序设计和实现”；本节点/关系用于表示：围绕“3.2 PL/0编译程序中的词法分析程序设计和实现”展开的编译原理知识模块。
CP_TOP_046,3.3 单词的形式化描述工具,Topic,编译原理,第3章 词法分析,围绕“3.3 单词的形式化描述工具”展开的编译原理知识模块。,,3,4,《编译原理（第3版）》王生原等，清华大学出版社，3.3 单词的形式化描述工具，教材p44,3.3 单词的形式化描述工具,44,教材目录或相应页面在“3.3 单词的形式化描述工具”（教材p44）出现或讲解“3.3 单词的形式化描述工具”；本节点/关系用于表示：围绕“3.3 单词的形式化描述工具”展开的编译原理知识模块。
CP_TOP_047,3.3.1 正规文法,Topic,编译原理,第3章 词法分析,围绕“3.3.1 正规文法”展开的编译原理知识模块。,,3,4,《编译原理（第3版）》王生原等，清华大学出版社，3.3.1 正规文法，教材p44,3.3.1 正规文法,44,教材目录或相应页面在“3.3.1 正规文法”（教材p44）出现或讲解“3.3.1 正规文法”；本节点/关系用于表示：围绕“3.3.1 正规文法”展开的编译原理知识模块。
CP_TOP_048,3.3.2 正规式,Topic,编译原理,第3章 词法分析,围绕“3.3.2 正规式”展开的编译原理知识模块。,,3,4,《编译原理（第3版）》王生原等，清华大学出版社，3.3.2 正规式，教材p45,3.3.2 正规式,45,教材目录或相应页面在“3.3.2 正规式”（教材p45）出现或讲解“3.3.2 正规式”；本节点/关系用于表示：围绕“3.3.2 正规式”展开的编译原理知识模块。
CP_TOP_049,3.3.3 正规文法和正规式的等价性,Topic,编译原理,第3章 词法分析,围绕“3.3.3 正规文法和正规式的等价性”展开的编译原理知识模块。,,3,4,《编译原理（第3版）》王生原等，清华大学出版社，3.3.3 正规文法和正规式的等价性，教材p46,3.3.3 正规文法和正规式的等价性,46,教材目录或相应页面在“3.3.3 正规文法和正规式的等价性”（教材p46）出现或讲解“3.3.3 正规文法和正规式的等价性”；本节点/关系用于表示：围绕“3.3.3 正规文法和正规式的等价性”展开的编译原理知识模块。
CP_TOP_050,3.4 有穷自动机,Topic,编译原理,第3章 词法分析,围绕“3.4 有穷自动机”展开的编译原理知识模块。,,3,4,《编译原理（第3版）》王生原等，清华大学出版社，3.4 有穷自动机，教材p47,3.4 有穷自动机,47,教材目录或相应页面在“3.4 有穷自动机”（教材p47）出现或讲解“3.4 有穷自动机”；本节点/关系用于表示：围绕“3.4 有穷自动机”展开的编译原理知识模块。
CP_TOP_051,3.4.1 确定的有穷自动机(DFA),Topic,编译原理,第3章 词法分析,围绕“3.4.1 确定的有穷自动机(DFA)”展开的编译原理知识模块。,,3,4,《编译原理（第3版）》王生原等，清华大学出版社，3.4.1 确定的有穷自动机(DFA)，教材p47,3.4.1 确定的有穷自动机(DFA),47,教材目录或相应页面在“3.4.1 确定的有穷自动机(DFA)”（教材p47）出现或讲解“3.4.1 确定的有穷自动机(DFA)”；本节点/关系用于表示：围绕“3.4.1 确定的有穷自动机(DFA)”展开的编译原理知识模块。
CP_TOP_052,3.4.2 不确定的有穷自动机(NFA),Topic,编译原理,第3章 词法分析,围绕“3.4.2 不确定的有穷自动机(NFA)”展开的编译原理知识模块。,,3,4,《编译原理（第3版）》王生原等，清华大学出版社，3.4.2 不确定的有穷自动机(NFA)，教材p49,3.4.2 不确定的有穷自动机(NFA),49,教材目录或相应页面在“3.4.2 不确定的有穷自动机(NFA)”（教材p49）出现或讲解“3.4.2 不确定的有穷自动机(NFA)”；本节点/关系用于表示：围绕“3.4.2 不确定的有穷自动机(NFA)”展开的编译原理知识模块。
CP_TOP_053,3.4.3 NFA转换为等价DFA,Topic,编译原理,第3章 词法分析,围绕“3.4.3 NFA转换为等价DFA”展开的编译原理知识模块。,,3,4,《编译原理（第3版）》王生原等，清华大学出版社，3.4.3 NFA转换为等价DFA，教材p50,3.4.3 NFA转换为等价DFA,50,教材目录或相应页面在“3.4.3 NFA转换为等价DFA”（教材p50）出现或讲解“3.4.3 NFA转换为等价DFA”；本节点/关系用于表示：围绕“3.4.3 NFA转换为等价DFA”展开的编译原理知识模块。
CP_TOP_054,3.4.4 确定有穷自动机的化简,Topic,编译原理,第3章 词法分析,围绕“3.4.4 确定有穷自动机的化简”展开的编译原理知识模块。,,3,4,《编译原理（第3版）》王生原等，清华大学出版社，3.4.4 确定有穷自动机的化简，教材p52,3.4.4 确定有穷自动机的化简,52,教材目录或相应页面在“3.4.4 确定有穷自动机的化简”（教材p52）出现或讲解“3.4.4 确定有穷自动机的化简”；本节点/关系用于表示：围绕“3.4.4 确定有穷自动机的化简”展开的编译原理知识模块。
CP_TOP_055,3.5 正规式和有穷自动机的等价性,Topic,编译原理,第3章 词法分析,围绕“3.5 正规式和有穷自动机的等价性”展开的编译原理知识模块。,,3,4,《编译原理（第3版）》王生原等，清华大学出版社，3.5 正规式和有穷自动机的等价性，教材p54,3.5 正规式和有穷自动机的等价性,54,教材目录或相应页面在“3.5 正规式和有穷自动机的等价性”（教材p54）出现或讲解“3.5 正规式和有穷自动机的等价性”；本节点/关系用于表示：围绕“3.5 正规式和有穷自动机的等价性”展开的编译原理知识模块。
CP_TOP_056,3.6 正规文法和有穷自动机的等价性,Topic,编译原理,第3章 词法分析,围绕“3.6 正规文法和有穷自动机的等价性”展开的编译原理知识模块。,,3,4,《编译原理（第3版）》王生原等，清华大学出版社，3.6 正规文法和有穷自动机的等价性，教材p57,3.6 正规文法和有穷自动机的等价性,57,教材目录或相应页面在“3.6 正规文法和有穷自动机的等价性”（教材p57）出现或讲解“3.6 正规文法和有穷自动机的等价性”；本节点/关系用于表示：围绕“3.6 正规文法和有穷自动机的等价性”展开的编译原理知识模块。
CP_TOP_057,3.7 词法分析程序的自动构造工具,Topic,编译原理,第3章 词法分析,围绕“3.7 词法分析程序的自动构造工具”展开的编译原理知识模块。,,3,4,《编译原理（第3版）》王生原等，清华大学出版社，3.7 词法分析程序的自动构造工具，教材p58,3.7 词法分析程序的自动构造工具,58,教材目录或相应页面在“3.7 词法分析程序的自动构造工具”（教材p58）出现或讲解“3.7 词法分析程序的自动构造工具”；本节点/关系用于表示：围绕“3.7 词法分析程序的自动构造工具”展开的编译原理知识模块。
CP_TOP_058,3.7.1 lex描述文件中的正规表达式,Topic,编译原理,第3章 词法分析,围绕“3.7.1 lex描述文件中的正规表达式”展开的编译原理知识模块。,,3,4,《编译原理（第3版）》王生原等，清华大学出版社，3.7.1 lex描述文件中的正规表达式，教材p59,3.7.1 lex描述文件中的正规表达式,59,教材目录或相应页面在“3.7.1 lex描述文件中的正规表达式”（教材p59）出现或讲解“3.7.1 lex描述文件中的正规表达式”；本节点/关系用于表示：围绕“3.7.1 lex描述文件中的正规表达式”展开的编译原理知识模块。
CP_TOP_059,3.7.2 lex描述文件的辅助定义,Topic,编译原理,第3章 词法分析,围绕“3.7.2 lex描述文件的辅助定义”展开的编译原理知识模块。,,3,4,《编译原理（第3版）》王生原等，清华大学出版社，3.7.2 lex描述文件的辅助定义，教材p60,3.7.2 lex描述文件的辅助定义,60,教材目录或相应页面在“3.7.2 lex描述文件的辅助定义”（教材p60）出现或讲解“3.7.2 lex描述文件的辅助定义”；本节点/关系用于表示：围绕“3.7.2 lex描述文件的辅助定义”展开的编译原理知识模块。
CP_TOP_060,3.7.3 lex的使用,Topic,编译原理,第3章 词法分析,围绕“3.7.3 lex的使用”展开的编译原理知识模块。,,3,4,《编译原理（第3版）》王生原等，清华大学出版社，3.7.3 lex的使用，教材p63,3.7.3 lex的使用,63,教材目录或相应页面在“3.7.3 lex的使用”（教材p63）出现或讲解“3.7.3 lex的使用”；本节点/关系用于表示：围绕“3.7.3 lex的使用”展开的编译原理知识模块。
CP_TOP_061,3.7.4 与yacc的接口约定,Topic,编译原理,第3章 词法分析,围绕“3.7.4 与yacc的接口约定”展开的编译原理知识模块。,,3,4,《编译原理（第3版）》王生原等，清华大学出版社，3.7.4 与yacc的接口约定，教材p63,3.7.4 与yacc的接口约定,63,教材目录或相应页面在“3.7.4 与yacc的接口约定”（教材p63）出现或讲解“3.7.4 与yacc的接口约定”；本节点/关系用于表示：围绕“3.7.4 与yacc的接口约定”展开的编译原理知识模块。
CP_TOP_062,4.1 确定的自顶向下分析思想,Topic,编译原理,第4章 自顶向下语法分析方法,围绕“4.1 确定的自顶向下分析思想”展开的编译原理知识模块。,,3,4,《编译原理（第3版）》王生原等，清华大学出版社，4.1 确定的自顶向下分析思想，教材p68,4.1 确定的自顶向下分析思想,68,教材目录或相应页面在“4.1 确定的自顶向下分析思想”（教材p68）出现或讲解“4.1 确定的自顶向下分析思想”；本节点/关系用于表示：围绕“4.1 确定的自顶向下分析思想”展开的编译原理知识模块。
CP_TOP_063,4.2 LL(1)文法的判别,Topic,编译原理,第4章 自顶向下语法分析方法,围绕“4.2 LL(1)文法的判别”展开的编译原理知识模块。,,3,4,《编译原理（第3版）》王生原等，清华大学出版社，4.2 LL(1)文法的判别，教材p72,4.2 LL(1)文法的判别,72,教材目录或相应页面在“4.2 LL(1)文法的判别”（教材p72）出现或讲解“4.2 LL(1)文法的判别”；本节点/关系用于表示：围绕“4.2 LL(1)文法的判别”展开的编译原理知识模块。
CP_TOP_064,4.3 某些非LL(1)文法到LL(1)文法的等价变换,Topic,编译原理,第4章 自顶向下语法分析方法,围绕“4.3 某些非LL(1)文法到LL(1)文法的等价变换”展开的编译原理知识模块。,,3,4,《编译原理（第3版）》王生原等，清华大学出版社，4.3 某些非LL(1)文法到LL(1)文法的等价变换，教材p77,4.3 某些非LL(1)文法到LL(1)文法的等价变换,77,教材目录或相应页面在“4.3 某些非LL(1)文法到LL(1)文法的等价变换”（教材p77）出现或讲解“4.3 某些非LL(1)文法到LL(1)文法的等价变换”；本节点/关系用于表示：围绕“4.3 某些非LL(1)文法到LL(1)文法的等价变换”展开的编译原理知识模块。
CP_TOP_065,4.3.1 提取左公共因子,Topic,编译原理,第4章 自顶向下语法分析方法,围绕“4.3.1 提取左公共因子”展开的编译原理知识模块。,,3,4,《编译原理（第3版）》王生原等，清华大学出版社，4.3.1 提取左公共因子，教材p79,4.3.1 提取左公共因子,79,教材目录或相应页面在“4.3.1 提取左公共因子”（教材p79）出现或讲解“4.3.1 提取左公共因子”；本节点/关系用于表示：围绕“4.3.1 提取左公共因子”展开的编译原理知识模块。
CP_TOP_066,4.3.2 消除左递归,Topic,编译原理,第4章 自顶向下语法分析方法,围绕“4.3.2 消除左递归”展开的编译原理知识模块。,,3,4,《编译原理（第3版）》王生原等，清华大学出版社，4.3.2 消除左递归，教材p80,4.3.2 消除左递归,80,教材目录或相应页面在“4.3.2 消除左递归”（教材p80）出现或讲解“4.3.2 消除左递归”；本节点/关系用于表示：围绕“4.3.2 消除左递归”展开的编译原理知识模块。
CP_TOP_067,4.4 不确定的自顶向下分析思想,Topic,编译原理,第4章 自顶向下语法分析方法,围绕“4.4 不确定的自顶向下分析思想”展开的编译原理知识模块。,,3,4,《编译原理（第3版）》王生原等，清华大学出版社，4.4 不确定的自顶向下分析思想，教材p81,4.4 不确定的自顶向下分析思想,81,教材目录或相应页面在“4.4 不确定的自顶向下分析思想”（教材p81）出现或讲解“4.4 不确定的自顶向下分析思想”；本节点/关系用于表示：围绕“4.4 不确定的自顶向下分析思想”展开的编译原理知识模块。
CP_TOP_068,4.5 LL(1)分析的实现,Topic,编译原理,第4章 自顶向下语法分析方法,围绕“4.5 LL(1)分析的实现”展开的编译原理知识模块。,,3,4,《编译原理（第3版）》王生原等，清华大学出版社，4.5 LL(1)分析的实现，教材p85,4.5 LL(1)分析的实现,85,教材目录或相应页面在“4.5 LL(1)分析的实现”（教材p85）出现或讲解“4.5 LL(1)分析的实现”；本节点/关系用于表示：围绕“4.5 LL(1)分析的实现”展开的编译原理知识模块。
CP_TOP_069,4.5.1 递归下降LL(1)分析程序,Topic,编译原理,第4章 自顶向下语法分析方法,围绕“4.5.1 递归下降LL(1)分析程序”展开的编译原理知识模块。,,3,4,《编译原理（第3版）》王生原等，清华大学出版社，4.5.1 递归下降LL(1)分析程序，教材p85,4.5.1 递归下降LL(1)分析程序,85,教材目录或相应页面在“4.5.1 递归下降LL(1)分析程序”（教材p85）出现或讲解“4.5.1 递归下降LL(1)分析程序”；本节点/关系用于表示：围绕“4.5.1 递归下降LL(1)分析程序”展开的编译原理知识模块。
CP_TOP_070,4.5.2 表驱动LL(1)分析程序,Topic,编译原理,第4章 自顶向下语法分析方法,围绕“4.5.2 表驱动LL(1)分析程序”展开的编译原理知识模块。,,3,4,《编译原理（第3版）》王生原等，清华大学出版社，4.5.2 表驱动LL(1)分析程序，教材p92,4.5.2 表驱动LL(1)分析程序,92,教材目录或相应页面在“4.5.2 表驱动LL(1)分析程序”（教材p92）出现或讲解“4.5.2 表驱动LL(1)分析程序”；本节点/关系用于表示：围绕“4.5.2 表驱动LL(1)分析程序”展开的编译原理知识模块。
CP_TOP_071,4.6 LL(1)分析中的出错处理,Topic,编译原理,第4章 自顶向下语法分析方法,围绕“4.6 LL(1)分析中的出错处理”展开的编译原理知识模块。,,3,4,《编译原理（第3版）》王生原等，清华大学出版社，4.6 LL(1)分析中的出错处理，教材p95,4.6 LL(1)分析中的出错处理,95,教材目录或相应页面在“4.6 LL(1)分析中的出错处理”（教材p95）出现或讲解“4.6 LL(1)分析中的出错处理”；本节点/关系用于表示：围绕“4.6 LL(1)分析中的出错处理”展开的编译原理知识模块。
CP_TOP_072,4.6.1 应急恢复,Topic,编译原理,第4章 自顶向下语法分析方法,围绕“4.6.1 应急恢复”展开的编译原理知识模块。,,3,4,《编译原理（第3版）》王生原等，清华大学出版社，4.6.1 应急恢复，教材p95,4.6.1 应急恢复,95,教材目录或相应页面在“4.6.1 应急恢复”（教材p95）出现或讲解“4.6.1 应急恢复”；本节点/关系用于表示：围绕“4.6.1 应急恢复”展开的编译原理知识模块。
CP_TOP_073,4.6.2 短语层恢复,Topic,编译原理,第4章 自顶向下语法分析方法,围绕“4.6.2 短语层恢复”展开的编译原理知识模块。,,3,4,《编译原理（第3版）》王生原等，清华大学出版社，4.6.2 短语层恢复，教材p96,4.6.2 短语层恢复,96,教材目录或相应页面在“4.6.2 短语层恢复”（教材p96）出现或讲解“4.6.2 短语层恢复”；本节点/关系用于表示：围绕“4.6.2 短语层恢复”展开的编译原理知识模块。
CP_TOP_074,4.6.3 PL/0语法分析程序中的错误处理,Topic,编译原理,第4章 自顶向下语法分析方法,围绕“4.6.3 PL/0语法分析程序中的错误处理”展开的编译原理知识模块。,,3,4,《编译原理（第3版）》王生原等，清华大学出版社，4.6.3 PL/0语法分析程序中的错误处理，教材p96,4.6.3 PL/0语法分析程序中的错误处理,96,教材目录或相应页面在“4.6.3 PL/0语法分析程序中的错误处理”（教材p96）出现或讲解“4.6.3 PL/0语法分析程序中的错误处理”；本节点/关系用于表示：围绕“4.6.3 PL/0语法分析程序中的错误处理”展开的编译原理知识模块。
CP_TOP_075,5.1 自底向上优先分析概述,Topic,编译原理,第5章 自底向上优先分析,围绕“5.1 自底向上优先分析概述”展开的编译原理知识模块。,,3,4,《编译原理（第3版）》王生原等，清华大学出版社，5.1 自底向上优先分析概述，教材p103,5.1 自底向上优先分析概述,103,教材目录或相应页面在“5.1 自底向上优先分析概述”（教材p103）出现或讲解“5.1 自底向上优先分析概述”；本节点/关系用于表示：围绕“5.1 自底向上优先分析概述”展开的编译原理知识模块。
CP_TOP_076,5.2 简单优先分析,Topic,编译原理,第5章 自底向上优先分析,围绕“5.2 简单优先分析”展开的编译原理知识模块。,,3,4,《编译原理（第3版）》王生原等，清华大学出版社，5.2 简单优先分析，教材p104,5.2 简单优先分析,104,教材目录或相应页面在“5.2 简单优先分析”（教材p104）出现或讲解“5.2 简单优先分析”；本节点/关系用于表示：围绕“5.2 简单优先分析”展开的编译原理知识模块。
CP_TOP_077,5.2.1 优先关系定义,Topic,编译原理,第5章 自底向上优先分析,围绕“5.2.1 优先关系定义”展开的编译原理知识模块。,,3,4,《编译原理（第3版）》王生原等，清华大学出版社，5.2.1 优先关系定义，教材p105,5.2.1 优先关系定义,105,教材目录或相应页面在“5.2.1 优先关系定义”（教材p105）出现或讲解“5.2.1 优先关系定义”；本节点/关系用于表示：围绕“5.2.1 优先关系定义”展开的编译原理知识模块。
CP_TOP_078,5.2.2 简单优先关系的定义,Topic,编译原理,第5章 自底向上优先分析,围绕“5.2.2 简单优先关系的定义”展开的编译原理知识模块。,,3,4,《编译原理（第3版）》王生原等，清华大学出版社，5.2.2 简单优先关系的定义，教材p106,5.2.2 简单优先关系的定义,106,教材目录或相应页面在“5.2.2 简单优先关系的定义”（教材p106）出现或讲解“5.2.2 简单优先关系的定义”；本节点/关系用于表示：围绕“5.2.2 简单优先关系的定义”展开的编译原理知识模块。
CP_TOP_079,5.2.3 简单优先分析法的构造步骤,Topic,编译原理,第5章 自底向上优先分析,围绕“5.2.3 简单优先分析法的构造步骤”展开的编译原理知识模块。,,3,4,《编译原理（第3版）》王生原等，清华大学出版社，5.2.3 简单优先分析法的构造步骤，教材p106,5.2.3 简单优先分析法的构造步骤,106,教材目录或相应页面在“5.2.3 简单优先分析法的构造步骤”（教材p106）出现或讲解“5.2.3 简单优先分析法的构造步骤”；本节点/关系用于表示：围绕“5.2.3 简单优先分析法的构造步骤”展开的编译原理知识模块。
CP_TOP_080,5.3 算符优先分析法,Topic,编译原理,第5章 自底向上优先分析,围绕“5.3 算符优先分析法”展开的编译原理知识模块。,,3,4,《编译原理（第3版）》王生原等，清华大学出版社，5.3 算符优先分析法，教材p107,5.3 算符优先分析法,107,教材目录或相应页面在“5.3 算符优先分析法”（教材p107）出现或讲解“5.3 算符优先分析法”；本节点/关系用于表示：围绕“5.3 算符优先分析法”展开的编译原理知识模块。
CP_TOP_081,5.3.1 直观算符优先分析法,Topic,编译原理,第5章 自底向上优先分析,围绕“5.3.1 直观算符优先分析法”展开的编译原理知识模块。,,3,4,《编译原理（第3版）》王生原等，清华大学出版社，5.3.1 直观算符优先分析法，教材p107,5.3.1 直观算符优先分析法,107,教材目录或相应页面在“5.3.1 直观算符优先分析法”（教材p107）出现或讲解“5.3.1 直观算符优先分析法”；本节点/关系用于表示：围绕“5.3.1 直观算符优先分析法”展开的编译原理知识模块。
CP_TOP_082,5.3.2 算符优先文法的定义,Topic,编译原理,第5章 自底向上优先分析,围绕“5.3.2 算符优先文法的定义”展开的编译原理知识模块。,,3,4,《编译原理（第3版）》王生原等，清华大学出版社，5.3.2 算符优先文法的定义，教材p108,5.3.2 算符优先文法的定义,108,教材目录或相应页面在“5.3.2 算符优先文法的定义”（教材p108）出现或讲解“5.3.2 算符优先文法的定义”；本节点/关系用于表示：围绕“5.3.2 算符优先文法的定义”展开的编译原理知识模块。
CP_TOP_083,5.3.3 算符优先关系表的构造,Topic,编译原理,第5章 自底向上优先分析,围绕“5.3.3 算符优先关系表的构造”展开的编译原理知识模块。,,3,4,《编译原理（第3版）》王生原等，清华大学出版社，5.3.3 算符优先关系表的构造，教材p110,5.3.3 算符优先关系表的构造,110,教材目录或相应页面在“5.3.3 算符优先关系表的构造”（教材p110）出现或讲解“5.3.3 算符优先关系表的构造”；本节点/关系用于表示：围绕“5.3.3 算符优先关系表的构造”展开的编译原理知识模块。
CP_TOP_084,5.3.4 算符优先分析算法,Topic,编译原理,第5章 自底向上优先分析,围绕“5.3.4 算符优先分析算法”展开的编译原理知识模块。,,3,4,《编译原理（第3版）》王生原等，清华大学出版社，5.3.4 算符优先分析算法，教材p111,5.3.4 算符优先分析算法,111,教材目录或相应页面在“5.3.4 算符优先分析算法”（教材p111）出现或讲解“5.3.4 算符优先分析算法”；本节点/关系用于表示：围绕“5.3.4 算符优先分析算法”展开的编译原理知识模块。
CP_TOP_085,5.3.5 优先函数,Topic,编译原理,第5章 自底向上优先分析,围绕“5.3.5 优先函数”展开的编译原理知识模块。,,3,4,《编译原理（第3版）》王生原等，清华大学出版社，5.3.5 优先函数，教材p117,5.3.5 优先函数,117,教材目录或相应页面在“5.3.5 优先函数”（教材p117）出现或讲解“5.3.5 优先函数”；本节点/关系用于表示：围绕“5.3.5 优先函数”展开的编译原理知识模块。
CP_TOP_086,5.3.6 算符优先分析法的局限性,Topic,编译原理,第5章 自底向上优先分析,围绕“5.3.6 算符优先分析法的局限性”展开的编译原理知识模块。,,3,4,《编译原理（第3版）》王生原等，清华大学出版社，5.3.6 算符优先分析法的局限性，教材p121,5.3.6 算符优先分析法的局限性,121,教材目录或相应页面在“5.3.6 算符优先分析法的局限性”（教材p121）出现或讲解“5.3.6 算符优先分析法的局限性”；本节点/关系用于表示：围绕“5.3.6 算符优先分析法的局限性”展开的编译原理知识模块。
CP_TOP_087,6.1 LR分析概述,Topic,编译原理,第6章 LR分析,围绕“6.1 LR分析概述”展开的编译原理知识模块。,,3,4,《编译原理（第3版）》王生原等，清华大学出版社，6.1 LR分析概述，教材p123,6.1 LR分析概述,123,教材目录或相应页面在“6.1 LR分析概述”（教材p123）出现或讲解“6.1 LR分析概述”；本节点/关系用于表示：围绕“6.1 LR分析概述”展开的编译原理知识模块。
CP_TOP_088,6.2 LR(0)分析,Topic,编译原理,第6章 LR分析,围绕“6.2 LR(0)分析”展开的编译原理知识模块。,,3,4,《编译原理（第3版）》王生原等，清华大学出版社，6.2 LR(0)分析，教材p124,6.2 LR(0)分析,124,教材目录或相应页面在“6.2 LR(0)分析”（教材p124）出现或讲解“6.2 LR(0)分析”；本节点/关系用于表示：围绕“6.2 LR(0)分析”展开的编译原理知识模块。
CP_TOP_089,6.2.1 LR(0)项目和汇集,Topic,编译原理,第6章 LR分析,围绕“6.2.1 LR(0)项目和汇集”展开的编译原理知识模块。,,3,4,《编译原理（第3版）》王生原等，清华大学出版社，6.2.1 LR(0)项目和汇集，教材p124,6.2.1 LR(0)项目和汇集,124,教材目录或相应页面在“6.2.1 LR(0)项目和汇集”（教材p124）出现或讲解“6.2.1 LR(0)项目和汇集”；本节点/关系用于表示：围绕“6.2.1 LR(0)项目和汇集”展开的编译原理知识模块。
CP_TOP_090,6.2.2 识别活前缀的有限自动机,Topic,编译原理,第6章 LR分析,围绕“6.2.2 识别活前缀的有限自动机”展开的编译原理知识模块。,,3,4,《编译原理（第3版）》王生原等，清华大学出版社，6.2.2 识别活前缀的有限自动机，教材p127,6.2.2 识别活前缀的有限自动机,127,教材目录或相应页面在“6.2.2 识别活前缀的有限自动机”（教材p127）出现或讲解“6.2.2 识别活前缀的有限自动机”；本节点/关系用于表示：围绕“6.2.2 识别活前缀的有限自动机”展开的编译原理知识模块。
CP_TOP_091,6.2.3 活前缀文法的LR(0)项目集族的构造,Topic,编译原理,第6章 LR分析,围绕“6.2.3 活前缀文法的LR(0)项目集族的构造”展开的编译原理知识模块。,,3,4,《编译原理（第3版）》王生原等，清华大学出版社，6.2.3 活前缀文法的LR(0)项目集族的构造，教材p128,6.2.3 活前缀文法的LR(0)项目集族的构造,128,教材目录或相应页面在“6.2.3 活前缀文法的LR(0)项目集族的构造”（教材p128）出现或讲解“6.2.3 活前缀文法的LR(0)项目集族的构造”；本节点/关系用于表示：围绕“6.2.3 活前缀文法的LR(0)项目集族的构造”展开的编译原理知识模块。
CP_TOP_092,6.2.4 LR(0)项目集规范族的构造,Topic,编译原理,第6章 LR分析,围绕“6.2.4 LR(0)项目集规范族的构造”展开的编译原理知识模块。,,3,4,《编译原理（第3版）》王生原等，清华大学出版社，6.2.4 LR(0)项目集规范族的构造，教材p130,6.2.4 LR(0)项目集规范族的构造,130,教材目录或相应页面在“6.2.4 LR(0)项目集规范族的构造”（教材p130）出现或讲解“6.2.4 LR(0)项目集规范族的构造”；本节点/关系用于表示：围绕“6.2.4 LR(0)项目集规范族的构造”展开的编译原理知识模块。
CP_TOP_093,6.3 SLR(1)分析,Topic,编译原理,第6章 LR分析,围绕“6.3 SLR(1)分析”展开的编译原理知识模块。,,3,4,《编译原理（第3版）》王生原等，清华大学出版社，6.3 SLR(1)分析，教材p137,6.3 SLR(1)分析,137,教材目录或相应页面在“6.3 SLR(1)分析”（教材p137）出现或讲解“6.3 SLR(1)分析”；本节点/关系用于表示：围绕“6.3 SLR(1)分析”展开的编译原理知识模块。
CP_TOP_094,6.4 LR(1)分析,Topic,编译原理,第6章 LR分析,围绕“6.4 LR(1)分析”展开的编译原理知识模块。,,3,4,《编译原理（第3版）》王生原等，清华大学出版社，6.4 LR(1)分析，教材p144,6.4 LR(1)分析,144,教材目录或相应页面在“6.4 LR(1)分析”（教材p144）出现或讲解“6.4 LR(1)分析”；本节点/关系用于表示：围绕“6.4 LR(1)分析”展开的编译原理知识模块。
CP_TOP_095,6.4.1 LR(1)项目集族的构造,Topic,编译原理,第6章 LR分析,围绕“6.4.1 LR(1)项目集族的构造”展开的编译原理知识模块。,,3,4,《编译原理（第3版）》王生原等，清华大学出版社，6.4.1 LR(1)项目集族的构造，教材p145,6.4.1 LR(1)项目集族的构造,145,教材目录或相应页面在“6.4.1 LR(1)项目集族的构造”（教材p145）出现或讲解“6.4.1 LR(1)项目集族的构造”；本节点/关系用于表示：围绕“6.4.1 LR(1)项目集族的构造”展开的编译原理知识模块。
CP_TOP_096,6.4.2 LR(1)分析表的构造,Topic,编译原理,第6章 LR分析,围绕“6.4.2 LR(1)分析表的构造”展开的编译原理知识模块。,,3,4,《编译原理（第3版）》王生原等，清华大学出版社，6.4.2 LR(1)分析表的构造，教材p146,6.4.2 LR(1)分析表的构造,146,教材目录或相应页面在“6.4.2 LR(1)分析表的构造”（教材p146）出现或讲解“6.4.2 LR(1)分析表的构造”；本节点/关系用于表示：围绕“6.4.2 LR(1)分析表的构造”展开的编译原理知识模块。
CP_TOP_097,6.5 LALR(1)分析,Topic,编译原理,第6章 LR分析,围绕“6.5 LALR(1)分析”展开的编译原理知识模块。,,3,4,《编译原理（第3版）》王生原等，清华大学出版社，6.5 LALR(1)分析，教材p148,6.5 LALR(1)分析,148,教材目录或相应页面在“6.5 LALR(1)分析”（教材p148）出现或讲解“6.5 LALR(1)分析”；本节点/关系用于表示：围绕“6.5 LALR(1)分析”展开的编译原理知识模块。
CP_TOP_098,6.6 二义性文法在LR分析中的应用,Topic,编译原理,第6章 LR分析,围绕“6.6 二义性文法在LR分析中的应用”展开的编译原理知识模块。,,3,4,《编译原理（第3版）》王生原等，清华大学出版社，6.6 二义性文法在LR分析中的应用，教材p153,6.6 二义性文法在LR分析中的应用,153,教材目录或相应页面在“6.6 二义性文法在LR分析中的应用”（教材p153）出现或讲解“6.6 二义性文法在LR分析中的应用”；本节点/关系用于表示：围绕“6.6 二义性文法在LR分析中的应用”展开的编译原理知识模块。
CP_TOP_099,7.1 基于属性文法的语义计算,Topic,编译原理,第7章 语法制导的语义计算,围绕“7.1 基于属性文法的语义计算”展开的编译原理知识模块。,,3,4,《编译原理（第3版）》王生原等，清华大学出版社，7.1 基于属性文法的语义计算，教材p160,7.1 基于属性文法的语义计算,160,教材目录或相应页面在“7.1 基于属性文法的语义计算”（教材p160）出现或讲解“7.1 基于属性文法的语义计算”；本节点/关系用于表示：围绕“7.1 基于属性文法的语义计算”展开的编译原理知识模块。
CP_TOP_100,7.1.1 属性文法,Topic,编译原理,第7章 语法制导的语义计算,围绕“7.1.1 属性文法”展开的编译原理知识模块。,,3,4,《编译原理（第3版）》王生原等，清华大学出版社，7.1.1 属性文法，教材p160,7.1.1 属性文法,160,教材目录或相应页面在“7.1.1 属性文法”（教材p160）出现或讲解“7.1.1 属性文法”；本节点/关系用于表示：围绕“7.1.1 属性文法”展开的编译原理知识模块。
CP_TOP_101,7.1.2 通用分析树进行语义计算,Topic,编译原理,第7章 语法制导的语义计算,围绕“7.1.2 通用分析树进行语义计算”展开的编译原理知识模块。,,3,4,《编译原理（第3版）》王生原等，清华大学出版社，7.1.2 通用分析树进行语义计算，教材p164,7.1.2 通用分析树进行语义计算,164,教材目录或相应页面在“7.1.2 通用分析树进行语义计算”（教材p164）出现或讲解“7.1.2 通用分析树进行语义计算”；本节点/关系用于表示：围绕“7.1.2 通用分析树进行语义计算”展开的编译原理知识模块。
CP_TOP_102,7.1.3 S-属性文法和L-属性文法,Topic,编译原理,第7章 语法制导的语义计算,围绕“7.1.3 S-属性文法和L-属性文法”展开的编译原理知识模块。,,3,4,《编译原理（第3版）》王生原等，清华大学出版社，7.1.3 S-属性文法和L-属性文法，教材p166,7.1.3 S-属性文法和L-属性文法,166,教材目录或相应页面在“7.1.3 S-属性文法和L-属性文法”（教材p166）出现或讲解“7.1.3 S-属性文法和L-属性文法”；本节点/关系用于表示：围绕“7.1.3 S-属性文法和L-属性文法”展开的编译原理知识模块。
CP_TOP_103,7.1.4 基于S-属性文法的语义计算,Topic,编译原理,第7章 语法制导的语义计算,围绕“7.1.4 基于S-属性文法的语义计算”展开的编译原理知识模块。,,3,4,《编译原理（第3版）》王生原等，清华大学出版社，7.1.4 基于S-属性文法的语义计算，教材p168,7.1.4 基于S-属性文法的语义计算,168,教材目录或相应页面在“7.1.4 基于S-属性文法的语义计算”（教材p168）出现或讲解“7.1.4 基于S-属性文法的语义计算”；本节点/关系用于表示：围绕“7.1.4 基于S-属性文法的语义计算”展开的编译原理知识模块。
CP_TOP_104,7.1.5 基于L-属性文法的语义计算,Topic,编译原理,第7章 语法制导的语义计算,围绕“7.1.5 基于L-属性文法的语义计算”展开的编译原理知识模块。,,3,4,《编译原理（第3版）》王生原等，清华大学出版社，7.1.5 基于L-属性文法的语义计算，教材p171,7.1.5 基于L-属性文法的语义计算,171,教材目录或相应页面在“7.1.5 基于L-属性文法的语义计算”（教材p171）出现或讲解“7.1.5 基于L-属性文法的语义计算”；本节点/关系用于表示：围绕“7.1.5 基于L-属性文法的语义计算”展开的编译原理知识模块。
CP_TOP_105,7.2 基于翻译模式的语义计算,Topic,编译原理,第7章 语法制导的语义计算,围绕“7.2 基于翻译模式的语义计算”展开的编译原理知识模块。,,3,4,《编译原理（第3版）》王生原等，清华大学出版社，7.2 基于翻译模式的语义计算，教材p172,7.2 基于翻译模式的语义计算,172,教材目录或相应页面在“7.2 基于翻译模式的语义计算”（教材p172）出现或讲解“7.2 基于翻译模式的语义计算”；本节点/关系用于表示：围绕“7.2 基于翻译模式的语义计算”展开的编译原理知识模块。
CP_TOP_106,7.2.1 翻译模式,Topic,编译原理,第7章 语法制导的语义计算,围绕“7.2.1 翻译模式”展开的编译原理知识模块。,,3,4,《编译原理（第3版）》王生原等，清华大学出版社，7.2.1 翻译模式，教材p172,7.2.1 翻译模式,172,教材目录或相应页面在“7.2.1 翻译模式”（教材p172）出现或讲解“7.2.1 翻译模式”；本节点/关系用于表示：围绕“7.2.1 翻译模式”展开的编译原理知识模块。
CP_TOP_107,7.2.2 基于S-翻译模式的语义计算,Topic,编译原理,第7章 语法制导的语义计算,围绕“7.2.2 基于S-翻译模式的语义计算”展开的编译原理知识模块。,,3,4,《编译原理（第3版）》王生原等，清华大学出版社，7.2.2 基于S-翻译模式的语义计算，教材p173,7.2.2 基于S-翻译模式的语义计算,173,教材目录或相应页面在“7.2.2 基于S-翻译模式的语义计算”（教材p173）出现或讲解“7.2.2 基于S-翻译模式的语义计算”；本节点/关系用于表示：围绕“7.2.2 基于S-翻译模式的语义计算”展开的编译原理知识模块。
CP_TOP_108,7.2.3 基于L-翻译模式的自顶向下语义计算,Topic,编译原理,第7章 语法制导的语义计算,围绕“7.2.3 基于L-翻译模式的自顶向下语义计算”展开的编译原理知识模块。,,3,4,《编译原理（第3版）》王生原等，清华大学出版社，7.2.3 基于L-翻译模式的自顶向下语义计算，教材p174,7.2.3 基于L-翻译模式的自顶向下语义计算,174,教材目录或相应页面在“7.2.3 基于L-翻译模式的自顶向下语义计算”（教材p174）出现或讲解“7.2.3 基于L-翻译模式的自顶向下语义计算”；本节点/关系用于表示：围绕“7.2.3 基于L-翻译模式的自顶向下语义计算”展开的编译原理知识模块。
CP_TOP_109,7.2.4 基于L-翻译模式的自底向上语义计算,Topic,编译原理,第7章 语法制导的语义计算,围绕“7.2.4 基于L-翻译模式的自底向上语义计算”展开的编译原理知识模块。,,3,4,《编译原理（第3版）》王生原等，清华大学出版社，7.2.4 基于L-翻译模式的自底向上语义计算，教材p178,7.2.4 基于L-翻译模式的自底向上语义计算,178,教材目录或相应页面在“7.2.4 基于L-翻译模式的自底向上语义计算”（教材p178）出现或讲解“7.2.4 基于L-翻译模式的自底向上语义计算”；本节点/关系用于表示：围绕“7.2.4 基于L-翻译模式的自底向上语义计算”展开的编译原理知识模块。
CP_TOP_110,7.3 分析和翻译程序的自动生成工具yacc,Topic,编译原理,第7章 语法制导的语义计算,围绕“7.3 分析和翻译程序的自动生成工具yacc”展开的编译原理知识模块。,,3,4,《编译原理（第3版）》王生原等，清华大学出版社，7.3 分析和翻译程序的自动生成工具yacc，教材p183,7.3 分析和翻译程序的自动生成工具yacc,183,教材目录或相应页面在“7.3 分析和翻译程序的自动生成工具yacc”（教材p183）出现或讲解“7.3 分析和翻译程序的自动生成工具yacc”；本节点/关系用于表示：围绕“7.3 分析和翻译程序的自动生成工具yacc”展开的编译原理知识模块。
CP_TOP_111,7.3.1 yacc描述文件,Topic,编译原理,第7章 语法制导的语义计算,围绕“7.3.1 yacc描述文件”展开的编译原理知识模块。,,3,4,《编译原理（第3版）》王生原等，清华大学出版社，7.3.1 yacc描述文件，教材p184,7.3.1 yacc描述文件,184,教材目录或相应页面在“7.3.1 yacc描述文件”（教材p184）出现或讲解“7.3.1 yacc描述文件”；本节点/关系用于表示：围绕“7.3.1 yacc描述文件”展开的编译原理知识模块。
CP_TOP_112,7.3.2 使用yacc的一个简单例子,Topic,编译原理,第7章 语法制导的语义计算,围绕“7.3.2 使用yacc的一个简单例子”展开的编译原理知识模块。,,3,4,《编译原理（第3版）》王生原等，清华大学出版社，7.3.2 使用yacc的一个简单例子，教材p182,7.3.2 使用yacc的一个简单例子,182,教材目录或相应页面在“7.3.2 使用yacc的一个简单例子”（教材p182）出现或讲解“7.3.2 使用yacc的一个简单例子”；本节点/关系用于表示：围绕“7.3.2 使用yacc的一个简单例子”展开的编译原理知识模块。
CP_TOP_113,8.1 符号表,Topic,编译原理,第8章 静态语义分析和中间代码生成,围绕“8.1 符号表”展开的编译原理知识模块。,,3,4,《编译原理（第3版）》王生原等，清华大学出版社，8.1 符号表，教材p195,8.1 符号表,195,教材目录或相应页面在“8.1 符号表”（教材p195）出现或讲解“8.1 符号表”；本节点/关系用于表示：围绕“8.1 符号表”展开的编译原理知识模块。
CP_TOP_114,8.1.1 符号表的作用,Topic,编译原理,第8章 静态语义分析和中间代码生成,围绕“8.1.1 符号表的作用”展开的编译原理知识模块。,,3,4,《编译原理（第3版）》王生原等，清华大学出版社，8.1.1 符号表的作用，教材p195,8.1.1 符号表的作用,195,教材目录或相应页面在“8.1.1 符号表的作用”（教材p195）出现或讲解“8.1.1 符号表的作用”；本节点/关系用于表示：围绕“8.1.1 符号表的作用”展开的编译原理知识模块。
CP_TOP_115,8.1.2 符号的常见属性,Topic,编译原理,第8章 静态语义分析和中间代码生成,围绕“8.1.2 符号的常见属性”展开的编译原理知识模块。,,3,4,《编译原理（第3版）》王生原等，清华大学出版社，8.1.2 符号的常见属性，教材p196,8.1.2 符号的常见属性,196,教材目录或相应页面在“8.1.2 符号的常见属性”（教材p196）出现或讲解“8.1.2 符号的常见属性”；本节点/关系用于表示：围绕“8.1.2 符号的常见属性”展开的编译原理知识模块。
CP_TOP_116,8.1.3 符号表的实现,Topic,编译原理,第8章 静态语义分析和中间代码生成,围绕“8.1.3 符号表的实现”展开的编译原理知识模块。,,3,4,《编译原理（第3版）》王生原等，清华大学出版社，8.1.3 符号表的实现，教材p197,8.1.3 符号表的实现,197,教材目录或相应页面在“8.1.3 符号表的实现”（教材p197）出现或讲解“8.1.3 符号表的实现”；本节点/关系用于表示：围绕“8.1.3 符号表的实现”展开的编译原理知识模块。
CP_TOP_117,8.1.4 符号表在属性判别中的应用,Topic,编译原理,第8章 静态语义分析和中间代码生成,围绕“8.1.4 符号表在属性判别中的应用”展开的编译原理知识模块。,,3,4,《编译原理（第3版）》王生原等，清华大学出版社，8.1.4 符号表在属性判别中的应用，教材p197,8.1.4 符号表在属性判别中的应用,197,教材目录或相应页面在“8.1.4 符号表在属性判别中的应用”（教材p197）出现或讲解“8.1.4 符号表在属性判别中的应用”；本节点/关系用于表示：围绕“8.1.4 符号表在属性判别中的应用”展开的编译原理知识模块。
CP_TOP_118,8.1.5 实例：PL/0编译程序中符号表的设计与实现,Topic,编译原理,第8章 静态语义分析和中间代码生成,围绕“8.1.5 实例：PL/0编译程序中符号表的设计与实现”展开的编译原理知识模块。,,3,4,《编译原理（第3版）》王生原等，清华大学出版社，8.1.5 实例：PL/0编译程序中符号表的设计与实现，教材p199,8.1.5 实例：PL/0编译程序中符号表的设计与实现,199,教材目录或相应页面在“8.1.5 实例：PL/0编译程序中符号表的设计与实现”（教材p199）出现或讲解“8.1.5 实例：PL/0编译程序中符号表的设计与实现”；本节点/关系用于表示：围绕“8.1.5 实例：PL/0编译程序中符号表的设计与实现”展开的编译原理知识模块。
CP_TOP_119,8.2 静态语义分析,Topic,编译原理,第8章 静态语义分析和中间代码生成,围绕“8.2 静态语义分析”展开的编译原理知识模块。,,3,4,《编译原理（第3版）》王生原等，清华大学出版社，8.2 静态语义分析，教材p203,8.2 静态语义分析,203,教材目录或相应页面在“8.2 静态语义分析”（教材p203）出现或讲解“8.2 静态语义分析”；本节点/关系用于表示：围绕“8.2 静态语义分析”展开的编译原理知识模块。
CP_TOP_120,8.2.1 静态语义分析的主要任务,Topic,编译原理,第8章 静态语义分析和中间代码生成,围绕“8.2.1 静态语义分析的主要任务”展开的编译原理知识模块。,,3,4,《编译原理（第3版）》王生原等，清华大学出版社，8.2.1 静态语义分析的主要任务，教材p203,8.2.1 静态语义分析的主要任务,203,教材目录或相应页面在“8.2.1 静态语义分析的主要任务”（教材p203）出现或讲解“8.2.1 静态语义分析的主要任务”；本节点/关系用于表示：围绕“8.2.1 静态语义分析的主要任务”展开的编译原理知识模块。
CP_TOP_121,8.2.2 静态类型检查,Topic,编译原理,第8章 静态语义分析和中间代码生成,围绕“8.2.2 静态类型检查”展开的编译原理知识模块。,,3,4,《编译原理（第3版）》王生原等，清华大学出版社，8.2.2 静态类型检查，教材p204,8.2.2 静态类型检查,204,教材目录或相应页面在“8.2.2 静态类型检查”（教材p204）出现或讲解“8.2.2 静态类型检查”；本节点/关系用于表示：围绕“8.2.2 静态类型检查”展开的编译原理知识模块。
CP_TOP_122,8.3 中间代码生成,Topic,编译原理,第8章 静态语义分析和中间代码生成,围绕“8.3 中间代码生成”展开的编译原理知识模块。,,3,4,《编译原理（第3版）》王生原等，清华大学出版社，8.3 中间代码生成，教材p208,8.3 中间代码生成,208,教材目录或相应页面在“8.3 中间代码生成”（教材p208）出现或讲解“8.3 中间代码生成”；本节点/关系用于表示：围绕“8.3 中间代码生成”展开的编译原理知识模块。
CP_TOP_123,8.3.1 常见的中间表示形式,Topic,编译原理,第8章 静态语义分析和中间代码生成,围绕“8.3.1 常见的中间表示形式”展开的编译原理知识模块。,,3,4,《编译原理（第3版）》王生原等，清华大学出版社，8.3.1 常见的中间表示形式，教材p208,8.3.1 常见的中间表示形式,208,教材目录或相应页面在“8.3.1 常见的中间表示形式”（教材p208）出现或讲解“8.3.1 常见的中间表示形式”；本节点/关系用于表示：围绕“8.3.1 常见的中间表示形式”展开的编译原理知识模块。
CP_TOP_124,8.3.2 生成抽象语法树,Topic,编译原理,第8章 静态语义分析和中间代码生成,围绕“8.3.2 生成抽象语法树”展开的编译原理知识模块。,,3,4,《编译原理（第3版）》王生原等，清华大学出版社，8.3.2 生成抽象语法树，教材p210,8.3.2 生成抽象语法树,210,教材目录或相应页面在“8.3.2 生成抽象语法树”（教材p210）出现或讲解“8.3.2 生成抽象语法树”；本节点/关系用于表示：围绕“8.3.2 生成抽象语法树”展开的编译原理知识模块。
CP_TOP_125,8.3.3 生成三地址码,Topic,编译原理,第8章 静态语义分析和中间代码生成,围绕“8.3.3 生成三地址码”展开的编译原理知识模块。,,3,4,《编译原理（第3版）》王生原等，清华大学出版社，8.3.3 生成三地址码，教材p211,8.3.3 生成三地址码,211,教材目录或相应页面在“8.3.3 生成三地址码”（教材p211）出现或讲解“8.3.3 生成三地址码”；本节点/关系用于表示：围绕“8.3.3 生成三地址码”展开的编译原理知识模块。
CP_TOP_126,8.4 语法制导方法,Topic,编译原理,第8章 静态语义分析和中间代码生成,围绕“8.4 语法制导方法”展开的编译原理知识模块。,,3,4,《编译原理（第3版）》王生原等，清华大学出版社，8.4 语法制导方法，教材p220,8.4 语法制导方法,220,教材目录或相应页面在“8.4 语法制导方法”（教材p220）出现或讲解“8.4 语法制导方法”；本节点/关系用于表示：围绕“8.4 语法制导方法”展开的编译原理知识模块。
CP_TOP_127,9.1 运行时存储组织概述,Topic,编译原理,第9章 运行时存储组织,围绕“9.1 运行时存储组织概述”展开的编译原理知识模块。,,3,4,《编译原理（第3版）》王生原等，清华大学出版社，9.1 运行时存储组织概述，教材p229,9.1 运行时存储组织概述,229,教材目录或相应页面在“9.1 运行时存储组织概述”（教材p229）出现或讲解“9.1 运行时存储组织概述”；本节点/关系用于表示：围绕“9.1 运行时存储组织概述”展开的编译原理知识模块。
CP_TOP_128,9.1.1 运行时存储组织的作用与任务,Topic,编译原理,第9章 运行时存储组织,围绕“9.1.1 运行时存储组织的作用与任务”展开的编译原理知识模块。,,3,4,《编译原理（第3版）》王生原等，清华大学出版社，9.1.1 运行时存储组织的作用与任务，教材p229,9.1.1 运行时存储组织的作用与任务,229,教材目录或相应页面在“9.1.1 运行时存储组织的作用与任务”（教材p229）出现或讲解“9.1.1 运行时存储组织的作用与任务”；本节点/关系用于表示：围绕“9.1.1 运行时存储组织的作用与任务”展开的编译原理知识模块。
CP_TOP_129,9.1.2 程序运行时存储空间的布局,Topic,编译原理,第9章 运行时存储组织,围绕“9.1.2 程序运行时存储空间的布局”展开的编译原理知识模块。,,3,4,《编译原理（第3版）》王生原等，清华大学出版社，9.1.2 程序运行时存储空间的布局，教材p230,9.1.2 程序运行时存储空间的布局,230,教材目录或相应页面在“9.1.2 程序运行时存储空间的布局”（教材p230）出现或讲解“9.1.2 程序运行时存储空间的布局”；本节点/关系用于表示：围绕“9.1.2 程序运行时存储空间的布局”展开的编译原理知识模块。
CP_TOP_130,9.1.3 存储分配策略,Topic,编译原理,第9章 运行时存储组织,围绕“9.1.3 存储分配策略”展开的编译原理知识模块。,,3,4,《编译原理（第3版）》王生原等，清华大学出版社，9.1.3 存储分配策略，教材p231,9.1.3 存储分配策略,231,教材目录或相应页面在“9.1.3 存储分配策略”（教材p231）出现或讲解“9.1.3 存储分配策略”；本节点/关系用于表示：围绕“9.1.3 存储分配策略”展开的编译原理知识模块。
CP_TOP_131,9.2 活动记录,Topic,编译原理,第9章 运行时存储组织,围绕“9.2 活动记录”展开的编译原理知识模块。,,3,4,《编译原理（第3版）》王生原等，清华大学出版社，9.2 活动记录，教材p234,9.2 活动记录,234,教材目录或相应页面在“9.2 活动记录”（教材p234）出现或讲解“9.2 活动记录”；本节点/关系用于表示：围绕“9.2 活动记录”展开的编译原理知识模块。
CP_TOP_132,9.2.1 过程活动记录,Topic,编译原理,第9章 运行时存储组织,围绕“9.2.1 过程活动记录”展开的编译原理知识模块。,,3,4,《编译原理（第3版）》王生原等，清华大学出版社，9.2.1 过程活动记录，教材p234,9.2.1 过程活动记录,234,教材目录或相应页面在“9.2.1 过程活动记录”（教材p234）出现或讲解“9.2.1 过程活动记录”；本节点/关系用于表示：围绕“9.2.1 过程活动记录”展开的编译原理知识模块。
CP_TOP_133,9.2.2 嵌套过程和嵌套函数的访问,Topic,编译原理,第9章 运行时存储组织,围绕“9.2.2 嵌套过程和嵌套函数的访问”展开的编译原理知识模块。,,3,4,《编译原理（第3版）》王生原等，清华大学出版社，9.2.2 嵌套过程和嵌套函数的访问，教材p236,9.2.2 嵌套过程和嵌套函数的访问,236,教材目录或相应页面在“9.2.2 嵌套过程和嵌套函数的访问”（教材p236）出现或讲解“9.2.2 嵌套过程和嵌套函数的访问”；本节点/关系用于表示：围绕“9.2.2 嵌套过程和嵌套函数的访问”展开的编译原理知识模块。
CP_TOP_134,9.2.3 嵌套函数的调用环境访问,Topic,编译原理,第9章 运行时存储组织,围绕“9.2.3 嵌套函数的调用环境访问”展开的编译原理知识模块。,,3,4,《编译原理（第3版）》王生原等，清华大学出版社，9.2.3 嵌套函数的调用环境访问，教材p239,9.2.3 嵌套函数的调用环境访问,239,教材目录或相应页面在“9.2.3 嵌套函数的调用环境访问”（教材p239）出现或讲解“9.2.3 嵌套函数的调用环境访问”；本节点/关系用于表示：围绕“9.2.3 嵌套函数的调用环境访问”展开的编译原理知识模块。
CP_TOP_135,9.2.4 嵌套作用域规则和静态作用域规则,Topic,编译原理,第9章 运行时存储组织,围绕“9.2.4 嵌套作用域规则和静态作用域规则”展开的编译原理知识模块。,,3,4,《编译原理（第3版）》王生原等，清华大学出版社，9.2.4 嵌套作用域规则和静态作用域规则，教材p240,9.2.4 嵌套作用域规则和静态作用域规则,240,教材目录或相应页面在“9.2.4 嵌套作用域规则和静态作用域规则”（教材p240）出现或讲解“9.2.4 嵌套作用域规则和静态作用域规则”；本节点/关系用于表示：围绕“9.2.4 嵌套作用域规则和静态作用域规则”展开的编译原理知识模块。
CP_TOP_136,9.3 过程调用,Topic,编译原理,第9章 运行时存储组织,围绕“9.3 过程调用”展开的编译原理知识模块。,,3,4,《编译原理（第3版）》王生原等，清华大学出版社，9.3 过程调用，教材p241,9.3 过程调用,241,教材目录或相应页面在“9.3 过程调用”（教材p241）出现或讲解“9.3 过程调用”；本节点/关系用于表示：围绕“9.3 过程调用”展开的编译原理知识模块。
CP_TOP_137,9.4 PL/0编译程序的运行时存储组织,Topic,编译原理,第9章 运行时存储组织,围绕“9.4 PL/0编译程序的运行时存储组织”展开的编译原理知识模块。,,3,4,《编译原理（第3版）》王生原等，清华大学出版社，9.4 PL/0编译程序的运行时存储组织，教材p243,9.4 PL/0编译程序的运行时存储组织,243,教材目录或相应页面在“9.4 PL/0编译程序的运行时存储组织”（教材p243）出现或讲解“9.4 PL/0编译程序的运行时存储组织”；本节点/关系用于表示：围绕“9.4 PL/0编译程序的运行时存储组织”展开的编译原理知识模块。
CP_TOP_138,9.4.1 PL/0和P-code子程序中的过程活动记录,Topic,编译原理,第9章 运行时存储组织,围绕“9.4.1 PL/0和P-code子程序中的过程活动记录”展开的编译原理知识模块。,,3,4,《编译原理（第3版）》王生原等，清华大学出版社，9.4.1 PL/0和P-code子程序中的过程活动记录，教材p244,9.4.1 PL/0和P-code子程序中的过程活动记录,244,教材目录或相应页面在“9.4.1 PL/0和P-code子程序中的过程活动记录”（教材p244）出现或讲解“9.4.1 PL/0和P-code子程序中的过程活动记录”；本节点/关系用于表示：围绕“9.4.1 PL/0和P-code子程序中的过程活动记录”展开的编译原理知识模块。
CP_TOP_139,9.4.2 实现过程调用和返回的类P-code指令,Topic,编译原理,第9章 运行时存储组织,围绕“9.4.2 实现过程调用和返回的类P-code指令”展开的编译原理知识模块。,,3,4,《编译原理（第3版）》王生原等，清华大学出版社，9.4.2 实现过程调用和返回的类P-code指令，教材p245,9.4.2 实现过程调用和返回的类P-code指令,245,教材目录或相应页面在“9.4.2 实现过程调用和返回的类P-code指令”（教材p245）出现或讲解“9.4.2 实现过程调用和返回的类P-code指令”；本节点/关系用于表示：围绕“9.4.2 实现过程调用和返回的类P-code指令”展开的编译原理知识模块。
CP_TOP_140,9.5 面向对象语言的运行时存储组织,Topic,编译原理,第9章 运行时存储组织,围绕“9.5 面向对象语言的运行时存储组织”展开的编译原理知识模块。,,3,4,《编译原理（第3版）》王生原等，清华大学出版社，9.5 面向对象语言的运行时存储组织，教材p247,9.5 面向对象语言的运行时存储组织,247,教材目录或相应页面在“9.5 面向对象语言的运行时存储组织”（教材p247）出现或讲解“9.5 面向对象语言的运行时存储组织”；本节点/关系用于表示：围绕“9.5 面向对象语言的运行时存储组织”展开的编译原理知识模块。
CP_TOP_141,9.5.1 类和对象的角色,Topic,编译原理,第9章 运行时存储组织,围绕“9.5.1 类和对象的角色”展开的编译原理知识模块。,,3,4,《编译原理（第3版）》王生原等，清华大学出版社，9.5.1 类和对象的角色，教材p247,9.5.1 类和对象的角色,247,教材目录或相应页面在“9.5.1 类和对象的角色”（教材p247）出现或讲解“9.5.1 类和对象的角色”；本节点/关系用于表示：围绕“9.5.1 类和对象的角色”展开的编译原理知识模块。
CP_TOP_142,9.5.2 面向对象程序运行时的特征,Topic,编译原理,第9章 运行时存储组织,围绕“9.5.2 面向对象程序运行时的特征”展开的编译原理知识模块。,,3,4,《编译原理（第3版）》王生原等，清华大学出版社，9.5.2 面向对象程序运行时的特征，教材p247,9.5.2 面向对象程序运行时的特征,247,教材目录或相应页面在“9.5.2 面向对象程序运行时的特征”（教材p247）出现或讲解“9.5.2 面向对象程序运行时的特征”；本节点/关系用于表示：围绕“9.5.2 面向对象程序运行时的特征”展开的编译原理知识模块。
CP_TOP_143,9.5.3 对象的存储组织,Topic,编译原理,第9章 运行时存储组织,围绕“9.5.3 对象的存储组织”展开的编译原理知识模块。,,3,4,《编译原理（第3版）》王生原等，清华大学出版社，9.5.3 对象的存储组织，教材p248,9.5.3 对象的存储组织,248,教材目录或相应页面在“9.5.3 对象的存储组织”（教材p248）出现或讲解“9.5.3 对象的存储组织”；本节点/关系用于表示：围绕“9.5.3 对象的存储组织”展开的编译原理知识模块。
CP_TOP_144,9.5.4 例程的动态绑定,Topic,编译原理,第9章 运行时存储组织,围绕“9.5.4 例程的动态绑定”展开的编译原理知识模块。,,3,4,《编译原理（第3版）》王生原等，清华大学出版社，9.5.4 例程的动态绑定，教材p249,9.5.4 例程的动态绑定,249,教材目录或相应页面在“9.5.4 例程的动态绑定”（教材p249）出现或讲解“9.5.4 例程的动态绑定”；本节点/关系用于表示：围绕“9.5.4 例程的动态绑定”展开的编译原理知识模块。
CP_TOP_145,9.5.5 其他问题,Topic,编译原理,第9章 运行时存储组织,围绕“9.5.5 其他问题”展开的编译原理知识模块。,,3,4,《编译原理（第3版）》王生原等，清华大学出版社，9.5.5 其他问题，教材p251,9.5.5 其他问题,251,教材目录或相应页面在“9.5.5 其他问题”（教材p251）出现或讲解“9.5.5 其他问题”；本节点/关系用于表示：围绕“9.5.5 其他问题”展开的编译原理知识模块。
CP_TOP_146,10.1 基本块、流图和循环,Topic,编译原理,第10章 代码优化和目标代码生成,围绕“10.1 基本块、流图和循环”展开的编译原理知识模块。,,3,4,《编译原理（第3版）》王生原等，清华大学出版社，10.1 基本块、流图和循环，教材p255,10.1 基本块、流图和循环,255,教材目录或相应页面在“10.1 基本块、流图和循环”（教材p255）出现或讲解“10.1 基本块、流图和循环”；本节点/关系用于表示：围绕“10.1 基本块、流图和循环”展开的编译原理知识模块。
CP_TOP_147,10.1.1 基本块,Topic,编译原理,第10章 代码优化和目标代码生成,围绕“10.1.1 基本块”展开的编译原理知识模块。,,3,4,《编译原理（第3版）》王生原等，清华大学出版社，10.1.1 基本块，教材p255,10.1.1 基本块,255,教材目录或相应页面在“10.1.1 基本块”（教材p255）出现或讲解“10.1.1 基本块”；本节点/关系用于表示：围绕“10.1.1 基本块”展开的编译原理知识模块。
CP_TOP_148,10.1.2 流图,Topic,编译原理,第10章 代码优化和目标代码生成,围绕“10.1.2 流图”展开的编译原理知识模块。,,3,4,《编译原理（第3版）》王生原等，清华大学出版社，10.1.2 流图，教材p256,10.1.2 流图,256,教材目录或相应页面在“10.1.2 流图”（教材p256）出现或讲解“10.1.2 流图”；本节点/关系用于表示：围绕“10.1.2 流图”展开的编译原理知识模块。
CP_TOP_149,10.1.3 循环,Topic,编译原理,第10章 代码优化和目标代码生成,围绕“10.1.3 循环”展开的编译原理知识模块。,,3,4,《编译原理（第3版）》王生原等，清华大学出版社，10.1.3 循环，教材p257,10.1.3 循环,257,教材目录或相应页面在“10.1.3 循环”（教材p257）出现或讲解“10.1.3 循环”；本节点/关系用于表示：围绕“10.1.3 循环”展开的编译原理知识模块。
CP_TOP_150,10.2 数据流分析基础,Topic,编译原理,第10章 代码优化和目标代码生成,围绕“10.2 数据流分析基础”展开的编译原理知识模块。,,3,4,《编译原理（第3版）》王生原等，清华大学出版社，10.2 数据流分析基础，教材p258,10.2 数据流分析基础,258,教材目录或相应页面在“10.2 数据流分析基础”（教材p258）出现或讲解“10.2 数据流分析基础”；本节点/关系用于表示：围绕“10.2 数据流分析基础”展开的编译原理知识模块。
CP_TOP_151,10.2.1 数据流分析的概念,Topic,编译原理,第10章 代码优化和目标代码生成,围绕“10.2.1 数据流分析的概念”展开的编译原理知识模块。,,3,4,《编译原理（第3版）》王生原等，清华大学出版社，10.2.1 数据流分析的概念，教材p259,10.2.1 数据流分析的概念,259,教材目录或相应页面在“10.2.1 数据流分析的概念”（教材p259）出现或讲解“10.2.1 数据流分析的概念”；本节点/关系用于表示：围绕“10.2.1 数据流分析的概念”展开的编译原理知识模块。
CP_TOP_152,10.2.2 到达-定值数据流分析,Topic,编译原理,第10章 代码优化和目标代码生成,围绕“10.2.2 到达-定值数据流分析”展开的编译原理知识模块。,,3,4,《编译原理（第3版）》王生原等，清华大学出版社，10.2.2 到达-定值数据流分析，教材p259,10.2.2 到达-定值数据流分析,259,教材目录或相应页面在“10.2.2 到达-定值数据流分析”（教材p259）出现或讲解“10.2.2 到达-定值数据流分析”；本节点/关系用于表示：围绕“10.2.2 到达-定值数据流分析”展开的编译原理知识模块。
CP_TOP_153,10.2.3 确定变量数据流分析,Topic,编译原理,第10章 代码优化和目标代码生成,围绕“10.2.3 确定变量数据流分析”展开的编译原理知识模块。,,3,4,《编译原理（第3版）》王生原等，清华大学出版社，10.2.3 确定变量数据流分析，教材p262,10.2.3 确定变量数据流分析,262,教材目录或相应页面在“10.2.3 确定变量数据流分析”（教材p262）出现或讲解“10.2.3 确定变量数据流分析”；本节点/关系用于表示：围绕“10.2.3 确定变量数据流分析”展开的编译原理知识模块。
CP_TOP_154,10.2.4 几种重要的变量使用数据流信息,Topic,编译原理,第10章 代码优化和目标代码生成,围绕“10.2.4 几种重要的变量使用数据流信息”展开的编译原理知识模块。,,3,4,《编译原理（第3版）》王生原等，清华大学出版社，10.2.4 几种重要的变量使用数据流信息，教材p263,10.2.4 几种重要的变量使用数据流信息,263,教材目录或相应页面在“10.2.4 几种重要的变量使用数据流信息”（教材p263）出现或讲解“10.2.4 几种重要的变量使用数据流信息”；本节点/关系用于表示：围绕“10.2.4 几种重要的变量使用数据流信息”展开的编译原理知识模块。
CP_TOP_155,10.3 代码优化技术,Topic,编译原理,第10章 代码优化和目标代码生成,围绕“10.3 代码优化技术”展开的编译原理知识模块。,,3,4,《编译原理（第3版）》王生原等，清华大学出版社，10.3 代码优化技术，教材p268,10.3 代码优化技术,268,教材目录或相应页面在“10.3 代码优化技术”（教材p268）出现或讲解“10.3 代码优化技术”；本节点/关系用于表示：围绕“10.3 代码优化技术”展开的编译原理知识模块。
CP_TOP_156,10.3.1 强度削弱,Topic,编译原理,第10章 代码优化和目标代码生成,围绕“10.3.1 强度削弱”展开的编译原理知识模块。,,3,4,《编译原理（第3版）》王生原等，清华大学出版社，10.3.1 强度削弱，教材p270,10.3.1 强度削弱,270,教材目录或相应页面在“10.3.1 强度削弱”（教材p270）出现或讲解“10.3.1 强度削弱”；本节点/关系用于表示：围绕“10.3.1 强度削弱”展开的编译原理知识模块。
CP_TOP_157,10.3.2 局部优化,Topic,编译原理,第10章 代码优化和目标代码生成,围绕“10.3.2 局部优化”展开的编译原理知识模块。,,3,4,《编译原理（第3版）》王生原等，清华大学出版社，10.3.2 局部优化，教材p271,10.3.2 局部优化,271,教材目录或相应页面在“10.3.2 局部优化”（教材p271）出现或讲解“10.3.2 局部优化”；本节点/关系用于表示：围绕“10.3.2 局部优化”展开的编译原理知识模块。
CP_TOP_158,10.3.3 循环优化,Topic,编译原理,第10章 代码优化和目标代码生成,围绕“10.3.3 循环优化”展开的编译原理知识模块。,,3,4,《编译原理（第3版）》王生原等，清华大学出版社，10.3.3 循环优化，教材p275,10.3.3 循环优化,275,教材目录或相应页面在“10.3.3 循环优化”（教材p275）出现或讲解“10.3.3 循环优化”；本节点/关系用于表示：围绕“10.3.3 循环优化”展开的编译原理知识模块。
CP_TOP_159,10.3.4 全局优化,Topic,编译原理,第10章 代码优化和目标代码生成,围绕“10.3.4 全局优化”展开的编译原理知识模块。,,3,4,《编译原理（第3版）》王生原等，清华大学出版社，10.3.4 全局优化，教材p278,10.3.4 全局优化,278,教材目录或相应页面在“10.3.4 全局优化”（教材p278）出现或讲解“10.3.4 全局优化”；本节点/关系用于表示：围绕“10.3.4 全局优化”展开的编译原理知识模块。
CP_TOP_160,10.4 目标代码生成技术,Topic,编译原理,第10章 代码优化和目标代码生成,围绕“10.4 目标代码生成技术”展开的编译原理知识模块。,,3,4,《编译原理（第3版）》王生原等，清华大学出版社，10.4 目标代码生成技术，教材p280,10.4 目标代码生成技术,280,教材目录或相应页面在“10.4 目标代码生成技术”（教材p280）出现或讲解“10.4 目标代码生成技术”；本节点/关系用于表示：围绕“10.4 目标代码生成技术”展开的编译原理知识模块。
CP_TOP_161,10.4.1 目标代码生成的主要环节,Topic,编译原理,第10章 代码优化和目标代码生成,围绕“10.4.1 目标代码生成的主要环节”展开的编译原理知识模块。,,3,4,《编译原理（第3版）》王生原等，清华大学出版社，10.4.1 目标代码生成的主要环节，教材p280,10.4.1 目标代码生成的主要环节,280,教材目录或相应页面在“10.4.1 目标代码生成的主要环节”（教材p280）出现或讲解“10.4.1 目标代码生成的主要环节”；本节点/关系用于表示：围绕“10.4.1 目标代码生成的主要环节”展开的编译原理知识模块。
CP_TOP_162,10.4.2 一个简单的代码生成过程,Topic,编译原理,第10章 代码优化和目标代码生成,围绕“10.4.2 一个简单的代码生成过程”展开的编译原理知识模块。,,3,4,《编译原理（第3版）》王生原等，清华大学出版社，10.4.2 一个简单的代码生成过程，教材p282,10.4.2 一个简单的代码生成过程,282,教材目录或相应页面在“10.4.2 一个简单的代码生成过程”（教材p282）出现或讲解“10.4.2 一个简单的代码生成过程”；本节点/关系用于表示：围绕“10.4.2 一个简单的代码生成过程”展开的编译原理知识模块。
CP_TOP_163,10.4.3 高效使用寄存器,Topic,编译原理,第10章 代码优化和目标代码生成,围绕“10.4.3 高效使用寄存器”展开的编译原理知识模块。,,3,4,《编译原理（第3版）》王生原等，清华大学出版社，10.4.3 高效使用寄存器，教材p285,10.4.3 高效使用寄存器,285,教材目录或相应页面在“10.4.3 高效使用寄存器”（教材p285）出现或讲解“10.4.3 高效使用寄存器”；本节点/关系用于表示：围绕“10.4.3 高效使用寄存器”展开的编译原理知识模块。
CP_TOP_164,10.4.4 简单的寄存器分配,Topic,编译原理,第10章 代码优化和目标代码生成,围绕“10.4.4 简单的寄存器分配”展开的编译原理知识模块。,,3,4,《编译原理（第3版）》王生原等，清华大学出版社，10.4.4 简单的寄存器分配，教材p288,10.4.4 简单的寄存器分配,288,教材目录或相应页面在“10.4.4 简单的寄存器分配”（教材p288）出现或讲解“10.4.4 简单的寄存器分配”；本节点/关系用于表示：围绕“10.4.4 简单的寄存器分配”展开的编译原理知识模块。
CP_TOP_165,10.4.5 PL/0编译器的目标代码生成程序,Topic,编译原理,第10章 代码优化和目标代码生成,围绕“10.4.5 PL/0编译器的目标代码生成程序”展开的编译原理知识模块。,,3,4,《编译原理（第3版）》王生原等，清华大学出版社，10.4.5 PL/0编译器的目标代码生成程序，教材p289,10.4.5 PL/0编译器的目标代码生成程序,289,教材目录或相应页面在“10.4.5 PL/0编译器的目标代码生成程序”（教材p289）出现或讲解“10.4.5 PL/0编译器的目标代码生成程序”；本节点/关系用于表示：围绕“10.4.5 PL/0编译器的目标代码生成程序”展开的编译原理知识模块。
CP_TOP_166,11.1 基于PL/0编译器的课程设计,Topic,编译原理,第11章 课程设计,围绕“11.1 基于PL/0编译器的课程设计”展开的编译原理知识模块。,,3,4,《编译原理（第3版）》王生原等，清华大学出版社，11.1 基于PL/0编译器的课程设计，教材p296,11.1 基于PL/0编译器的课程设计,296,教材目录或相应页面在“11.1 基于PL/0编译器的课程设计”（教材p296）出现或讲解“11.1 基于PL/0编译器的课程设计”；本节点/关系用于表示：围绕“11.1 基于PL/0编译器的课程设计”展开的编译原理知识模块。
CP_TOP_167,11.2 基于Decaf编译器的课程设计,Topic,编译原理,第11章 课程设计,围绕“11.2 基于Decaf编译器的课程设计”展开的编译原理知识模块。,,3,4,《编译原理（第3版）》王生原等，清华大学出版社，11.2 基于Decaf编译器的课程设计，教材p297,11.2 基于Decaf编译器的课程设计,297,教材目录或相应页面在“11.2 基于Decaf编译器的课程设计”（教材p297）出现或讲解“11.2 基于Decaf编译器的课程设计”；本节点/关系用于表示：围绕“11.2 基于Decaf编译器的课程设计”展开的编译原理知识模块。
CP_TOP_168,11.2.1 Decaf编译器实验的总体结构,Topic,编译原理,第11章 课程设计,围绕“11.2.1 Decaf编译器实验的总体结构”展开的编译原理知识模块。,,3,4,《编译原理（第3版）》王生原等，清华大学出版社，11.2.1 Decaf编译器实验的总体结构，教材p298,11.2.1 Decaf编译器实验的总体结构,298,教材目录或相应页面在“11.2.1 Decaf编译器实验的总体结构”（教材p298）出现或讲解“11.2.1 Decaf编译器实验的总体结构”；本节点/关系用于表示：围绕“11.2.1 Decaf编译器实验的总体结构”展开的编译原理知识模块。
CP_TOP_169,11.2.2 词法和语法分析(阶段一),Topic,编译原理,第11章 课程设计,围绕“11.2.2 词法和语法分析(阶段一)”展开的编译原理知识模块。,,3,4,《编译原理（第3版）》王生原等，清华大学出版社，11.2.2 词法和语法分析(阶段一)，教材p300,11.2.2 词法和语法分析(阶段一),300,教材目录或相应页面在“11.2.2 词法和语法分析(阶段一)”（教材p300）出现或讲解“11.2.2 词法和语法分析(阶段一)”；本节点/关系用于表示：围绕“11.2.2 词法和语法分析(阶段一)”展开的编译原理知识模块。
CP_TOP_170,11.2.3 语义分析(阶段二),Topic,编译原理,第11章 课程设计,围绕“11.2.3 语义分析(阶段二)”展开的编译原理知识模块。,,3,4,《编译原理（第3版）》王生原等，清华大学出版社，11.2.3 语义分析(阶段二)，教材p303,11.2.3 语义分析(阶段二),303,教材目录或相应页面在“11.2.3 语义分析(阶段二)”（教材p303）出现或讲解“11.2.3 语义分析(阶段二)”；本节点/关系用于表示：围绕“11.2.3 语义分析(阶段二)”展开的编译原理知识模块。
CP_TOP_171,11.2.4 中间代码生成(阶段三),Topic,编译原理,第11章 课程设计,围绕“11.2.4 中间代码生成(阶段三)”展开的编译原理知识模块。,,3,4,《编译原理（第3版）》王生原等，清华大学出版社，11.2.4 中间代码生成(阶段三)，教材p309,11.2.4 中间代码生成(阶段三),309,教材目录或相应页面在“11.2.4 中间代码生成(阶段三)”（教材p309）出现或讲解“11.2.4 中间代码生成(阶段三)”；本节点/关系用于表示：围绕“11.2.4 中间代码生成(阶段三)”展开的编译原理知识模块。
CP_TOP_172,11.2.5 代码优化(阶段四),Topic,编译原理,第11章 课程设计,围绕“11.2.5 代码优化(阶段四)”展开的编译原理知识模块。,,3,4,《编译原理（第3版）》王生原等，清华大学出版社，11.2.5 代码优化(阶段四)，教材p317,11.2.5 代码优化(阶段四),317,教材目录或相应页面在“11.2.5 代码优化(阶段四)”（教材p317）出现或讲解“11.2.5 代码优化(阶段四)”；本节点/关系用于表示：围绕“11.2.5 代码优化(阶段四)”展开的编译原理知识模块。
CP_TOP_173,11.2.6 目标代码生成(阶段五),Topic,编译原理,第11章 课程设计,围绕“11.2.6 目标代码生成(阶段五)”展开的编译原理知识模块。,,3,4,《编译原理（第3版）》王生原等，清华大学出版社，11.2.6 目标代码生成(阶段五)，教材p320,11.2.6 目标代码生成(阶段五),320,教材目录或相应页面在“11.2.6 目标代码生成(阶段五)”（教材p320）出现或讲解“11.2.6 目标代码生成(阶段五)”；本节点/关系用于表示：围绕“11.2.6 目标代码生成(阶段五)”展开的编译原理知识模块。
CP_TOP_174,11.2.7 基于Decaf编译器的课程设计,Topic,编译原理,第11章 课程设计,围绕“11.2.7 基于Decaf编译器的课程设计”展开的编译原理知识模块。,,3,4,《编译原理（第3版）》王生原等，清华大学出版社，11.2.7 基于Decaf编译器的课程设计，教材p333,11.2.7 基于Decaf编译器的课程设计,333,教材目录或相应页面在“11.2.7 基于Decaf编译器的课程设计”（教材p333）出现或讲解“11.2.7 基于Decaf编译器的课程设计”；本节点/关系用于表示：围绕“11.2.7 基于Decaf编译器的课程设计”展开的编译原理知识模块。
CP_TOP_175,11.3 软件包相关信息及使用,Topic,编译原理,第11章 课程设计,围绕“11.3 软件包相关信息及使用”展开的编译原理知识模块。,,3,4,《编译原理（第3版）》王生原等，清华大学出版社，11.3 软件包相关信息及使用，教材p335,11.3 软件包相关信息及使用,335,教材目录或相应页面在“11.3 软件包相关信息及使用”（教材p335）出现或讲解“11.3 软件包相关信息及使用”；本节点/关系用于表示：围绕“11.3 软件包相关信息及使用”展开的编译原理知识模块。
CP_TOP_176,12.1 开源编译器GCC,Topic,编译原理,第12章 编译器和相关工具实例——GCC/Binutils,围绕“12.1 开源编译器GCC”展开的编译原理知识模块。,,3,4,《编译原理（第3版）》王生原等，清华大学出版社，12.1 开源编译器GCC，教材p336,12.1 开源编译器GCC,336,教材目录或相应页面在“12.1 开源编译器GCC”（教材p336）出现或讲解“12.1 开源编译器GCC”；本节点/关系用于表示：围绕“12.1 开源编译器GCC”展开的编译原理知识模块。
CP_TOP_177,12.1.1 GCC介绍,Topic,编译原理,第12章 编译器和相关工具实例——GCC/Binutils,围绕“12.1.1 GCC介绍”展开的编译原理知识模块。,,3,4,《编译原理（第3版）》王生原等，清华大学出版社，12.1.1 GCC介绍，教材p337,12.1.1 GCC介绍,337,教材目录或相应页面在“12.1.1 GCC介绍”（教材p337）出现或讲解“12.1.1 GCC介绍”；本节点/关系用于表示：围绕“12.1.1 GCC介绍”展开的编译原理知识模块。
CP_TOP_178,12.1.2 GCC总体结构,Topic,编译原理,第12章 编译器和相关工具实例——GCC/Binutils,围绕“12.1.2 GCC总体结构”展开的编译原理知识模块。,,3,4,《编译原理（第3版）》王生原等，清华大学出版社，12.1.2 GCC总体结构，教材p338,12.1.2 GCC总体结构,338,教材目录或相应页面在“12.1.2 GCC总体结构”（教材p338）出现或讲解“12.1.2 GCC总体结构”；本节点/关系用于表示：围绕“12.1.2 GCC总体结构”展开的编译原理知识模块。
CP_TOP_179,12.1.3 GCC编译流程,Topic,编译原理,第12章 编译器和相关工具实例——GCC/Binutils,围绕“12.1.3 GCC编译流程”展开的编译原理知识模块。,,3,4,《编译原理（第3版）》王生原等，清华大学出版社，12.1.3 GCC编译流程，教材p339,12.1.3 GCC编译流程,339,教材目录或相应页面在“12.1.3 GCC编译流程”（教材p339）出现或讲解“12.1.3 GCC编译流程”；本节点/关系用于表示：围绕“12.1.3 GCC编译流程”展开的编译原理知识模块。
CP_TOP_180,12.1.4 GCC代码组织,Topic,编译原理,第12章 编译器和相关工具实例——GCC/Binutils,围绕“12.1.4 GCC代码组织”展开的编译原理知识模块。,,3,4,《编译原理（第3版）》王生原等，清华大学出版社，12.1.4 GCC代码组织，教材p341,12.1.4 GCC代码组织,341,教材目录或相应页面在“12.1.4 GCC代码组织”（教材p341）出现或讲解“12.1.4 GCC代码组织”；本节点/关系用于表示：围绕“12.1.4 GCC代码组织”展开的编译原理知识模块。
CP_TOP_181,12.1.5 小结,Topic,编译原理,第12章 编译器和相关工具实例——GCC/Binutils,围绕“12.1.5 小结”展开的编译原理知识模块。,,3,4,《编译原理（第3版）》王生原等，清华大学出版社，12.1.5 小结，教材p341,12.1.5 小结,341,教材目录或相应页面在“12.1.5 小结”（教材p341）出现或讲解“12.1.5 小结”；本节点/关系用于表示：围绕“12.1.5 小结”展开的编译原理知识模块。
CP_TOP_182,12.2 开源工具Binutils,Topic,编译原理,第12章 编译器和相关工具实例——GCC/Binutils,围绕“12.2 开源工具Binutils”展开的编译原理知识模块。,,3,4,《编译原理（第3版）》王生原等，清华大学出版社，12.2 开源工具Binutils，教材p341,12.2 开源工具Binutils,341,教材目录或相应页面在“12.2 开源工具Binutils”（教材p341）出现或讲解“12.2 开源工具Binutils”；本节点/关系用于表示：围绕“12.2 开源工具Binutils”展开的编译原理知识模块。
CP_TOP_183,12.2.1 目标文件,Topic,编译原理,第12章 编译器和相关工具实例——GCC/Binutils,围绕“12.2.1 目标文件”展开的编译原理知识模块。,,3,4,《编译原理（第3版）》王生原等，清华大学出版社，12.2.1 目标文件，教材p341,12.2.1 目标文件,341,教材目录或相应页面在“12.2.1 目标文件”（教材p341）出现或讲解“12.2.1 目标文件”；本节点/关系用于表示：围绕“12.2.1 目标文件”展开的编译原理知识模块。
CP_TOP_184,12.2.2 汇编器和链接器,Topic,编译原理,第12章 编译器和相关工具实例——GCC/Binutils,围绕“12.2.2 汇编器和链接器”展开的编译原理知识模块。,,3,4,《编译原理（第3版）》王生原等，清华大学出版社，12.2.2 汇编器和链接器，教材p342,12.2.2 汇编器和链接器,342,教材目录或相应页面在“12.2.2 汇编器和链接器”（教材p342）出现或讲解“12.2.2 汇编器和链接器”；本节点/关系用于表示：围绕“12.2.2 汇编器和链接器”展开的编译原理知识模块。
CP_TOP_185,12.2.3 其他工具,Topic,编译原理,第12章 编译器和相关工具实例——GCC/Binutils,围绕“12.2.3 其他工具”展开的编译原理知识模块。,,3,4,《编译原理（第3版）》王生原等，清华大学出版社，12.2.3 其他工具，教材p343,12.2.3 其他工具,343,教材目录或相应页面在“12.2.3 其他工具”（教材p343）出现或讲解“12.2.3 其他工具”；本节点/关系用于表示：围绕“12.2.3 其他工具”展开的编译原理知识模块。
CP_TOP_186,12.2.4 小结,Topic,编译原理,第12章 编译器和相关工具实例——GCC/Binutils,围绕“12.2.4 小结”展开的编译原理知识模块。,,3,4,《编译原理（第3版）》王生原等，清华大学出版社，12.2.4 小结，教材p343,12.2.4 小结,343,教材目录或相应页面在“12.2.4 小结”（教材p343）出现或讲解“12.2.4 小结”；本节点/关系用于表示：围绕“12.2.4 小结”展开的编译原理知识模块。
CP_TOP_187,12.3 编译器和工具使用实例,Topic,编译原理,第12章 编译器和相关工具实例——GCC/Binutils,围绕“12.3 编译器和工具使用实例”展开的编译原理知识模块。,,3,4,《编译原理（第3版）》王生原等，清华大学出版社，12.3 编译器和工具使用实例，教材p348,12.3 编译器和工具使用实例,348,教材目录或相应页面在“12.3 编译器和工具使用实例”（教材p348）出现或讲解“12.3 编译器和工具使用实例”；本节点/关系用于表示：围绕“12.3 编译器和工具使用实例”展开的编译原理知识模块。
CP_TOP_188,12.3.1 编译静态库和动态库,Topic,编译原理,第12章 编译器和相关工具实例——GCC/Binutils,围绕“12.3.1 编译静态库和动态库”展开的编译原理知识模块。,,3,4,《编译原理（第3版）》王生原等，清华大学出版社，12.3.1 编译静态库和动态库，教材p349,12.3.1 编译静态库和动态库,349,教材目录或相应页面在“12.3.1 编译静态库和动态库”（教材p349）出现或讲解“12.3.1 编译静态库和动态库”；本节点/关系用于表示：围绕“12.3.1 编译静态库和动态库”展开的编译原理知识模块。
CP_TOP_189,12.3.2 查看目标文件,Topic,编译原理,第12章 编译器和相关工具实例——GCC/Binutils,围绕“12.3.2 查看目标文件”展开的编译原理知识模块。,,3,4,《编译原理（第3版）》王生原等，清华大学出版社，12.3.2 查看目标文件，教材p347,12.3.2 查看目标文件,347,教材目录或相应页面在“12.3.2 查看目标文件”（教材p347）出现或讲解“12.3.2 查看目标文件”；本节点/关系用于表示：围绕“12.3.2 查看目标文件”展开的编译原理知识模块。
CP_TOP_190,12.3.3 程序代码优化,Topic,编译原理,第12章 编译器和相关工具实例——GCC/Binutils,围绕“12.3.3 程序代码优化”展开的编译原理知识模块。,,3,4,《编译原理（第3版）》王生原等，清华大学出版社，12.3.3 程序代码优化，教材p349,12.3.3 程序代码优化,349,教材目录或相应页面在“12.3.3 程序代码优化”（教材p349）出现或讲解“12.3.3 程序代码优化”；本节点/关系用于表示：围绕“12.3.3 程序代码优化”展开的编译原理知识模块。
CP_TOP_191,12.3.4 小结,Topic,编译原理,第12章 编译器和相关工具实例——GCC/Binutils,围绕“12.3.4 小结”展开的编译原理知识模块。,,3,4,《编译原理（第3版）》王生原等，清华大学出版社，12.3.4 小结，教材p352,12.3.4 小结,352,教材目录或相应页面在“12.3.4 小结”（教材p352）出现或讲解“12.3.4 小结”；本节点/关系用于表示：围绕“12.3.4 小结”展开的编译原理知识模块。
CP_CON_001,编译程序,Concept,编译原理,第1章 引论,把源语言程序翻译成等价目标语言程序的系统软件。,compiler,4,5,《编译原理（第3版）》王生原等，清华大学出版社，1.1 什么是编译程序，教材p1,1.1 什么是编译程序,1,教材目录或相应页面在“1.1 什么是编译程序”（教材p1）出现或讲解“编译程序”；本节点/关系用于表示：把源语言程序翻译成等价目标语言程序的系统软件。
CP_OBJ_001,源程序,ComputingObject,编译原理,第1章 引论,由源语言编写、作为编译输入的程序。,source program,2,5,《编译原理（第3版）》王生原等，清华大学出版社，1.1 什么是编译程序，教材p1,1.1 什么是编译程序,1,教材目录或相应页面在“1.1 什么是编译程序”（教材p1）出现或讲解“源程序”；本节点/关系用于表示：由源语言编写、作为编译输入的程序。
CP_OBJ_002,目标程序,ComputingObject,编译原理,第1章 引论,编译程序输出的目标语言程序。,target program,2,5,《编译原理（第3版）》王生原等，清华大学出版社，1.1 什么是编译程序，教材p1,1.1 什么是编译程序,1,教材目录或相应页面在“1.1 什么是编译程序”（教材p1）出现或讲解“目标程序”；本节点/关系用于表示：编译程序输出的目标语言程序。
CP_SYN_001,源语言,SyntaxElement,编译原理,第1章 引论,被翻译程序使用的程序设计语言。,source language,2,4,《编译原理（第3版）》王生原等，清华大学出版社，1.1 什么是编译程序，教材p1,1.1 什么是编译程序,1,教材目录或相应页面在“1.1 什么是编译程序”（教材p1）出现或讲解“源语言”；本节点/关系用于表示：被翻译程序使用的程序设计语言。
CP_SYN_002,目标语言,SyntaxElement,编译原理,第1章 引论,翻译结果所采用的语言或机器代码形式。,target language,2,4,《编译原理（第3版）》王生原等，清华大学出版社，1.1 什么是编译程序，教材p1,1.1 什么是编译程序,1,教材目录或相应页面在“1.1 什么是编译程序”（教材p1）出现或讲解“目标语言”；本节点/关系用于表示：翻译结果所采用的语言或机器代码形式。
CP_MEC_001,词法分析,Mechanism,编译原理,第1章 引论,把字符流识别为单词符号序列的编译阶段。,lexical analysis,4,5,《编译原理（第3版）》王生原等，清华大学出版社，1.2 编译过程和编译程序的结构，教材p2,1.2 编译过程和编译程序的结构,2,教材目录或相应页面在“1.2 编译过程和编译程序的结构”（教材p2）出现或讲解“词法分析”；本节点/关系用于表示：把字符流识别为单词符号序列的编译阶段。
CP_MEC_002,语法分析,Mechanism,编译原理,第1章 引论,按照文法检查单词串结构并构造语法结构的阶段。,"syntax analysis,parsing",5,5,《编译原理（第3版）》王生原等，清华大学出版社，1.2 编译过程和编译程序的结构，教材p2,1.2 编译过程和编译程序的结构,2,教材目录或相应页面在“1.2 编译过程和编译程序的结构”（教材p2）出现或讲解“语法分析”；本节点/关系用于表示：按照文法检查单词串结构并构造语法结构的阶段。
CP_MEC_003,语义分析,Mechanism,编译原理,第1章 引论,检查语义约束并收集类型、作用域等信息的阶段。,semantic analysis,5,5,《编译原理（第3版）》王生原等，清华大学出版社，1.2 编译过程和编译程序的结构，教材p2,1.2 编译过程和编译程序的结构,2,教材目录或相应页面在“1.2 编译过程和编译程序的结构”（教材p2）出现或讲解“语义分析”；本节点/关系用于表示：检查语义约束并收集类型、作用域等信息的阶段。
CP_MEC_004,中间代码生成,Mechanism,编译原理,第1章 引论,把源程序结构转换为便于优化和目标代码生成的中间表示。,intermediate code generation,4,5,《编译原理（第3版）》王生原等，清华大学出版社，1.2 编译过程和编译程序的结构，教材p2,1.2 编译过程和编译程序的结构,2,教材目录或相应页面在“1.2 编译过程和编译程序的结构”（教材p2）出现或讲解“中间代码生成”；本节点/关系用于表示：把源程序结构转换为便于优化和目标代码生成的中间表示。
CP_MEC_005,代码优化,Mechanism,编译原理,第1章 引论,在保持语义不变的前提下改进中间代码或目标代码质量。,optimization,5,5,《编译原理（第3版）》王生原等，清华大学出版社，1.2 编译过程和编译程序的结构，教材p2,1.2 编译过程和编译程序的结构,2,教材目录或相应页面在“1.2 编译过程和编译程序的结构”（教材p2）出现或讲解“代码优化”；本节点/关系用于表示：在保持语义不变的前提下改进中间代码或目标代码质量。
CP_MEC_006,目标代码生成,Mechanism,编译原理,第1章 引论,把中间表示转换为目标机器代码或汇编代码的阶段。,code generation,5,5,《编译原理（第3版）》王生原等，清华大学出版社，1.2 编译过程和编译程序的结构，教材p2,1.2 编译过程和编译程序的结构,2,教材目录或相应页面在“1.2 编译过程和编译程序的结构”（教材p2）出现或讲解“目标代码生成”；本节点/关系用于表示：把中间表示转换为目标机器代码或汇编代码的阶段。
CP_MOD_001,编译程序前端,Model,编译原理,第1章 引论,面向源语言的分析部分，通常包括词法、语法、语义分析和中间代码生成。,front end,4,5,《编译原理（第3版）》王生原等，清华大学出版社，1.2 编译过程和编译程序的结构，教材p2,1.2 编译过程和编译程序的结构,2,教材目录或相应页面在“1.2 编译过程和编译程序的结构”（教材p2）出现或讲解“编译程序前端”；本节点/关系用于表示：面向源语言的分析部分，通常包括词法、语法、语义分析和中间代码生成。
CP_MOD_002,编译程序后端,Model,编译原理,第1章 引论,面向目标机器的综合部分，通常包括优化和目标代码生成。,back end,4,5,《编译原理（第3版）》王生原等，清华大学出版社，1.2 编译过程和编译程序的结构，教材p2,1.2 编译过程和编译程序的结构,2,教材目录或相应页面在“1.2 编译过程和编译程序的结构”（教材p2）出现或讲解“编译程序后端”；本节点/关系用于表示：面向目标机器的综合部分，通常包括优化和目标代码生成。
CP_CON_002,解释程序,Concept,编译原理,1.3.1 解释程序,逐句或逐段分析并直接执行源程序的系统软件。,interpreter,3,4,《编译原理（第3版）》王生原等，清华大学出版社，1.3.1 解释程序，教材p7,1.3.1 解释程序,7,教材目录或相应页面在“1.3.1 解释程序”（教材p7）出现或讲解“解释程序”；本节点用于表示：逐句或逐段分析并直接执行源程序的系统软件。
CP_MEC_007,解释执行,Mechanism,编译原理,1.3.1 解释程序,不生成完整目标程序而边分析边执行的运行方式。,interpretation,3,4,《编译原理（第3版）》王生原等，清华大学出版社，1.3.1 解释程序，教材p7,1.3.1 解释程序,7,教材目录或相应页面在“1.3.1 解释程序”（教材p7）出现或讲解“解释执行”；本节点用于表示：不生成完整目标程序而边分析边执行的运行方式。
CP_CON_003,预处理程序,Concept,编译原理,第1章 引论,在编译前对源程序进行宏展开、文件包含等处理的工具。,preprocessor,3,4,《编译原理（第3版）》王生原等，清华大学出版社，1.3.2 处理源程序的软件工具，教材p8,1.3.2 处理源程序的软件工具,8,教材目录或相应页面在“1.3.2 处理源程序的软件工具”（教材p8）出现或讲解“预处理程序”；本节点/关系用于表示：在编译前对源程序进行宏展开、文件包含等处理的工具。
CP_CON_004,编辑程序,Concept,编译原理,第1章 引论,用于创建和修改源程序文本的工具。,editor,1,3,《编译原理（第3版）》王生原等，清华大学出版社，1.3.2 处理源程序的软件工具，教材p8,1.3.2 处理源程序的软件工具,8,教材目录或相应页面在“1.3.2 处理源程序的软件工具”（教材p8）出现或讲解“编辑程序”；本节点/关系用于表示：用于创建和修改源程序文本的工具。
CP_CON_005,调试程序,Concept,编译原理,第1章 引论,用于跟踪、断点、查看变量并定位程序错误的工具。,debugger,3,4,《编译原理（第3版）》王生原等，清华大学出版社，1.3.2 处理源程序的软件工具，教材p8,1.3.2 处理源程序的软件工具,8,教材目录或相应页面在“1.3.2 处理源程序的软件工具”（教材p8）出现或讲解“调试程序”；本节点/关系用于表示：用于跟踪、断点、查看变量并定位程序错误的工具。
CP_CON_006,程序格式化工具,Concept,编译原理,第1章 引论,按规则调整源代码格式的辅助工具。,formatter,2,3,《编译原理（第3版）》王生原等，清华大学出版社，1.3.2 处理源程序的软件工具，教材p8,1.3.2 处理源程序的软件工具,8,教材目录或相应页面在“1.3.2 处理源程序的软件工具”（教材p8）出现或讲解“程序格式化工具”；本节点/关系用于表示：按规则调整源代码格式的辅助工具。
CP_EXA_001,PL/0语言,Example,编译原理,第1章 引论,用于教学的简化程序设计语言，常用于展示编译器实现。,PL/0,3,5,《编译原理（第3版）》王生原等，清华大学出版社，1.4 PL/0语言编译系统，教材p10,1.4 PL/0语言编译系统,10,教材目录或相应页面在“1.4 PL/0语言编译系统”（教材p10）出现或讲解“PL/0语言”；本节点/关系用于表示：用于教学的简化程序设计语言，常用于展示编译器实现。
CP_EXA_002,PL/0编译器,Example,编译原理,第1章 引论,面向PL/0语言的教学型编译器实例。,PL/0 compiler,4,5,《编译原理（第3版）》王生原等，清华大学出版社，1.4 PL/0语言编译系统，教材p10,1.4 PL/0语言编译系统,10,教材目录或相应页面在“1.4 PL/0语言编译系统”（教材p10）出现或讲解“PL/0编译器”；本节点/关系用于表示：面向PL/0语言的教学型编译器实例。
CP_SYN_003,P-code,SyntaxElement,编译原理,第1章 引论,PL/0系统中常用的类栈机中间代码或目标指令形式。,类P-code,4,4,《编译原理（第3版）》王生原等，清华大学出版社，1.4 PL/0语言编译系统，教材p10,1.4 PL/0语言编译系统,10,教材目录或相应页面在“1.4 PL/0语言编译系统”（教材p10）出现或讲解“P-code”；本节点/关系用于表示：PL/0系统中常用的类栈机中间代码或目标指令形式。
CP_MOD_003,P-code虚拟机,Model,编译原理,第1章 引论,执行P-code目标程序的抽象机器。,P-code VM,4,4,《编译原理（第3版）》王生原等，清华大学出版社，1.4 PL/0语言编译系统，教材p10,1.4 PL/0语言编译系统,10,教材目录或相应页面在“1.4 PL/0语言编译系统”（教材p10）出现或讲解“P-code虚拟机”；本节点/关系用于表示：执行P-code目标程序的抽象机器。
CP_CON_007,字母表,Concept,编译原理,第2章 文法和语言,符号的非空有限集合。,alphabet,2,5,《编译原理（第3版）》王生原等，清华大学出版社，2.2 符号和符号串，教材p20,2.2 符号和符号串,20,教材目录或相应页面在“2.2 符号和符号串”（教材p20）出现或讲解“字母表”；本节点/关系用于表示：符号的非空有限集合。
CP_CON_008,符号串,Concept,编译原理,第2章 文法和语言,由字母表中符号组成的有限序列。,string,2,5,《编译原理（第3版）》王生原等，清华大学出版社，2.2 符号和符号串，教材p20,2.2 符号和符号串,20,教材目录或相应页面在“2.2 符号和符号串”（教材p20）出现或讲解“符号串”；本节点/关系用于表示：由字母表中符号组成的有限序列。
CP_CON_009,空串,Concept,编译原理,第2章 文法和语言,长度为0的符号串。,ε,2,4,《编译原理（第3版）》王生原等，清华大学出版社，2.2 符号和符号串，教材p20,2.2 符号和符号串,20,教材目录或相应页面在“2.2 符号和符号串”（教材p20）出现或讲解“空串”；本节点/关系用于表示：长度为0的符号串。
CP_OPR_001,符号串连接,Operation,编译原理,第2章 文法和语言,把两个符号串首尾相接形成新符号串的运算。,concatenation,2,4,《编译原理（第3版）》王生原等，清华大学出版社，2.2 符号和符号串，教材p20,2.2 符号和符号串,20,教材目录或相应页面在“2.2 符号和符号串”（教材p20）出现或讲解“符号串连接”；本节点/关系用于表示：把两个符号串首尾相接形成新符号串的运算。
CP_CON_010,文法,Concept,编译原理,第2章 文法和语言,用于形式化描述语言句子结构的规则系统。,grammar,4,5,《编译原理（第3版）》王生原等，清华大学出版社，2.3 文法和语言的形式定义，教材p21,2.3 文法和语言的形式定义,21,教材目录或相应页面在“2.3 文法和语言的形式定义”（教材p21）出现或讲解“文法”；本节点/关系用于表示：用于形式化描述语言句子结构的规则系统。
CP_SYN_004,终结符,SyntaxElement,编译原理,第2章 文法和语言,不能再被文法规则替换的基本符号。,terminal,2,5,《编译原理（第3版）》王生原等，清华大学出版社，2.3 文法和语言的形式定义，教材p21,2.3 文法和语言的形式定义,21,教材目录或相应页面在“2.3 文法和语言的形式定义”（教材p21）出现或讲解“终结符”；本节点/关系用于表示：不能再被文法规则替换的基本符号。
CP_SYN_005,非终结符,SyntaxElement,编译原理,第2章 文法和语言,可通过产生式继续推导的语法变量。,nonterminal,2,5,《编译原理（第3版）》王生原等，清华大学出版社，2.3 文法和语言的形式定义，教材p21,2.3 文法和语言的形式定义,21,教材目录或相应页面在“2.3 文法和语言的形式定义”（教材p21）出现或讲解“非终结符”；本节点/关系用于表示：可通过产生式继续推导的语法变量。
CP_SYN_006,开始符号,SyntaxElement,编译原理,第2章 文法和语言,推导过程起始的非终结符。,start symbol,2,5,《编译原理（第3版）》王生原等，清华大学出版社，2.3 文法和语言的形式定义，教材p21,2.3 文法和语言的形式定义,21,教材目录或相应页面在“2.3 文法和语言的形式定义”（教材p21）出现或讲解“开始符号”；本节点/关系用于表示：推导过程起始的非终结符。
CP_SYN_007,产生式,SyntaxElement,编译原理,第2章 文法和语言,描述符号替换关系的文法规则。,production,3,5,《编译原理（第3版）》王生原等，清华大学出版社，2.3 文法和语言的形式定义，教材p21,2.3 文法和语言的形式定义,21,教材目录或相应页面在“2.3 文法和语言的形式定义”（教材p21）出现或讲解“产生式”；本节点/关系用于表示：描述符号替换关系的文法规则。
CP_OPR_002,推导,Operation,编译原理,第2章 文法和语言,从开始符号按产生式逐步替换得到句子的过程。,derivation,3,5,《编译原理（第3版）》王生原等，清华大学出版社，2.3 文法和语言的形式定义，教材p21,2.3 文法和语言的形式定义,21,教材目录或相应页面在“2.3 文法和语言的形式定义”（教材p21）出现或讲解“推导”；本节点/关系用于表示：从开始符号按产生式逐步替换得到句子的过程。
CP_CON_011,语言,Concept,编译原理,第2章 文法和语言,由文法能产生的所有句子的集合。,language,3,5,《编译原理（第3版）》王生原等，清华大学出版社，2.3 文法和语言的形式定义，教材p21,2.3 文法和语言的形式定义,21,教材目录或相应页面在“2.3 文法和语言的形式定义”（教材p21）出现或讲解“语言”；本节点/关系用于表示：由文法能产生的所有句子的集合。
CP_MOD_004,0型文法,Model,编译原理,第2章 文法和语言,Chomsky体系中限制最少的短语结构文法。,Type-0 grammar,3,3,《编译原理（第3版）》王生原等，清华大学出版社，2.4 文法的类型，教材p25,2.4 文法的类型,25,教材目录或相应页面在“2.4 文法的类型”（教材p25）出现或讲解“0型文法”；本节点/关系用于表示：Chomsky体系中限制最少的短语结构文法。
CP_MOD_005,1型文法,Model,编译原理,第2章 文法和语言,又称上下文有关文法，对产生式长度有约束。,context-sensitive grammar,3,3,《编译原理（第3版）》王生原等，清华大学出版社，2.4 文法的类型，教材p25,2.4 文法的类型,25,教材目录或相应页面在“2.4 文法的类型”（教材p25）出现或讲解“1型文法”；本节点/关系用于表示：又称上下文有关文法，对产生式长度有约束。
CP_MOD_006,2型文法,Model,编译原理,第2章 文法和语言,又称上下文无关文法，是程序设计语言语法描述的核心模型。,"context-free grammar,CFG",4,5,《编译原理（第3版）》王生原等，清华大学出版社，2.4 文法的类型，教材p25,2.4 文法的类型,25,教材目录或相应页面在“2.4 文法的类型”（教材p25）出现或讲解“2型文法”；本节点/关系用于表示：又称上下文无关文法，是程序设计语言语法描述的核心模型。
CP_MOD_007,3型文法,Model,编译原理,第2章 文法和语言,又称正规文法，常用于描述单词结构。,regular grammar,3,5,《编译原理（第3版）》王生原等，清华大学出版社，2.4 文法的类型，教材p25,2.4 文法的类型,25,教材目录或相应页面在“2.4 文法的类型”（教材p25）出现或讲解“3型文法”；本节点/关系用于表示：又称正规文法，常用于描述单词结构。
CP_MOD_008,Chomsky文法体系,Model,编译原理,第2章 文法和语言,按规则限制将文法划分为0型、1型、2型和3型的体系。,Chomsky hierarchy,3,4,《编译原理（第3版）》王生原等，清华大学出版社，2.4 文法的类型，教材p25,2.4 文法的类型,25,教材目录或相应页面在“2.4 文法的类型”（教材p25）出现或讲解“Chomsky文法体系”；本节点/关系用于表示：按规则限制将文法划分为0型、1型、2型和3型的体系。
CP_MOD_009,上下文无关文法,Model,编译原理,第2章 文法和语言,产生式左部为单个非终结符的文法。,CFG,4,5,《编译原理（第3版）》王生原等，清华大学出版社，2.5 上下文无关文法及其语法树，教材p26,2.5 上下文无关文法及其语法树,26,教材目录或相应页面在“2.5 上下文无关文法及其语法树”（教材p26）出现或讲解“上下文无关文法”；本节点/关系用于表示：产生式左部为单个非终结符的文法。
CP_DS_001,语法树,DataStructure,编译原理,第2章 文法和语言,用树形结构表示上下文无关文法推导过程。,parse tree,4,5,《编译原理（第3版）》王生原等，清华大学出版社，2.5 上下文无关文法及其语法树，教材p26,2.5 上下文无关文法及其语法树,26,教材目录或相应页面在“2.5 上下文无关文法及其语法树”（教材p26）出现或讲解“语法树”；本节点/关系用于表示：用树形结构表示上下文无关文法推导过程。
CP_CON_012,短语,Concept,编译原理,第2章 文法和语言,语法树中某结点子树的叶子串。,phrase,3,4,《编译原理（第3版）》王生原等，清华大学出版社，2.5 上下文无关文法及其语法树，教材p26,2.5 上下文无关文法及其语法树,26,教材目录或相应页面在“2.5 上下文无关文法及其语法树”（教材p26）出现或讲解“短语”；本节点/关系用于表示：语法树中某结点子树的叶子串。
CP_CON_013,直接短语,Concept,编译原理,第2章 文法和语言,由一次产生式推导直接得到的短语。,direct phrase,3,4,《编译原理（第3版）》王生原等，清华大学出版社，2.5 上下文无关文法及其语法树，教材p26,2.5 上下文无关文法及其语法树,26,教材目录或相应页面在“2.5 上下文无关文法及其语法树”（教材p26）出现或讲解“直接短语”；本节点/关系用于表示：由一次产生式推导直接得到的短语。
CP_CON_014,句柄,Concept,编译原理,第2章 文法和语言,最右推导逆过程中的直接短语，是归约的目标。,handle,4,5,《编译原理（第3版）》王生原等，清华大学出版社，2.5 上下文无关文法及其语法树，教材p26,2.5 上下文无关文法及其语法树,26,教材目录或相应页面在“2.5 上下文无关文法及其语法树”（教材p26）出现或讲解“句柄”；本节点/关系用于表示：最右推导逆过程中的直接短语，是归约的目标。
CP_CON_015,句型,Concept,编译原理,第2章 文法和语言,从开始符号推导出的含终结符和非终结符的符号串。,sentential form,3,4,《编译原理（第3版）》王生原等，清华大学出版社，2.6 句型的分析，教材p29,2.6 句型的分析,29,教材目录或相应页面在“2.6 句型的分析”（教材p29）出现或讲解“句型”；本节点/关系用于表示：从开始符号推导出的含终结符和非终结符的符号串。
CP_CON_016,句子,Concept,编译原理,第2章 文法和语言,只含终结符的句型。,sentence,2,4,《编译原理（第3版）》王生原等，清华大学出版社，2.6 句型的分析，教材p29,2.6 句型的分析,29,教材目录或相应页面在“2.6 句型的分析”（教材p29）出现或讲解“句子”；本节点/关系用于表示：只含终结符的句型。
CP_OPR_003,最左推导,Operation,编译原理,第2章 文法和语言,每步替换最左非终结符的推导方式。,leftmost derivation,3,5,《编译原理（第3版）》王生原等，清华大学出版社，2.6 句型的分析，教材p29,2.6 句型的分析,29,教材目录或相应页面在“2.6 句型的分析”（教材p29）出现或讲解“最左推导”；本节点/关系用于表示：每步替换最左非终结符的推导方式。
CP_OPR_004,最右推导,Operation,编译原理,第2章 文法和语言,每步替换最右非终结符的推导方式。,rightmost derivation,3,5,《编译原理（第3版）》王生原等，清华大学出版社，2.6 句型的分析，教材p29,2.6 句型的分析,29,教材目录或相应页面在“2.6 句型的分析”（教材p29）出现或讲解“最右推导”；本节点/关系用于表示：每步替换最右非终结符的推导方式。
CP_ALG_001,自上而下分析,Algorithm,编译原理,第2章 文法和语言,从开始符号出发试图推导输入串的语法分析方法。,top-down parsing,4,5,《编译原理（第3版）》王生原等，清华大学出版社，2.6 句型的分析，教材p29,2.6 句型的分析,29,教材目录或相应页面在“2.6 句型的分析”（教材p29）出现或讲解“自上而下分析”；本节点/关系用于表示：从开始符号出发试图推导输入串的语法分析方法。
CP_ALG_002,自下而上分析,Algorithm,编译原理,第2章 文法和语言,从输入串出发逐步归约到开始符号的语法分析方法。,bottom-up parsing,5,5,《编译原理（第3版）》王生原等，清华大学出版社，2.6 句型的分析，教材p29,2.6 句型的分析,29,教材目录或相应页面在“2.6 句型的分析”（教材p29）出现或讲解“自下而上分析”；本节点/关系用于表示：从输入串出发逐步归约到开始符号的语法分析方法。
CP_PTY_001,二义性,Property,编译原理,第2章 文法和语言,同一句子存在两棵不同语法树或两种不同最左/最右推导的性质。,ambiguity,4,5,《编译原理（第3版）》王生原等，清华大学出版社，2.7.2 上下文无关文法中的二义性，教材p33,2.7.2 上下文无关文法中的二义性,33,教材目录或相应页面在“2.7.2 上下文无关文法中的二义性”（教材p33）出现或讲解“二义性”；本节点/关系用于表示：同一句子存在两棵不同语法树或两种不同最左/最右推导的性质。
CP_MOD_010,二义性文法,Model,编译原理,第2章 文法和语言,能对某个句子给出多种语法结构的文法。,ambiguous grammar,4,5,《编译原理（第3版）》王生原等，清华大学出版社，2.7.2 上下文无关文法中的二义性，教材p33,2.7.2 上下文无关文法中的二义性,33,教材目录或相应页面在“2.7.2 上下文无关文法中的二义性”（教材p33）出现或讲解“二义性文法”；本节点/关系用于表示：能对某个句子给出多种语法结构的文法。
CP_MEC_008,词法分析程序,Mechanism,编译原理,第3章 词法分析,从源程序字符流中识别单词符号并传给语法分析程序的程序。,"lexer,scanner",4,5,《编译原理（第3版）》王生原等，清华大学出版社，3.1 词法分析程序的设计，教材p37,3.1 词法分析程序的设计,37,教材目录或相应页面在“3.1 词法分析程序的设计”（教材p37）出现或讲解“词法分析程序”；本节点/关系用于表示：从源程序字符流中识别单词符号并传给语法分析程序的程序。
CP_SYN_008,单词符号,SyntaxElement,编译原理,第3章 词法分析,语言中具有独立语法意义的最小词法单位。,token,3,5,《编译原理（第3版）》王生原等，清华大学出版社，3.1 词法分析程序的设计，教材p37,3.1 词法分析程序的设计,37,教材目录或相应页面在“3.1 词法分析程序的设计”（教材p37）出现或讲解“单词符号”；本节点/关系用于表示：语言中具有独立语法意义的最小词法单位。
CP_PBM_001,词法错误,Problem,编译原理,第3章 词法分析,源程序中不符合词法规则的字符或单词问题。,lexical error,3,4,《编译原理（第3版）》王生原等，清华大学出版社，3.1 词法分析程序的设计，教材p37,3.1 词法分析程序的设计,37,教材目录或相应页面在“3.1 词法分析程序的设计”（教材p37）出现或讲解“词法错误”；本节点/关系用于表示：源程序中不符合词法规则的字符或单词问题。
CP_SYN_009,单词类别码,SyntaxElement,编译原理,第3章 词法分析,词法分析输出中表示单词种类的编码。,token kind,2,4,《编译原理（第3版）》王生原等，清华大学出版社，3.1 词法分析程序的设计，教材p37,3.1 词法分析程序的设计,37,教材目录或相应页面在“3.1 词法分析程序的设计”（教材p37）出现或讲解“单词类别码”；本节点/关系用于表示：词法分析输出中表示单词种类的编码。
CP_OBJ_003,属性值,ComputingObject,编译原理,第3章 词法分析,词法单元携带的具体值或符号表指针等附加信息。,attribute value,3,4,《编译原理（第3版）》王生原等，清华大学出版社，3.1 词法分析程序的设计，教材p37,3.1 词法分析程序的设计,37,教材目录或相应页面在“3.1 词法分析程序的设计”（教材p37）出现或讲解“属性值”；本节点/关系用于表示：词法单元携带的具体值或符号表指针等附加信息。
CP_MOD_011,正规文法,Model,编译原理,第3章 词法分析,产生式受限、可用于描述正规语言的文法。,regular grammar,3,5,《编译原理（第3版）》王生原等，清华大学出版社，3.3 单词的形式化描述工具，教材p44,3.3 单词的形式化描述工具,44,教材目录或相应页面在“3.3 单词的形式化描述工具”（教材p44）出现或讲解“正规文法”；本节点/关系用于表示：产生式受限、可用于描述正规语言的文法。
CP_MOD_012,正规式,Model,编译原理,第3章 词法分析,用并、连接、闭包等运算描述正规语言的表达式。,regular expression,4,5,《编译原理（第3版）》王生原等，清华大学出版社，3.3 单词的形式化描述工具，教材p44,3.3 单词的形式化描述工具,44,教材目录或相应页面在“3.3 单词的形式化描述工具”（教材p44）出现或讲解“正规式”；本节点/关系用于表示：用并、连接、闭包等运算描述正规语言的表达式。
CP_CON_017,正规语言,Concept,编译原理,第3章 词法分析,能被正规文法、正规式或有穷自动机描述/识别的语言。,regular language,3,5,《编译原理（第3版）》王生原等，清华大学出版社，3.3 单词的形式化描述工具，教材p44,3.3 单词的形式化描述工具,44,教材目录或相应页面在“3.3 单词的形式化描述工具”（教材p44）出现或讲解“正规语言”；本节点/关系用于表示：能被正规文法、正规式或有穷自动机描述/识别的语言。
CP_MOD_013,有穷自动机,Model,编译原理,第3章 词法分析,由有限状态集合和状态转换函数组成的识别模型。,finite automaton,4,5,《编译原理（第3版）》王生原等，清华大学出版社，3.4 有穷自动机，教材p47,3.4 有穷自动机,47,教材目录或相应页面在“3.4 有穷自动机”（教材p47）出现或讲解“有穷自动机”；本节点/关系用于表示：由有限状态集合和状态转换函数组成的识别模型。
CP_MOD_014,DFA,Model,编译原理,第3章 词法分析,每个状态对每个输入符号最多有一个确定后继状态的有穷自动机。,确定有穷自动机,4,5,《编译原理（第3版）》王生原等，清华大学出版社，3.4 有穷自动机，教材p47,3.4 有穷自动机,47,教材目录或相应页面在“3.4 有穷自动机”（教材p47）出现或讲解“DFA”；本节点/关系用于表示：每个状态对每个输入符号最多有一个确定后继状态的有穷自动机。
CP_MOD_015,NFA,Model,编译原理,第3章 词法分析,状态转换可不确定、可含空边的有穷自动机。,不确定有穷自动机,4,5,《编译原理（第3版）》王生原等，清华大学出版社，3.4 有穷自动机，教材p47,3.4 有穷自动机,47,教材目录或相应页面在“3.4 有穷自动机”（教材p47）出现或讲解“NFA”；本节点/关系用于表示：状态转换可不确定、可含空边的有穷自动机。
CP_MEC_009,状态转换函数,Mechanism,编译原理,第3章 词法分析,描述自动机状态随输入符号变化的函数。,transition function,3,4,《编译原理（第3版）》王生原等，清华大学出版社，3.4 有穷自动机，教材p47,3.4 有穷自动机,47,教材目录或相应页面在“3.4 有穷自动机”（教材p47）出现或讲解“状态转换函数”；本节点/关系用于表示：描述自动机状态随输入符号变化的函数。
CP_SYN_010,初态,SyntaxElement,编译原理,第3章 词法分析,自动机识别过程开始所在的状态。,start state,2,4,《编译原理（第3版）》王生原等，清华大学出版社，3.4 有穷自动机，教材p47,3.4 有穷自动机,47,教材目录或相应页面在“3.4 有穷自动机”（教材p47）出现或讲解“初态”；本节点/关系用于表示：自动机识别过程开始所在的状态。
CP_SYN_011,终态,SyntaxElement,编译原理,第3章 词法分析,自动机接受输入串的状态集合中的状态。,"final state,accepting state",2,4,《编译原理（第3版）》王生原等，清华大学出版社，3.4 有穷自动机，教材p47,3.4 有穷自动机,47,教材目录或相应页面在“3.4 有穷自动机”（教材p47）出现或讲解“终态”；本节点/关系用于表示：自动机接受输入串的状态集合中的状态。
CP_ALG_003,NFA确定化,Algorithm,编译原理,第3章 词法分析,将NFA转换为等价DFA的子集构造算法。,subset construction,5,5,《编译原理（第3版）》王生原等，清华大学出版社，3.4 有穷自动机，教材p47,3.4 有穷自动机,47,教材目录或相应页面在“3.4 有穷自动机”（教材p47）出现或讲解“NFA确定化”；本节点/关系用于表示：将NFA转换为等价DFA的子集构造算法。
CP_ALG_004,DFA最小化,Algorithm,编译原理,第3章 词法分析,合并等价状态以得到较小DFA的算法。,DFA minimization,5,5,《编译原理（第3版）》王生原等，清华大学出版社，3.4 有穷自动机，教材p47,3.4 有穷自动机,47,教材目录或相应页面在“3.4 有穷自动机”（教材p47）出现或讲解“DFA最小化”；本节点/关系用于表示：合并等价状态以得到较小DFA的算法。
CP_APP_001,lex,Application,编译原理,第3章 词法分析,根据正规表达式规则自动生成词法分析程序的工具。,Lex/Flex,3,5,《编译原理（第3版）》王生原等，清华大学出版社，3.7 词法分析程序的自动构造工具，教材p58,3.7 词法分析程序的自动构造工具,58,教材目录或相应页面在“3.7 词法分析程序的自动构造工具”（教材p58）出现或讲解“lex”；本节点/关系用于表示：根据正规表达式规则自动生成词法分析程序的工具。
CP_SYN_012,lex描述文件,SyntaxElement,编译原理,第3章 词法分析,包含正规表达式、动作和辅助定义的lex输入文件。,lex specification,3,4,《编译原理（第3版）》王生原等，清华大学出版社，3.7 词法分析程序的自动构造工具，教材p58,3.7 词法分析程序的自动构造工具,58,教材目录或相应页面在“3.7 词法分析程序的自动构造工具”（教材p58）出现或讲解“lex描述文件”；本节点/关系用于表示：包含正规表达式、动作和辅助定义的lex输入文件。
CP_SYN_013,正规表达式规则,SyntaxElement,编译原理,第3章 词法分析,lex中用于匹配输入单词的模式规则。,lex rule,3,4,《编译原理（第3版）》王生原等，清华大学出版社，3.7 词法分析程序的自动构造工具，教材p58,3.7 词法分析程序的自动构造工具,58,教材目录或相应页面在“3.7 词法分析程序的自动构造工具”（教材p58）出现或讲解“正规表达式规则”；本节点/关系用于表示：lex中用于匹配输入单词的模式规则。
CP_PRO_001,yacc接口约定,Protocol,编译原理,第3章 词法分析,规定lex生成的词法分析器与yacc语法分析器如何传递token。,lex-yacc interface,3,4,《编译原理（第3版）》王生原等，清华大学出版社，3.7 词法分析程序的自动构造工具，教材p58,3.7 词法分析程序的自动构造工具,58,教材目录或相应页面在“3.7 词法分析程序的自动构造工具”（教材p58）出现或讲解“yacc接口约定”；本节点/关系用于表示：规定lex生成的词法分析器与yacc语法分析器如何传递token。
CP_ALG_005,预测分析,Algorithm,编译原理,第4章 自顶向下语法分析方法,根据当前非终结符和输入符号选择产生式的自顶向下分析方法。,predictive parsing,4,5,《编译原理（第3版）》王生原等，清华大学出版社，4.1 确定的自顶向下分析思想，教材p68,4.1 确定的自顶向下分析思想,68,教材目录或相应页面在“4.1 确定的自顶向下分析思想”（教材p68）出现或讲解“预测分析”；本节点/关系用于表示：根据当前非终结符和输入符号选择产生式的自顶向下分析方法。
CP_ALG_006,递归下降分析,Algorithm,编译原理,第4章 自顶向下语法分析方法,用一组递归子程序对应非终结符实现的自顶向下分析。,recursive descent parsing,4,5,《编译原理（第3版）》王生原等，清华大学出版社，4.1 确定的自顶向下分析思想，教材p68,4.1 确定的自顶向下分析思想,68,教材目录或相应页面在“4.1 确定的自顶向下分析思想”（教材p68）出现或讲解“递归下降分析”；本节点/关系用于表示：用一组递归子程序对应非终结符实现的自顶向下分析。
CP_MOD_016,LL(1)文法,Model,编译原理,第4章 自顶向下语法分析方法,能从左到右扫描并用1个向前看符号完成最左推导的文法。,LL(1) grammar,5,5,《编译原理（第3版）》王生原等，清华大学出版社，4.2 LL(1)文法的判别，教材p72,4.2 LL(1)文法的判别,72,教材目录或相应页面在“4.2 LL(1)文法的判别”（教材p72）出现或讲解“LL(1)文法”；本节点/关系用于表示：能从左到右扫描并用1个向前看符号完成最左推导的文法。
CP_DS_002,FIRST集,DataStructure,编译原理,第4章 自顶向下语法分析方法,某符号串可能推导出的首终结符集合。,FIRST,4,5,《编译原理（第3版）》王生原等，清华大学出版社，4.2 LL(1)文法的判别，教材p72,4.2 LL(1)文法的判别,72,教材目录或相应页面在“4.2 LL(1)文法的判别”（教材p72）出现或讲解“FIRST集”；本节点/关系用于表示：某符号串可能推导出的首终结符集合。
CP_DS_003,FOLLOW集,DataStructure,编译原理,第4章 自顶向下语法分析方法,某非终结符在句型中可能紧跟的终结符集合。,FOLLOW,4,5,《编译原理（第3版）》王生原等，清华大学出版社，4.2 LL(1)文法的判别，教材p72,4.2 LL(1)文法的判别,72,教材目录或相应页面在“4.2 LL(1)文法的判别”（教材p72）出现或讲解“FOLLOW集”；本节点/关系用于表示：某非终结符在句型中可能紧跟的终结符集合。
CP_DS_004,SELECT集,DataStructure,编译原理,第4章 自顶向下语法分析方法,产生式在预测分析表中的选择集合。,SELECT,4,5,《编译原理（第3版）》王生原等，清华大学出版社，4.2 LL(1)文法的判别，教材p72,4.2 LL(1)文法的判别,72,教材目录或相应页面在“4.2 LL(1)文法的判别”（教材p72）出现或讲解“SELECT集”；本节点/关系用于表示：产生式在预测分析表中的选择集合。
CP_PBM_002,左递归,Problem,编译原理,第4章 自顶向下语法分析方法,非终结符能推导出以自身开头的形式，可能导致递归下降死循环。,left recursion,4,5,《编译原理（第3版）》王生原等，清华大学出版社，4.3 某些非LL(1)文法到LL(1)文法的等价变换，教材p77,4.3 某些非LL(1)文法到LL(1)文法的等价变换,77,教材目录或相应页面在“4.3 某些非LL(1)文法到LL(1)文法的等价变换”（教材p77）出现或讲解“左递归”；本节点/关系用于表示：非终结符能推导出以自身开头的形式，可能导致递归下降死循环。
CP_OPR_005,提取左公共因子,Operation,编译原理,第4章 自顶向下语法分析方法,把多个产生式共同前缀提取出来以推迟选择。,left factoring,4,5,《编译原理（第3版）》王生原等，清华大学出版社，4.3 某些非LL(1)文法到LL(1)文法的等价变换，教材p77,4.3 某些非LL(1)文法到LL(1)文法的等价变换,77,教材目录或相应页面在“4.3 某些非LL(1)文法到LL(1)文法的等价变换”（教材p77）出现或讲解“提取左公共因子”；本节点/关系用于表示：把多个产生式共同前缀提取出来以推迟选择。
CP_OPR_006,消除左递归,Operation,编译原理,第4章 自顶向下语法分析方法,将左递归文法转换为适合自顶向下分析的等价形式。,eliminate left recursion,5,5,《编译原理（第3版）》王生原等，清华大学出版社，4.3 某些非LL(1)文法到LL(1)文法的等价变换，教材p77,4.3 某些非LL(1)文法到LL(1)文法的等价变换,77,教材目录或相应页面在“4.3 某些非LL(1)文法到LL(1)文法的等价变换”（教材p77）出现或讲解“消除左递归”；本节点/关系用于表示：将左递归文法转换为适合自顶向下分析的等价形式。
CP_DS_005,预测分析表,DataStructure,编译原理,第4章 自顶向下语法分析方法,按非终结符和输入符号索引产生式的LL(1)分析表。,predictive parsing table,5,5,《编译原理（第3版）》王生原等，清华大学出版社，4.5 LL(1)分析的实现，教材p85,4.5 LL(1)分析的实现,85,教材目录或相应页面在“4.5 LL(1)分析的实现”（教材p85）出现或讲解“预测分析表”；本节点/关系用于表示：按非终结符和输入符号索引产生式的LL(1)分析表。
CP_ALG_007,表驱动LL(1)分析,Algorithm,编译原理,第4章 自顶向下语法分析方法,利用分析栈和预测分析表驱动的LL(1)分析算法。,table-driven LL(1),5,5,《编译原理（第3版）》王生原等，清华大学出版社，4.5 LL(1)分析的实现，教材p85,4.5 LL(1)分析的实现,85,教材目录或相应页面在“4.5 LL(1)分析的实现”（教材p85）出现或讲解“表驱动LL(1)分析”；本节点/关系用于表示：利用分析栈和预测分析表驱动的LL(1)分析算法。
CP_DS_006,分析栈,DataStructure,编译原理,第4章 自顶向下语法分析方法,语法分析过程中保存待匹配符号的栈。,parsing stack,3,5,《编译原理（第3版）》王生原等，清华大学出版社，4.5 LL(1)分析的实现，教材p85,4.5 LL(1)分析的实现,85,教材目录或相应页面在“4.5 LL(1)分析的实现”（教材p85）出现或讲解“分析栈”；本节点/关系用于表示：语法分析过程中保存待匹配符号的栈。
CP_PBM_003,语法错误,Problem,编译原理,第4章 自顶向下语法分析方法,输入符号串不符合语言语法规则的错误。,syntax error,3,4,《编译原理（第3版）》王生原等，清华大学出版社，4.6 LL(1)分析中的出错处理，教材p95,4.6 LL(1)分析中的出错处理,95,教材目录或相应页面在“4.6 LL(1)分析中的出错处理”（教材p95）出现或讲解“语法错误”；本节点/关系用于表示：输入符号串不符合语言语法规则的错误。
CP_MEC_010,应急恢复,Mechanism,编译原理,第4章 自顶向下语法分析方法,遇错时丢弃输入符号直到同步符号集合的恢复方法。,panic-mode recovery,4,4,《编译原理（第3版）》王生原等，清华大学出版社，4.6 LL(1)分析中的出错处理，教材p95,4.6 LL(1)分析中的出错处理,95,教材目录或相应页面在“4.6 LL(1)分析中的出错处理”（教材p95）出现或讲解“应急恢复”；本节点/关系用于表示：遇错时丢弃输入符号直到同步符号集合的恢复方法。
CP_MEC_011,短语层恢复,Mechanism,编译原理,第4章 自顶向下语法分析方法,通过局部修正或插入删除符号来恢复分析过程的方法。,phrase-level recovery,4,3,《编译原理（第3版）》王生原等，清华大学出版社，4.6 LL(1)分析中的出错处理，教材p95,4.6 LL(1)分析中的出错处理,95,教材目录或相应页面在“4.6 LL(1)分析中的出错处理”（教材p95）出现或讲解“短语层恢复”；本节点/关系用于表示：通过局部修正或插入删除符号来恢复分析过程的方法。
CP_OPR_007,移进,Operation,编译原理,第5章 自底向上优先分析,把输入符号压入分析栈的自底向上分析动作。,shift,3,5,《编译原理（第3版）》王生原等，清华大学出版社，5.1 自底向上优先分析概述，教材p103,5.1 自底向上优先分析概述,103,教材目录或相应页面在“5.1 自底向上优先分析概述”（教材p103）出现或讲解“移进”；本节点/关系用于表示：把输入符号压入分析栈的自底向上分析动作。
CP_OPR_008,归约,Operation,编译原理,第5章 自底向上优先分析,用产生式左部替换栈顶句柄的动作。,reduce,4,5,《编译原理（第3版）》王生原等，清华大学出版社，5.1 自底向上优先分析概述，教材p103,5.1 自底向上优先分析概述,103,教材目录或相应页面在“5.1 自底向上优先分析概述”（教材p103）出现或讲解“归约”；本节点/关系用于表示：用产生式左部替换栈顶句柄的动作。
CP_ALG_008,移进-归约分析,Algorithm,编译原理,第5章 自底向上优先分析,通过反复移进和归约实现自底向上语法分析的方法。,shift-reduce parsing,5,5,《编译原理（第3版）》王生原等，清华大学出版社，5.1 自底向上优先分析概述，教材p103,5.1 自底向上优先分析概述,103,教材目录或相应页面在“5.1 自底向上优先分析概述”（教材p103）出现或讲解“移进-归约分析”；本节点/关系用于表示：通过反复移进和归约实现自底向上语法分析的方法。
CP_MOD_017,简单优先文法,Model,编译原理,第5章 自底向上优先分析,符号之间优先关系明确且适合简单优先分析的文法。,simple precedence grammar,4,3,《编译原理（第3版）》王生原等，清华大学出版社，5.2 简单优先分析，教材p104,5.2 简单优先分析,104,教材目录或相应页面在“5.2 简单优先分析”（教材p104）出现或讲解“简单优先文法”；本节点/关系用于表示：符号之间优先关系明确且适合简单优先分析的文法。
CP_DS_007,优先关系,DataStructure,编译原理,第5章 自底向上优先分析,描述相邻符号之间高于、低于或等于关系的表。,precedence relation,4,4,《编译原理（第3版）》王生原等，清华大学出版社，5.2 简单优先分析，教材p104,5.2 简单优先分析,104,教材目录或相应页面在“5.2 简单优先分析”（教材p104）出现或讲解“优先关系”；本节点/关系用于表示：描述相邻符号之间高于、低于或等于关系的表。
CP_ALG_009,简单优先分析法,Algorithm,编译原理,第5章 自底向上优先分析,根据简单优先关系确定句柄并归约的分析方法。,simple precedence parsing,4,3,《编译原理（第3版）》王生原等，清华大学出版社，5.2 简单优先分析，教材p104,5.2 简单优先分析,104,教材目录或相应页面在“5.2 简单优先分析”（教材p104）出现或讲解“简单优先分析法”；本节点/关系用于表示：根据简单优先关系确定句柄并归约的分析方法。
CP_MOD_018,算符优先文法,Model,编译原理,第5章 自底向上优先分析,终结符之间优先关系可用于确定归约边界的文法。,operator precedence grammar,4,5,《编译原理（第3版）》王生原等，清华大学出版社，5.3 算符优先分析法，教材p107,5.3 算符优先分析法,107,教材目录或相应页面在“5.3 算符优先分析法”（教材p107）出现或讲解“算符优先文法”；本节点/关系用于表示：终结符之间优先关系可用于确定归约边界的文法。
CP_DS_008,算符优先关系表,DataStructure,编译原理,第5章 自底向上优先分析,记录终结符之间优先关系的表。,operator precedence table,4,5,《编译原理（第3版）》王生原等，清华大学出版社，5.3 算符优先分析法，教材p107,5.3 算符优先分析法,107,教材目录或相应页面在“5.3 算符优先分析法”（教材p107）出现或讲解“算符优先关系表”；本节点/关系用于表示：记录终结符之间优先关系的表。
CP_ALG_010,算符优先分析算法,Algorithm,编译原理,第5章 自底向上优先分析,利用算符优先关系指导移进和归约的自底向上分析算法。,operator precedence parsing,5,5,《编译原理（第3版）》王生原等，清华大学出版社，5.3 算符优先分析法，教材p107,5.3 算符优先分析法,107,教材目录或相应页面在“5.3 算符优先分析法”（教材p107）出现或讲解“算符优先分析算法”；本节点/关系用于表示：利用算符优先关系指导移进和归约的自底向上分析算法。
CP_DS_009,优先函数,DataStructure,编译原理,第5章 自底向上优先分析,用数值函数表示算符优先关系的形式。,precedence function,4,4,《编译原理（第3版）》王生原等，清华大学出版社，5.3 算符优先分析法，教材p107,5.3 算符优先分析法,107,教材目录或相应页面在“5.3 算符优先分析法”（教材p107）出现或讲解“优先函数”；本节点/关系用于表示：用数值函数表示算符优先关系的形式。
CP_ALG_011,LR分析,Algorithm,编译原理,第6章 LR分析,从左到右扫描、构造最右推导逆过程的自底向上分析方法。,LR parsing,5,5,《编译原理（第3版）》王生原等，清华大学出版社，6.1 LR分析概述，教材p123,6.1 LR分析概述,123,教材目录或相应页面在“6.1 LR分析概述”（教材p123）出现或讲解“LR分析”；本节点/关系用于表示：从左到右扫描、构造最右推导逆过程的自底向上分析方法。
CP_MEC_012,LR分析器,Mechanism,编译原理,第6章 LR分析,利用LR分析表进行移进、归约、接受和报错的语法分析器。,LR parser,5,5,《编译原理（第3版）》王生原等，清华大学出版社，6.1 LR分析概述，教材p123,6.1 LR分析概述,123,教材目录或相应页面在“6.1 LR分析概述”（教材p123）出现或讲解“LR分析器”；本节点/关系用于表示：利用LR分析表进行移进、归约、接受和报错的语法分析器。
CP_DS_010,LR分析表,DataStructure,编译原理,第6章 LR分析,由ACTION和GOTO组成的LR语法分析控制表。,LR parsing table,5,5,《编译原理（第3版）》王生原等，清华大学出版社，6.1 LR分析概述，教材p123,6.1 LR分析概述,123,教材目录或相应页面在“6.1 LR分析概述”（教材p123）出现或讲解“LR分析表”；本节点/关系用于表示：由ACTION和GOTO组成的LR语法分析控制表。
CP_DS_011,ACTION表,DataStructure,编译原理,第6章 LR分析,决定移进、归约、接受或报错动作的表。,ACTION,4,5,《编译原理（第3版）》王生原等，清华大学出版社，6.1 LR分析概述，教材p123,6.1 LR分析概述,123,教材目录或相应页面在“6.1 LR分析概述”（教材p123）出现或讲解“ACTION表”；本节点/关系用于表示：决定移进、归约、接受或报错动作的表。
CP_DS_012,GOTO表,DataStructure,编译原理,第6章 LR分析,决定归约后状态转移的表。,GOTO,4,5,《编译原理（第3版）》王生原等，清华大学出版社，6.1 LR分析概述，教材p123,6.1 LR分析概述,123,教材目录或相应页面在“6.1 LR分析概述”（教材p123）出现或讲解“GOTO表”；本节点/关系用于表示：决定归约后状态转移的表。
CP_SYN_014,LR(0)项目,SyntaxElement,编译原理,第6章 LR分析,在产生式右部加入圆点表示识别进度的项目。,LR(0) item,4,5,《编译原理（第3版）》王生原等，清华大学出版社，6.2 LR(0)分析，教材p124,6.2 LR(0)分析,124,教材目录或相应页面在“6.2 LR(0)分析”（教材p124）出现或讲解“LR(0)项目”；本节点/关系用于表示：在产生式右部加入圆点表示识别进度的项目。
CP_DS_013,项目集,DataStructure,编译原理,第6章 LR分析,一组LR项目构成的集合。,item set,4,5,《编译原理（第3版）》王生原等，清华大学出版社，6.2 LR(0)分析，教材p124,6.2 LR(0)分析,124,教材目录或相应页面在“6.2 LR(0)分析”（教材p124）出现或讲解“项目集”；本节点/关系用于表示：一组LR项目构成的集合。
CP_ALG_012,闭包函数,Algorithm,编译原理,第6章 LR分析,扩展项目集以包含圆点后非终结符相关产生式的算法。,closure,4,5,《编译原理（第3版）》王生原等，清华大学出版社，6.2 LR(0)分析，教材p124,6.2 LR(0)分析,124,教材目录或相应页面在“6.2 LR(0)分析”（教材p124）出现或讲解“闭包函数”；本节点/关系用于表示：扩展项目集以包含圆点后非终结符相关产生式的算法。
CP_ALG_013,GOTO函数,Algorithm,编译原理,第6章 LR分析,从项目集经文法符号转移到新项目集的算法。,goto,4,5,《编译原理（第3版）》王生原等，清华大学出版社，6.2 LR(0)分析，教材p124,6.2 LR(0)分析,124,教材目录或相应页面在“6.2 LR(0)分析”（教材p124）出现或讲解“GOTO函数”；本节点/关系用于表示：从项目集经文法符号转移到新项目集的算法。
CP_CON_018,活前缀,Concept,编译原理,第6章 LR分析,规范句型中不超过句柄右端的前缀。,viable prefix,5,5,《编译原理（第3版）》王生原等，清华大学出版社，6.2 LR(0)分析，教材p124,6.2 LR(0)分析,124,教材目录或相应页面在“6.2 LR(0)分析”（教材p124）出现或讲解“活前缀”；本节点/关系用于表示：规范句型中不超过句柄右端的前缀。
CP_DS_014,LR(0)项目集规范族,DataStructure,编译原理,第6章 LR分析,通过闭包和GOTO构造出的LR(0)项目集集合。,canonical collection,5,5,《编译原理（第3版）》王生原等，清华大学出版社，6.2 LR(0)分析，教材p124,6.2 LR(0)分析,124,教材目录或相应页面在“6.2 LR(0)分析”（教材p124）出现或讲解“LR(0)项目集规范族”；本节点/关系用于表示：通过闭包和GOTO构造出的LR(0)项目集集合。
CP_ALG_014,SLR(1)分析,Algorithm,编译原理,第6章 LR分析,利用LR(0)项目集和FOLLOW集构造分析表的LR分析方法。,SLR(1),5,5,《编译原理（第3版）》王生原等，清华大学出版社，6.3 SLR(1)分析，教材p137,6.3 SLR(1)分析,137,教材目录或相应页面在“6.3 SLR(1)分析”（教材p137）出现或讲解“SLR(1)分析”；本节点/关系用于表示：利用LR(0)项目集和FOLLOW集构造分析表的LR分析方法。
CP_SYN_015,LR(1)项目,SyntaxElement,编译原理,第6章 LR分析,带1个向前看符号的LR项目。,LR(1) item,5,5,《编译原理（第3版）》王生原等，清华大学出版社，6.4 LR(1)分析，教材p144,6.4 LR(1)分析,144,教材目录或相应页面在“6.4 LR(1)分析”（教材p144）出现或讲解“LR(1)项目”；本节点/关系用于表示：带1个向前看符号的LR项目。
CP_DS_015,LR(1)项目集族,DataStructure,编译原理,第6章 LR分析,由LR(1)项目经闭包和GOTO构造的规范项目集族。,LR(1) canonical collection,5,5,《编译原理（第3版）》王生原等，清华大学出版社，6.4 LR(1)分析，教材p144,6.4 LR(1)分析,144,教材目录或相应页面在“6.4 LR(1)分析”（教材p144）出现或讲解“LR(1)项目集族”；本节点/关系用于表示：由LR(1)项目经闭包和GOTO构造的规范项目集族。
CP_DS_016,LR(1)分析表,DataStructure,编译原理,第6章 LR分析,基于LR(1)项目集构造的ACTION/GOTO表。,LR(1) table,5,5,《编译原理（第3版）》王生原等，清华大学出版社，6.4 LR(1)分析，教材p144,6.4 LR(1)分析,144,教材目录或相应页面在“6.4 LR(1)分析”（教材p144）出现或讲解“LR(1)分析表”；本节点/关系用于表示：基于LR(1)项目集构造的ACTION/GOTO表。
CP_ALG_015,LALR(1)分析,Algorithm,编译原理,第6章 LR分析,合并同心LR(1)项目集以减小状态数的LR分析方法。,LALR(1),5,5,《编译原理（第3版）》王生原等，清华大学出版社，6.5 LALR(1)分析，教材p148,6.5 LALR(1)分析,148,教材目录或相应页面在“6.5 LALR(1)分析”（教材p148）出现或讲解“LALR(1)分析”；本节点/关系用于表示：合并同心LR(1)项目集以减小状态数的LR分析方法。
CP_CON_019,同心项目集,Concept,编译原理,第6章 LR分析,核心相同而向前看符号不同的LR(1)项目集。,same core item sets,5,4,《编译原理（第3版）》王生原等，清华大学出版社，6.5 LALR(1)分析，教材p148,6.5 LALR(1)分析,148,教材目录或相应页面在“6.5 LALR(1)分析”（教材p148）出现或讲解“同心项目集”；本节点/关系用于表示：核心相同而向前看符号不同的LR(1)项目集。
CP_PBM_004,移进-归约冲突,Problem,编译原理,第6章 LR分析,LR分析表中同一入口同时要求移进和归约的冲突。,shift-reduce conflict,5,5,《编译原理（第3版）》王生原等，清华大学出版社，6.6 二义性文法在LR分析中的应用，教材p153,6.6 二义性文法在LR分析中的应用,153,教材目录或相应页面在“6.6 二义性文法在LR分析中的应用”（教材p153）出现或讲解“移进-归约冲突”；本节点/关系用于表示：LR分析表中同一入口同时要求移进和归约的冲突。
CP_PBM_005,归约-归约冲突,Problem,编译原理,第6章 LR分析,LR分析表中同一入口存在多个归约动作的冲突。,reduce-reduce conflict,5,5,《编译原理（第3版）》王生原等，清华大学出版社，6.6 二义性文法在LR分析中的应用，教材p153,6.6 二义性文法在LR分析中的应用,153,教材目录或相应页面在“6.6 二义性文法在LR分析中的应用”（教材p153）出现或讲解“归约-归约冲突”；本节点/关系用于表示：LR分析表中同一入口存在多个归约动作的冲突。
CP_MOD_019,属性文法,Model,编译原理,第7章 语法制导的语义计算,在上下文无关文法上为符号添加属性和语义规则的形式化体系。,attribute grammar,5,5,《编译原理（第3版）》王生原等，清华大学出版社，7.1 基于属性文法的语义计算，教材p160,7.1 基于属性文法的语义计算,160,教材目录或相应页面在“7.1 基于属性文法的语义计算”（教材p160）出现或讲解“属性文法”；本节点/关系用于表示：在上下文无关文法上为符号添加属性和语义规则的形式化体系。
CP_CON_020,综合属性,Concept,编译原理,第7章 语法制导的语义计算,由子结点或自身信息计算父结点属性的属性。,synthesized attribute,4,5,《编译原理（第3版）》王生原等，清华大学出版社，7.1 基于属性文法的语义计算，教材p160,7.1 基于属性文法的语义计算,160,教材目录或相应页面在“7.1 基于属性文法的语义计算”（教材p160）出现或讲解“综合属性”；本节点/关系用于表示：由子结点或自身信息计算父结点属性的属性。
CP_CON_021,继承属性,Concept,编译原理,第7章 语法制导的语义计算,由父结点或兄弟结点信息传递到结点的属性。,inherited attribute,4,5,《编译原理（第3版）》王生原等，清华大学出版社，7.1 基于属性文法的语义计算，教材p160,7.1 基于属性文法的语义计算,160,教材目录或相应页面在“7.1 基于属性文法的语义计算”（教材p160）出现或讲解“继承属性”；本节点/关系用于表示：由父结点或兄弟结点信息传递到结点的属性。
CP_SYN_016,语义规则,SyntaxElement,编译原理,第7章 语法制导的语义计算,定义属性计算方式的规则。,semantic rule,4,5,《编译原理（第3版）》王生原等，清华大学出版社，7.1 基于属性文法的语义计算，教材p160,7.1 基于属性文法的语义计算,160,教材目录或相应页面在“7.1 基于属性文法的语义计算”（教材p160）出现或讲解“语义规则”；本节点/关系用于表示：定义属性计算方式的规则。
CP_DS_017,属性依赖图,DataStructure,编译原理,第7章 语法制导的语义计算,表示属性之间依赖关系的图。,dependency graph,5,4,《编译原理（第3版）》王生原等，清华大学出版社，7.1 基于属性文法的语义计算，教材p160,7.1 基于属性文法的语义计算,160,教材目录或相应页面在“7.1 基于属性文法的语义计算”（教材p160）出现或讲解“属性依赖图”；本节点/关系用于表示：表示属性之间依赖关系的图。
CP_MOD_020,S-属性文法,Model,编译原理,第7章 语法制导的语义计算,只含综合属性的属性文法。,S-attributed grammar,4,5,《编译原理（第3版）》王生原等，清华大学出版社，7.1 基于属性文法的语义计算，教材p160,7.1 基于属性文法的语义计算,160,教材目录或相应页面在“7.1 基于属性文法的语义计算”（教材p160）出现或讲解“S-属性文法”；本节点/关系用于表示：只含综合属性的属性文法。
CP_MOD_021,L-属性文法,Model,编译原理,第7章 语法制导的语义计算,继承属性受限、适合自顶向下计算的属性文法。,L-attributed grammar,5,5,《编译原理（第3版）》王生原等，清华大学出版社，7.1 基于属性文法的语义计算，教材p160,7.1 基于属性文法的语义计算,160,教材目录或相应页面在“7.1 基于属性文法的语义计算”（教材p160）出现或讲解“L-属性文法”；本节点/关系用于表示：继承属性受限、适合自顶向下计算的属性文法。
CP_MOD_022,翻译模式,Model,编译原理,第7章 语法制导的语义计算,在产生式右部嵌入语义动作的语义计算描述方法。,translation scheme,4,5,《编译原理（第3版）》王生原等，清华大学出版社，7.2 基于翻译模式的语义计算，教材p172,7.2 基于翻译模式的语义计算,172,教材目录或相应页面在“7.2 基于翻译模式的语义计算”（教材p172）出现或讲解“翻译模式”；本节点/关系用于表示：在产生式右部嵌入语义动作的语义计算描述方法。
CP_OPR_009,语义动作,Operation,编译原理,第7章 语法制导的语义计算,在分析过程中执行的属性计算或代码生成操作。,semantic action,4,5,《编译原理（第3版）》王生原等，清华大学出版社，7.2 基于翻译模式的语义计算，教材p172,7.2 基于翻译模式的语义计算,172,教材目录或相应页面在“7.2 基于翻译模式的语义计算”（教材p172）出现或讲解“语义动作”；本节点/关系用于表示：在分析过程中执行的属性计算或代码生成操作。
CP_MOD_023,S-翻译模式,Model,编译原理,第7章 语法制导的语义计算,适合自底向上执行综合属性计算的翻译模式。,S-translation scheme,4,4,《编译原理（第3版）》王生原等，清华大学出版社，7.2 基于翻译模式的语义计算，教材p172,7.2 基于翻译模式的语义计算,172,教材目录或相应页面在“7.2 基于翻译模式的语义计算”（教材p172）出现或讲解“S-翻译模式”；本节点/关系用于表示：适合自底向上执行综合属性计算的翻译模式。
CP_MOD_024,L-翻译模式,Model,编译原理,第7章 语法制导的语义计算,适合自顶向下或混合方式执行继承属性计算的翻译模式。,L-translation scheme,5,4,《编译原理（第3版）》王生原等，清华大学出版社，7.2 基于翻译模式的语义计算，教材p172,7.2 基于翻译模式的语义计算,172,教材目录或相应页面在“7.2 基于翻译模式的语义计算”（教材p172）出现或讲解“L-翻译模式”；本节点/关系用于表示：适合自顶向下或混合方式执行继承属性计算的翻译模式。
CP_APP_002,yacc,Application,编译原理,第7章 语法制导的语义计算,根据文法规则和语义动作自动生成语法分析器的工具。,Yacc/Bison,3,5,《编译原理（第3版）》王生原等，清华大学出版社，7.3 分析和翻译程序的自动生成工具yacc，教材p183,7.3 分析和翻译程序的自动生成工具yacc,183,教材目录或相应页面在“7.3 分析和翻译程序的自动生成工具yacc”（教材p183）出现或讲解“yacc”；本节点/关系用于表示：根据文法规则和语义动作自动生成语法分析器的工具。
CP_SYN_017,yacc描述文件,SyntaxElement,编译原理,第7章 语法制导的语义计算,包含声明、文法规则和语义动作的yacc输入文件。,yacc specification,3,4,《编译原理（第3版）》王生原等，清华大学出版社，7.3 分析和翻译程序的自动生成工具yacc，教材p183,7.3 分析和翻译程序的自动生成工具yacc,183,教材目录或相应页面在“7.3 分析和翻译程序的自动生成工具yacc”（教材p183）出现或讲解“yacc描述文件”；本节点/关系用于表示：包含声明、文法规则和语义动作的yacc输入文件。
CP_APP_003,语法分析器生成器,Application,编译原理,第7章 语法制导的语义计算,根据文法自动生成语法分析程序的工具。,parser generator,3,5,《编译原理（第3版）》王生原等，清华大学出版社，7.3 分析和翻译程序的自动生成工具yacc，教材p183,7.3 分析和翻译程序的自动生成工具yacc,183,教材目录或相应页面在“7.3 分析和翻译程序的自动生成工具yacc”（教材p183）出现或讲解“语法分析器生成器”；本节点/关系用于表示：根据文法自动生成语法分析程序的工具。
CP_DS_018,符号表,DataStructure,编译原理,第8章 静态语义分析和中间代码生成,记录标识符及其类型、作用域、地址等属性的数据结构。,symbol table,4,5,《编译原理（第3版）》王生原等，清华大学出版社，8.1 符号表，教材p195,8.1 符号表,195,教材目录或相应页面在“8.1 符号表”（教材p195）出现或讲解“符号表”；本节点/关系用于表示：记录标识符及其类型、作用域、地址等属性的数据结构。
CP_DS_019,符号表项,DataStructure,编译原理,第8章 静态语义分析和中间代码生成,符号表中关于一个名字及其属性的记录。,symbol entry,3,5,《编译原理（第3版）》王生原等，清华大学出版社，8.1 符号表，教材p195,8.1 符号表,195,教材目录或相应页面在“8.1 符号表”（教材p195）出现或讲解“符号表项”；本节点/关系用于表示：符号表中关于一个名字及其属性的记录。
CP_CON_022,名字空间,Concept,编译原理,第8章 静态语义分析和中间代码生成,名字可见性和唯一性的上下文范围。,namespace,3,4,《编译原理（第3版）》王生原等，清华大学出版社，8.1 符号表，教材p195,8.1 符号表,195,教材目录或相应页面在“8.1 符号表”（教材p195）出现或讲解“名字空间”；本节点/关系用于表示：名字可见性和唯一性的上下文范围。
CP_CON_023,作用域,Concept,编译原理,第8章 静态语义分析和中间代码生成,标识符可被引用的程序范围。,scope,4,5,《编译原理（第3版）》王生原等，清华大学出版社，8.1 符号表，教材p195,8.1 符号表,195,教材目录或相应页面在“8.1 符号表”（教材p195）出现或讲解“作用域”；本节点/关系用于表示：标识符可被引用的程序范围。
CP_OPR_010,符号表查找,Operation,编译原理,第8章 静态语义分析和中间代码生成,根据名字查询其属性信息的操作。,symbol lookup,3,5,《编译原理（第3版）》王生原等，清华大学出版社，8.1 符号表，教材p195,8.1 符号表,195,教材目录或相应页面在“8.1 符号表”（教材p195）出现或讲解“符号表查找”；本节点/关系用于表示：根据名字查询其属性信息的操作。
CP_OPR_011,符号表插入,Operation,编译原理,第8章 静态语义分析和中间代码生成,把新声明的名字及属性加入符号表的操作。,symbol insertion,3,5,《编译原理（第3版）》王生原等，清华大学出版社，8.1 符号表，教材p195,8.1 符号表,195,教材目录或相应页面在“8.1 符号表”（教材p195）出现或讲解“符号表插入”；本节点/关系用于表示：把新声明的名字及属性加入符号表的操作。
CP_MEC_013,静态语义分析,Mechanism,编译原理,第8章 静态语义分析和中间代码生成,在编译期检查语义约束并维护符号属性的阶段。,static semantic analysis,5,5,《编译原理（第3版）》王生原等，清华大学出版社，8.2 静态语义分析，教材p203,8.2 静态语义分析,203,教材目录或相应页面在“8.2 静态语义分析”（教材p203）出现或讲解“静态语义分析”；本节点/关系用于表示：在编译期检查语义约束并维护符号属性的阶段。
CP_MEC_014,类型检查,Mechanism,编译原理,第8章 静态语义分析和中间代码生成,检查表达式、赋值、调用等是否满足类型规则。,type checking,5,5,《编译原理（第3版）》王生原等，清华大学出版社，8.2 静态语义分析，教材p203,8.2 静态语义分析,203,教材目录或相应页面在“8.2 静态语义分析”（教材p203）出现或讲解“类型检查”；本节点/关系用于表示：检查表达式、赋值、调用等是否满足类型规则。
CP_MEC_015,静态类型检查,Mechanism,编译原理,第8章 静态语义分析和中间代码生成,在编译阶段完成的类型一致性检查。,static type checking,5,5,《编译原理（第3版）》王生原等，清华大学出版社，8.2 静态语义分析，教材p203,8.2 静态语义分析,203,教材目录或相应页面在“8.2 静态语义分析”（教材p203）出现或讲解“静态类型检查”；本节点/关系用于表示：在编译阶段完成的类型一致性检查。
CP_MEC_016,声明检查,Mechanism,编译原理,第8章 静态语义分析和中间代码生成,检查标识符是否已声明以及是否重复声明。,declaration checking,4,5,《编译原理（第3版）》王生原等，清华大学出版社，8.2 静态语义分析，教材p203,8.2 静态语义分析,203,教材目录或相应页面在“8.2 静态语义分析”（教材p203）出现或讲解“声明检查”；本节点/关系用于表示：检查标识符是否已声明以及是否重复声明。
CP_MEC_017,作用域检查,Mechanism,编译原理,第8章 静态语义分析和中间代码生成,检查名字引用是否符合作用域规则。,scope checking,4,5,《编译原理（第3版）》王生原等，清华大学出版社，8.2 静态语义分析，教材p203,8.2 静态语义分析,203,教材目录或相应页面在“8.2 静态语义分析”（教材p203）出现或讲解“作用域检查”；本节点/关系用于表示：检查名字引用是否符合作用域规则。
CP_PBM_006,类型错误,Problem,编译原理,第8章 静态语义分析和中间代码生成,程序违反语言类型规则的问题。,type error,3,5,《编译原理（第3版）》王生原等，清华大学出版社，8.2 静态语义分析，教材p203,8.2 静态语义分析,203,教材目录或相应页面在“8.2 静态语义分析”（教材p203）出现或讲解“类型错误”；本节点/关系用于表示：程序违反语言类型规则的问题。
CP_CON_024,中间表示,Concept,编译原理,第8章 静态语义分析和中间代码生成,介于源语言和目标机器之间、便于分析和转换的程序表示。,IR,4,5,《编译原理（第3版）》王生原等，清华大学出版社，8.3 中间代码生成，教材p208,8.3 中间代码生成,208,教材目录或相应页面在“8.3 中间代码生成”（教材p208）出现或讲解“中间表示”；本节点/关系用于表示：介于源语言和目标机器之间、便于分析和转换的程序表示。
CP_DS_020,抽象语法树,DataStructure,编译原理,第8章 静态语义分析和中间代码生成,省略具体语法细节、突出程序结构的树形中间表示。,AST,4,5,《编译原理（第3版）》王生原等，清华大学出版社，8.3 中间代码生成，教材p208,8.3 中间代码生成,208,教材目录或相应页面在“8.3 中间代码生成”（教材p208）出现或讲解“抽象语法树”；本节点/关系用于表示：省略具体语法细节、突出程序结构的树形中间表示。
CP_SYN_018,三地址码,SyntaxElement,编译原理,第8章 静态语义分析和中间代码生成,每条语句最多包含三个地址的中间代码形式。,"three-address code,TAC",4,5,《编译原理（第3版）》王生原等，清华大学出版社，8.3 中间代码生成，教材p208,8.3 中间代码生成,208,教材目录或相应页面在“8.3 中间代码生成”（教材p208）出现或讲解“三地址码”；本节点/关系用于表示：每条语句最多包含三个地址的中间代码形式。
CP_DS_021,四元式,DataStructure,编译原理,第8章 静态语义分析和中间代码生成,以操作符、两个操作数和结果字段表示三地址码的数据结构。,quadruple,3,5,《编译原理（第3版）》王生原等，清华大学出版社，8.3 中间代码生成，教材p208,8.3 中间代码生成,208,教材目录或相应页面在“8.3 中间代码生成”（教材p208）出现或讲解“四元式”；本节点/关系用于表示：以操作符、两个操作数和结果字段表示三地址码的数据结构。
CP_DS_022,三元式,DataStructure,编译原理,第8章 静态语义分析和中间代码生成,以操作符和两个操作数字段表示中间代码的数据结构。,triple,3,4,《编译原理（第3版）》王生原等，清华大学出版社，8.3 中间代码生成，教材p208,8.3 中间代码生成,208,教材目录或相应页面在“8.3 中间代码生成”（教材p208）出现或讲解“三元式”；本节点/关系用于表示：以操作符和两个操作数字段表示中间代码的数据结构。
CP_SYN_019,逆波兰表示,SyntaxElement,编译原理,第8章 静态语义分析和中间代码生成,运算符位于操作数之后的表达式表示。,postfix notation,3,4,《编译原理（第3版）》王生原等，清华大学出版社，8.3 中间代码生成，教材p208,8.3 中间代码生成,208,教材目录或相应页面在“8.3 中间代码生成”（教材p208）出现或讲解“逆波兰表示”；本节点/关系用于表示：运算符位于操作数之后的表达式表示。
CP_MEC_018,运行时存储组织,Mechanism,编译原理,第9章 运行时存储组织,编译器为程序执行安排代码区、静态区、栈区和堆区等空间的机制。,runtime storage organization,5,5,《编译原理（第3版）》王生原等，清华大学出版社，9.1 运行时存储组织概述，教材p229,9.1 运行时存储组织概述,229,教材目录或相应页面在“9.1 运行时存储组织概述”（教材p229）出现或讲解“运行时存储组织”；本节点/关系用于表示：编译器为程序执行安排代码区、静态区、栈区和堆区等空间的机制。
CP_MEC_019,静态分配,Mechanism,编译原理,第9章 运行时存储组织,编译时确定数据对象存储位置的策略。,static allocation,4,4,《编译原理（第3版）》王生原等，清华大学出版社，9.1 运行时存储组织概述，教材p229,9.1 运行时存储组织概述,229,教材目录或相应页面在“9.1 运行时存储组织概述”（教材p229）出现或讲解“静态分配”；本节点/关系用于表示：编译时确定数据对象存储位置的策略。
CP_MEC_020,栈式分配,Mechanism,编译原理,第9章 运行时存储组织,按过程调用进入和退出在运行栈上分配活动记录的策略。,stack allocation,4,5,《编译原理（第3版）》王生原等，清华大学出版社，9.1 运行时存储组织概述，教材p229,9.1 运行时存储组织概述,229,教材目录或相应页面在“9.1 运行时存储组织概述”（教材p229）出现或讲解“栈式分配”；本节点/关系用于表示：按过程调用进入和退出在运行栈上分配活动记录的策略。
CP_MEC_021,堆式分配,Mechanism,编译原理,第9章 运行时存储组织,在运行时动态申请和释放对象空间的策略。,heap allocation,4,5,《编译原理（第3版）》王生原等，清华大学出版社，9.1 运行时存储组织概述，教材p229,9.1 运行时存储组织概述,229,教材目录或相应页面在“9.1 运行时存储组织概述”（教材p229）出现或讲解“堆式分配”；本节点/关系用于表示：在运行时动态申请和释放对象空间的策略。
CP_DS_023,运行时栈,DataStructure,编译原理,第9章 运行时存储组织,保存过程活动记录的栈结构。,runtime stack,4,5,《编译原理（第3版）》王生原等，清华大学出版社，9.1 运行时存储组织概述，教材p229,9.1 运行时存储组织概述,229,教材目录或相应页面在“9.1 运行时存储组织概述”（教材p229）出现或讲解“运行时栈”；本节点/关系用于表示：保存过程活动记录的栈结构。
CP_DS_024,运行时堆,DataStructure,编译原理,第9章 运行时存储组织,用于动态分配对象或数据的存储区域。,heap,4,5,《编译原理（第3版）》王生原等，清华大学出版社，9.1 运行时存储组织概述，教材p229,9.1 运行时存储组织概述,229,教材目录或相应页面在“9.1 运行时存储组织概述”（教材p229）出现或讲解“运行时堆”；本节点/关系用于表示：用于动态分配对象或数据的存储区域。
CP_DS_025,活动记录,DataStructure,编译原理,第9章 运行时存储组织,一次过程调用在运行时栈上的存储单元集合。,"activation record,stack frame",5,5,《编译原理（第3版）》王生原等，清华大学出版社，9.2 活动记录，教材p234,9.2 活动记录,234,教材目录或相应页面在“9.2 活动记录”（教材p234）出现或讲解“活动记录”；本节点/关系用于表示：一次过程调用在运行时栈上的存储单元集合。
CP_OBJ_004,返回地址,ComputingObject,编译原理,第9章 运行时存储组织,过程调用结束后控制返回位置的信息。,return address,3,5,《编译原理（第3版）》王生原等，清华大学出版社，9.2 活动记录，教材p234,9.2 活动记录,234,教材目录或相应页面在“9.2 活动记录”（教材p234）出现或讲解“返回地址”；本节点/关系用于表示：过程调用结束后控制返回位置的信息。
CP_DS_026,动态链,DataStructure,编译原理,第9章 运行时存储组织,指向调用者活动记录的链。,dynamic link,4,5,《编译原理（第3版）》王生原等，清华大学出版社，9.2 活动记录，教材p234,9.2 活动记录,234,教材目录或相应页面在“9.2 活动记录”（教材p234）出现或讲解“动态链”；本节点/关系用于表示：指向调用者活动记录的链。
CP_DS_027,静态链,DataStructure,编译原理,第9章 运行时存储组织,指向词法外层过程活动记录的链。,static link,5,5,《编译原理（第3版）》王生原等，清华大学出版社，9.2 活动记录，教材p234,9.2 活动记录,234,教材目录或相应页面在“9.2 活动记录”（教材p234）出现或讲解“静态链”；本节点/关系用于表示：指向词法外层过程活动记录的链。
CP_DS_028,显示表,DataStructure,编译原理,第9章 运行时存储组织,快速访问外层作用域活动记录的表。,display,5,4,《编译原理（第3版）》王生原等，清华大学出版社，9.2 活动记录，教材p234,9.2 活动记录,234,教材目录或相应页面在“9.2 活动记录”（教材p234）出现或讲解“显示表”；本节点/关系用于表示：快速访问外层作用域活动记录的表。
CP_MEC_022,过程调用,Mechanism,编译原理,第9章 运行时存储组织,控制转移、参数传递、活动记录建立和返回的运行机制。,procedure call,4,5,《编译原理（第3版）》王生原等，清华大学出版社，9.3 过程调用，教材p241,9.3 过程调用,241,教材目录或相应页面在“9.3 过程调用”（教材p241）出现或讲解“过程调用”；本节点/关系用于表示：控制转移、参数传递、活动记录建立和返回的运行机制。
CP_MEC_023,参数传递,Mechanism,编译原理,第9章 运行时存储组织,调用者向被调用者传送实参值或地址的机制。,parameter passing,4,5,《编译原理（第3版）》王生原等，清华大学出版社，9.3 过程调用，教材p241,9.3 过程调用,241,教材目录或相应页面在“9.3 过程调用”（教材p241）出现或讲解“参数传递”；本节点/关系用于表示：调用者向被调用者传送实参值或地址的机制。
CP_OPR_012,调用序列,Operation,编译原理,第9章 运行时存储组织,调用前后由调用者和被调用者执行的指令序列。,calling sequence,4,5,《编译原理（第3版）》王生原等，清华大学出版社，9.3 过程调用，教材p241,9.3 过程调用,241,教材目录或相应页面在“9.3 过程调用”（教材p241）出现或讲解“调用序列”；本节点/关系用于表示：调用前后由调用者和被调用者执行的指令序列。
CP_OPR_013,返回序列,Operation,编译原理,第9章 运行时存储组织,过程执行完成后恢复环境并返回调用点的序列。,return sequence,4,4,《编译原理（第3版）》王生原等，清华大学出版社，9.3 过程调用，教材p241,9.3 过程调用,241,教材目录或相应页面在“9.3 过程调用”（教材p241）出现或讲解“返回序列”；本节点/关系用于表示：过程执行完成后恢复环境并返回调用点的序列。
CP_OBJ_005,对象,ComputingObject,编译原理,第9章 运行时存储组织,面向对象程序中包含状态和行为的运行时实体。,object,3,4,《编译原理（第3版）》王生原等，清华大学出版社，9.5 面向对象语言的运行时存储组织，教材p247,9.5 面向对象语言的运行时存储组织,247,教材目录或相应页面在“9.5 面向对象语言的运行时存储组织”（教材p247）出现或讲解“对象”；本节点/关系用于表示：面向对象程序中包含状态和行为的运行时实体。
CP_CON_025,类,Concept,编译原理,第9章 运行时存储组织,描述对象属性和方法的抽象模板。,class,3,4,《编译原理（第3版）》王生原等，清华大学出版社，9.5 面向对象语言的运行时存储组织，教材p247,9.5 面向对象语言的运行时存储组织,247,教材目录或相应页面在“9.5 面向对象语言的运行时存储组织”（教材p247）出现或讲解“类”；本节点/关系用于表示：描述对象属性和方法的抽象模板。
CP_DS_029,方法表,DataStructure,编译原理,第9章 运行时存储组织,保存对象方法入口地址或调度信息的表。,method table,4,4,《编译原理（第3版）》王生原等，清华大学出版社，9.5 面向对象语言的运行时存储组织，教材p247,9.5 面向对象语言的运行时存储组织,247,教材目录或相应页面在“9.5 面向对象语言的运行时存储组织”（教材p247）出现或讲解“方法表”；本节点/关系用于表示：保存对象方法入口地址或调度信息的表。
CP_MEC_024,动态绑定,Mechanism,编译原理,第9章 运行时存储组织,在运行时根据对象实际类型确定调用方法的机制。,dynamic binding,4,5,《编译原理（第3版）》王生原等，清华大学出版社，9.5 面向对象语言的运行时存储组织，教材p247,9.5 面向对象语言的运行时存储组织,247,教材目录或相应页面在“9.5 面向对象语言的运行时存储组织”（教材p247）出现或讲解“动态绑定”；本节点/关系用于表示：在运行时根据对象实际类型确定调用方法的机制。
CP_DS_030,虚方法表,DataStructure,编译原理,第9章 运行时存储组织,支持动态派发的函数地址表。,vtable,4,4,《编译原理（第3版）》王生原等，清华大学出版社，9.5 面向对象语言的运行时存储组织，教材p247,9.5 面向对象语言的运行时存储组织,247,教材目录或相应页面在“9.5 面向对象语言的运行时存储组织”（教材p247）出现或讲解“虚方法表”；本节点/关系用于表示：支持动态派发的函数地址表。
CP_CON_026,基本块,Concept,编译原理,第10章 代码优化和目标代码生成,只有一个入口和一个出口的连续三地址语句序列。,basic block,4,5,《编译原理（第3版）》王生原等，清华大学出版社，10.1 基本块、流图和循环，教材p255,10.1 基本块、流图和循环,255,教材目录或相应页面在“10.1 基本块、流图和循环”（教材p255）出现或讲解“基本块”；本节点/关系用于表示：只有一个入口和一个出口的连续三地址语句序列。
CP_DS_031,流图,DataStructure,编译原理,第10章 代码优化和目标代码生成,以基本块为结点、控制流为边的有向图。,"flow graph,CFG",4,5,《编译原理（第3版）》王生原等，清华大学出版社，10.1 基本块、流图和循环，教材p255,10.1 基本块、流图和循环,255,教材目录或相应页面在“10.1 基本块、流图和循环”（教材p255）出现或讲解“流图”；本节点/关系用于表示：以基本块为结点、控制流为边的有向图。
CP_CON_027,循环,Concept,编译原理,第10章 代码优化和目标代码生成,流图中可重复执行的控制结构。,loop,3,5,《编译原理（第3版）》王生原等，清华大学出版社，10.1 基本块、流图和循环，教材p255,10.1 基本块、流图和循环,255,教材目录或相应页面在“10.1 基本块、流图和循环”（教材p255）出现或讲解“循环”；本节点/关系用于表示：流图中可重复执行的控制结构。
CP_DS_032,控制流边,DataStructure,编译原理,第10章 代码优化和目标代码生成,表示基本块之间可能控制转移的边。,control-flow edge,3,4,《编译原理（第3版）》王生原等，清华大学出版社，10.1 基本块、流图和循环，教材p255,10.1 基本块、流图和循环,255,教材目录或相应页面在“10.1 基本块、流图和循环”（教材p255）出现或讲解“控制流边”；本节点/关系用于表示：表示基本块之间可能控制转移的边。
CP_ALG_016,数据流分析,Algorithm,编译原理,第10章 代码优化和目标代码生成,通过方程迭代分析程序各点数据属性的技术。,data-flow analysis,5,5,《编译原理（第3版）》王生原等，清华大学出版社，10.2 数据流分析基础，教材p258,10.2 数据流分析基础,258,教材目录或相应页面在“10.2 数据流分析基础”（教材p258）出现或讲解“数据流分析”；本节点/关系用于表示：通过方程迭代分析程序各点数据属性的技术。
CP_ALG_017,到达定值分析,Algorithm,编译原理,第10章 代码优化和目标代码生成,计算某程序点可能到达的变量定义集合。,reaching definitions,5,5,《编译原理（第3版）》王生原等，清华大学出版社，10.2 数据流分析基础，教材p258,10.2 数据流分析基础,258,教材目录或相应页面在“10.2 数据流分析基础”（教材p258）出现或讲解“到达定值分析”；本节点/关系用于表示：计算某程序点可能到达的变量定义集合。
CP_ALG_018,活跃变量分析,Algorithm,编译原理,第10章 代码优化和目标代码生成,判断变量值在程序点之后是否可能被使用的分析。,live variable analysis,5,5,《编译原理（第3版）》王生原等，清华大学出版社，10.2 数据流分析基础，教材p258,10.2 数据流分析基础,258,教材目录或相应页面在“10.2 数据流分析基础”（教材p258）出现或讲解“活跃变量分析”；本节点/关系用于表示：判断变量值在程序点之后是否可能被使用的分析。
CP_DS_033,定值-使用链,DataStructure,编译原理,第10章 代码优化和目标代码生成,连接变量定义和使用位置的关系结构。,def-use chain,4,4,《编译原理（第3版）》王生原等，清华大学出版社，10.2 数据流分析基础，教材p258,10.2 数据流分析基础,258,教材目录或相应页面在“10.2 数据流分析基础”（教材p258）出现或讲解“定值-使用链”；本节点/关系用于表示：连接变量定义和使用位置的关系结构。
CP_MOD_025,数据流方程,Model,编译原理,第10章 代码优化和目标代码生成,描述数据流信息在基本块间传播的方程。,data-flow equations,5,5,《编译原理（第3版）》王生原等，清华大学出版社，10.2 数据流分析基础，教材p258,10.2 数据流分析基础,258,教材目录或相应页面在“10.2 数据流分析基础”（教材p258）出现或讲解“数据流方程”；本节点/关系用于表示：描述数据流信息在基本块间传播的方程。
CP_ALG_019,强度削弱,Algorithm,编译原理,第10章 代码优化和目标代码生成,用代价较低的运算替换代价较高运算的优化方法。,strength reduction,4,5,《编译原理（第3版）》王生原等，清华大学出版社，10.3 代码优化技术，教材p268,10.3 代码优化技术,268,教材目录或相应页面在“10.3 代码优化技术”（教材p268）出现或讲解“强度削弱”；本节点/关系用于表示：用代价较低的运算替换代价较高运算的优化方法。
CP_ALG_020,局部优化,Algorithm,编译原理,第10章 代码优化和目标代码生成,在单个基本块范围内进行的代码优化。,local optimization,4,5,《编译原理（第3版）》王生原等，清华大学出版社，10.3 代码优化技术，教材p268,10.3 代码优化技术,268,教材目录或相应页面在“10.3 代码优化技术”（教材p268）出现或讲解“局部优化”；本节点/关系用于表示：在单个基本块范围内进行的代码优化。
CP_ALG_021,循环优化,Algorithm,编译原理,第10章 代码优化和目标代码生成,针对循环体及循环不变量等进行的优化。,loop optimization,5,5,《编译原理（第3版）》王生原等，清华大学出版社，10.3 代码优化技术，教材p268,10.3 代码优化技术,268,教材目录或相应页面在“10.3 代码优化技术”（教材p268）出现或讲解“循环优化”；本节点/关系用于表示：针对循环体及循环不变量等进行的优化。
CP_ALG_022,全局优化,Algorithm,编译原理,第10章 代码优化和目标代码生成,跨基本块或跨过程范围进行的代码优化。,global optimization,5,5,《编译原理（第3版）》王生原等，清华大学出版社，10.3 代码优化技术，教材p268,10.3 代码优化技术,268,教材目录或相应页面在“10.3 代码优化技术”（教材p268）出现或讲解“全局优化”；本节点/关系用于表示：跨基本块或跨过程范围进行的代码优化。
CP_ALG_023,公共子表达式删除,Algorithm,编译原理,第10章 代码优化和目标代码生成,复用已计算表达式结果以减少重复计算的优化。,common subexpression elimination,4,5,《编译原理（第3版）》王生原等，清华大学出版社，10.3 代码优化技术，教材p268,10.3 代码优化技术,268,教材目录或相应页面在“10.3 代码优化技术”（教材p268）出现或讲解“公共子表达式删除”；本节点/关系用于表示：复用已计算表达式结果以减少重复计算的优化。
CP_ALG_024,死代码删除,Algorithm,编译原理,第10章 代码优化和目标代码生成,删除不会影响程序结果的语句。,dead code elimination,4,5,《编译原理（第3版）》王生原等，清华大学出版社，10.3 代码优化技术，教材p268,10.3 代码优化技术,268,教材目录或相应页面在“10.3 代码优化技术”（教材p268）出现或讲解“死代码删除”；本节点/关系用于表示：删除不会影响程序结果的语句。
CP_ALG_025,常量传播,Algorithm,编译原理,第10章 代码优化和目标代码生成,把已知常量值传播到使用位置的优化。,constant propagation,4,5,《编译原理（第3版）》王生原等，清华大学出版社，10.3 代码优化技术，教材p268,10.3 代码优化技术,268,教材目录或相应页面在“10.3 代码优化技术”（教材p268）出现或讲解“常量传播”；本节点/关系用于表示：把已知常量值传播到使用位置的优化。
CP_MEC_025,目标代码生成技术,Mechanism,编译原理,第10章 代码优化和目标代码生成,将中间代码翻译为目标机器指令并分配寄存器的技术。,target code generation,5,5,《编译原理（第3版）》王生原等，清华大学出版社，10.4 目标代码生成技术，教材p280,10.4 目标代码生成技术,280,教材目录或相应页面在“10.4 目标代码生成技术”（教材p280）出现或讲解“目标代码生成技术”；本节点/关系用于表示：将中间代码翻译为目标机器指令并分配寄存器的技术。
CP_ALG_026,指令选择,Algorithm,编译原理,第10章 代码优化和目标代码生成,为中间代码选择等价目标机器指令的过程。,instruction selection,5,5,《编译原理（第3版）》王生原等，清华大学出版社，10.4 目标代码生成技术，教材p280,10.4 目标代码生成技术,280,教材目录或相应页面在“10.4 目标代码生成技术”（教材p280）出现或讲解“指令选择”；本节点/关系用于表示：为中间代码选择等价目标机器指令的过程。
CP_ALG_027,寄存器分配,Algorithm,编译原理,第10章 代码优化和目标代码生成,决定变量或临时值放入哪些寄存器的过程。,register allocation,5,5,《编译原理（第3版）》王生原等，清华大学出版社，10.4 目标代码生成技术，教材p280,10.4 目标代码生成技术,280,教材目录或相应页面在“10.4 目标代码生成技术”（教材p280）出现或讲解“寄存器分配”；本节点/关系用于表示：决定变量或临时值放入哪些寄存器的过程。
CP_DS_034,寄存器描述符,DataStructure,编译原理,第10章 代码优化和目标代码生成,记录寄存器当前保存哪些变量或临时值的数据结构。,register descriptor,4,5,《编译原理（第3版）》王生原等，清华大学出版社，10.4 目标代码生成技术，教材p280,10.4 目标代码生成技术,280,教材目录或相应页面在“10.4 目标代码生成技术”（教材p280）出现或讲解“寄存器描述符”；本节点/关系用于表示：记录寄存器当前保存哪些变量或临时值的数据结构。
CP_DS_035,地址描述符,DataStructure,编译原理,第10章 代码优化和目标代码生成,记录变量当前可在哪些位置找到的数据结构。,address descriptor,4,5,《编译原理（第3版）》王生原等，清华大学出版社，10.4 目标代码生成技术，教材p280,10.4 目标代码生成技术,280,教材目录或相应页面在“10.4 目标代码生成技术”（教材p280）出现或讲解“地址描述符”；本节点/关系用于表示：记录变量当前可在哪些位置找到的数据结构。
CP_OBJ_006,目标机器,ComputingObject,编译原理,第10章 代码优化和目标代码生成,目标代码运行的硬件或抽象机器。,target machine,3,4,《编译原理（第3版）》王生原等，清华大学出版社，10.4 目标代码生成技术，教材p280,10.4 目标代码生成技术,280,教材目录或相应页面在“10.4 目标代码生成技术”（教材p280）出现或讲解“目标机器”；本节点/关系用于表示：目标代码运行的硬件或抽象机器。
CP_EXA_003,PL/0课程设计,Example,编译原理,第11章 课程设计,围绕PL/0编译器实现的教学实践项目。,PL/0 project,3,4,《编译原理（第3版）》王生原等，清华大学出版社，11.1 基于PL/0编译器的课程设计，教材p296,11.1 基于PL/0编译器的课程设计,296,教材目录或相应页面在“11.1 基于PL/0编译器的课程设计”（教材p296）出现或讲解“PL/0课程设计”；本节点/关系用于表示：围绕PL/0编译器实现的教学实践项目。
CP_EXA_004,Decaf语言,Example,编译原理,第11章 课程设计,用于课程实验的面向对象教学语言。,Decaf,3,4,《编译原理（第3版）》王生原等，清华大学出版社，11.2 基于Decaf编译器的课程设计，教材p297,11.2 基于Decaf编译器的课程设计,297,教材目录或相应页面在“11.2 基于Decaf编译器的课程设计”（教材p297）出现或讲解“Decaf语言”；本节点/关系用于表示：用于课程实验的面向对象教学语言。
CP_EXA_005,Decaf编译器,Example,编译原理,第11章 课程设计,基于Decaf语言分阶段实现的课程设计编译器。,Decaf compiler,4,4,《编译原理（第3版）》王生原等，清华大学出版社，11.2 基于Decaf编译器的课程设计，教材p297,11.2 基于Decaf编译器的课程设计,297,教材目录或相应页面在“11.2 基于Decaf编译器的课程设计”（教材p297）出现或讲解“Decaf编译器”；本节点/关系用于表示：基于Decaf语言分阶段实现的课程设计编译器。
CP_APP_004,编译器阶段实验,Application,编译原理,第11章 课程设计,按词法语法、语义、中间代码、优化、目标代码分阶段实现的实验。,compiler lab,3,4,《编译原理（第3版）》王生原等，清华大学出版社，11.2 基于Decaf编译器的课程设计，教材p297,11.2 基于Decaf编译器的课程设计,297,教材目录或相应页面在“11.2 基于Decaf编译器的课程设计”（教材p297）出现或讲解“编译器阶段实验”；本节点/关系用于表示：按词法语法、语义、中间代码、优化、目标代码分阶段实现的实验。
CP_APP_005,GCC,Application,编译原理,第12章 编译器和相关工具实例——GCC/Binutils,GNU Compiler Collection，开源多语言编译器套件。,GNU Compiler Collection,3,5,《编译原理（第3版）》王生原等，清华大学出版社，12.1 开源编译器GCC，教材p336,12.1 开源编译器GCC,336,教材目录或相应页面在“12.1 开源编译器GCC”（教材p336）出现或讲解“GCC”；本节点/关系用于表示：GNU Compiler Collection，开源多语言编译器套件。
CP_MOD_026,GCC前端,Model,编译原理,第12章 编译器和相关工具实例——GCC/Binutils,处理源语言解析并生成中间表示的GCC组件。,GCC front end,4,4,《编译原理（第3版）》王生原等，清华大学出版社，12.1 开源编译器GCC，教材p336,12.1 开源编译器GCC,336,教材目录或相应页面在“12.1 开源编译器GCC”（教材p336）出现或讲解“GCC前端”；本节点/关系用于表示：处理源语言解析并生成中间表示的GCC组件。
CP_MOD_027,GCC中端,Model,编译原理,第12章 编译器和相关工具实例——GCC/Binutils,执行通用优化和中间表示转换的GCC组件。,GCC middle end,4,4,《编译原理（第3版）》王生原等，清华大学出版社，12.1 开源编译器GCC，教材p336,12.1 开源编译器GCC,336,教材目录或相应页面在“12.1 开源编译器GCC”（教材p336）出现或讲解“GCC中端”；本节点/关系用于表示：执行通用优化和中间表示转换的GCC组件。
CP_MOD_028,GCC后端,Model,编译原理,第12章 编译器和相关工具实例——GCC/Binutils,面向目标机器生成目标代码的GCC组件。,GCC back end,4,4,《编译原理（第3版）》王生原等，清华大学出版社，12.1 开源编译器GCC，教材p336,12.1 开源编译器GCC,336,教材目录或相应页面在“12.1 开源编译器GCC”（教材p336）出现或讲解“GCC后端”；本节点/关系用于表示：面向目标机器生成目标代码的GCC组件。
CP_MEC_026,GCC编译流程,Mechanism,编译原理,第12章 编译器和相关工具实例——GCC/Binutils,从预处理、编译、汇编到链接的工具链流程。,GCC pipeline,3,5,《编译原理（第3版）》王生原等，清华大学出版社，12.1 开源编译器GCC，教材p336,12.1 开源编译器GCC,336,教材目录或相应页面在“12.1 开源编译器GCC”（教材p336）出现或讲解“GCC编译流程”；本节点/关系用于表示：从预处理、编译、汇编到链接的工具链流程。
CP_APP_006,Binutils,Application,编译原理,第12章 编译器和相关工具实例——GCC/Binutils,包含汇编器、链接器和目标文件分析工具的GNU工具集合。,GNU Binutils,3,5,《编译原理（第3版）》王生原等，清华大学出版社，12.2 开源工具Binutils，教材p341,12.2 开源工具Binutils,341,教材目录或相应页面在“12.2 开源工具Binutils”（教材p341）出现或讲解“Binutils”；本节点/关系用于表示：包含汇编器、链接器和目标文件分析工具的GNU工具集合。
CP_OBJ_007,目标文件,ComputingObject,编译原理,第12章 编译器和相关工具实例——GCC/Binutils,汇编或编译后生成、可链接的二进制文件。,object file,3,5,《编译原理（第3版）》王生原等，清华大学出版社，12.2 开源工具Binutils，教材p341,12.2 开源工具Binutils,341,教材目录或相应页面在“12.2 开源工具Binutils”（教材p341）出现或讲解“目标文件”；本节点/关系用于表示：汇编或编译后生成、可链接的二进制文件。
CP_APP_007,汇编器,Application,编译原理,第12章 编译器和相关工具实例——GCC/Binutils,把汇编语言程序翻译成目标文件的工具。,assembler,3,5,《编译原理（第3版）》王生原等，清华大学出版社，12.2 开源工具Binutils，教材p341,12.2 开源工具Binutils,341,教材目录或相应页面在“12.2 开源工具Binutils”（教材p341）出现或讲解“汇编器”；本节点/关系用于表示：把汇编语言程序翻译成目标文件的工具。
CP_APP_008,链接器,Application,编译原理,第12章 编译器和相关工具实例——GCC/Binutils,把目标文件和库合成为可执行文件或库的工具。,linker,4,5,《编译原理（第3版）》王生原等，清华大学出版社，12.2 开源工具Binutils，教材p341,12.2 开源工具Binutils,341,教材目录或相应页面在“12.2 开源工具Binutils”（教材p341）出现或讲解“链接器”；本节点/关系用于表示：把目标文件和库合成为可执行文件或库的工具。
CP_OBJ_008,静态库,ComputingObject,编译原理,第12章 编译器和相关工具实例——GCC/Binutils,链接时复制所需代码到目标程序的库文件。,static library,3,4,《编译原理（第3版）》王生原等，清华大学出版社，12.2 开源工具Binutils，教材p341,12.2 开源工具Binutils,341,教材目录或相应页面在“12.2 开源工具Binutils”（教材p341）出现或讲解“静态库”；本节点/关系用于表示：链接时复制所需代码到目标程序的库文件。
CP_OBJ_009,动态库,ComputingObject,编译原理,第12章 编译器和相关工具实例——GCC/Binutils,程序运行或装载时动态链接的库文件。,shared library,3,4,《编译原理（第3版）》王生原等，清华大学出版社，12.2 开源工具Binutils，教材p341,12.2 开源工具Binutils,341,教材目录或相应页面在“12.2 开源工具Binutils”（教材p341）出现或讲解“动态库”；本节点/关系用于表示：程序运行或装载时动态链接的库文件。
CP_OPR_014,查看目标文件,Operation,编译原理,第12章 编译器和相关工具实例——GCC/Binutils,使用工具检查目标文件头、符号表、反汇编等信息。,objdump/readelf,3,4,《编译原理（第3版）》王生原等，清华大学出版社，12.3 编译器和工具使用实例，教材p348,12.3 编译器和工具使用实例,348,教材目录或相应页面在“12.3 编译器和工具使用实例”（教材p348）出现或讲解“查看目标文件”；本节点/关系用于表示：使用工具检查目标文件头、符号表、反汇编等信息。
CP_EXA_006,程序代码优化实例,Example,编译原理,第12章 编译器和相关工具实例——GCC/Binutils,使用编译器优化选项观察代码性能或结构变化的实践案例。,optimization example,3,4,《编译原理（第3版）》王生原等，清华大学出版社，12.3 编译器和工具使用实例，教材p348,12.3 编译器和工具使用实例,348,教材目录或相应页面在“12.3 编译器和工具使用实例”（教材p348）出现或讲解“程序代码优化实例”；本节点/关系用于表示：使用编译器优化选项观察代码性能或结构变化的实践案例。
CP_PTY_002,类型一致性,Property,编译原理,第8章 静态语义分析和中间代码生成,程序各表达式、赋值、调用等满足语言类型规则的性质。,type consistency,3,4,《编译原理（第3版）》王生原等，清华大学出版社，第8章 静态语义分析和中间代码生成，教材p203,第8章 静态语义分析和中间代码生成,203,教材目录或相应页面在“第8章 静态语义分析和中间代码生成”（教材p203）出现或讲解“类型一致性”；本节点/关系用于表示：程序各表达式、赋值、调用等满足语言类型规则的性质。
CP_MET_001,运行效率,Metric,编译原理,第10章 代码优化和目标代码生成,目标代码运行时间、访存次数等综合效率指标。,runtime efficiency,3,4,《编译原理（第3版）》王生原等，清华大学出版社，第10章 代码优化和目标代码生成，教材p255,第10章 代码优化和目标代码生成,255,教材目录或相应页面在“第10章 代码优化和目标代码生成”（教材p255）出现或讲解“运行效率”；本节点/关系用于表示：目标代码运行时间、访存次数等综合效率指标。
CO_CRS_001,计算机组成原理,Course,计算机组成原理,,研究计算机硬件系统组成、数据表示、指令执行、存储、总线与I/O的核心课程。,"计组,计算机组成",3,5,王道2027计组，内容简介，PDF页2,内容简介,2,教材在“内容简介”中出现或讲解“计算机组成原理”；本节点概括为：研究计算机硬件系统组成、数据表示、指令执行、存储、总线与I/O的核心课程。
CO_TOP_001,第1章 计算机系统概述,Topic,计算机组成原理,第1章 计算机系统概述,建立计算机系统整体结构、层次结构、工作原理和性能指标的基础认识。,,2,5,王道2027计组，第1章 计算机系统概述，教材p1（PDF页12）,第1章 计算机系统概述,1,教材在“第1章 计算机系统概述”中出现或讲解“第1章 计算机系统概述”；本节点概括为：建立计算机系统整体结构、层次结构、工作原理和性能指标的基础认识。
CO_TOP_002,第2章 数据的表示和运算,Topic,计算机组成原理,第2章 数据的表示和运算,研究数制、定点数、浮点数及算术逻辑运算的表示与实现。,,4,5,王道2027计组，第2章 数据的表示和运算，教材p20（PDF页31）,第2章 数据的表示和运算,20,教材在“第2章 数据的表示和运算”中出现或讲解“第2章 数据的表示和运算”；本节点概括为：研究数制、定点数、浮点数及算术逻辑运算的表示与实现。
CO_TOP_003,第3章 存储系统,Topic,计算机组成原理,第3章 存储系统,研究主存、Cache、外存和虚拟存储器等多层次存储结构。,,4,5,王道2027计组，第3章 存储系统，教材p77（PDF页88）,第3章 存储系统,77,教材在“第3章 存储系统”中出现或讲解“第3章 存储系统”；本节点概括为：研究主存、Cache、外存和虚拟存储器等多层次存储结构。
CO_TOP_004,第4章 指令系统,Topic,计算机组成原理,第4章 指令系统,研究指令格式、寻址方式、机器级代码及CISC/RISC。,,4,5,王道2027计组，第4章 指令系统，教材p148（PDF页159）,第4章 指令系统,148,教材在“第4章 指令系统”中出现或讲解“第4章 指令系统”；本节点概括为：研究指令格式、寻址方式、机器级代码及CISC/RISC。
CO_TOP_005,第5章 中央处理器,Topic,计算机组成原理,第5章 中央处理器,研究CPU结构、指令执行、数据通路、控制器、中断、流水线与多处理器。,,5,5,王道2027计组，第5章 中央处理器，教材p195（PDF页206）,第5章 中央处理器,195,教材在“第5章 中央处理器”中出现或讲解“第5章 中央处理器”；本节点概括为：研究CPU结构、指令执行、数据通路、控制器、中断、流水线与多处理器。
CO_TOP_006,第6章 总线,Topic,计算机组成原理,第6章 总线,研究总线分类、性能、结构、事务与定时。,,3,4,王道2027计组，第6章 总线，教材p274（PDF页285）,第6章 总线,274,教材在“第6章 总线”中出现或讲解“第6章 总线”；本节点概括为：研究总线分类、性能、结构、事务与定时。
CO_TOP_007,第7章 输入/输出系统,Topic,计算机组成原理,第7章 输入/输出系统,研究I/O接口、I/O端口编址和程序查询、中断、DMA等I/O方式。,,4,5,王道2027计组，第7章 输入/输出系统，教材p291（PDF页302）,第7章 输入/输出系统,291,教材在“第7章 输入/输出系统”中出现或讲解“第7章 输入/输出系统”；本节点概括为：研究I/O接口、I/O端口编址和程序查询、中断、DMA等I/O方式。
CO_TOP_008,计算机发展历程,Topic,计算机组成原理,第1章 计算机系统概述,计算机硬件、软件的发展脉络。,,3,4,王道2027计组，计算机发展历程，教材p1（PDF页12）,计算机发展历程,1,教材在“计算机发展历程”中出现或讲解“计算机发展历程”；本节点概括为：计算机硬件、软件的发展脉络。
CO_TOP_009,计算机系统层次结构,Topic,计算机组成原理,第1章 计算机系统概述,计算机系统组成、硬件、软件、层次结构与工作原理。,,3,4,王道2027计组，计算机系统层次结构，教材p2（PDF页13）,计算机系统层次结构,2,教材在“计算机系统层次结构”中出现或讲解“计算机系统层次结构”；本节点概括为：计算机系统组成、硬件、软件、层次结构与工作原理。
CO_TOP_010,计算机的性能指标,Topic,计算机组成原理,第1章 计算机系统概述,吞吐量、响应时间、CPI、MIPS、FLOPS等指标。,,3,4,王道2027计组，计算机的性能指标，教材p11（PDF页22）,计算机的性能指标,11,教材在“计算机的性能指标”中出现或讲解“计算机的性能指标”；本节点概括为：吞吐量、响应时间、CPI、MIPS、FLOPS等指标。
CO_TOP_011,数制与编码,Topic,计算机组成原理,第2章 数据的表示和运算,进位计数制、定点数编码、整数类型与转换。,,3,4,王道2027计组，数制与编码，教材p20（PDF页31）,数制与编码,20,教材在“数制与编码”中出现或讲解“数制与编码”；本节点概括为：进位计数制、定点数编码、整数类型与转换。
CO_TOP_012,运算方法和运算电路,Topic,计算机组成原理,第2章 数据的表示和运算,ALU、加减乘除、移位、溢出判断。,,3,4,王道2027计组，运算方法和运算电路，教材p32（PDF页43）,运算方法和运算电路,32,教材在“运算方法和运算电路”中出现或讲解“运算方法和运算电路”；本节点概括为：ALU、加减乘除、移位、溢出判断。
CO_TOP_013,浮点数的表示与运算,Topic,计算机组成原理,第2章 数据的表示和运算,IEEE 754、浮点加减、数据宽度与存储。,,3,4,王道2027计组，浮点数的表示与运算，教材p53（PDF页64）,浮点数的表示与运算,53,教材在“浮点数的表示与运算”中出现或讲解“浮点数的表示与运算”；本节点概括为：IEEE 754、浮点加减、数据宽度与存储。
CO_TOP_014,存储器概述,Topic,计算机组成原理,第3章 存储系统,存储器分类、主存组成、层次化结构和性能指标。,,3,4,王道2027计组，存储器概述，教材p77（PDF页88）,存储器概述,77,教材在“存储器概述”中出现或讲解“存储器概述”；本节点概括为：存储器分类、主存组成、层次化结构和性能指标。
CO_TOP_015,主存储器,Topic,计算机组成原理,第3章 存储系统,SRAM、DRAM、ROM/Flash与多模块存储器。,,3,5,王道2027计组，主存储器，教材p82（PDF页93）,主存储器,82,教材在“主存储器”中出现或讲解“主存储器”；本节点概括为：SRAM、DRAM、ROM/Flash与多模块存储器。
CO_TOP_016,主存储器与CPU的连接,Topic,计算机组成原理,第3章 存储系统,连接原理和主存容量扩展。,,3,4,王道2027计组，主存储器与CPU的连接，教材p97（PDF页108）,主存储器与CPU的连接,97,教材在“主存储器与CPU的连接”中出现或讲解“主存储器与CPU的连接”；本节点概括为：连接原理和主存容量扩展。
CO_TOP_017,外部存储器,Topic,计算机组成原理,第3章 存储系统,磁盘和固态硬盘。,,3,4,王道2027计组，外部存储器，教材p102（PDF页113）,外部存储器,102,教材在“外部存储器”中出现或讲解“外部存储器”；本节点概括为：磁盘和固态硬盘。
CO_TOP_018,高速缓冲存储器,Topic,计算机组成原理,第3章 存储系统,Cache工作原理、映射、替换、一致性和容量计算。,,3,4,王道2027计组，高速缓冲存储器，教材p109（PDF页120）,高速缓冲存储器,109,教材在“高速缓冲存储器”中出现或讲解“高速缓冲存储器”；本节点概括为：Cache工作原理、映射、替换、一致性和容量计算。
CO_TOP_019,虚拟存储器,Topic,计算机组成原理,第3章 存储系统,页式、段式、段页式虚拟存储器及TLB、缺页处理。,,3,5,王道2027计组，虚拟存储器，教材p130（PDF页141）,虚拟存储器,130,教材在“虚拟存储器”中出现或讲解“虚拟存储器”；本节点概括为：页式、段式、段页式虚拟存储器及TLB、缺页处理。
CO_TOP_020,指令系统,Topic,计算机组成原理,第4章 指令系统,ISA、指令格式、操作码和指令类型。,,3,5,王道2027计组，指令系统，教材p148（PDF页159）,指令系统,148,教材在“指令系统”中出现或讲解“指令系统”；本节点概括为：ISA、指令格式、操作码和指令类型。
CO_TOP_021,寻址方式,Topic,计算机组成原理,第4章 指令系统,指令寻址和数据寻址方式。,,3,4,王道2027计组，寻址方式，教材p156（PDF页167）,寻址方式,156,教材在“寻址方式”中出现或讲解“寻址方式”；本节点概括为：指令寻址和数据寻址方式。
CO_TOP_022,程序的机器级代码表示,Topic,计算机组成原理,第4章 指令系统,汇编指令、选择/循环/过程调用的机器级表示。,,3,4,王道2027计组，程序的机器级代码表示，教材p171（PDF页182）,程序的机器级代码表示,171,教材在“程序的机器级代码表示”中出现或讲解“程序的机器级代码表示”；本节点概括为：汇编指令、选择/循环/过程调用的机器级表示。
CO_TOP_023,CISC和RISC的基本概念,Topic,计算机组成原理,第4章 指令系统,复杂指令系统与精简指令系统比较。,,3,4,王道2027计组，CISC和RISC的基本概念，教材p190（PDF页201）,CISC和RISC的基本概念,190,教材在“CISC和RISC的基本概念”中出现或讲解“CISC和RISC的基本概念”；本节点概括为：复杂指令系统与精简指令系统比较。
CO_TOP_024,CPU的功能和基本结构,Topic,计算机组成原理,第5章 中央处理器,CPU功能、组成和寄存器。,,3,4,王道2027计组，CPU的功能和基本结构，教材p195（PDF页206）,CPU的功能和基本结构,195,教材在“CPU的功能和基本结构”中出现或讲解“CPU的功能和基本结构”；本节点概括为：CPU功能、组成和寄存器。
CO_TOP_025,指令执行过程,Topic,计算机组成原理,第5章 中央处理器,取指、译码、执行、指令周期和时序控制。,,3,4,王道2027计组，指令执行过程，教材p201（PDF页212）,指令执行过程,201,教材在“指令执行过程”中出现或讲解“指令执行过程”；本节点概括为：取指、译码、执行、指令周期和时序控制。
CO_TOP_026,数据通路的功能和基本结构,Topic,计算机组成原理,第5章 中央处理器,数据通路的组成、组织、单总线和专用结构。,,3,4,王道2027计组，数据通路的功能和基本结构，教材p206（PDF页217）,数据通路的功能和基本结构,206,教材在“数据通路的功能和基本结构”中出现或讲解“数据通路的功能和基本结构”；本节点概括为：数据通路的组成、组织、单总线和专用结构。
CO_TOP_027,控制器的功能和工作原理,Topic,计算机组成原理,第5章 中央处理器,硬布线控制器与微程序控制器。,,3,4,王道2027计组，控制器的功能和工作原理，教材p228（PDF页239）,控制器的功能和工作原理,228,教材在“控制器的功能和工作原理”中出现或讲解“控制器的功能和工作原理”；本节点概括为：硬布线控制器与微程序控制器。
CO_TOP_028,异常和中断机制,Topic,计算机组成原理,第5章 中央处理器,异常、中断分类与响应过程。,,3,4,王道2027计组，异常和中断机制，教材p242（PDF页253）,异常和中断机制,242,教材在“异常和中断机制”中出现或讲解“异常和中断机制”；本节点概括为：异常、中断分类与响应过程。
CO_TOP_029,指令流水线,Topic,计算机组成原理,第5章 中央处理器,流水线实现、冒险处理和高级流水线技术。,,3,5,王道2027计组，指令流水线，教材p247（PDF页258）,指令流水线,247,教材在“指令流水线”中出现或讲解“指令流水线”；本节点概括为：流水线实现、冒险处理和高级流水线技术。
CO_TOP_030,多处理器的基本概念,Topic,计算机组成原理,第5章 中央处理器,SISD/SIMD/MIMD、多核和共享内存多处理器。,,3,4,王道2027计组，多处理器的基本概念，教材p267（PDF页278）,多处理器的基本概念,267,教材在“多处理器的基本概念”中出现或讲解“多处理器的基本概念”；本节点概括为：SISD/SIMD/MIMD、多核和共享内存多处理器。
CO_TOP_031,总线概述,Topic,计算机组成原理,第6章 总线,总线分类、结构、性能指标和常见标准。,,3,4,王道2027计组，总线概述，教材p274（PDF页285）,总线概述,274,教材在“总线概述”中出现或讲解“总线概述”；本节点概括为：总线分类、结构、性能指标和常见标准。
CO_TOP_032,总线事务和定时,Topic,计算机组成原理,第6章 总线,总线事务、同步/异步/半同步定时。,,3,4,王道2027计组，总线事务和定时，教材p283（PDF页294）,总线事务和定时,283,教材在“总线事务和定时”中出现或讲解“总线事务和定时”；本节点概括为：总线事务、同步/异步/半同步定时。
CO_TOP_033,I/O系统基本概念,Topic,计算机组成原理,第7章 输入/输出系统,I/O系统与外部设备。,,3,4,王道2027计组，I/O系统基本概念，教材p291（PDF页302）,I/O系统基本概念,291,教材在“I/O系统基本概念”中出现或讲解“I/O系统基本概念”；本节点概括为：I/O系统与外部设备。
CO_TOP_034,I/O接口,Topic,计算机组成原理,第7章 输入/输出系统,I/O接口功能、结构、类型、端口和编址。,,3,5,王道2027计组，I/O接口，教材p293（PDF页304）,I/O接口,293,教材在“I/O接口”中出现或讲解“I/O接口”；本节点概括为：I/O接口功能、结构、类型、端口和编址。
CO_TOP_035,I/O方式,Topic,计算机组成原理,第7章 输入/输出系统,程序查询、中断和DMA。,,3,4,王道2027计组，I/O方式，教材p299（PDF页310）,I/O方式,299,教材在“I/O方式”中出现或讲解“I/O方式”；本节点概括为：程序查询、中断和DMA。
CO_CON_001,电子管时代,Concept,计算机组成原理,计算机发展历程,第一代计算机的典型硬件时代。,第一代计算机,1,2,王道2027计组，计算机发展历程，教材p1（PDF页12）,计算机发展历程,1,教材在“计算机发展历程”中出现或讲解“第一代计算机”；本节点概括为：第一代计算机的典型硬件时代。
CO_CON_002,晶体管时代,Concept,计算机组成原理,计算机发展历程,第二代计算机的典型硬件时代。,第二代计算机,1,2,王道2027计组，计算机发展历程，教材p2（PDF页13）,计算机发展历程,2,教材在“计算机发展历程”中出现或讲解“第二代计算机”；本节点概括为：第二代计算机的典型硬件时代。
CO_CON_003,集成电路时代,Concept,计算机组成原理,计算机发展历程,第三代计算机使用中小规模集成电路。,第三代计算机,1,2,王道2027计组，计算机发展历程，教材p2（PDF页13）,计算机发展历程,2,教材在“计算机发展历程”中出现或讲解“集成电路时代”；本节点概括为：第三代计算机使用中小规模集成电路。
CO_CON_004,超大规模集成电路时代,Concept,计算机组成原理,计算机发展历程,第四代计算机使用大规模和超大规模集成电路。,第四代计算机,1,2,王道2027计组，计算机发展历程，教材p2（PDF页13）,计算机发展历程,2,教材在“计算机发展历程”中出现或讲解“超大规模集成电路时代”；本节点概括为：第四代计算机使用大规模和超大规模集成电路。
CO_CON_005,摩尔定律,Concept,计算机组成原理,计算机发展历程,集成电路可容纳晶体管数随时间快速增长的经验规律。,Moore's Law,2,3,王道2027计组，计算机发展历程，教材p2（PDF页13）,计算机发展历程,2,教材在“计算机发展历程”中出现或讲解“摩尔定律”；本节点概括为：集成电路可容纳晶体管数随时间快速增长的经验规律。
CO_CON_006,计算机系统,Concept,计算机组成原理,计算机系统层次结构,由硬件和软件共同组成的完整系统。,computer system,2,5,王道2027计组，计算机系统层次结构，教材p2（PDF页13）,计算机系统层次结构,2,教材在“计算机系统层次结构”中出现或讲解“计算机系统”；本节点概括为：由硬件和软件共同组成的完整系统。
CO_CON_007,计算机硬件,Concept,计算机组成原理,计算机系统层次结构,计算机系统中有形的物理部件。,硬件,2,5,王道2027计组，计算机系统层次结构，教材p3（PDF页14）,计算机系统层次结构,3,教材在“计算机系统层次结构”中出现或讲解“计算机硬件”；本节点概括为：计算机系统中有形的物理部件。
CO_CON_008,计算机软件,Concept,计算机组成原理,计算机系统层次结构,在硬件上运行的程序、数据和相关文档。,软件,2,5,王道2027计组，计算机系统层次结构，教材p2（PDF页13）,计算机系统层次结构,2,教材在“计算机系统层次结构”中出现或讲解“计算机软件”；本节点概括为：在硬件上运行的程序、数据和相关文档。
CO_MOD_001,冯·诺依曼结构,Model,计算机组成原理,计算机系统层次结构,以存储程序为核心思想的现代计算机基本结构。,冯·诺依曼机,3,5,王道2027计组，计算机系统层次结构，教材p3（PDF页14）,计算机系统层次结构,3,教材在“计算机系统层次结构”中出现或讲解“冯·诺依曼结构”；本节点概括为：以存储程序为核心思想的现代计算机基本结构。
CO_MEC_001,存储程序,Mechanism,计算机组成原理,计算机系统层次结构,程序和数据预先存入主存，CPU自动取指并执行。,stored program,3,5,王道2027计组，计算机系统层次结构，教材p3（PDF页14）,计算机系统层次结构,3,教材在“计算机系统层次结构”中出现或讲解“存储程序”；本节点概括为：程序和数据预先存入主存，CPU自动取指并执行。
CO_OBJ_001,CPU,ComputingObject,计算机组成原理,计算机系统层次结构,负责取指、译码、执行指令的核心处理部件。,中央处理器,3,5,王道2027计组，计算机系统层次结构，教材p3（PDF页14）,计算机系统层次结构,3,教材在“计算机系统层次结构”中出现或讲解“中央处理器”；本节点概括为：负责取指、译码、执行指令的核心处理部件。
CO_OBJ_002,运算器,ComputingObject,计算机组成原理,计算机系统层次结构,执行算术和逻辑运算的功能部件。,ALU相关,2,4,王道2027计组，计算机系统层次结构，教材p3（PDF页14）,计算机系统层次结构,3,教材在“计算机系统层次结构”中出现或讲解“运算器”；本节点概括为：执行算术和逻辑运算的功能部件。
CO_OBJ_003,控制器,ComputingObject,计算机组成原理,计算机系统层次结构,产生控制信号并协调各部件工作的功能部件。,control unit,3,5,王道2027计组，计算机系统层次结构，教材p3（PDF页14）,计算机系统层次结构,3,教材在“计算机系统层次结构”中出现或讲解“控制器”；本节点概括为：产生控制信号并协调各部件工作的功能部件。
CO_OBJ_004,存储器,ComputingObject,计算机组成原理,计算机系统层次结构,用于存放程序和数据的部件。,memory,3,5,王道2027计组，计算机系统层次结构，教材p2（PDF页13）,计算机系统层次结构,2,教材在“计算机系统层次结构”中出现或讲解“存储器”；本节点概括为：用于存放程序和数据的部件。
CO_OBJ_005,输入设备,ComputingObject,计算机组成原理,计算机系统层次结构,把外部信息输入计算机的设备。,input device,1,3,王道2027计组，计算机系统层次结构，教材p3（PDF页14）,计算机系统层次结构,3,教材在“计算机系统层次结构”中出现或讲解“输入设备”；本节点概括为：把外部信息输入计算机的设备。
CO_OBJ_006,输出设备,ComputingObject,计算机组成原理,计算机系统层次结构,把计算机处理结果输出到外部的设备。,output device,1,3,王道2027计组，计算机系统层次结构，教材p3（PDF页14）,计算机系统层次结构,3,教材在“计算机系统层次结构”中出现或讲解“输出设备”；本节点概括为：把计算机处理结果输出到外部的设备。
CO_OBJ_007,总线,ComputingObject,计算机组成原理,计算机系统层次结构,连接并传输各部件信息的公共通路。,bus,3,5,王道2027计组，计算机系统层次结构，教材p3（PDF页14）,计算机系统层次结构,3,教材在“计算机系统层次结构”中出现或讲解“总线”；本节点概括为：连接并传输各部件信息的公共通路。
CO_CON_009,系统软件,Concept,计算机组成原理,计算机系统层次结构,管理和调度系统资源并提供基础服务的软件。,system software,2,4,王道2027计组，计算机系统层次结构，教材p2（PDF页13）,计算机系统层次结构,2,教材在“计算机系统层次结构”中出现或讲解“系统软件”；本节点概括为：管理和调度系统资源并提供基础服务的软件。
CO_CON_010,应用软件,Concept,计算机组成原理,计算机系统层次结构,为解决具体应用问题而开发的软件。,application software,1,3,王道2027计组，计算机系统层次结构，教材p4（PDF页15）,计算机系统层次结构,4,教材在“计算机系统层次结构”中出现或讲解“应用软件”；本节点概括为：为解决具体应用问题而开发的软件。
CO_CON_011,机器语言,Concept,计算机组成原理,计算机系统层次结构,由二进制机器指令组成、可被硬件直接执行的语言。,machine language,2,5,王道2027计组，计算机系统层次结构，教材p2（PDF页13）,计算机系统层次结构,2,教材在“计算机系统层次结构”中出现或讲解“机器语言”；本节点概括为：由二进制机器指令组成、可被硬件直接执行的语言。
CO_CON_012,汇编语言,Concept,计算机组成原理,计算机系统层次结构,使用助记符表示机器指令的低级语言。,assembly language,2,4,王道2027计组，计算机系统层次结构，教材p2（PDF页13）,计算机系统层次结构,2,教材在“计算机系统层次结构”中出现或讲解“汇编语言”；本节点概括为：使用助记符表示机器指令的低级语言。
CO_CON_013,高级语言,Concept,计算机组成原理,计算机系统层次结构,接近自然语言和数学表达的编程语言。,high-level language,2,4,王道2027计组，计算机系统层次结构，教材p2（PDF页13）,计算机系统层次结构,2,教材在“计算机系统层次结构”中出现或讲解“高级语言”；本节点概括为：接近自然语言和数学表达的编程语言。
CO_CON_014,汇编程序,Concept,计算机组成原理,计算机系统层次结构,把汇编语言程序翻译为机器语言程序的软件。,assembler,2,4,王道2027计组，计算机系统层次结构，教材p5（PDF页16）,计算机系统层次结构,5,教材在“计算机系统层次结构”中出现或讲解“汇编程序”；本节点概括为：把汇编语言程序翻译为机器语言程序的软件。
CO_CON_015,编译程序,Concept,计算机组成原理,计算机系统层次结构,把高级语言源程序翻译为目标程序的软件。,compiler,3,4,王道2027计组，计算机系统层次结构，教材p2（PDF页13）,计算机系统层次结构,2,教材在“计算机系统层次结构”中出现或讲解“编译程序”；本节点概括为：把高级语言源程序翻译为目标程序的软件。
CO_CON_016,解释程序,Concept,计算机组成原理,计算机系统层次结构,逐条翻译并执行高级语言语句的软件。,interpreter,3,3,王道2027计组，计算机系统层次结构，教材p5（PDF页16）,计算机系统层次结构,5,教材在“计算机系统层次结构”中出现或讲解“解释程序”；本节点概括为：逐条翻译并执行高级语言语句的软件。
CO_CON_017,操作系统,Concept,计算机组成原理,计算机系统层次结构,管理计算机软硬件资源并提供运行环境的系统软件。,OS,3,5,王道2027计组，计算机系统层次结构，教材p2（PDF页13）,计算机系统层次结构,2,教材在“计算机系统层次结构”中出现或讲解“操作系统”；本节点概括为：管理计算机软硬件资源并提供运行环境的系统软件。
CO_MOD_002,指令集体系结构,Model,计算机组成原理,计算机系统层次结构,软件可见的硬件接口，定义指令格式、操作类型、寻址方式和寄存器等。,ISA,4,5,王道2027计组，计算机系统层次结构，教材p5（PDF页16）,计算机系统层次结构,5,教材在“计算机系统层次结构”中出现或讲解“指令集体系结构”；本节点概括为：软件可见的硬件接口，定义指令格式、操作类型、寻址方式和寄存器等。
CO_MOD_003,微体系结构,Model,计算机组成原理,计算机系统层次结构,实现ISA的处理器内部硬件组织方式。,微架构,4,4,王道2027计组，计算机系统层次结构，教材p5（PDF页16）,计算机系统层次结构,5,教材在“计算机系统层次结构”中出现或讲解“微体系结构”；本节点概括为：实现ISA的处理器内部硬件组织方式。
CO_MET_001,吞吐量,Metric,计算机组成原理,计算机的性能指标,单位时间内系统完成任务的数量。,throughput,2,4,王道2027计组，计算机的性能指标，教材p11（PDF页22）,计算机的性能指标,11,教材在“计算机的性能指标”中出现或讲解“吞吐量”；本节点概括为：单位时间内系统完成任务的数量。
CO_MET_002,响应时间,Metric,计算机组成原理,计算机的性能指标,从任务提交到结果返回所需时间。,response time,2,4,王道2027计组，计算机的性能指标，教材p11（PDF页22）,计算机的性能指标,11,教材在“计算机的性能指标”中出现或讲解“响应时间”；本节点概括为：从任务提交到结果返回所需时间。
CO_MET_003,CPU时钟周期,Metric,计算机组成原理,计算机的性能指标,CPU时钟信号的一个周期。,clock cycle,2,5,王道2027计组，计算机的性能指标，教材p11（PDF页22）,计算机的性能指标,11,教材在“计算机的性能指标”中出现或讲解“CPU时钟周期”；本节点概括为：CPU时钟信号的一个周期。
CO_MET_004,主频,Metric,计算机组成原理,计算机的性能指标,CPU时钟频率，等于时钟周期的倒数。,clock rate,2,5,王道2027计组，计算机的性能指标，教材p11（PDF页22）,计算机的性能指标,11,教材在“计算机的性能指标”中出现或讲解“主频”；本节点概括为：CPU时钟频率，等于时钟周期的倒数。
CO_MET_005,CPI,Metric,计算机组成原理,计算机的性能指标,执行一条指令平均需要的CPU时钟周期数。,cycles per instruction,3,5,王道2027计组，计算机的性能指标，教材p11（PDF页22）,计算机的性能指标,11,教材在“计算机的性能指标”中出现或讲解“CPI”；本节点概括为：执行一条指令平均需要的CPU时钟周期数。
CO_MET_006,CPU执行时间,Metric,计算机组成原理,计算机的性能指标,程序在CPU上实际执行所需时间。,CPU time,3,5,王道2027计组，计算机的性能指标，教材p16（PDF页27）,计算机的性能指标,16,教材在“计算机的性能指标”中出现或讲解“CPU 执行时间”；本节点概括为：程序在CPU上实际执行所需时间。
CO_MET_007,MIPS,Metric,计算机组成原理,计算机的性能指标,每秒执行百万条指令数。,million instructions per second,3,4,王道2027计组，计算机的性能指标，教材p12（PDF页23）,计算机的性能指标,12,教材在“计算机的性能指标”中出现或讲解“MIPS”；本节点概括为：每秒执行百万条指令数。
CO_MET_008,FLOPS,Metric,计算机组成原理,计算机的性能指标,每秒浮点运算次数。,"MFLOPS,GFLOPS,TFLOPS",3,4,王道2027计组，计算机的性能指标，教材p12（PDF页23）,计算机的性能指标,12,教材在“计算机的性能指标”中出现或讲解“MFLOPS”；本节点概括为：每秒浮点运算次数。
CO_EXA_001,基准程序,Example,计算机组成原理,计算机的性能指标,用于评价和比较计算机系统性能的测试程序。,benchmark,3,3,王道2027计组，计算机的性能指标，教材p12（PDF页23）,计算机的性能指标,12,教材在“计算机的性能指标”中出现或讲解“基准程序”；本节点概括为：用于评价和比较计算机系统性能的测试程序。
CO_CON_018,进位计数制,Concept,计算机组成原理,数制与编码,按基数和位权表示数值的方法。,"二进制,八进制,十进制,十六进制",2,5,王道2027计组，数制与编码，教材p20（PDF页31）,数制与编码,20,教材在“数制与编码”中出现或讲解“进位计数制”；本节点概括为：按基数和位权表示数值的方法。
CO_CON_019,二进制,Concept,计算机组成原理,数制与编码,以2为基数的进位计数制。,binary,1,5,王道2027计组，数制与编码，教材p20（PDF页31）,数制与编码,20,教材在“数制与编码”中出现或讲解“二进制”；本节点概括为：以2为基数的进位计数制。
CO_CON_020,原码,Concept,计算机组成原理,数制与编码,符号位加数值位的机器数表示。,sign-magnitude,3,4,王道2027计组，数制与编码，教材p23（PDF页34）,数制与编码,23,教材在“数制与编码”中出现或讲解“原码”；本节点概括为：符号位加数值位的机器数表示。
CO_CON_021,反码,Concept,计算机组成原理,数制与编码,负数数值位按位取反的机器数表示。,ones' complement,3,3,王道2027计组，数制与编码，教材p23（PDF页34）,数制与编码,23,教材在“数制与编码”中出现或讲解“反码”；本节点概括为：负数数值位按位取反的机器数表示。
CO_CON_022,补码,Concept,计算机组成原理,数制与编码,计算机中最常用的有符号整数编码。,two's complement,4,5,王道2027计组，数制与编码，教材p20（PDF页31）,数制与编码,20,教材在“数制与编码”中出现或讲解“补码”；本节点概括为：计算机中最常用的有符号整数编码。
CO_CON_023,移码,Concept,计算机组成原理,数制与编码,常用于浮点阶码的带偏置编码。,biased code,3,4,王道2027计组，数制与编码，教材p20（PDF页31）,数制与编码,20,教材在“数制与编码”中出现或讲解“移码”；本节点概括为：常用于浮点阶码的带偏置编码。
CO_CON_024,定点整数,Concept,计算机组成原理,数制与编码,小数点位置固定的整数表示。,fixed-point integer,3,5,王道2027计组，数制与编码，教材p23（PDF页34）,数制与编码,23,教材在“数制与编码”中出现或讲解“定点整数”；本节点概括为：小数点位置固定的整数表示。
CO_CON_025,无符号整数,Concept,计算机组成原理,数制与编码,所有位均表示数值大小的整数。,unsigned integer,2,4,王道2027计组，数制与编码，教材p20（PDF页31）,数制与编码,20,教材在“数制与编码”中出现或讲解“无符号整数”；本节点概括为：所有位均表示数值大小的整数。
CO_CON_026,C语言整数类型,Concept,计算机组成原理,数制与编码,C语言中char、short、int、long等整数类型及转换规则。,integer types,3,4,王道2027计组，数制与编码，教材p20-31（PDF页31起）,数制与编码,20,根据“数制与编码”的目录和知识点归纳入图；本节点概括为：C语言中char、short、int、long等整数类型及转换规则。
CO_OPE_001,类型转换,Operation,计算机组成原理,数制与编码,不同数据类型之间的表示转换。,type conversion,3,4,王道2027计组，数制与编码，教材p20（PDF页31）,数制与编码,20,教材在“数制与编码”中出现或讲解“类型转换”；本节点概括为：不同数据类型之间的表示转换。
CO_OBJ_008,算术逻辑单元,ComputingObject,计算机组成原理,运算方法和运算电路,执行算术和逻辑运算的组合逻辑部件。,ALU,3,5,王道2027计组，运算方法和运算电路，教材p32（PDF页43）,运算方法和运算电路,32,教材在“运算方法和运算电路”中出现或讲解“算术逻辑单元”；本节点概括为：执行算术和逻辑运算的组合逻辑部件。
CO_OBJ_009,加法器,ComputingObject,计算机组成原理,运算方法和运算电路,实现二进制加法的运算电路。,adder,3,5,王道2027计组，运算方法和运算电路，教材p33（PDF页44）,运算方法和运算电路,33,教材在“运算方法和运算电路”中出现或讲解“加法器”；本节点概括为：实现二进制加法的运算电路。
CO_OBJ_010,串行进位加法器,ComputingObject,计算机组成原理,运算方法和运算电路,进位逐位传递的加法器。,ripple-carry adder,3,3,王道2027计组，运算方法和运算电路，教材p33（PDF页44）,运算方法和运算电路,33,教材在“运算方法和运算电路”中出现或讲解“串行进位加法器”；本节点概括为：进位逐位传递的加法器。
CO_OBJ_011,超前进位加法器,ComputingObject,计算机组成原理,运算方法和运算电路,通过提前生成进位来提高速度的加法器。,carry-lookahead adder,4,4,王道2027计组，运算方法和运算电路，教材p32-52（PDF页43起）,运算方法和运算电路,32,根据“运算方法和运算电路”的目录和知识点归纳入图；本节点概括为：通过提前生成进位来提高速度的加法器。
CO_OPE_002,移位运算,Operation,计算机组成原理,运算方法和运算电路,对二进制位进行左移或右移的运算。,shift,2,4,王道2027计组，运算方法和运算电路，教材p35（PDF页46）,运算方法和运算电路,35,教材在“运算方法和运算电路”中出现或讲解“移位运算”；本节点概括为：对二进制位进行左移或右移的运算。
CO_OPE_003,定点加减运算,Operation,计算机组成原理,运算方法和运算电路,基于补码等编码完成定点数加法和减法。,fixed-point addition/subtraction,4,5,王道2027计组，运算方法和运算电路，教材p32-52（PDF页43起）,运算方法和运算电路,32,根据“运算方法和运算电路”的目录和知识点归纳入图；本节点概括为：基于补码等编码完成定点数加法和减法。
CO_PRB_001,溢出,Problem,计算机组成原理,运算方法和运算电路,运算结果超出机器数可表示范围的现象。,overflow,4,5,王道2027计组，运算方法和运算电路，教材p33（PDF页44）,运算方法和运算电路,33,教材在“运算方法和运算电路”中出现或讲解“溢出”；本节点概括为：运算结果超出机器数可表示范围的现象。
CO_OPE_004,乘法运算,Operation,计算机组成原理,运算方法和运算电路,定点数乘法的机器实现。,multiplication,4,4,王道2027计组，运算方法和运算电路，教材p39（PDF页50）,运算方法和运算电路,39,教材在“运算方法和运算电路”中出现或讲解“乘法运算”；本节点概括为：定点数乘法的机器实现。
CO_OPE_005,除法运算,Operation,计算机组成原理,运算方法和运算电路,定点数除法的机器实现。,division,4,4,王道2027计组，运算方法和运算电路，教材p41（PDF页52）,运算方法和运算电路,41,教材在“运算方法和运算电路”中出现或讲解“除法运算”；本节点概括为：定点数除法的机器实现。
CO_OPE_006,逻辑运算,Operation,计算机组成原理,运算方法和运算电路,与、或、非、异或等位级运算。,logic operation,2,4,王道2027计组，运算方法和运算电路，教材p33（PDF页44）,运算方法和运算电路,33,教材在“运算方法和运算电路”中出现或讲解“逻辑运算”；本节点概括为：与、或、非、异或等位级运算。
CO_CON_027,浮点数,Concept,计算机组成原理,浮点数的表示与运算,用符号、阶码和尾数表示实数近似值的数据格式。,floating point,4,5,王道2027计组，浮点数的表示与运算，教材p53（PDF页64）,浮点数的表示与运算,53,教材在“浮点数的表示与运算”中出现或讲解“浮点数”；本节点概括为：用符号、阶码和尾数表示实数近似值的数据格式。
CO_CON_028,IEEE 754,Concept,计算机组成原理,浮点数的表示与运算,浮点数表示和运算的国际标准。,IEEE754,4,5,王道2027计组，浮点数的表示与运算，教材p54（PDF页65）,浮点数的表示与运算,54,教材在“浮点数的表示与运算”中出现或讲解“IEEE 754”；本节点概括为：浮点数表示和运算的国际标准。
CO_CON_029,阶码,Concept,计算机组成原理,浮点数的表示与运算,浮点数中表示数量级的字段。,exponent,3,5,王道2027计组，浮点数的表示与运算，教材p54（PDF页65）,浮点数的表示与运算,54,教材在“浮点数的表示与运算”中出现或讲解“阶码”；本节点概括为：浮点数中表示数量级的字段。
CO_CON_030,尾数,Concept,计算机组成原理,浮点数的表示与运算,浮点数中表示有效数字的字段。,"mantissa, significand",3,5,王道2027计组，浮点数的表示与运算，教材p54（PDF页65）,浮点数的表示与运算,54,教材在“浮点数的表示与运算”中出现或讲解“尾数”；本节点概括为：浮点数中表示有效数字的字段。
CO_OPE_007,规格化,Operation,计算机组成原理,浮点数的表示与运算,调整尾数和阶码使浮点数满足规范形式。,normalization,4,5,王道2027计组，浮点数的表示与运算，教材p54（PDF页65）,浮点数的表示与运算,54,教材在“浮点数的表示与运算”中出现或讲解“规格化”；本节点概括为：调整尾数和阶码使浮点数满足规范形式。
CO_OPE_008,对阶,Operation,计算机组成原理,浮点数的表示与运算,浮点加减运算中使两个操作数阶码相同的步骤。,alignment,4,5,王道2027计组，浮点数的表示与运算，教材p56（PDF页67）,浮点数的表示与运算,56,教材在“浮点数的表示与运算”中出现或讲解“对阶”；本节点概括为：浮点加减运算中使两个操作数阶码相同的步骤。
CO_OPE_009,舍入,Operation,计算机组成原理,浮点数的表示与运算,将无限或超长精度结果转换为目标精度的处理。,rounding,4,4,王道2027计组，浮点数的表示与运算，教材p55（PDF页66）,浮点数的表示与运算,55,教材在“浮点数的表示与运算”中出现或讲解“舍入”；本节点概括为：将无限或超长精度结果转换为目标精度的处理。
CO_OPE_010,浮点加减运算,Operation,计算机组成原理,浮点数的表示与运算,包含对阶、尾数运算、规格化和舍入等步骤的浮点运算。,floating addition/subtraction,5,5,王道2027计组，浮点数的表示与运算，教材p53-76（PDF页64起）,浮点数的表示与运算,53,根据“浮点数的表示与运算”的目录和知识点归纳入图；本节点概括为：包含对阶、尾数运算、规格化和舍入等步骤的浮点运算。
CO_MET_009,数据宽度,Metric,计算机组成原理,浮点数的表示与运算,数据在机器中占用的位数或字节数。,data width,2,4,王道2027计组，浮点数的表示与运算，教材p53-76（PDF页64起）,浮点数的表示与运算,53,根据“浮点数的表示与运算”的目录和知识点归纳入图；本节点概括为：数据在机器中占用的位数或字节数。
CO_CON_031,大端方式,Concept,计算机组成原理,浮点数的表示与运算,高位字节存放在低地址的字节序。,big-endian,2,3,王道2027计组，浮点数的表示与运算，教材p59（PDF页70）,浮点数的表示与运算,59,教材在“浮点数的表示与运算”中出现或讲解“大端方式”；本节点概括为：高位字节存放在低地址的字节序。
CO_CON_032,小端方式,Concept,计算机组成原理,浮点数的表示与运算,低位字节存放在低地址的字节序。,little-endian,2,3,王道2027计组，浮点数的表示与运算，教材p59（PDF页70）,浮点数的表示与运算,59,教材在“浮点数的表示与运算”中出现或讲解“小端方式”；本节点概括为：低位字节存放在低地址的字节序。
CO_APP_001,科学计算,Application,计算机组成原理,浮点数的表示与运算,需要大量浮点运算的计算场景。,scientific computing,2,3,王道2027计组，浮点数的表示与运算，教材p53-76（PDF页64起）,浮点数的表示与运算,53,根据“浮点数的表示与运算”的目录和知识点归纳入图；本节点概括为：需要大量浮点运算的计算场景。
CO_MOD_004,存储层次结构,Model,计算机组成原理,存储器概述,由寄存器、Cache、主存、外存等构成的多级存储体系。,memory hierarchy,4,5,王道2027计组，存储器概述，教材p77-81（PDF页88起）,存储器概述,77,根据“存储器概述”的目录和知识点归纳入图；本节点概括为：由寄存器、Cache、主存、外存等构成的多级存储体系。
CO_MET_010,存储容量,Metric,计算机组成原理,存储器概述,存储器可存放信息的总量。,capacity,2,4,王道2027计组，存储器概述，教材p79（PDF页90）,存储器概述,79,教材在“存储器概述”中出现或讲解“存储容量”；本节点概括为：存储器可存放信息的总量。
CO_MET_011,存取时间,Metric,计算机组成原理,存储器概述,从启动访存到完成访问所需时间。,access time,3,4,王道2027计组，存储器概述，教材p78（PDF页89）,存储器概述,78,教材在“存储器概述”中出现或讲解“存取时间”；本节点概括为：从启动访存到完成访问所需时间。
CO_MET_012,存储周期,Metric,计算机组成原理,存储器概述,连续两次存储器访问之间所需最小时间间隔。,memory cycle,3,4,王道2027计组，存储器概述，教材p80（PDF页91）,存储器概述,80,教材在“存储器概述”中出现或讲解“存储周期”；本节点概括为：连续两次存储器访问之间所需最小时间间隔。
CO_MET_013,存储器带宽,Metric,计算机组成原理,存储器概述,单位时间内存储器可传输的数据量。,memory bandwidth,3,4,王道2027计组，存储器概述，教材p80（PDF页91）,存储器概述,80,教材在“存储器概述”中出现或讲解“存储器带宽”；本节点概括为：单位时间内存储器可传输的数据量。
CO_OBJ_012,SRAM,ComputingObject,计算机组成原理,主存储器,静态随机存取存储器，速度快、成本高，常用于Cache。,static RAM,3,4,王道2027计组，主存储器，教材p82（PDF页93）,主存储器,82,教材在“主存储器”中出现或讲解“SRAM”；本节点概括为：静态随机存取存储器，速度快、成本高，常用于Cache。
CO_OBJ_013,DRAM,ComputingObject,计算机组成原理,主存储器,动态随机存取存储器，密度高、需刷新，常用于主存。,dynamic RAM,3,4,王道2027计组，主存储器，教材p82（PDF页93）,主存储器,82,教材在“主存储器”中出现或讲解“DRAM”；本节点概括为：动态随机存取存储器，密度高、需刷新，常用于主存。
CO_OBJ_014,ROM,ComputingObject,计算机组成原理,主存储器,只读存储器，断电后信息仍可保持。,read-only memory,2,3,王道2027计组，主存储器，教材p85（PDF页96）,主存储器,85,教材在“主存储器”中出现或讲解“ROM”；本节点概括为：只读存储器，断电后信息仍可保持。
CO_OBJ_015,Flash,ComputingObject,计算机组成原理,主存储器,非易失性半导体存储器。,闪存,2,3,王道2027计组，主存储器，教材p85（PDF页96）,主存储器,85,教材在“主存储器”中出现或讲解“Flash”；本节点概括为：非易失性半导体存储器。
CO_MEC_002,多模块存储器,Mechanism,计算机组成原理,主存储器,将主存分成多个模块以提高并行访问能力的组织方式。,interleaved memory,4,4,王道2027计组，主存储器，教材p85（PDF页96）,主存储器,85,教材在“主存储器”中出现或讲解“多模块存储器”；本节点概括为：将主存分成多个模块以提高并行访问能力的组织方式。
CO_OPE_011,地址译码,Operation,计算机组成原理,主存储器与CPU的连接,根据地址信号选择具体存储芯片或存储单元。,address decoding,3,4,王道2027计组，主存储器与CPU的连接，教材p97-101（PDF页108起）,主存储器与CPU的连接,97,根据“主存储器与CPU的连接”的目录和知识点归纳入图；本节点概括为：根据地址信号选择具体存储芯片或存储单元。
CO_MEC_003,位扩展,Mechanism,计算机组成原理,主存储器与CPU的连接,通过并联芯片增加字长位数的存储容量扩展方式。,bit expansion,3,4,王道2027计组，主存储器与CPU的连接，教材p98（PDF页109）,主存储器与CPU的连接,98,教材在“主存储器与CPU的连接”中出现或讲解“位扩展”；本节点概括为：通过并联芯片增加字长位数的存储容量扩展方式。
CO_MEC_004,字扩展,Mechanism,计算机组成原理,主存储器与CPU的连接,通过增加芯片组数量扩大存储字数的容量扩展方式。,word expansion,3,4,王道2027计组，主存储器与CPU的连接，教材p98（PDF页109）,主存储器与CPU的连接,98,教材在“主存储器与CPU的连接”中出现或讲解“字扩展”；本节点概括为：通过增加芯片组数量扩大存储字数的容量扩展方式。
CO_MEC_005,字位同时扩展,Mechanism,计算机组成原理,主存储器与CPU的连接,同时扩大存储字数和字长的容量扩展方式。,word-bit expansion,4,4,王道2027计组，主存储器与CPU的连接，教材p99（PDF页110）,主存储器与CPU的连接,99,教材在“主存储器与CPU的连接”中出现或讲解“字位同时扩展”；本节点概括为：同时扩大存储字数和字长的容量扩展方式。
CO_OBJ_016,磁盘存储器,ComputingObject,计算机组成原理,外部存储器,以磁介质保存数据的外部存储器。,hard disk,3,4,王道2027计组，外部存储器，教材p102（PDF页113）,外部存储器,102,教材在“外部存储器”中出现或讲解“磁盘存储器”；本节点概括为：以磁介质保存数据的外部存储器。
CO_OBJ_017,固态硬盘,ComputingObject,计算机组成原理,外部存储器,基于闪存的外部存储器。,SSD,2,4,王道2027计组，外部存储器，教材p104（PDF页115）,外部存储器,104,教材在“外部存储器”中出现或讲解“固态硬盘”；本节点概括为：基于闪存的外部存储器。
CO_OBJ_018,Cache,ComputingObject,计算机组成原理,高速缓冲存储器,位于CPU和主存之间、利用局部性提高访存速度的高速缓冲存储器。,高速缓存,4,5,王道2027计组，高速缓冲存储器，教材p109（PDF页120）,高速缓冲存储器,109,教材在“高速缓冲存储器”中出现或讲解“Cache”；本节点概括为：位于CPU和主存之间、利用局部性提高访存速度的高速缓冲存储器。
CO_PRP_001,局部性原理,Property,计算机组成原理,高速缓冲存储器,程序访问地址在时间和空间上集中分布的特性。,locality,3,5,王道2027计组，高速缓冲存储器，教材p109（PDF页120）,高速缓冲存储器,109,教材在“高速缓冲存储器”中出现或讲解“局部性原理”；本节点概括为：程序访问地址在时间和空间上集中分布的特性。
CO_PRP_002,时间局部性,Property,计算机组成原理,高速缓冲存储器,近期访问过的信息未来可能再次被访问。,temporal locality,3,4,王道2027计组，高速缓冲存储器，教材p109（PDF页120）,高速缓冲存储器,109,教材在“高速缓冲存储器”中出现或讲解“时间局部性”；本节点概括为：近期访问过的信息未来可能再次被访问。
CO_PRP_003,空间局部性,Property,计算机组成原理,高速缓冲存储器,被访问地址附近的信息未来可能被访问。,spatial locality,3,4,王道2027计组，高速缓冲存储器，教材p109（PDF页120）,高速缓冲存储器,109,教材在“高速缓冲存储器”中出现或讲解“空间局部性”；本节点概括为：被访问地址附近的信息未来可能被访问。
CO_MEC_006,直接映射,Mechanism,计算机组成原理,高速缓冲存储器,主存块只能映射到Cache中唯一位置的映射方式。,direct mapping,4,5,王道2027计组，高速缓冲存储器，教材p111（PDF页122）,高速缓冲存储器,111,教材在“高速缓冲存储器”中出现或讲解“直接映射”；本节点概括为：主存块只能映射到Cache中唯一位置的映射方式。
CO_MEC_007,全相联映射,Mechanism,计算机组成原理,高速缓冲存储器,主存块可映射到Cache任意位置的映射方式。,fully associative mapping,4,4,王道2027计组，高速缓冲存储器，教材p111（PDF页122）,高速缓冲存储器,111,教材在“高速缓冲存储器”中出现或讲解“全相联映射”；本节点概括为：主存块可映射到Cache任意位置的映射方式。
CO_MEC_008,组相联映射,Mechanism,计算机组成原理,高速缓冲存储器,主存块可映射到指定组内任意行的映射方式。,set associative mapping,4,5,王道2027计组，高速缓冲存储器，教材p111（PDF页122）,高速缓冲存储器,111,教材在“高速缓冲存储器”中出现或讲解“组相联映射”；本节点概括为：主存块可映射到指定组内任意行的映射方式。
CO_ALG_001,替换算法,Algorithm,计算机组成原理,高速缓冲存储器,Cache满时选择被替换块的策略。,replacement algorithm,4,4,王道2027计组，高速缓冲存储器，教材p110（PDF页121）,高速缓冲存储器,110,教材在“高速缓冲存储器”中出现或讲解“替换算法”；本节点概括为：Cache满时选择被替换块的策略。
CO_ALG_002,LRU,Algorithm,计算机组成原理,高速缓冲存储器,优先替换最近最少使用的块。,least recently used,4,4,王道2027计组，高速缓冲存储器，教材p114（PDF页125）,高速缓冲存储器,114,教材在“高速缓冲存储器”中出现或讲解“LRU”；本节点概括为：优先替换最近最少使用的块。
CO_ALG_003,FIFO,Algorithm,计算机组成原理,高速缓冲存储器,优先替换最早进入Cache的块。,first in first out,3,3,王道2027计组，高速缓冲存储器，教材p114（PDF页125）,高速缓冲存储器,114,教材在“高速缓冲存储器”中出现或讲解“FIFO”；本节点概括为：优先替换最早进入Cache的块。
CO_MEC_009,写直达,Mechanism,计算机组成原理,高速缓冲存储器,写Cache时同时写主存的写策略。,write-through,4,4,王道2027计组，高速缓冲存储器，教材p109-129（PDF页120起）,高速缓冲存储器,109,根据“高速缓冲存储器”的目录和知识点归纳入图；本节点概括为：写Cache时同时写主存的写策略。
CO_MEC_010,写回,Mechanism,计算机组成原理,高速缓冲存储器,写Cache时先只修改Cache，替换时再写回主存的策略。,write-back,4,5,王道2027计组，高速缓冲存储器，教材p115（PDF页126）,高速缓冲存储器,115,教材在“高速缓冲存储器”中出现或讲解“写回”；本节点概括为：写Cache时先只修改Cache，替换时再写回主存的策略。
CO_PRB_002,Cache一致性,Problem,计算机组成原理,高速缓冲存储器,多个Cache或Cache与主存内容保持一致的问题。,cache coherence,4,4,王道2027计组，高速缓冲存储器，教材p122（PDF页133）,高速缓冲存储器,122,教材在“高速缓冲存储器”中出现或讲解“Cache一致性”；本节点概括为：多个Cache或Cache与主存内容保持一致的问题。
CO_MET_014,命中率,Metric,计算机组成原理,高速缓冲存储器,访问命中Cache的比例。,hit rate,3,5,王道2027计组，高速缓冲存储器，教材p109（PDF页120）,高速缓冲存储器,109,教材在“高速缓冲存储器”中出现或讲解“命中率”；本节点概括为：访问命中Cache的比例。
CO_MET_015,平均访存时间,Metric,计算机组成原理,高速缓冲存储器,综合Cache命中与缺失代价后的平均访存时间。,AMAT,4,5,王道2027计组，高速缓冲存储器，教材p109-129（PDF页120起）,高速缓冲存储器,109,根据“高速缓冲存储器”的目录和知识点归纳入图；本节点概括为：综合Cache命中与缺失代价后的平均访存时间。
CO_EXA_002,Cache容量计算举例,Example,计算机组成原理,高速缓冲存储器,用于训练标记位、索引位、块内地址和容量计算的典型题。,Cache容量计算,4,4,王道2027计组，高速缓冲存储器，教材p109-129（PDF页120起）,高速缓冲存储器,109,根据“高速缓冲存储器”的目录和知识点归纳入图；本节点概括为：用于训练标记位、索引位、块内地址和容量计算的典型题。
CO_CON_033,逻辑地址,Concept,计算机组成原理,虚拟存储器,程序使用的虚拟地址。,"虚地址,virtual address",3,5,王道2027计组，虚拟存储器，教材p130（PDF页141）,虚拟存储器,130,教材在“虚拟存储器”中出现或讲解“逻辑地址”；本节点概括为：程序使用的虚拟地址。
CO_CON_034,物理地址,Concept,计算机组成原理,虚拟存储器,主存实际访问地址。,physical address,3,5,王道2027计组，虚拟存储器，教材p130（PDF页141）,虚拟存储器,130,教材在“虚拟存储器”中出现或讲解“物理地址”；本节点概括为：主存实际访问地址。
CO_MEC_011,页式虚拟存储器,Mechanism,计算机组成原理,虚拟存储器,以页为单位进行地址映射和调入调出的虚拟存储器。,paging,4,5,王道2027计组，虚拟存储器，教材p130（PDF页141）,虚拟存储器,130,教材在“虚拟存储器”中出现或讲解“页式虚拟存储器”；本节点概括为：以页为单位进行地址映射和调入调出的虚拟存储器。
CO_OBJ_019,页,ComputingObject,计算机组成原理,虚拟存储器,虚拟地址空间和主存划分的固定大小块。,page,3,5,王道2027计组，虚拟存储器，教材p130（PDF页141）,虚拟存储器,130,教材在“虚拟存储器”中出现或讲解“页”；本节点概括为：虚拟地址空间和主存划分的固定大小块。
CO_OBJ_020,页框,ComputingObject,计算机组成原理,虚拟存储器,主存中用于装入页面的固定大小块。,frame,3,4,王道2027计组，虚拟存储器，教材p130（PDF页141）,虚拟存储器,130,教材在“虚拟存储器”中出现或讲解“页框”；本节点概括为：主存中用于装入页面的固定大小块。
CO_DST_001,页表,DataStructure,计算机组成原理,虚拟存储器,记录虚页到物理页框映射关系的数据结构。,page table,4,5,王道2027计组，虚拟存储器，教材p130（PDF页141）,虚拟存储器,130,教材在“虚拟存储器”中出现或讲解“页表”；本节点概括为：记录虚页到物理页框映射关系的数据结构。
CO_OBJ_021,TLB,ComputingObject,计算机组成原理,虚拟存储器,缓存页表项、加速地址转换的高速部件。,快表,4,5,王道2027计组，虚拟存储器，教材p132（PDF页143）,虚拟存储器,132,教材在“虚拟存储器”中出现或讲解“TLB”；本节点概括为：缓存页表项、加速地址转换的高速部件。
CO_PRB_003,缺页,Problem,计算机组成原理,虚拟存储器,访问的虚页不在主存而需要调入的事件。,page fault,4,5,王道2027计组，虚拟存储器，教材p130（PDF页141）,虚拟存储器,130,教材在“虚拟存储器”中出现或讲解“缺页”；本节点概括为：访问的虚页不在主存而需要调入的事件。
CO_ALG_004,页面置换算法,Algorithm,计算机组成原理,虚拟存储器,缺页且主存页框不足时选择换出页面的策略。,page replacement,4,5,王道2027计组，虚拟存储器，教材p130-147（PDF页141起）,虚拟存储器,130,根据“虚拟存储器”的目录和知识点归纳入图；本节点概括为：缺页且主存页框不足时选择换出页面的策略。
CO_MEC_012,段式虚拟存储器,Mechanism,计算机组成原理,虚拟存储器,按逻辑段进行地址管理的虚拟存储器。,segmentation,4,3,王道2027计组，虚拟存储器，教材p131（PDF页142）,虚拟存储器,131,教材在“虚拟存储器”中出现或讲解“段式虚拟存储器”；本节点概括为：按逻辑段进行地址管理的虚拟存储器。
CO_MEC_013,段页式虚拟存储器,Mechanism,计算机组成原理,虚拟存储器,先分段再分页的虚拟存储器组织方式。,segmented paging,4,3,王道2027计组，虚拟存储器，教材p134（PDF页145）,虚拟存储器,134,教材在“虚拟存储器”中出现或讲解“段页式虚拟存储器”；本节点概括为：先分段再分页的虚拟存储器组织方式。
CO_CON_035,指令格式,Concept,计算机组成原理,指令系统,指令中操作码和地址码等字段的组织形式。,instruction format,3,5,王道2027计组，指令系统，教材p148（PDF页159）,指令系统,148,教材在“指令系统”中出现或讲解“指令格式”；本节点概括为：指令中操作码和地址码等字段的组织形式。
CO_CON_036,操作码,Concept,计算机组成原理,指令系统,指明指令操作类型的字段。,opcode,3,5,王道2027计组，指令系统，教材p149（PDF页160）,指令系统,149,教材在“指令系统”中出现或讲解“操作码”；本节点概括为：指明指令操作类型的字段。
CO_CON_037,地址码,Concept,计算机组成原理,指令系统,指出操作数或结果地址的字段。,address field,3,5,王道2027计组，指令系统，教材p149（PDF页160）,指令系统,149,教材在“指令系统”中出现或讲解“地址码”；本节点概括为：指出操作数或结果地址的字段。
CO_CON_038,定长操作码,Concept,计算机组成原理,指令系统,所有指令操作码字段长度相同的编码方式。,fixed-length opcode,3,4,王道2027计组，指令系统，教材p150（PDF页161）,指令系统,150,教材在“指令系统”中出现或讲解“定长操作码”；本节点概括为：所有指令操作码字段长度相同的编码方式。
CO_MEC_014,扩展操作码,Mechanism,计算机组成原理,指令系统,通过不同长度操作码扩大指令种类的编码方式。,expanding opcode,4,5,王道2027计组，指令系统，教材p150（PDF页161）,指令系统,150,教材在“指令系统”中出现或讲解“扩展操作码”；本节点概括为：通过不同长度操作码扩大指令种类的编码方式。
CO_CON_039,数据传送指令,Concept,计算机组成原理,指令系统,完成寄存器、主存等部件之间数据传送的指令。,move/load/store,2,4,王道2027计组，指令系统，教材p151（PDF页162）,指令系统,151,教材在“指令系统”中出现或讲解“数据传送指令”；本节点概括为：完成寄存器、主存等部件之间数据传送的指令。
CO_CON_040,算术逻辑指令,Concept,计算机组成原理,指令系统,完成算术或逻辑运算的指令。,ALU instruction,2,4,王道2027计组，指令系统，教材p148-155（PDF页159起）,指令系统,148,根据“指令系统”的目录和知识点归纳入图；本节点概括为：完成算术或逻辑运算的指令。
CO_CON_041,控制转移指令,Concept,计算机组成原理,指令系统,改变程序执行顺序的指令。,branch/jump,3,4,王道2027计组，指令系统，教材p148-155（PDF页159起）,指令系统,148,根据“指令系统”的目录和知识点归纳入图；本节点概括为：改变程序执行顺序的指令。
CO_MEC_015,指令寻址,Mechanism,计算机组成原理,寻址方式,确定下一条要执行指令地址的方式。,instruction addressing,3,5,王道2027计组，寻址方式，教材p156（PDF页167）,寻址方式,156,教材在“寻址方式”中出现或讲解“指令寻址”；本节点概括为：确定下一条要执行指令地址的方式。
CO_MEC_016,数据寻址,Mechanism,计算机组成原理,寻址方式,确定指令操作数有效地址的方式。,data addressing,4,5,王道2027计组，寻址方式，教材p156（PDF页167）,寻址方式,156,教材在“寻址方式”中出现或讲解“数据寻址”；本节点概括为：确定指令操作数有效地址的方式。
CO_MEC_017,立即寻址,Mechanism,计算机组成原理,寻址方式,操作数直接包含在指令中的寻址方式。,immediate addressing,3,4,王道2027计组，寻址方式，教材p157（PDF页168）,寻址方式,157,教材在“寻址方式”中出现或讲解“立即寻址”；本节点概括为：操作数直接包含在指令中的寻址方式。
CO_MEC_018,直接寻址,Mechanism,计算机组成原理,寻址方式,指令地址码直接给出操作数地址的寻址方式。,direct addressing,3,4,王道2027计组，寻址方式，教材p157（PDF页168）,寻址方式,157,教材在“寻址方式”中出现或讲解“直接寻址”；本节点概括为：指令地址码直接给出操作数地址的寻址方式。
CO_MEC_019,间接寻址,Mechanism,计算机组成原理,寻址方式,指令地址码给出存放操作数地址的地址。,indirect addressing,4,4,王道2027计组，寻址方式，教材p157（PDF页168）,寻址方式,157,教材在“寻址方式”中出现或讲解“间接寻址”；本节点概括为：指令地址码给出存放操作数地址的地址。
CO_MEC_020,寄存器寻址,Mechanism,计算机组成原理,寻址方式,操作数存放在寄存器中的寻址方式。,register addressing,3,4,王道2027计组，寻址方式，教材p157（PDF页168）,寻址方式,157,教材在“寻址方式”中出现或讲解“寄存器寻址”；本节点概括为：操作数存放在寄存器中的寻址方式。
CO_MEC_021,寄存器间接寻址,Mechanism,计算机组成原理,寻址方式,寄存器中存放操作数有效地址的寻址方式。,register indirect,4,4,王道2027计组，寻址方式，教材p157（PDF页168）,寻址方式,157,教材在“寻址方式”中出现或讲解“寄存器间接寻址”；本节点概括为：寄存器中存放操作数有效地址的寻址方式。
CO_MEC_022,基址寻址,Mechanism,计算机组成原理,寻址方式,基址寄存器内容与形式地址相加得到有效地址。,base addressing,4,4,王道2027计组，寻址方式，教材p159（PDF页170）,寻址方式,159,教材在“寻址方式”中出现或讲解“基址寻址”；本节点概括为：基址寄存器内容与形式地址相加得到有效地址。
CO_MEC_023,变址寻址,Mechanism,计算机组成原理,寻址方式,变址寄存器内容与形式地址相加得到有效地址。,indexed addressing,4,4,王道2027计组，寻址方式，教材p159（PDF页170）,寻址方式,159,教材在“寻址方式”中出现或讲解“变址寻址”；本节点概括为：变址寄存器内容与形式地址相加得到有效地址。
CO_MEC_024,相对寻址,Mechanism,计算机组成原理,寻址方式,PC内容与位移量相加得到目标地址。,relative addressing,4,5,王道2027计组，寻址方式，教材p158（PDF页169）,寻址方式,158,教材在“寻址方式”中出现或讲解“相对寻址”；本节点概括为：PC内容与位移量相加得到目标地址。
CO_CON_042,有效地址,Concept,计算机组成原理,寻址方式,根据寻址方式计算得到的操作数实际地址。,"EA,effective address",4,5,王道2027计组，寻址方式，教材p156（PDF页167）,寻址方式,156,教材在“寻址方式”中出现或讲解“有效地址”；本节点概括为：根据寻址方式计算得到的操作数实际地址。
CO_SYN_001,汇编指令,SyntaxElement,计算机组成原理,程序的机器级代码表示,机器指令的助记符形式。,assembly instruction,3,4,王道2027计组，程序的机器级代码表示，教材p171（PDF页182）,程序的机器级代码表示,171,教材在“程序的机器级代码表示”中出现或讲解“汇编指令”；本节点概括为：机器指令的助记符形式。
CO_SYN_002,选择语句机器级表示,SyntaxElement,计算机组成原理,程序的机器级代码表示,if/switch等选择结构在机器级代码中的实现方式。,if机器级表示,4,4,王道2027计组，程序的机器级代码表示，教材p171-189（PDF页182起）,程序的机器级代码表示,171,根据“程序的机器级代码表示”的目录和知识点归纳入图；本节点概括为：if/switch等选择结构在机器级代码中的实现方式。
CO_SYN_003,循环语句机器级表示,SyntaxElement,计算机组成原理,程序的机器级代码表示,while/for等循环结构在机器级代码中的实现方式。,loop机器级表示,4,4,王道2027计组，程序的机器级代码表示，教材p171-189（PDF页182起）,程序的机器级代码表示,171,根据“程序的机器级代码表示”的目录和知识点归纳入图；本节点概括为：while/for等循环结构在机器级代码中的实现方式。
CO_SYN_004,过程调用,SyntaxElement,计算机组成原理,程序的机器级代码表示,调用子程序/函数时保存返回地址、传参和恢复现场的机制。,"procedure call,function call",4,5,王道2027计组，程序的机器级代码表示，教材p179（PDF页190）,程序的机器级代码表示,179,教材在“程序的机器级代码表示”中出现或讲解“过程调用”；本节点概括为：调用子程序/函数时保存返回地址、传参和恢复现场的机制。
CO_DST_002,栈帧,DataStructure,计算机组成原理,程序的机器级代码表示,过程调用时在栈上保存参数、返回地址和局部变量的区域。,stack frame,4,4,王道2027计组，程序的机器级代码表示，教材p177（PDF页188）,程序的机器级代码表示,177,教材在“程序的机器级代码表示”中出现或讲解“栈帧”；本节点概括为：过程调用时在栈上保存参数、返回地址和局部变量的区域。
CO_EXA_003,机器级代码题,Example,计算机组成原理,程序的机器级代码表示,将C语言控制结构或过程调用分析为机器级执行过程的题目。,机器代码例题,4,3,王道2027计组，程序的机器级代码表示，教材p171-189（PDF页182起）,程序的机器级代码表示,171,根据“程序的机器级代码表示”的目录和知识点归纳入图；本节点概括为：将C语言控制结构或过程调用分析为机器级执行过程的题目。
CO_MOD_005,CISC,Model,计算机组成原理,CISC和RISC的基本概念,复杂指令系统计算机，指令复杂且长度/周期可能不规则。,复杂指令系统计算机,3,4,王道2027计组，CISC和RISC的基本概念，教材p190（PDF页201）,CISC和RISC的基本概念,190,教材在“CISC和RISC的基本概念”中出现或讲解“复杂指令系统计算机”；本节点概括为：复杂指令系统计算机，指令复杂且长度/周期可能不规则。
CO_MOD_006,RISC,Model,计算机组成原理,CISC和RISC的基本概念,精简指令系统计算机，指令简单规整并利于流水线。,精简指令系统计算机,3,4,王道2027计组，CISC和RISC的基本概念，教材p190（PDF页201）,CISC和RISC的基本概念,190,教材在“CISC和RISC的基本概念”中出现或讲解“精简指令系统计算机”；本节点概括为：精简指令系统计算机，指令简单规整并利于流水线。
CO_OBJ_022,寄存器组,ComputingObject,计算机组成原理,CPU的功能和基本结构,CPU内部用于高速暂存数据和地址的一组寄存器。,register file,3,5,王道2027计组，CPU的功能和基本结构，教材p196（PDF页207）,CPU的功能和基本结构,196,教材在“CPU的功能和基本结构”中出现或讲解“寄存器组”；本节点概括为：CPU内部用于高速暂存数据和地址的一组寄存器。
CO_OBJ_023,程序计数器,ComputingObject,计算机组成原理,CPU的功能和基本结构,保存下一条指令地址的寄存器。,PC,3,5,王道2027计组，CPU的功能和基本结构，教材p196（PDF页207）,CPU的功能和基本结构,196,教材在“CPU的功能和基本结构”中出现或讲解“程序计数器”；本节点概括为：保存下一条指令地址的寄存器。
CO_OBJ_024,指令寄存器,ComputingObject,计算机组成原理,CPU的功能和基本结构,保存当前正在执行指令的寄存器。,IR,3,5,王道2027计组，CPU的功能和基本结构，教材p196（PDF页207）,CPU的功能和基本结构,196,教材在“CPU的功能和基本结构”中出现或讲解“指令寄存器”；本节点概括为：保存当前正在执行指令的寄存器。
CO_OBJ_025,存储器地址寄存器,ComputingObject,计算机组成原理,CPU的功能和基本结构,保存要访问的主存地址的寄存器。,MAR,3,4,王道2027计组，CPU的功能和基本结构，教材p196（PDF页207）,CPU的功能和基本结构,196,教材在“CPU的功能和基本结构”中出现或讲解“存储器地址寄存器”；本节点概括为：保存要访问的主存地址的寄存器。
CO_OBJ_026,存储器数据寄存器,ComputingObject,计算机组成原理,CPU的功能和基本结构,保存从主存读出或写入主存数据的寄存器。,MDR,3,4,王道2027计组，CPU的功能和基本结构，教材p196（PDF页207）,CPU的功能和基本结构,196,教材在“CPU的功能和基本结构”中出现或讲解“存储器数据寄存器”；本节点概括为：保存从主存读出或写入主存数据的寄存器。
CO_CON_043,指令周期,Concept,计算机组成原理,指令执行过程,CPU取出并执行一条指令所需的完整时间过程。,instruction cycle,4,5,王道2027计组，指令执行过程，教材p202（PDF页213）,指令执行过程,202,教材在“指令执行过程”中出现或讲解“指令周期”；本节点概括为：CPU取出并执行一条指令所需的完整时间过程。
CO_OPE_012,取指,Operation,计算机组成原理,指令执行过程,根据PC从主存取出指令的操作。,fetch,3,5,王道2027计组，指令执行过程，教材p201（PDF页212）,指令执行过程,201,教材在“指令执行过程”中出现或讲解“取指”；本节点概括为：根据PC从主存取出指令的操作。
CO_OPE_013,译码,Operation,计算机组成原理,指令执行过程,分析指令操作码和地址码以确定操作的过程。,decode,3,5,王道2027计组，指令执行过程，教材p201（PDF页212）,指令执行过程,201,教材在“指令执行过程”中出现或讲解“译码”；本节点概括为：分析指令操作码和地址码以确定操作的过程。
CO_OPE_014,执行,Operation,计算机组成原理,指令执行过程,根据指令功能完成运算、访存或转移等动作。,execute,3,5,王道2027计组，指令执行过程，教材p201（PDF页212）,指令执行过程,201,教材在“指令执行过程”中出现或讲解“执行”；本节点概括为：根据指令功能完成运算、访存或转移等动作。
CO_OPE_015,访存,Operation,计算机组成原理,指令执行过程,访问主存读取或写入数据的操作。,memory access,3,4,王道2027计组，指令执行过程，教材p202（PDF页213）,指令执行过程,202,教材在“指令执行过程”中出现或讲解“访存”；本节点概括为：访问主存读取或写入数据的操作。
CO_MEC_025,时序控制,Mechanism,计算机组成原理,指令执行过程,按时钟和节拍组织控制信号的机制。,timing control,4,4,王道2027计组，指令执行过程，教材p202（PDF页213）,指令执行过程,202,教材在“指令执行过程”中出现或讲解“时序控制”；本节点概括为：按时钟和节拍组织控制信号的机制。
CO_OBJ_027,数据通路,ComputingObject,计算机组成原理,数据通路的功能和基本结构,CPU中数据流经并完成处理的硬件通路。,datapath,4,5,王道2027计组，数据通路的功能和基本结构，教材p206（PDF页217）,数据通路的功能和基本结构,206,教材在“数据通路的功能和基本结构”中出现或讲解“数据通路”；本节点概括为：CPU中数据流经并完成处理的硬件通路。
CO_MEC_026,单总线数据通路,Mechanism,计算机组成原理,数据通路的功能和基本结构,CPU内部各部件通过一条公共总线传送数据的数据通路结构。,single-bus datapath,4,5,王道2027计组，数据通路的功能和基本结构，教材p208（PDF页219）,数据通路的功能和基本结构,208,教材在“数据通路的功能和基本结构”中出现或讲解“单总线数据通路”；本节点概括为：CPU内部各部件通过一条公共总线传送数据的数据通路结构。
CO_MEC_027,专用数据通路,Mechanism,计算机组成原理,数据通路的功能和基本结构,为特定数据传送设置专用通路的数据通路结构。,dedicated datapath,4,4,王道2027计组，数据通路的功能和基本结构，教材p208（PDF页219）,数据通路的功能和基本结构,208,教材在“数据通路的功能和基本结构”中出现或讲解“专用数据通路”；本节点概括为：为特定数据传送设置专用通路的数据通路结构。
CO_OBJ_028,多路选择器,ComputingObject,计算机组成原理,数据通路的功能和基本结构,根据控制信号选择一路输入输出的部件。,MUX,3,4,王道2027计组，数据通路的功能和基本结构，教材p206（PDF页217）,数据通路的功能和基本结构,206,教材在“数据通路的功能和基本结构”中出现或讲解“多路选择器”；本节点概括为：根据控制信号选择一路输入输出的部件。
CO_OBJ_029,硬布线控制器,ComputingObject,计算机组成原理,控制器的功能和工作原理,由组合逻辑直接产生控制信号的控制器。,hardwired control,4,5,王道2027计组，控制器的功能和工作原理，教材p229（PDF页240）,控制器的功能和工作原理,229,教材在“控制器的功能和工作原理”中出现或讲解“硬布线控制器”；本节点概括为：由组合逻辑直接产生控制信号的控制器。
CO_OBJ_030,微程序控制器,ComputingObject,计算机组成原理,控制器的功能和工作原理,通过微指令和控制存储器产生控制信号的控制器。,microprogrammed control,4,5,王道2027计组，控制器的功能和工作原理，教材p229（PDF页240）,控制器的功能和工作原理,229,教材在“控制器的功能和工作原理”中出现或讲解“微程序控制器”；本节点概括为：通过微指令和控制存储器产生控制信号的控制器。
CO_CON_044,微指令,Concept,计算机组成原理,控制器的功能和工作原理,控制一个或多个微操作的控制字。,microinstruction,4,4,王道2027计组，控制器的功能和工作原理，教材p229（PDF页240）,控制器的功能和工作原理,229,教材在“控制器的功能和工作原理”中出现或讲解“微指令”；本节点概括为：控制一个或多个微操作的控制字。
CO_OPE_016,微操作,Operation,计算机组成原理,控制器的功能和工作原理,CPU内部一步基本操作。,micro-operation,4,4,王道2027计组，控制器的功能和工作原理，教材p229（PDF页240）,控制器的功能和工作原理,229,教材在“控制器的功能和工作原理”中出现或讲解“微操作”；本节点概括为：CPU内部一步基本操作。
CO_OBJ_031,控制存储器,ComputingObject,计算机组成原理,控制器的功能和工作原理,存放微程序的只读或高速控制存储部件。,control memory,4,4,王道2027计组，控制器的功能和工作原理，教材p230（PDF页241）,控制器的功能和工作原理,230,教材在“控制器的功能和工作原理”中出现或讲解“控制存储器”；本节点概括为：存放微程序的只读或高速控制存储部件。
CO_MEC_028,异常,Mechanism,计算机组成原理,异常和中断机制,CPU执行指令过程中由内部事件引起的控制流改变。,exception,4,5,王道2027计组，异常和中断机制，教材p242（PDF页253）,异常和中断机制,242,教材在“异常和中断机制”中出现或讲解“异常”；本节点概括为：CPU执行指令过程中由内部事件引起的控制流改变。
CO_MEC_029,中断,Mechanism,计算机组成原理,异常和中断机制,通常由外部事件引起、使CPU暂停当前程序转去处理事件的机制。,interrupt,4,5,王道2027计组，异常和中断机制，教材p242（PDF页253）,异常和中断机制,242,教材在“异常和中断机制”中出现或讲解“中断”；本节点概括为：通常由外部事件引起、使CPU暂停当前程序转去处理事件的机制。
CO_OPE_017,中断响应,Operation,计算机组成原理,异常和中断机制,CPU识别并转入中断服务程序的过程。,interrupt response,4,5,王道2027计组，异常和中断机制，教材p243（PDF页254）,异常和中断机制,243,教材在“异常和中断机制”中出现或讲解“中断响应”；本节点概括为：CPU识别并转入中断服务程序的过程。
CO_CON_045,中断服务程序,Concept,计算机组成原理,异常和中断机制,处理中断事件的程序。,ISR,4,4,王道2027计组，异常和中断机制，教材p242（PDF页253）,异常和中断机制,242,教材在“异常和中断机制”中出现或讲解“中断服务程序”；本节点概括为：处理中断事件的程序。
CO_DST_003,中断向量,DataStructure,计算机组成原理,异常和中断机制,保存中断服务程序入口地址的信息。,interrupt vector,4,4,王道2027计组，异常和中断机制，教材p244（PDF页255）,异常和中断机制,244,教材在“异常和中断机制”中出现或讲解“中断向量”；本节点概括为：保存中断服务程序入口地址的信息。
CO_MEC_030,中断屏蔽,Mechanism,计算机组成原理,异常和中断机制,根据屏蔽字控制是否响应某些中断请求的机制。,interrupt mask,4,4,王道2027计组，异常和中断机制，教材p243（PDF页254）,异常和中断机制,243,教材在“异常和中断机制”中出现或讲解“中断屏蔽”；本节点概括为：根据屏蔽字控制是否响应某些中断请求的机制。
CO_PRP_004,及时响应,Property,计算机组成原理,异常和中断机制,系统能及时处理外部或内部事件的性质。,responsiveness,3,4,王道2027计组，异常和中断机制，教材p243（PDF页254）,异常和中断机制,243,教材在“异常和中断机制”中出现或讲解“及时响应”；本节点概括为：系统能及时处理外部或内部事件的性质。
CO_CON_046,流水段,Concept,计算机组成原理,指令流水线,流水线中的一个处理阶段。,pipeline stage,4,4,王道2027计组，指令流水线，教材p247（PDF页258）,指令流水线,247,教材在“指令流水线”中出现或讲解“流水段”；本节点概括为：流水线中的一个处理阶段。
CO_PRB_004,结构冒险,Problem,计算机组成原理,指令流水线,多条指令同时争用同一硬件资源造成的冲突。,structural hazard,4,5,王道2027计组，指令流水线，教材p251（PDF页262）,指令流水线,251,教材在“指令流水线”中出现或讲解“结构冒险”；本节点概括为：多条指令同时争用同一硬件资源造成的冲突。
CO_PRB_005,数据冒险,Problem,计算机组成原理,指令流水线,指令间数据相关导致的冲突。,data hazard,4,5,王道2027计组，指令流水线，教材p251（PDF页262）,指令流水线,251,教材在“指令流水线”中出现或讲解“数据冒险”；本节点概括为：指令间数据相关导致的冲突。
CO_PRB_006,控制冒险,Problem,计算机组成原理,指令流水线,分支等控制转移指令导致取指方向不确定的冲突。,control hazard,4,5,王道2027计组，指令流水线，教材p251（PDF页262）,指令流水线,251,教材在“指令流水线”中出现或讲解“控制冒险”；本节点概括为：分支等控制转移指令导致取指方向不确定的冲突。
CO_MEC_031,转发,Mechanism,计算机组成原理,指令流水线,把中间结果直接送给后续指令以减少数据冒险的技术。,forwarding,4,4,王道2027计组，指令流水线，教材p253（PDF页264）,指令流水线,253,教材在“指令流水线”中出现或讲解“转发”；本节点概括为：把中间结果直接送给后续指令以减少数据冒险的技术。
CO_MEC_032,阻塞,Mechanism,计算机组成原理,指令流水线,暂停流水线部分阶段等待条件满足的处理方式。,stall,4,4,王道2027计组，指令流水线，教材p249（PDF页260）,指令流水线,249,教材在“指令流水线”中出现或讲解“阻塞”；本节点概括为：暂停流水线部分阶段等待条件满足的处理方式。
CO_MEC_033,分支预测,Mechanism,计算机组成原理,指令流水线,预测分支方向以降低控制冒险代价的技术。,branch prediction,5,4,王道2027计组，指令流水线，教材p254（PDF页265）,指令流水线,254,教材在“指令流水线”中出现或讲解“分支预测”；本节点概括为：预测分支方向以降低控制冒险代价的技术。
CO_MEC_034,超标量,Mechanism,计算机组成原理,指令流水线,每个时钟周期可发射多条指令的高级流水线技术。,superscalar,5,3,王道2027计组，指令流水线，教材p247（PDF页258）,指令流水线,247,教材在“指令流水线”中出现或讲解“超标量”；本节点概括为：每个时钟周期可发射多条指令的高级流水线技术。
CO_MOD_007,SISD,Model,计算机组成原理,多处理器的基本概念,单指令流单数据流的计算机组织。,single instruction single data,3,3,王道2027计组，多处理器的基本概念，教材p267（PDF页278）,多处理器的基本概念,267,教材在“多处理器的基本概念”中出现或讲解“SISD”；本节点概括为：单指令流单数据流的计算机组织。
CO_MOD_008,SIMD,Model,计算机组成原理,多处理器的基本概念,单指令流多数据流的并行处理模型。,single instruction multiple data,3,4,王道2027计组，多处理器的基本概念，教材p267（PDF页278）,多处理器的基本概念,267,教材在“多处理器的基本概念”中出现或讲解“SIMD”；本节点概括为：单指令流多数据流的并行处理模型。
CO_MOD_009,MIMD,Model,计算机组成原理,多处理器的基本概念,多指令流多数据流的并行处理模型。,multiple instruction multiple data,3,4,王道2027计组，多处理器的基本概念，教材p267（PDF页278）,多处理器的基本概念,267,教材在“多处理器的基本概念”中出现或讲解“MIMD”；本节点概括为：多指令流多数据流的并行处理模型。
CO_MEC_035,硬件多线程,Mechanism,计算机组成原理,多处理器的基本概念,处理器硬件同时维护多个线程状态以提高利用率的技术。,hardware multithreading,4,3,王道2027计组，多处理器的基本概念，教材p268（PDF页279）,多处理器的基本概念,268,教材在“多处理器的基本概念”中出现或讲解“硬件多线程”；本节点概括为：处理器硬件同时维护多个线程状态以提高利用率的技术。
CO_OBJ_032,多核处理器,ComputingObject,计算机组成原理,多处理器的基本概念,在一个芯片上集成多个处理核心的处理器。,multi-core processor,3,4,王道2027计组，多处理器的基本概念，教材p269（PDF页280）,多处理器的基本概念,269,教材在“多处理器的基本概念”中出现或讲解“多核处理器”；本节点概括为：在一个芯片上集成多个处理核心的处理器。
CO_MOD_010,共享内存多处理器,Model,计算机组成原理,多处理器的基本概念,多个处理器共享同一地址空间的多处理器系统。,shared-memory multiprocessor,4,4,王道2027计组，多处理器的基本概念，教材p269（PDF页280）,多处理器的基本概念,269,教材在“多处理器的基本概念”中出现或讲解“共享内存多处理器”；本节点概括为：多个处理器共享同一地址空间的多处理器系统。
CO_OBJ_033,数据总线,ComputingObject,计算机组成原理,总线概述,传输数据信息的总线。,data bus,2,4,王道2027计组，总线概述，教材p274（PDF页285）,总线概述,274,教材在“总线概述”中出现或讲解“数据总线”；本节点概括为：传输数据信息的总线。
CO_OBJ_034,地址总线,ComputingObject,计算机组成原理,总线概述,传输地址信息的总线。,address bus,2,4,王道2027计组，总线概述，教材p274（PDF页285）,总线概述,274,教材在“总线概述”中出现或讲解“地址总线”；本节点概括为：传输地址信息的总线。
CO_OBJ_035,控制总线,ComputingObject,计算机组成原理,总线概述,传输控制和状态信号的总线。,control bus,2,4,王道2027计组，总线概述，教材p275（PDF页286）,总线概述,275,教材在“总线概述”中出现或讲解“控制总线”；本节点概括为：传输控制和状态信号的总线。
CO_OBJ_036,片内总线,ComputingObject,计算机组成原理,总线概述,芯片内部部件之间的连接通路。,on-chip bus,2,3,王道2027计组，总线概述，教材p274（PDF页285）,总线概述,274,教材在“总线概述”中出现或讲解“片内总线”；本节点概括为：芯片内部部件之间的连接通路。
CO_OBJ_037,系统总线,ComputingObject,计算机组成原理,总线概述,连接CPU、主存和I/O接口等主要部件的总线。,system bus,3,5,王道2027计组，总线概述，教材p274（PDF页285）,总线概述,274,教材在“总线概述”中出现或讲解“系统总线”；本节点概括为：连接CPU、主存和I/O接口等主要部件的总线。
CO_OBJ_038,I/O总线,ComputingObject,计算机组成原理,总线概述,连接I/O设备和主机系统的总线。,I/O bus,3,4,王道2027计组，总线概述，教材p275（PDF页286）,总线概述,275,教材在“总线概述”中出现或讲解“I/O总线”；本节点概括为：连接I/O设备和主机系统的总线。
CO_MET_016,总线带宽,Metric,计算机组成原理,总线概述,单位时间内总线可传输的数据量。,bus bandwidth,3,5,王道2027计组，总线概述，教材p274（PDF页285）,总线概述,274,教材在“总线概述”中出现或讲解“总线带宽”；本节点概括为：单位时间内总线可传输的数据量。
CO_MET_017,总线周期,Metric,计算机组成原理,总线概述,完成一次总线操作所需时间。,bus cycle,3,4,王道2027计组，总线概述，教材p276（PDF页287）,总线概述,276,教材在“总线概述”中出现或讲解“总线周期”；本节点概括为：完成一次总线操作所需时间。
CO_MOD_011,总线结构,Model,计算机组成原理,总线概述,总线在系统中的连接组织方式。,bus structure,3,4,王道2027计组，总线概述，教材p274（PDF页285）,总线概述,274,教材在“总线概述”中出现或讲解“总线结构”；本节点概括为：总线在系统中的连接组织方式。
CO_PTC_001,总线事务,Protocol,计算机组成原理,总线事务和定时,一次完整总线操作过程，包括申请、寻址、传输和结束等。,bus transaction,4,5,王道2027计组，总线事务和定时，教材p283（PDF页294）,总线事务和定时,283,教材在“总线事务和定时”中出现或讲解“总线事务”；本节点概括为：一次完整总线操作过程，包括申请、寻址、传输和结束等。
CO_OPE_018,读事务,Operation,计算机组成原理,总线事务和定时,通过总线从目标部件读取数据的事务。,read transaction,3,4,王道2027计组，总线事务和定时，教材p283-290（PDF页294起）,总线事务和定时,283,根据“总线事务和定时”的目录和知识点归纳入图；本节点概括为：通过总线从目标部件读取数据的事务。
CO_OPE_019,写事务,Operation,计算机组成原理,总线事务和定时,通过总线向目标部件写入数据的事务。,write transaction,3,4,王道2027计组，总线事务和定时，教材p283-290（PDF页294起）,总线事务和定时,283,根据“总线事务和定时”的目录和知识点归纳入图；本节点概括为：通过总线向目标部件写入数据的事务。
CO_MEC_036,总线定时,Mechanism,计算机组成原理,总线事务和定时,规定总线通信中各信号时序关系的机制。,bus timing,4,5,王道2027计组，总线事务和定时，教材p284（PDF页295）,总线事务和定时,284,教材在“总线事务和定时”中出现或讲解“总线定时”；本节点概括为：规定总线通信中各信号时序关系的机制。
CO_MEC_037,同步定时,Mechanism,计算机组成原理,总线事务和定时,以统一时钟控制总线操作的定时方式。,synchronous timing,3,4,王道2027计组，总线事务和定时，教材p284（PDF页295）,总线事务和定时,284,教材在“总线事务和定时”中出现或讲解“同步定时”；本节点概括为：以统一时钟控制总线操作的定时方式。
CO_MEC_038,异步定时,Mechanism,计算机组成原理,总线事务和定时,通过握手信号协调总线操作的定时方式。,asynchronous timing,4,4,王道2027计组，总线事务和定时，教材p285（PDF页296）,总线事务和定时,285,教材在“总线事务和定时”中出现或讲解“异步定时”；本节点概括为：通过握手信号协调总线操作的定时方式。
CO_MEC_039,半同步定时,Mechanism,计算机组成原理,总线事务和定时,兼具同步控制和等待响应的总线定时方式。,semi-synchronous timing,4,3,王道2027计组，总线事务和定时，教材p285（PDF页296）,总线事务和定时,285,教材在“总线事务和定时”中出现或讲解“半同步定时”；本节点概括为：兼具同步控制和等待响应的总线定时方式。
CO_PRB_007,总线仲裁,Problem,计算机组成原理,总线事务和定时,多个主设备竞争总线使用权时的分配问题。,bus arbitration,4,4,王道2027计组，总线事务和定时，教材p286（PDF页297）,总线事务和定时,286,教材在“总线事务和定时”中出现或讲解“总线仲裁”；本节点概括为：多个主设备竞争总线使用权时的分配问题。
CO_CON_047,I/O系统,Concept,计算机组成原理,I/O系统基本概念,连接主机与外部设备并完成输入输出的系统。,input/output system,3,5,王道2027计组，I/O系统基本概念，教材p291（PDF页302）,I/O系统基本概念,291,教材在“I/O系统基本概念”中出现或讲解“I/O系统”；本节点概括为：连接主机与外部设备并完成输入输出的系统。
CO_OBJ_039,外部设备,ComputingObject,计算机组成原理,I/O系统基本概念,与主机交换信息的输入、输出或外存设备。,peripheral,2,4,王道2027计组，I/O系统基本概念，教材p291（PDF页302）,I/O系统基本概念,291,教材在“I/O系统基本概念”中出现或讲解“外部设备”；本节点概括为：与主机交换信息的输入、输出或外存设备。
CO_OBJ_040,I/O端口,ComputingObject,计算机组成原理,I/O接口,CPU访问I/O接口内部寄存器的地址单元。,I/O port,4,5,王道2027计组，I/O接口，教材p293（PDF页304）,I/O接口,293,教材在“I/O接口”中出现或讲解“I/O端口”；本节点概括为：CPU访问I/O接口内部寄存器的地址单元。
CO_MEC_040,统一编址,Mechanism,计算机组成原理,I/O接口,I/O端口与主存统一在一个地址空间中编址。,memory-mapped I/O,4,4,王道2027计组，I/O接口，教材p295（PDF页306）,I/O接口,295,教材在“I/O接口”中出现或讲解“统一编址”；本节点概括为：I/O端口与主存统一在一个地址空间中编址。
CO_MEC_041,独立编址,Mechanism,计算机组成原理,I/O接口,I/O端口拥有独立于主存的地址空间。,isolated I/O,4,4,王道2027计组，I/O接口，教材p295（PDF页306）,I/O接口,295,教材在“I/O接口”中出现或讲解“独立编址”；本节点概括为：I/O端口拥有独立于主存的地址空间。
CO_OBJ_041,数据寄存器,ComputingObject,计算机组成原理,I/O接口,I/O接口中暂存输入输出数据的寄存器。,data register,3,4,王道2027计组，I/O接口，教材p293-298（PDF页304起）,I/O接口,293,根据“I/O接口”的目录和知识点归纳入图；本节点概括为：I/O接口中暂存输入输出数据的寄存器。
CO_OBJ_042,状态寄存器,ComputingObject,计算机组成原理,I/O接口,I/O接口中保存设备状态的寄存器。,status register,3,4,王道2027计组，I/O接口，教材p294（PDF页305）,I/O接口,294,教材在“I/O接口”中出现或讲解“状态寄存器”；本节点概括为：I/O接口中保存设备状态的寄存器。
CO_OBJ_043,控制寄存器,ComputingObject,计算机组成原理,I/O接口,I/O接口中保存控制命令的寄存器。,control register,3,4,王道2027计组，I/O接口，教材p294（PDF页305）,I/O接口,294,教材在“I/O接口”中出现或讲解“控制寄存器”；本节点概括为：I/O接口中保存控制命令的寄存器。
CO_MEC_042,程序查询方式,Mechanism,计算机组成原理,I/O方式,CPU反复查询设备状态并完成数据传送的I/O方式。,polling,3,5,王道2027计组，I/O方式，教材p299（PDF页310）,I/O方式,299,教材在“I/O方式”中出现或讲解“程序查询方式”；本节点概括为：CPU反复查询设备状态并完成数据传送的I/O方式。
CO_MEC_043,程序中断方式,Mechanism,计算机组成原理,I/O方式,设备就绪后通过中断通知CPU进行处理的I/O方式。,interrupt-driven I/O,4,5,王道2027计组，I/O方式，教材p300（PDF页311）,I/O方式,300,教材在“I/O方式”中出现或讲解“程序中断方式”；本节点概括为：设备就绪后通过中断通知CPU进行处理的I/O方式。
CO_MEC_044,DMA方式,Mechanism,计算机组成原理,I/O方式,外设与主存之间直接成批传送数据、减少CPU干预的I/O方式。,direct memory access,4,5,王道2027计组，I/O方式，教材p305（PDF页316）,I/O方式,305,教材在“I/O方式”中出现或讲解“DMA方式”；本节点概括为：外设与主存之间直接成批传送数据、减少CPU干预的I/O方式。
CO_OBJ_044,DMA控制器,ComputingObject,计算机组成原理,I/O方式,控制DMA传送过程的专用部件。,DMAC,4,5,王道2027计组，I/O方式，教材p306（PDF页317）,I/O方式,306,教材在“I/O方式”中出现或讲解“DMA控制器”；本节点概括为：控制DMA传送过程的专用部件。
CO_MET_018,CPU利用率,Metric,计算机组成原理,I/O方式,CPU有效执行程序时间占总时间的比例。,CPU utilization,3,4,王道2027计组，I/O方式，教材p299-327（PDF页310起）,I/O方式,299,根据“I/O方式”的目录和知识点归纳入图；本节点概括为：CPU有效执行程序时间占总时间的比例。
CO_MET_019,数据传输效率,Metric,计算机组成原理,I/O方式,I/O数据传输的效率或速度。,I/O throughput,3,4,王道2027计组，I/O方式，教材p299-327（PDF页310起）,I/O方式,299,根据“I/O方式”的目录和知识点归纳入图；本节点概括为：I/O数据传输的效率或速度。
CO_PRP_005,透明性,Property,计算机组成原理,虚拟存储器,底层机制对上层程序员不可见或不必关心的性质。,transparent,3,3,王道2027计组，虚拟存储器，教材p130-147（PDF页141起）,虚拟存储器,130,根据“虚拟存储器”的目录和知识点归纳入图；本节点概括为：底层机制对上层程序员不可见或不必关心的性质。
CO_MET_020,中断优先级,Metric,计算机组成原理,异常和中断机制,多个中断源同时请求时的响应或处理先后顺序。,interrupt priority,4,4,王道2027计组，异常和中断机制，教材p242-246（PDF页253起）,异常和中断机制,242,根据“异常和中断机制”的目录和知识点归纳入图；本节点概括为：多个中断源同时请求时的响应或处理先后顺序。
CO_PRP_006,高速性,Property,计算机组成原理,高速缓冲存储器,访问速度高、靠近CPU的性质。,,2,3,王道2027计组，高速缓冲存储器，教材p109-129（PDF页120起）,高速缓冲存储器,109,根据“高速缓冲存储器”的目录和知识点归纳入图；本节点概括为：访问速度高、靠近CPU的性质。
CO_PRP_007,非易失性,Property,计算机组成原理,主存储器,断电后数据仍可保持的性质。,,2,3,王道2027计组，主存储器，教材p85（PDF页96）,主存储器,85,教材在“主存储器”中出现或讲解“非易失性”；本节点概括为：断电后数据仍可保持的性质。
CO_PRP_008,并行性,Property,计算机组成原理,多处理器的基本概念,多个操作可同时进行的性质。,,2,3,王道2027计组，多处理器的基本概念，教材p267-273（PDF页278起）,多处理器的基本概念,267,根据“多处理器的基本概念”的目录和知识点归纳入图；本节点概括为：多个操作可同时进行的性质。
CN_CRS_001,计算机网络,Course,计算机网络,,由分散自治的计算机系统经通信设备和线路互连，并依靠协议实现资源共享与信息传递的系统。,"计网,网络,Computer Network",3,5,王道2027计网，内容简介，PDF页2,内容简介,2,教材内容简介说明本书包括网络体系结构、物理层、数据链路层、网络层、传输层、应用层等内容；本节点概括为：由分散自治的计算机系统经通信设备和线路互连，并依靠协议实现资源共享与信息传递的系统。
CN_TOP_001,第1章 计算机网络体系结构,Topic,计算机网络,第1章 计算机网络体系结构,建立计算机网络概念、组成、交换方式、性能指标、分层结构与参考模型的基础认识。,,3,5,王道2027计网，第1章 计算机网络体系结构，教材p1（PDF页12）,第1章 计算机网络体系结构,1,教材在“第1章 计算机网络体系结构”中出现或讲解“第1章 计算机网络体系结构”；本节点概括为：建立计算机网络概念、组成、交换方式、性能指标、分层结构与参考模型的基础认识。
CN_TOP_002,计算机网络概述,Topic,计算机网络,第1章 计算机网络体系结构,从整体上介绍计算机网络概述的基本对象、作用、结构和常见考点。,,3,4,王道2027计网，计算机网络概述，教材p1（PDF页12）,计算机网络概述,1,教材在“计算机网络概述”中出现或讲解“计算机网络概述”；本节点概括为：从整体上介绍计算机网络概述的基本对象、作用、结构和常见考点。
CN_TOP_003,计算机网络的概念,Concept,计算机网络,第1章 计算机网络体系结构,说明网络、互连网、互联网、ISP等基本术语及计算机网络的基本定义。,,2,4,王道2027计网，计算机网络的概念，教材p1（PDF页12）,计算机网络的概念,1,教材在“计算机网络的概念”中出现或讲解“计算机网络的概念”；本节点概括为：说明网络、互连网、互联网、ISP等基本术语及计算机网络的基本定义。
CN_TOP_004,计算机网络的组成,Concept,计算机网络,第1章 计算机网络体系结构,从组成部分、工作方式和功能组成三个角度说明网络硬件、软件、协议、边缘/核心和通信/资源子网。,,2,4,王道2027计网，计算机网络的组成，教材p2（PDF页13）,计算机网络的组成,2,教材在“计算机网络的组成”中出现或讲解“计算机网络的组成”；本节点概括为：从组成部分、工作方式和功能组成三个角度说明网络硬件、软件、协议、边缘/核心和通信/资源子网。
CN_TOP_005,计算机网络的功能,Concept,计算机网络,第1章 计算机网络体系结构,概括数据通信、资源共享、分布式处理、可靠性提升和负载均衡等网络作用。,,2,4,王道2027计网，计算机网络的功能，教材p2（PDF页13）,计算机网络的功能,2,教材在“计算机网络的功能”中出现或讲解“计算机网络的功能”；本节点概括为：概括数据通信、资源共享、分布式处理、可靠性提升和负载均衡等网络作用。
CN_TOP_006,数据通信,Concept,计算机网络,第1章 计算机网络体系结构,属于“计算机网络的功能”下的核心知识点，用于理解第1章 计算机网络体系结构中的相关原理和考点。,,3,4,王道2027计网，数据通信，教材p2（PDF页13）,数据通信,2,教材在“数据通信”中出现或讲解“数据通信”；本节点概括为：属于“计算机网络的功能”下的核心知识点，用于理解第1章 计算机网络体系结构中的相关原理和考点。
CN_TOP_007,资源共享,Concept,计算机网络,第1章 计算机网络体系结构,属于“计算机网络的功能”下的核心知识点，用于理解第1章 计算机网络体系结构中的相关原理和考点。,,3,4,王道2027计网，资源共享，教材p2（PDF页13）,资源共享,2,教材在“资源共享”中出现或讲解“资源共享”；本节点概括为：属于“计算机网络的功能”下的核心知识点，用于理解第1章 计算机网络体系结构中的相关原理和考点。
CN_TOP_008,分布式处理,Concept,计算机网络,第1章 计算机网络体系结构,属于“计算机网络的功能”下的核心知识点，用于理解第1章 计算机网络体系结构中的相关原理和考点。,,3,4,王道2027计网，分布式处理，教材p2（PDF页13）,分布式处理,2,教材在“分布式处理”中出现或讲解“分布式处理”；本节点概括为：属于“计算机网络的功能”下的核心知识点，用于理解第1章 计算机网络体系结构中的相关原理和考点。
CN_TOP_009,提高可靠性,Concept,计算机网络,第1章 计算机网络体系结构,属于“计算机网络的功能”下的核心知识点，用于理解第1章 计算机网络体系结构中的相关原理和考点。,,4,4,王道2027计网，提高可靠性，教材p2（PDF页13）,提高可靠性,2,教材在“提高可靠性”中出现或讲解“提高可靠性”；本节点概括为：属于“计算机网络的功能”下的核心知识点，用于理解第1章 计算机网络体系结构中的相关原理和考点。
CN_TOP_010,负载均衡,Concept,计算机网络,第1章 计算机网络体系结构,属于“计算机网络的功能”下的核心知识点，用于理解第1章 计算机网络体系结构中的相关原理和考点。,,3,4,王道2027计网，负载均衡，教材p3（PDF页14）,负载均衡,3,教材在“负载均衡”中出现或讲解“负载均衡”；本节点概括为：属于“计算机网络的功能”下的核心知识点，用于理解第1章 计算机网络体系结构中的相关原理和考点。
CN_TOP_011,电路交换、报文交换与分组交换,DataStructure,计算机网络,第1章 计算机网络体系结构,描述电路交换、报文交换与分组交换的数据组织方式、字段含义或标识作用。,,3,5,王道2027计网，电路交换、报文交换与分组交换，教材p3（PDF页14）,电路交换、报文交换与分组交换,3,教材在“电路交换、报文交换与分组交换”中出现或讲解“电路交换、报文交换与分组交换”；本节点概括为：描述电路交换、报文交换与分组交换的数据组织方式、字段含义或标识作用。
CN_TOP_012,电路交换,Mechanism,计算机网络,第1章 计算机网络体系结构,通信前建立端到端专用物理通路，通信期间独占线路，适合连续、大量、实时的数据传输。,,3,4,王道2027计网，电路交换，教材p3（PDF页14）,电路交换,3,教材在“电路交换”中出现或讲解“电路交换”；本节点概括为：通信前建立端到端专用物理通路，通信期间独占线路，适合连续、大量、实时的数据传输。
CN_TOP_013,报文交换,DataStructure,计算机网络,第1章 计算机网络体系结构,以完整报文为单位进行存储转发，无需预先建立连接，但节点缓存和时延开销较大。,,3,4,王道2027计网，报文交换，教材p3（PDF页14）,报文交换,3,教材在“报文交换”中出现或讲解“报文交换”；本节点概括为：以完整报文为单位进行存储转发，无需预先建立连接，但节点缓存和时延开销较大。
CN_TOP_014,分组交换,DataStructure,计算机网络,第1章 计算机网络体系结构,把报文划分为较小分组并逐跳存储转发，适合突发式数据通信，是现代计算机网络核心方式。,,3,5,王道2027计网，分组交换，教材p4（PDF页15）,分组交换,4,教材在“分组交换”中出现或讲解“分组交换”；本节点概括为：把报文划分为较小分组并逐跳存储转发，适合突发式数据通信，是现代计算机网络核心方式。
CN_TOP_015,计算机网络的分类,Concept,计算机网络,第1章 计算机网络体系结构,属于“计算机网络概述”下的核心知识点，用于理解第1章 计算机网络体系结构中的相关原理和考点。,,2,4,王道2027计网，计算机网络的分类，教材p5（PDF页16）,计算机网络的分类,5,教材在“计算机网络的分类”中出现或讲解“计算机网络的分类”；本节点概括为：属于“计算机网络概述”下的核心知识点，用于理解第1章 计算机网络体系结构中的相关原理和考点。
CN_TOP_016,按分布范围分类,Concept,计算机网络,第1章 计算机网络体系结构,属于“计算机网络的分类”下的核心知识点，用于理解第1章 计算机网络体系结构中的相关原理和考点。,,2,4,王道2027计网，按分布范围分类，教材p5（PDF页16）,按分布范围分类,5,教材在“按分布范围分类”中出现或讲解“按分布范围分类”；本节点概括为：属于“计算机网络的分类”下的核心知识点，用于理解第1章 计算机网络体系结构中的相关原理和考点。
CN_TOP_017,按传输技术分类,Concept,计算机网络,第1章 计算机网络体系结构,属于“计算机网络的分类”下的核心知识点，用于理解第1章 计算机网络体系结构中的相关原理和考点。,,2,4,王道2027计网，按传输技术分类，教材p6（PDF页17）,按传输技术分类,6,教材在“按传输技术分类”中出现或讲解“按传输技术分类”；本节点概括为：属于“计算机网络的分类”下的核心知识点，用于理解第1章 计算机网络体系结构中的相关原理和考点。
CN_TOP_018,按拓扑结构分类,Concept,计算机网络,第1章 计算机网络体系结构,属于“计算机网络的分类”下的核心知识点，用于理解第1章 计算机网络体系结构中的相关原理和考点。,,2,4,王道2027计网，按拓扑结构分类，教材p6（PDF页17）,按拓扑结构分类,6,教材在“按拓扑结构分类”中出现或讲解“按拓扑结构分类”；本节点概括为：属于“计算机网络的分类”下的核心知识点，用于理解第1章 计算机网络体系结构中的相关原理和考点。
CN_TOP_019,按使用者分类,Concept,计算机网络,第1章 计算机网络体系结构,属于“计算机网络的分类”下的核心知识点，用于理解第1章 计算机网络体系结构中的相关原理和考点。,,2,4,王道2027计网，按使用者分类，教材p6（PDF页17）,按使用者分类,6,教材在“按使用者分类”中出现或讲解“按使用者分类”；本节点概括为：属于“计算机网络的分类”下的核心知识点，用于理解第1章 计算机网络体系结构中的相关原理和考点。
CN_TOP_020,按传输介质分类,ComputingObject,计算机网络,第1章 计算机网络体系结构,属于“计算机网络的分类”下的核心知识点，用于理解第1章 计算机网络体系结构中的相关原理和考点。,,2,4,王道2027计网，按传输介质分类，教材p6（PDF页17）,按传输介质分类,6,教材在“按传输介质分类”中出现或讲解“按传输介质分类”；本节点概括为：属于“计算机网络的分类”下的核心知识点，用于理解第1章 计算机网络体系结构中的相关原理和考点。
CN_TOP_021,计算机网络的性能指标,Metric,计算机网络,第1章 计算机网络体系结构,用速率、带宽、吞吐量、时延、时延带宽积、往返时延和信道利用率等指标衡量网络性能。,,3,5,王道2027计网，计算机网络的性能指标，教材p7（PDF页18）,计算机网络的性能指标,7,教材在“计算机网络的性能指标”中出现或讲解“计算机网络的性能指标”；本节点概括为：用速率、带宽、吞吐量、时延、时延带宽积、往返时延和信道利用率等指标衡量网络性能。
CN_TOP_022,计算机网络体系结构与参考模型,Topic,计算机网络,第1章 计算机网络体系结构,用于抽象描述计算机网络体系结构与参考模型的组成层次、交互关系或工作方式。,,3,4,王道2027计网，计算机网络体系结构与参考模型，教材p15（PDF页26）,计算机网络体系结构与参考模型,15,教材在“计算机网络体系结构与参考模型”中出现或讲解“计算机网络体系结构与参考模型”；本节点概括为：用于抽象描述计算机网络体系结构与参考模型的组成层次、交互关系或工作方式。
CN_TOP_023,计算机网络分层结构,Concept,计算机网络,第1章 计算机网络体系结构,把复杂通信过程划分为相互配合的层次，每层向上提供服务并使用下层服务。,,3,4,王道2027计网，计算机网络分层结构，教材p15（PDF页26）,计算机网络分层结构,15,教材在“计算机网络分层结构”中出现或讲解“计算机网络分层结构”；本节点概括为：把复杂通信过程划分为相互配合的层次，每层向上提供服务并使用下层服务。
CN_TOP_024,计算机网络协议、服务、接口的概念,Protocol,计算机网络,第1章 计算机网络体系结构,区分协议、服务与接口三类概念，理解分层体系结构中同层通信和相邻层交互。,,2,4,王道2027计网，计算机网络协议、服务、接口的概念，教材p16（PDF页27）,计算机网络协议、服务、接口的概念,16,教材在“计算机网络协议、服务、接口的概念”中出现或讲解“计算机网络协议、服务、接口的概念”；本节点概括为：区分协议、服务与接口三类概念，理解分层体系结构中同层通信和相邻层交互。
CN_TOP_025,协议,Protocol,计算机网络,第1章 计算机网络体系结构,规定协议相关通信实体之间的报文格式、交互过程和处理规则。,,3,4,王道2027计网，协议，教材p16（PDF页27）,协议,16,教材在“协议”中出现或讲解“协议”；本节点概括为：规定协议相关通信实体之间的报文格式、交互过程和处理规则。
CN_TOP_026,接口,Concept,计算机网络,第1章 计算机网络体系结构,属于“计算机网络协议、服务、接口的概念”下的核心知识点，用于理解第1章 计算机网络体系结构中的相关原理和考点。,,3,4,王道2027计网，接口，教材p16（PDF页27）,接口,16,教材在“接口”中出现或讲解“接口”；本节点概括为：属于“计算机网络协议、服务、接口的概念”下的核心知识点，用于理解第1章 计算机网络体系结构中的相关原理和考点。
CN_TOP_027,服务,Concept,计算机网络,第1章 计算机网络体系结构,属于“计算机网络协议、服务、接口的概念”下的核心知识点，用于理解第1章 计算机网络体系结构中的相关原理和考点。,,3,4,王道2027计网，服务，教材p17（PDF页28）,服务,17,教材在“服务”中出现或讲解“服务”；本节点概括为：属于“计算机网络协议、服务、接口的概念”下的核心知识点，用于理解第1章 计算机网络体系结构中的相关原理和考点。
CN_TOP_028,OSI参考模型和TCP/IP模型,Model,计算机网络,第1章 计算机网络体系结构,对比七层OSI参考模型和四/五层TCP/IP模型，说明各层功能及协议体系。,,4,5,王道2027计网，OSI参考模型和TCP/IP模型，教材p17（PDF页28）,OSI参考模型和TCP/IP模型,17,教材在“OSI参考模型和TCP/IP模型”中出现或讲解“OSI参考模型和TCP/IP模型”；本节点概括为：对比七层OSI参考模型和四/五层TCP/IP模型，说明各层功能及协议体系。
CN_TOP_029,OSI参考模型,Model,计算机网络,第1章 计算机网络体系结构,用于抽象描述OSI参考模型的组成层次、交互关系或工作方式。,"ISO/OSI模型, OSI七层模型",3,5,王道2027计网，OSI参考模型，教材p17（PDF页28）,OSI参考模型,17,教材在“OSI参考模型”中出现或讲解“OSI参考模型”；本节点概括为：用于抽象描述OSI参考模型的组成层次、交互关系或工作方式。
CN_TOP_030,TCP/IP模型,Model,计算机网络,第1章 计算机网络体系结构,用于抽象描述TCP/IP模型的组成层次、交互关系或工作方式。,"TCP/IP参考模型, Internet协议栈",4,5,王道2027计网，TCP/IP模型，教材p20（PDF页31）,TCP/IP模型,20,教材在“TCP/IP模型”中出现或讲解“TCP/IP模型”；本节点概括为：用于抽象描述TCP/IP模型的组成层次、交互关系或工作方式。
CN_TOP_031,TCP/IP模型与OSI参考模型的比较,Model,计算机网络,第1章 计算机网络体系结构,用于抽象描述TCP/IP模型与OSI参考模型的比较的组成层次、交互关系或工作方式。,,4,5,王道2027计网，TCP/IP模型与OSI参考模型的比较，教材p21（PDF页32）,TCP/IP模型与OSI参考模型的比较,21,教材在“TCP/IP模型与OSI参考模型的比较”中出现或讲解“TCP/IP模型与OSI参考模型的比较”；本节点概括为：用于抽象描述TCP/IP模型与OSI参考模型的比较的组成层次、交互关系或工作方式。
CN_TOP_032,第2章 物理层,Topic,计算机网络,第2章 物理层,研究比特在物理介质上的传输，包括信道容量、编码调制、传输介质和物理层设备。,,3,5,王道2027计网，第2章 物理层，教材p30（PDF页41）,第2章 物理层,30,教材在“第2章 物理层”中出现或讲解“第2章 物理层”；本节点概括为：研究比特在物理介质上的传输，包括信道容量、编码调制、传输介质和物理层设备。
CN_TOP_033,通信基础,Topic,计算机网络,第2章 物理层,属于“第2章 物理层”下的核心知识点，用于理解第2章 物理层中的相关原理和考点。,,3,4,王道2027计网，通信基础，教材p30（PDF页41）,通信基础,30,教材在“通信基础”中出现或讲解“通信基础”；本节点概括为：属于“第2章 物理层”下的核心知识点，用于理解第2章 物理层中的相关原理和考点。
CN_TOP_034,通信基础：基本概念,Concept,计算机网络,第2章 物理层,梳理通信基础：基本概念涉及的基础术语、组成对象和相互关系。,,2,4,王道2027计网，通信基础：基本概念，教材p30（PDF页41）,通信基础：基本概念,30,教材在“通信基础：基本概念”中出现或讲解“通信基础：基本概念”；本节点概括为：梳理通信基础：基本概念涉及的基础术语、组成对象和相互关系。
CN_TOP_035,数据、信号与码元,DataStructure,计算机网络,第2章 物理层,属于“通信基础：基本概念”下的核心知识点，用于理解第2章 物理层中的相关原理和考点。,,3,4,王道2027计网，数据、信号与码元，教材p30（PDF页41）,数据、信号与码元,30,教材在“数据、信号与码元”中出现或讲解“数据、信号与码元”；本节点概括为：属于“通信基础：基本概念”下的核心知识点，用于理解第2章 物理层中的相关原理和考点。
CN_TOP_036,信源、信道与信宿,Concept,计算机网络,第2章 物理层,属于“通信基础：基本概念”下的核心知识点，用于理解第2章 物理层中的相关原理和考点。,,3,4,王道2027计网，信源、信道与信宿，教材p30（PDF页41）,信源、信道与信宿,30,教材在“信源、信道与信宿”中出现或讲解“信源、信道与信宿”；本节点概括为：属于“通信基础：基本概念”下的核心知识点，用于理解第2章 物理层中的相关原理和考点。
CN_TOP_037,速率、波特与带宽,Metric,计算机网络,第2章 物理层,属于“通信基础：基本概念”下的核心知识点，用于理解第2章 物理层中的相关原理和考点。,,3,4,王道2027计网，速率、波特与带宽，教材p31（PDF页42）,速率、波特与带宽,31,教材在“速率、波特与带宽”中出现或讲解“速率、波特与带宽”；本节点概括为：属于“通信基础：基本概念”下的核心知识点，用于理解第2章 物理层中的相关原理和考点。
CN_TOP_038,信道的极限容量,Metric,计算机网络,第2章 物理层,属于“通信基础”下的核心知识点，用于理解第2章 物理层中的相关原理和考点。,,5,4,王道2027计网，信道的极限容量，教材p31（PDF页42）,信道的极限容量,31,教材在“信道的极限容量”中出现或讲解“信道的极限容量”；本节点概括为：属于“通信基础”下的核心知识点，用于理解第2章 物理层中的相关原理和考点。
CN_TOP_039,奈奎斯特定理（奈氏准则）,Algorithm,计算机网络,第2章 物理层,属于“信道的极限容量”下的核心知识点，用于理解第2章 物理层中的相关原理和考点。,,3,4,王道2027计网，奈奎斯特定理（奈氏准则），教材p32（PDF页43）,奈奎斯特定理（奈氏准则）,32,教材在“奈奎斯特定理（奈氏准则）”中出现或讲解“奈奎斯特定理（奈氏准则）”；本节点概括为：属于“信道的极限容量”下的核心知识点，用于理解第2章 物理层中的相关原理和考点。
CN_TOP_040,香农定理,Algorithm,计算机网络,第2章 物理层,描述有噪声信道在给定带宽和信噪比条件下的极限信息传输速率。,Shannon theorem,3,4,王道2027计网，香农定理，教材p32（PDF页43）,香农定理,32,教材在“香农定理”中出现或讲解“香农定理”；本节点概括为：描述有噪声信道在给定带宽和信噪比条件下的极限信息传输速率。
CN_TOP_041,编码与调制,Mechanism,计算机网络,第2章 物理层,研究数据与信号之间的变换，包括数字编码、模拟编码和调制方式。,,4,4,王道2027计网，编码与调制，教材p33（PDF页44）,编码与调制,33,教材在“编码与调制”中出现或讲解“编码与调制”；本节点概括为：研究数据与信号之间的变换，包括数字编码、模拟编码和调制方式。
CN_TOP_042,数字数据编码为数字信号,DataStructure,计算机网络,第2章 物理层,说明数字数据编码为数字信号的基本原理、处理流程和适用场景。,,4,4,王道2027计网，数字数据编码为数字信号，教材p33（PDF页44）,数字数据编码为数字信号,33,教材在“数字数据编码为数字信号”中出现或讲解“数字数据编码为数字信号”；本节点概括为：说明数字数据编码为数字信号的基本原理、处理流程和适用场景。
CN_TOP_043,模拟数据编码为数字信号,DataStructure,计算机网络,第2章 物理层,说明模拟数据编码为数字信号的基本原理、处理流程和适用场景。,,4,4,王道2027计网，模拟数据编码为数字信号，教材p34（PDF页45）,模拟数据编码为数字信号,34,教材在“模拟数据编码为数字信号”中出现或讲解“模拟数据编码为数字信号”；本节点概括为：说明模拟数据编码为数字信号的基本原理、处理流程和适用场景。
CN_TOP_044,数字数据调制为模拟信号,DataStructure,计算机网络,第2章 物理层,说明数字数据调制为模拟信号的基本原理、处理流程和适用场景。,,4,4,王道2027计网，数字数据调制为模拟信号，教材p34（PDF页45）,数字数据调制为模拟信号,34,教材在“数字数据调制为模拟信号”中出现或讲解“数字数据调制为模拟信号”；本节点概括为：说明数字数据调制为模拟信号的基本原理、处理流程和适用场景。
CN_TOP_045,模拟数据直接传输为模拟信号,DataStructure,计算机网络,第2章 物理层,属于“编码与调制”下的核心知识点，用于理解第2章 物理层中的相关原理和考点。,,3,4,王道2027计网，模拟数据直接传输为模拟信号，教材p35（PDF页46）,模拟数据直接传输为模拟信号,35,教材在“模拟数据直接传输为模拟信号”中出现或讲解“模拟数据直接传输为模拟信号”；本节点概括为：属于“编码与调制”下的核心知识点，用于理解第2章 物理层中的相关原理和考点。
CN_TOP_046,传输介质,Topic,计算机网络,第2章 物理层,属于“第2章 物理层”下的核心知识点，用于理解第2章 物理层中的相关原理和考点。,,3,4,王道2027计网，传输介质，教材p42（PDF页53）,传输介质,42,教材在“传输介质”中出现或讲解“传输介质”；本节点概括为：属于“第2章 物理层”下的核心知识点，用于理解第2章 物理层中的相关原理和考点。
CN_TOP_047,双绞线、同轴电缆、光纤与无线传输介质,ComputingObject,计算机网络,第2章 物理层,属于“传输介质”下的核心知识点，用于理解第2章 物理层中的相关原理和考点。,,3,4,王道2027计网，双绞线、同轴电缆、光纤与无线传输介质，教材p42（PDF页53）,双绞线、同轴电缆、光纤与无线传输介质,42,教材在“双绞线、同轴电缆、光纤与无线传输介质”中出现或讲解“双绞线、同轴电缆、光纤与无线传输介质”；本节点概括为：属于“传输介质”下的核心知识点，用于理解第2章 物理层中的相关原理和考点。
CN_TOP_048,双绞线,ComputingObject,计算机网络,第2章 物理层,由两根绝缘铜线绞合而成的有线传输介质，常用于以太网接入。,,3,4,王道2027计网，双绞线，教材p42（PDF页53）,双绞线,42,教材在“双绞线”中出现或讲解“双绞线”；本节点概括为：由两根绝缘铜线绞合而成的有线传输介质，常用于以太网接入。
CN_TOP_049,同轴电缆,ComputingObject,计算机网络,第2章 物理层,具有同心导体结构的有线介质，抗干扰能力较强。,,3,4,王道2027计网，同轴电缆，教材p42（PDF页53）,同轴电缆,42,教材在“同轴电缆”中出现或讲解“同轴电缆”；本节点概括为：具有同心导体结构的有线介质，抗干扰能力较强。
CN_TOP_050,光纤,ComputingObject,计算机网络,第2章 物理层,利用光信号传输数据的介质，具有带宽高、损耗低、抗电磁干扰强等特点。,,3,4,王道2027计网，光纤，教材p42（PDF页53）,光纤,42,教材在“光纤”中出现或讲解“光纤”；本节点概括为：利用光信号传输数据的介质，具有带宽高、损耗低、抗电磁干扰强等特点。
CN_TOP_051,无线传输介质,ComputingObject,计算机网络,第2章 物理层,利用电磁波在自由空间中传输数据的介质，包括无线电、微波和红外等。,,3,4,王道2027计网，无线传输介质，教材p43（PDF页54）,无线传输介质,43,教材在“无线传输介质”中出现或讲解“无线传输介质”；本节点概括为：利用电磁波在自由空间中传输数据的介质，包括无线电、微波和红外等。
CN_TOP_052,物理层接口的特性,Property,计算机网络,第2章 物理层,概括物理层接口的特性的主要性质、优势、限制和适用条件。,,3,4,王道2027计网，物理层接口的特性，教材p44（PDF页55）,物理层接口的特性,44,教材在“物理层接口的特性”中出现或讲解“物理层接口的特性”；本节点概括为：概括物理层接口的特性的主要性质、优势、限制和适用条件。
CN_TOP_053,物理层设备,Topic,计算机网络,第2章 物理层,说明物理层设备的工作层次、组成结构和转发/连接功能。,,3,4,王道2027计网，物理层设备，教材p46（PDF页57）,物理层设备,46,教材在“物理层设备”中出现或讲解“物理层设备”；本节点概括为：说明物理层设备的工作层次、组成结构和转发/连接功能。
CN_TOP_054,中继器,ComputingObject,计算机网络,第2章 物理层,工作在物理层，用于再生和放大信号，扩展物理网络覆盖范围。,,3,4,王道2027计网，中继器，教材p46（PDF页57）,中继器,46,教材在“中继器”中出现或讲解“中继器”；本节点概括为：工作在物理层，用于再生和放大信号，扩展物理网络覆盖范围。
CN_TOP_055,集线器,ComputingObject,计算机网络,第2章 物理层,多端口中继器，工作在物理层，把收到的比特转发到所有其他端口。,,3,4,王道2027计网，集线器，教材p46（PDF页57）,集线器,46,教材在“集线器”中出现或讲解“集线器”；本节点概括为：多端口中继器，工作在物理层，把收到的比特转发到所有其他端口。
CN_TOP_056,第3章 数据链路层,Topic,计算机网络,第3章 数据链路层,研究相邻节点间帧传输，包括组帧、差错控制、流量控制、介质访问控制、局域网和交换设备。,,3,5,王道2027计网，第3章 数据链路层，教材p50（PDF页61）,第3章 数据链路层,50,教材在“第3章 数据链路层”中出现或讲解“第3章 数据链路层”；本节点概括为：研究相邻节点间帧传输，包括组帧、差错控制、流量控制、介质访问控制、局域网和交换设备。
CN_TOP_057,数据链路层的功能,Topic,计算机网络,第3章 数据链路层,为相邻节点间的数据传输提供成帧、差错控制、流量控制、链路管理等功能。,,2,5,王道2027计网，数据链路层的功能，教材p50（PDF页61）,数据链路层的功能,50,教材在“数据链路层的功能”中出现或讲解“数据链路层的功能”；本节点概括为：为相邻节点间的数据传输提供成帧、差错控制、流量控制、链路管理等功能。
CN_TOP_058,数据链路层所处的地位,Concept,计算机网络,第3章 数据链路层,属于“数据链路层的功能”下的核心知识点，用于理解第3章 数据链路层中的相关原理和考点。,,3,5,王道2027计网，数据链路层所处的地位，教材p51（PDF页62）,数据链路层所处的地位,51,教材在“数据链路层所处的地位”中出现或讲解“数据链路层所处的地位”；本节点概括为：属于“数据链路层的功能”下的核心知识点，用于理解第3章 数据链路层中的相关原理和考点。
CN_TOP_059,链路管理,Concept,计算机网络,第3章 数据链路层,属于“数据链路层的功能”下的核心知识点，用于理解第3章 数据链路层中的相关原理和考点。,,3,4,王道2027计网，链路管理，教材p51（PDF页62）,链路管理,51,教材在“链路管理”中出现或讲解“链路管理”；本节点概括为：属于“数据链路层的功能”下的核心知识点，用于理解第3章 数据链路层中的相关原理和考点。
CN_TOP_060,封装成帧与透明传输,DataStructure,计算机网络,第3章 数据链路层,将网络层分组封装为帧，并保证帧定界符不会被数据内容误识别。,,3,4,王道2027计网，封装成帧与透明传输，教材p52（PDF页63）,封装成帧与透明传输,52,教材在“封装成帧与透明传输”中出现或讲解“封装成帧与透明传输”；本节点概括为：将网络层分组封装为帧，并保证帧定界符不会被数据内容误识别。
CN_TOP_061,流量控制,Mechanism,计算机网络,第3章 数据链路层,用于协调流量控制中的访问、差错、流量或拥塞问题。,,4,4,王道2027计网，流量控制，教材p52（PDF页63）,流量控制,52,教材在“流量控制”中出现或讲解“流量控制”；本节点概括为：用于协调流量控制中的访问、差错、流量或拥塞问题。
CN_TOP_062,差错检测与可靠传输,Problem,计算机网络,第3章 数据链路层,属于“数据链路层的功能”下的核心知识点，用于理解第3章 数据链路层中的相关原理和考点。,,4,4,王道2027计网，差错检测与可靠传输，教材p52（PDF页63）,差错检测与可靠传输,52,教材在“差错检测与可靠传输”中出现或讲解“差错检测与可靠传输”；本节点概括为：属于“数据链路层的功能”下的核心知识点，用于理解第3章 数据链路层中的相关原理和考点。
CN_TOP_063,组帧,Topic,计算机网络,第3章 数据链路层,描述组帧的数据组织方式、字段含义或标识作用。,,3,4,王道2027计网，组帧，教材p54（PDF页65）,组帧,54,教材在“组帧”中出现或讲解“组帧”；本节点概括为：描述组帧的数据组织方式、字段含义或标识作用。
CN_TOP_064,字符计数法,Concept,计算机网络,第3章 数据链路层,属于“组帧”下的核心知识点，用于理解第3章 数据链路层中的相关原理和考点。,,3,4,王道2027计网，字符计数法，教材p54（PDF页65）,字符计数法,54,教材在“字符计数法”中出现或讲解“字符计数法”；本节点概括为：属于“组帧”下的核心知识点，用于理解第3章 数据链路层中的相关原理和考点。
CN_TOP_065,字节填充法,Concept,计算机网络,第3章 数据链路层,属于“组帧”下的核心知识点，用于理解第3章 数据链路层中的相关原理和考点。,,3,4,王道2027计网，字节填充法，教材p54（PDF页65）,字节填充法,54,教材在“字节填充法”中出现或讲解“字节填充法”；本节点概括为：属于“组帧”下的核心知识点，用于理解第3章 数据链路层中的相关原理和考点。
CN_TOP_066,零比特填充法,Concept,计算机网络,第3章 数据链路层,属于“组帧”下的核心知识点，用于理解第3章 数据链路层中的相关原理和考点。,,3,4,王道2027计网，零比特填充法，教材p55（PDF页66）,零比特填充法,55,教材在“零比特填充法”中出现或讲解“零比特填充法”；本节点概括为：属于“组帧”下的核心知识点，用于理解第3章 数据链路层中的相关原理和考点。
CN_TOP_067,违规编码法,Mechanism,计算机网络,第3章 数据链路层,说明违规编码法的基本原理、处理流程和适用场景。,,4,4,王道2027计网，违规编码法，教材p55（PDF页66）,违规编码法,55,教材在“违规编码法”中出现或讲解“违规编码法”；本节点概括为：说明违规编码法的基本原理、处理流程和适用场景。
CN_TOP_068,差错控制,Topic,计算机网络,第3章 数据链路层,通过检错和纠错编码发现或纠正传输错误，提高帧传输可靠性。,,4,4,王道2027计网，差错控制，教材p56（PDF页67）,差错控制,56,教材在“差错控制”中出现或讲解“差错控制”；本节点概括为：通过检错和纠错编码发现或纠正传输错误，提高帧传输可靠性。
CN_TOP_069,检错编码,Mechanism,计算机网络,第3章 数据链路层,说明检错编码的基本原理、处理流程和适用场景。,,4,4,王道2027计网，检错编码，教材p57（PDF页68）,检错编码,57,教材在“检错编码”中出现或讲解“检错编码”；本节点概括为：说明检错编码的基本原理、处理流程和适用场景。
CN_TOP_070,奇偶检验码,Concept,计算机网络,第3章 数据链路层,属于“检错编码”下的核心知识点，用于理解第3章 数据链路层中的相关原理和考点。,,3,4,王道2027计网，奇偶检验码，教材p57（PDF页68）,奇偶检验码,57,教材在“奇偶检验码”中出现或讲解“奇偶检验码”；本节点概括为：属于“检错编码”下的核心知识点，用于理解第3章 数据链路层中的相关原理和考点。
CN_TOP_071,循环冗余码,Concept,计算机网络,第3章 数据链路层,基于多项式除法的常用检错编码，能有效检测突发错误。,CRC,3,4,王道2027计网，循环冗余码，教材p57（PDF页68）,循环冗余码,57,教材在“循环冗余码”中出现或讲解“循环冗余码”；本节点概括为：基于多项式除法的常用检错编码，能有效检测突发错误。
CN_TOP_072,纠错编码,Mechanism,计算机网络,第3章 数据链路层,说明纠错编码的基本原理、处理流程和适用场景。,,4,4,王道2027计网，纠错编码，教材p58（PDF页69）,纠错编码,58,教材在“纠错编码”中出现或讲解“纠错编码”；本节点概括为：说明纠错编码的基本原理、处理流程和适用场景。
CN_TOP_073,流量控制与可靠传输机制,Topic,计算机网络,第3章 数据链路层,用于协调流量控制与可靠传输机制中的访问、差错、流量或拥塞问题。,,5,4,王道2027计网，流量控制与可靠传输机制，教材p61（PDF页72）,流量控制与可靠传输机制,61,教材在“流量控制与可靠传输机制”中出现或讲解“流量控制与可靠传输机制”；本节点概括为：用于协调流量控制与可靠传输机制中的访问、差错、流量或拥塞问题。
CN_TOP_074,流量控制与滑动窗口机制,DataStructure,计算机网络,第3章 数据链路层,用于协调流量控制与滑动窗口机制中的访问、差错、流量或拥塞问题。,,5,4,王道2027计网，流量控制与滑动窗口机制，教材p61（PDF页72）,流量控制与滑动窗口机制,61,教材在“流量控制与滑动窗口机制”中出现或讲解“流量控制与滑动窗口机制”；本节点概括为：用于协调流量控制与滑动窗口机制中的访问、差错、流量或拥塞问题。
CN_TOP_075,停止-等待流量控制基本原理,Mechanism,计算机网络,第3章 数据链路层,用于协调停止-等待流量控制基本原理中的访问、差错、流量或拥塞问题。,,4,4,王道2027计网，停止-等待流量控制基本原理，教材p62（PDF页73）,停止-等待流量控制基本原理,62,教材在“停止-等待流量控制基本原理”中出现或讲解“停止-等待流量控制基本原理”；本节点概括为：用于协调停止-等待流量控制基本原理中的访问、差错、流量或拥塞问题。
CN_TOP_076,滑动窗口流量控制基本原理,DataStructure,计算机网络,第3章 数据链路层,通过发送窗口和接收窗口限制未确认帧数量，实现连续发送和流量控制。,,5,4,王道2027计网，滑动窗口流量控制基本原理，教材p62（PDF页73）,滑动窗口流量控制基本原理,62,教材在“滑动窗口流量控制基本原理”中出现或讲解“滑动窗口流量控制基本原理”；本节点概括为：通过发送窗口和接收窗口限制未确认帧数量，实现连续发送和流量控制。
CN_TOP_077,可靠传输机制,Mechanism,计算机网络,第3章 数据链路层,属于“流量控制与可靠传输机制”下的核心知识点，用于理解第3章 数据链路层中的相关原理和考点。,,4,4,王道2027计网，可靠传输机制，教材p63（PDF页74）,可靠传输机制,63,教材在“可靠传输机制”中出现或讲解“可靠传输机制”；本节点概括为：属于“流量控制与可靠传输机制”下的核心知识点，用于理解第3章 数据链路层中的相关原理和考点。
CN_TOP_078,单帧滑动窗口与停止-等待协议（S-W）,DataStructure,计算机网络,第3章 数据链路层,发送方每次只发送一帧，收到确认后再发送下一帧，实现简单但信道利用率较低。,"停止-等待协议, Stop-and-Wait, S-W",5,4,王道2027计网，单帧滑动窗口与停止-等待协议（S-W），教材p64（PDF页75）,单帧滑动窗口与停止-等待协议（S-W）,64,教材在“单帧滑动窗口与停止-等待协议（S-W）”中出现或讲解“单帧滑动窗口与停止-等待协议（S-W）”；本节点概括为：发送方每次只发送一帧，收到确认后再发送下一帧，实现简单但信道利用率较低。
CN_TOP_079,多帧滑动窗口与后退N帧协议（GBN）,DataStructure,计算机网络,第3章 数据链路层,发送方可连续发送多个帧，出错后从出错帧开始重传后续帧。,"后退N帧, Go-Back-N, GBN",5,4,王道2027计网，多帧滑动窗口与后退N帧协议（GBN），教材p64（PDF页75）,多帧滑动窗口与后退N帧协议（GBN）,64,教材在“多帧滑动窗口与后退N帧协议（GBN）”中出现或讲解“多帧滑动窗口与后退N帧协议（GBN）”；本节点概括为：发送方可连续发送多个帧，出错后从出错帧开始重传后续帧。
CN_TOP_080,多帧滑动窗口与选择重传协议（SR）,DataStructure,计算机网络,第3章 数据链路层,只重传出错或丢失的帧，接收方可缓存失序帧，提高传输效率。,"选择重传, Selective Repeat, SR",5,4,王道2027计网，多帧滑动窗口与选择重传协议（SR），教材p65（PDF页76）,多帧滑动窗口与选择重传协议（SR）,65,教材在“多帧滑动窗口与选择重传协议（SR）”中出现或讲解“多帧滑动窗口与选择重传协议（SR）”；本节点概括为：只重传出错或丢失的帧，接收方可缓存失序帧，提高传输效率。
CN_TOP_081,信道利用率的分析,Metric,计算机网络,第3章 数据链路层,属于“可靠传输机制”下的核心知识点，用于理解第3章 数据链路层中的相关原理和考点。,,3,4,王道2027计网，信道利用率的分析，教材p66（PDF页77）,信道利用率的分析,66,教材在“信道利用率的分析”中出现或讲解“信道利用率的分析”；本节点概括为：属于“可靠传输机制”下的核心知识点，用于理解第3章 数据链路层中的相关原理和考点。
CN_TOP_082,介质访问控制,Topic,计算机网络,第3章 数据链路层,解决共享信道上多个节点竞争发送的问题，决定各节点如何获得发送权。,,5,4,王道2027计网，介质访问控制，教材p77（PDF页88）,介质访问控制,77,教材在“介质访问控制”中出现或讲解“介质访问控制”；本节点概括为：解决共享信道上多个节点竞争发送的问题，决定各节点如何获得发送权。
CN_TOP_083,信道划分介质访问控制,Mechanism,计算机网络,第3章 数据链路层,用于协调信道划分介质访问控制中的访问、差错、流量或拥塞问题。,,5,4,王道2027计网，信道划分介质访问控制，教材p78（PDF页89）,信道划分介质访问控制,78,教材在“信道划分介质访问控制”中出现或讲解“信道划分介质访问控制”；本节点概括为：用于协调信道划分介质访问控制中的访问、差错、流量或拥塞问题。
CN_TOP_084,时分复用（TDM）,Mechanism,计算机网络,第3章 数据链路层,按时间片划分信道资源，使多个用户轮流使用同一物理信道。,"TDM, Time Division Multiplexing",3,4,王道2027计网，时分复用（TDM），教材p78（PDF页89）,时分复用（TDM）,78,教材在“时分复用（TDM）”中出现或讲解“时分复用（TDM）”；本节点概括为：按时间片划分信道资源，使多个用户轮流使用同一物理信道。
CN_TOP_085,频分复用（FDM）,Mechanism,计算机网络,第3章 数据链路层,按频带划分信道资源，使多个用户同时使用不同频带传输。,"FDM, Frequency Division Multiplexing",3,4,王道2027计网，频分复用（FDM），教材p79（PDF页90）,频分复用（FDM）,79,教材在“频分复用（FDM）”中出现或讲解“频分复用（FDM）”；本节点概括为：按频带划分信道资源，使多个用户同时使用不同频带传输。
CN_TOP_086,波分复用（WDM）,Mechanism,计算机网络,第3章 数据链路层,在光纤中按不同波长复用多路光信号。,"WDM, Wavelength Division Multiplexing",3,4,王道2027计网，波分复用（WDM），教材p79（PDF页90）,波分复用（WDM）,79,教材在“波分复用（WDM）”中出现或讲解“波分复用（WDM）”；本节点概括为：在光纤中按不同波长复用多路光信号。
CN_TOP_087,码分复用（CDM）,Mechanism,计算机网络,第3章 数据链路层,利用不同码片序列区分用户，使多个用户可在同一频带同时传输。,"CDM, CDMA",3,4,王道2027计网，码分复用（CDM），教材p79（PDF页90）,码分复用（CDM）,79,教材在“码分复用（CDM）”中出现或讲解“码分复用（CDM）”；本节点概括为：利用不同码片序列区分用户，使多个用户可在同一频带同时传输。
CN_TOP_088,随机访问介质访问控制,Mechanism,计算机网络,第3章 数据链路层,用于协调随机访问介质访问控制中的访问、差错、流量或拥塞问题。,,5,4,王道2027计网，随机访问介质访问控制，教材p80（PDF页91）,随机访问介质访问控制,80,教材在“随机访问介质访问控制”中出现或讲解“随机访问介质访问控制”；本节点概括为：用于协调随机访问介质访问控制中的访问、差错、流量或拥塞问题。
CN_TOP_089,ALOHA协议,Protocol,计算机网络,第3章 数据链路层,随机访问类协议，节点有数据即发送，冲突后随机等待再重传。,,3,4,王道2027计网，ALOHA协议，教材p81（PDF页92）,ALOHA协议,81,教材在“ALOHA协议”中出现或讲解“ALOHA协议”；本节点概括为：随机访问类协议，节点有数据即发送，冲突后随机等待再重传。
CN_TOP_090,CSMA协议,Protocol,计算机网络,第3章 数据链路层,发送前先监听信道，根据监听结果决定是否发送，以减少冲突概率。,载波监听多路访问,3,4,王道2027计网，CSMA协议，教材p82（PDF页93）,CSMA协议,82,教材在“CSMA协议”中出现或讲解“CSMA协议”；本节点概括为：发送前先监听信道，根据监听结果决定是否发送，以减少冲突概率。
CN_TOP_091,轮询访问：令牌传递协议,Protocol,计算机网络,第3章 数据链路层,规定轮询访问：令牌传递协议相关通信实体之间的报文格式、交互过程和处理规则。,,3,4,王道2027计网，轮询访问：令牌传递协议，教材p82（PDF页93）,轮询访问：令牌传递协议,82,教材在“轮询访问：令牌传递协议”中出现或讲解“轮询访问：令牌传递协议”；本节点概括为：规定轮询访问：令牌传递协议相关通信实体之间的报文格式、交互过程和处理规则。
CN_TOP_092,局域网,Topic,计算机网络,第3章 数据链路层,属于“第3章 数据链路层”下的核心知识点，用于理解第3章 数据链路层中的相关原理和考点。,,3,4,王道2027计网，局域网，教材p87（PDF页98）,局域网,87,教材在“局域网”中出现或讲解“局域网”；本节点概括为：属于“第3章 数据链路层”下的核心知识点，用于理解第3章 数据链路层中的相关原理和考点。
CN_TOP_093,局域网的基本概念和体系结构,Concept,计算机网络,第3章 数据链路层,梳理局域网的基本概念和体系结构涉及的基础术语、组成对象和相互关系。,,2,4,王道2027计网，局域网的基本概念和体系结构，教材p87（PDF页98）,局域网的基本概念和体系结构,87,教材在“局域网的基本概念和体系结构”中出现或讲解“局域网的基本概念和体系结构”；本节点概括为：梳理局域网的基本概念和体系结构涉及的基础术语、组成对象和相互关系。
CN_TOP_094,以太网与IEEE 802.3,Concept,计算机网络,第3章 数据链路层,介绍以太网介质、MAC地址、CSMA/CD、MAC帧格式和高速以太网。,"Ethernet, IEEE 802.3",4,5,王道2027计网，以太网与IEEE 802.3，教材p88（PDF页99）,以太网与IEEE 802.3,88,教材在“以太网与IEEE 802.3”中出现或讲解“以太网与IEEE 802.3”；本节点概括为：介绍以太网介质、MAC地址、CSMA/CD、MAC帧格式和高速以太网。
CN_TOP_095,以太网的传输介质与网卡,ComputingObject,计算机网络,第3章 数据链路层,属于“以太网与IEEE 802.3”下的核心知识点，用于理解第3章 数据链路层中的相关原理和考点。,,4,5,王道2027计网，以太网的传输介质与网卡，教材p88（PDF页99）,以太网的传输介质与网卡,88,教材在“以太网的传输介质与网卡”中出现或讲解“以太网的传输介质与网卡”；本节点概括为：属于“以太网与IEEE 802.3”下的核心知识点，用于理解第3章 数据链路层中的相关原理和考点。
CN_TOP_096,以太网MAC地址,DataStructure,计算机网络,第3章 数据链路层,链路层硬件地址，用于在局域网中标识网卡接口。,,4,5,王道2027计网，以太网MAC地址，教材p89（PDF页100）,以太网MAC地址,89,教材在“以太网MAC地址”中出现或讲解“以太网MAC地址”；本节点概括为：链路层硬件地址，用于在局域网中标识网卡接口。
CN_TOP_097,CSMA/CD协议,Protocol,计算机网络,第3章 数据链路层,载波监听多路访问/冲突检测协议，用于传统共享式以太网。,载波监听多路访问/冲突检测,5,4,王道2027计网，CSMA/CD协议，教材p89（PDF页100）,CSMA/CD协议,89,教材在“CSMA/CD协议”中出现或讲解“CSMA/CD协议”；本节点概括为：载波监听多路访问/冲突检测协议，用于传统共享式以太网。
CN_TOP_098,以太网的MAC帧,DataStructure,计算机网络,第3章 数据链路层,以太网在数据链路层传输的数据单元，包含目的/源MAC地址、类型、数据和校验字段。,,4,5,王道2027计网，以太网的MAC帧，教材p91（PDF页102）,以太网的MAC帧,91,教材在“以太网的MAC帧”中出现或讲解“以太网的MAC帧”；本节点概括为：以太网在数据链路层传输的数据单元，包含目的/源MAC地址、类型、数据和校验字段。
CN_TOP_099,高速以太网,Concept,计算机网络,第3章 数据链路层,属于“以太网与IEEE 802.3”下的核心知识点，用于理解第3章 数据链路层中的相关原理和考点。,,4,5,王道2027计网，高速以太网，教材p92（PDF页103）,高速以太网,92,教材在“高速以太网”中出现或讲解“高速以太网”；本节点概括为：属于“以太网与IEEE 802.3”下的核心知识点，用于理解第3章 数据链路层中的相关原理和考点。
CN_TOP_100,IEEE 802.11无线局域网,Concept,计算机网络,第3章 数据链路层,无线局域网标准，使用无线介质和CSMA/CA等机制完成数据链路层访问控制。,"WLAN, Wi-Fi, IEEE 802.11",3,4,王道2027计网，IEEE 802.11无线局域网，教材p93（PDF页104）,IEEE 802.11无线局域网,93,教材在“IEEE 802.11无线局域网”中出现或讲解“IEEE 802.11无线局域网”；本节点概括为：无线局域网标准，使用无线介质和CSMA/CA等机制完成数据链路层访问控制。
CN_TOP_101,无线局域网的组成,Concept,计算机网络,第3章 数据链路层,属于“IEEE 802.11无线局域网”下的核心知识点，用于理解第3章 数据链路层中的相关原理和考点。,,2,4,王道2027计网，无线局域网的组成，教材p93（PDF页104）,无线局域网的组成,93,教材在“无线局域网的组成”中出现或讲解“无线局域网的组成”；本节点概括为：属于“IEEE 802.11无线局域网”下的核心知识点，用于理解第3章 数据链路层中的相关原理和考点。
CN_TOP_102,CSMA/CA协议,Protocol,计算机网络,第3章 数据链路层,载波监听多路访问/冲突避免协议，用于无线局域网以降低碰撞影响。,载波监听多路访问/冲突避免,5,4,王道2027计网，CSMA/CA协议，教材p94（PDF页105）,CSMA/CA协议,94,教材在“CSMA/CA协议”中出现或讲解“CSMA/CA协议”；本节点概括为：载波监听多路访问/冲突避免协议，用于无线局域网以降低碰撞影响。
CN_TOP_103,802.11局域网的MAC帧,DataStructure,计算机网络,第3章 数据链路层,描述802.11局域网的MAC帧的数据组织方式、字段含义或标识作用。,,3,4,王道2027计网，802.11局域网的MAC帧，教材p97（PDF页108）,802.11局域网的MAC帧,97,教材在“802.11局域网的MAC帧”中出现或讲解“802.11局域网的MAC帧”；本节点概括为：描述802.11局域网的MAC帧的数据组织方式、字段含义或标识作用。
CN_TOP_104,VLAN基本概念与基本原理,Concept,计算机网络,第3章 数据链路层,通过逻辑划分把同一物理交换网络划分为多个广播域，提高管理性和隔离性。,"VLAN, 虚拟局域网",4,4,王道2027计网，VLAN基本概念与基本原理，教材p99（PDF页110）,VLAN基本概念与基本原理,99,教材在“VLAN基本概念与基本原理”中出现或讲解“VLAN基本概念与基本原理”；本节点概括为：通过逻辑划分把同一物理交换网络划分为多个广播域，提高管理性和隔离性。
CN_TOP_105,广域网,Topic,计算机网络,第3章 数据链路层,属于“第3章 数据链路层”下的核心知识点，用于理解第3章 数据链路层中的相关原理和考点。,,3,4,王道2027计网，广域网，教材p113（PDF页124）,广域网,113,教材在“广域网”中出现或讲解“广域网”；本节点概括为：属于“第3章 数据链路层”下的核心知识点，用于理解第3章 数据链路层中的相关原理和考点。
CN_TOP_106,广域网的基本概念,Concept,计算机网络,第3章 数据链路层,梳理广域网的基本概念涉及的基础术语、组成对象和相互关系。,,2,4,王道2027计网，广域网的基本概念，教材p113（PDF页124）,广域网的基本概念,113,教材在“广域网的基本概念”中出现或讲解“广域网的基本概念”；本节点概括为：梳理广域网的基本概念涉及的基础术语、组成对象和相互关系。
CN_TOP_107,点对点协议,Protocol,计算机网络,第3章 数据链路层,PPP协议用于点到点链路封装和链路控制，常见于广域网接入。,"PPP, Point-to-Point Protocol",3,4,王道2027计网，点对点协议，教材p114（PDF页125）,点对点协议,114,教材在“点对点协议”中出现或讲解“点对点协议”；本节点概括为：PPP协议用于点到点链路封装和链路控制，常见于广域网接入。
CN_TOP_108,数据链路层设备,Topic,计算机网络,第3章 数据链路层,说明数据链路层设备的工作层次、组成结构和转发/连接功能。,,3,5,王道2027计网，数据链路层设备，教材p117（PDF页128）,数据链路层设备,117,教材在“数据链路层设备”中出现或讲解“数据链路层设备”；本节点概括为：说明数据链路层设备的工作层次、组成结构和转发/连接功能。
CN_TOP_109,网桥的基本概念,ComputingObject,计算机网络,第3章 数据链路层,梳理网桥的基本概念涉及的基础术语、组成对象和相互关系。,,2,4,王道2027计网，网桥的基本概念，教材p117（PDF页128）,网桥的基本概念,117,教材在“网桥的基本概念”中出现或讲解“网桥的基本概念”；本节点概括为：梳理网桥的基本概念涉及的基础术语、组成对象和相互关系。
CN_TOP_110,以太网交换机,Mechanism,计算机网络,第3章 数据链路层,工作在数据链路层，依据MAC地址表转发帧，隔离冲突域。,,4,5,王道2027计网，以太网交换机，教材p118（PDF页129）,以太网交换机,118,教材在“以太网交换机”中出现或讲解“以太网交换机”；本节点概括为：工作在数据链路层，依据MAC地址表转发帧，隔离冲突域。
CN_TOP_111,交换机的原理和特点,Mechanism,计算机网络,第3章 数据链路层,说明交换机的原理和特点的工作层次、组成结构和转发/连接功能。,,2,4,王道2027计网，交换机的原理和特点，教材p118（PDF页129）,交换机的原理和特点,118,教材在“交换机的原理和特点”中出现或讲解“交换机的原理和特点”；本节点概括为：说明交换机的原理和特点的工作层次、组成结构和转发/连接功能。
CN_TOP_112,交换机的自学习功能,Mechanism,计算机网络,第3章 数据链路层,说明交换机的自学习功能在网络体系结构中的职责、作用和提供的服务。,,2,4,王道2027计网，交换机的自学习功能，教材p118（PDF页129）,交换机的自学习功能,118,教材在“交换机的自学习功能”中出现或讲解“交换机的自学习功能”；本节点概括为：说明交换机的自学习功能在网络体系结构中的职责、作用和提供的服务。
CN_TOP_113,共享式以太网,Concept,计算机网络,第3章 数据链路层,属于“数据链路层设备”下的核心知识点，用于理解第3章 数据链路层中的相关原理和考点。,,4,5,王道2027计网，共享式以太网，教材p120（PDF页131）,共享式以太网,120,教材在“共享式以太网”中出现或讲解“共享式以太网”；本节点概括为：属于“数据链路层设备”下的核心知识点，用于理解第3章 数据链路层中的相关原理和考点。
CN_TOP_114,共享式以太网的基本特点,Property,计算机网络,第3章 数据链路层,概括共享式以太网的基本特点的主要性质、优势、限制和适用条件。,,4,5,王道2027计网，共享式以太网的基本特点，教材p120（PDF页131）,共享式以太网的基本特点,120,教材在“共享式以太网的基本特点”中出现或讲解“共享式以太网的基本特点”；本节点概括为：概括共享式以太网的基本特点的主要性质、优势、限制和适用条件。
CN_TOP_115,第4章 网络层,Topic,计算机网络,第4章 网络层,研究异构网络互连、IP地址与分组转发、路由选择协议、多播、移动IP和路由器。,,3,5,王道2027计网，第4章 网络层，教材p127（PDF页138）,第4章 网络层,127,教材在“第4章 网络层”中出现或讲解“第4章 网络层”；本节点概括为：研究异构网络互连、IP地址与分组转发、路由选择协议、多播、移动IP和路由器。
CN_TOP_116,网络层的功能,Topic,计算机网络,第4章 网络层,为主机间跨网络通信提供异构网络互连、路由与转发、拥塞控制等功能。,,2,5,王道2027计网，网络层的功能，教材p127（PDF页138）,网络层的功能,127,教材在“网络层的功能”中出现或讲解“网络层的功能”；本节点概括为：为主机间跨网络通信提供异构网络互连、路由与转发、拥塞控制等功能。
CN_TOP_117,异构网络互连,Concept,计算机网络,第4章 网络层,属于“网络层的功能”下的核心知识点，用于理解第4章 网络层中的相关原理和考点。,,3,4,王道2027计网，异构网络互连，教材p128（PDF页139）,异构网络互连,128,教材在“异构网络互连”中出现或讲解“异构网络互连”；本节点概括为：属于“网络层的功能”下的核心知识点，用于理解第4章 网络层中的相关原理和考点。
CN_TOP_118,路由与转发,Mechanism,计算机网络,第4章 网络层,路由决定分组的路径，转发依据转发表把分组送往下一跳。,,4,5,王道2027计网，路由与转发，教材p128（PDF页139）,路由与转发,128,教材在“路由与转发”中出现或讲解“路由与转发”；本节点概括为：路由决定分组的路径，转发依据转发表把分组送往下一跳。
CN_TOP_119,网络层提供的两种服务,Concept,计算机网络,第4章 网络层,属于“网络层的功能”下的核心知识点，用于理解第4章 网络层中的相关原理和考点。,,3,5,王道2027计网，网络层提供的两种服务，教材p129（PDF页140）,网络层提供的两种服务,129,教材在“网络层提供的两种服务”中出现或讲解“网络层提供的两种服务”；本节点概括为：属于“网络层的功能”下的核心知识点，用于理解第4章 网络层中的相关原理和考点。
CN_TOP_120,虚电路,Concept,计算机网络,第4章 网络层,在分组交换网络中先建立逻辑连接，分组沿同一路径按序传输。,,3,4,王道2027计网，虚电路，教材p129（PDF页140）,虚电路,129,教材在“虚电路”中出现或讲解“虚电路”；本节点概括为：在分组交换网络中先建立逻辑连接，分组沿同一路径按序传输。
CN_TOP_121,数据报,DataStructure,计算机网络,第4章 网络层,每个分组独立选择路径转发，不保证按序到达，典型于IP网络。,,3,4,王道2027计网，数据报，教材p130（PDF页141）,数据报,130,教材在“数据报”中出现或讲解“数据报”；本节点概括为：每个分组独立选择路径转发，不保证按序到达，典型于IP网络。
CN_TOP_122,SDN的基本概念,Concept,计算机网络,第4章 网络层,梳理SDN的基本概念涉及的基础术语、组成对象和相互关系。,,2,4,王道2027计网，SDN的基本概念，教材p131（PDF页142）,SDN的基本概念,131,教材在“SDN的基本概念”中出现或讲解“SDN的基本概念”；本节点概括为：梳理SDN的基本概念涉及的基础术语、组成对象和相互关系。
CN_TOP_123,拥塞控制,Mechanism,计算机网络,第4章 网络层,用于协调拥塞控制中的访问、差错、流量或拥塞问题。,,4,4,王道2027计网，拥塞控制，教材p132（PDF页143）,拥塞控制,132,教材在“拥塞控制”中出现或讲解“拥塞控制”；本节点概括为：用于协调拥塞控制中的访问、差错、流量或拥塞问题。
CN_TOP_124,IPv4,Topic,计算机网络,第4章 网络层,互联网协议第4版，定义IP数据报格式、地址编址和网络层分组转发基础。,"Internet Protocol version 4, IP",4,5,王道2027计网，IPv4，教材p137（PDF页148）,IPv4,137,教材在“IPv4”中出现或讲解“IPv4”；本节点概括为：互联网协议第4版，定义IP数据报格式、地址编址和网络层分组转发基础。
CN_TOP_125,IPv4分组,DataStructure,计算机网络,第4章 网络层,IPv4在网络层传输的数据单元，由首部和数据部分组成。,"IP数据报, IPv4数据报",4,5,王道2027计网，IPv4分组，教材p137（PDF页148）,IPv4分组,137,教材在“IPv4分组”中出现或讲解“IPv4分组”；本节点概括为：IPv4在网络层传输的数据单元，由首部和数据部分组成。
CN_TOP_126,IPv4分组的格式,DataStructure,计算机网络,第4章 网络层,描述IPv4分组的格式的数据组织方式、字段含义或标识作用。,,4,5,王道2027计网，IPv4分组的格式，教材p137（PDF页148）,IPv4分组的格式,137,教材在“IPv4分组的格式”中出现或讲解“IPv4分组的格式”；本节点概括为：描述IPv4分组的格式的数据组织方式、字段含义或标识作用。
CN_TOP_127,IP数据报分片,DataStructure,计算机网络,第4章 网络层,当数据报长度超过链路MTU时，将其拆分为多个片段传输并在目的端重组。,,3,4,王道2027计网，IP数据报分片，教材p138（PDF页149）,IP数据报分片,138,教材在“IP数据报分片”中出现或讲解“IP数据报分片”；本节点概括为：当数据报长度超过链路MTU时，将其拆分为多个片段传输并在目的端重组。
CN_TOP_128,IPv4地址,DataStructure,计算机网络,第4章 网络层,32位网络层地址，用于标识互联网中的主机或路由器接口。,IP地址,4,5,王道2027计网，IPv4地址，教材p139（PDF页150）,IPv4地址,139,教材在“IPv4地址”中出现或讲解“IPv4地址”；本节点概括为：32位网络层地址，用于标识互联网中的主机或路由器接口。
CN_TOP_129,IPv4地址：IPv4地址,DataStructure,计算机网络,第4章 网络层,描述IPv4地址：IPv4地址的数据组织方式、字段含义或标识作用。,,4,5,王道2027计网，IPv4地址：IPv4地址，教材p139（PDF页150）,IPv4地址：IPv4地址,139,教材在“IPv4地址：IPv4地址”中出现或讲解“IPv4地址：IPv4地址”；本节点概括为：描述IPv4地址：IPv4地址的数据组织方式、字段含义或标识作用。
CN_TOP_130,分类的IP地址,DataStructure,计算机网络,第4章 网络层,按A、B、C、D、E类划分IPv4地址空间的传统编址方式。,,2,4,王道2027计网，分类的IP地址，教材p139（PDF页150）,分类的IP地址,139,教材在“分类的IP地址”中出现或讲解“分类的IP地址”；本节点概括为：按A、B、C、D、E类划分IPv4地址空间的传统编址方式。
CN_TOP_131,划分子网,Mechanism,计算机网络,第4章 网络层,利用子网掩码把主机号进一步划分为子网号和主机号，提高地址利用率与管理性。,,5,4,王道2027计网，划分子网，教材p141（PDF页152）,划分子网,141,教材在“划分子网”中出现或讲解“划分子网”；本节点概括为：利用子网掩码把主机号进一步划分为子网号和主机号，提高地址利用率与管理性。
CN_TOP_132,无分类编址CIDR,Concept,计算机网络,第4章 网络层,用网络前缀长度替代固定分类边界，实现灵活地址分配和路由聚合。,"CIDR, 无类域间路由",5,4,王道2027计网，无分类编址CIDR，教材p142（PDF页153）,无分类编址CIDR,142,教材在“无分类编址CIDR”中出现或讲解“无分类编址CIDR”；本节点概括为：用网络前缀长度替代固定分类边界，实现灵活地址分配和路由聚合。
CN_TOP_133,路由聚合,Mechanism,计算机网络,第4章 网络层,把多个连续网络前缀合并为较短前缀，减少路由表规模。,,4,5,王道2027计网，路由聚合，教材p143（PDF页154）,路由聚合,143,教材在“路由聚合”中出现或讲解“路由聚合”；本节点概括为：把多个连续网络前缀合并为较短前缀，减少路由表规模。
CN_TOP_134,子网划分的应用举例,Example,计算机网络,第4章 网络层,通过子网划分的应用举例说明相关知识点的典型使用场景或计算方法。,,3,4,王道2027计网，子网划分的应用举例，教材p143（PDF页154）,子网划分的应用举例,143,教材在“子网划分的应用举例”中出现或讲解“子网划分的应用举例”；本节点概括为：通过子网划分的应用举例说明相关知识点的典型使用场景或计算方法。
CN_TOP_135,网络地址转换NAT,DataStructure,计算机网络,第4章 网络层,在私有地址与公网地址之间进行转换，使多个内部主机共享公网地址访问互联网。,"NAT, Network Address Translation",4,4,王道2027计网，网络地址转换NAT，教材p144（PDF页155）,网络地址转换NAT,144,教材在“网络地址转换NAT”中出现或讲解“网络地址转换NAT”；本节点概括为：在私有地址与公网地址之间进行转换，使多个内部主机共享公网地址访问互联网。
CN_TOP_136,网络层转发分组的过程,DataStructure,计算机网络,第4章 网络层,路由器依据目的IP地址查找转发表，选择下一跳并转发分组。,,5,5,王道2027计网，网络层转发分组的过程，教材p146（PDF页157）,网络层转发分组的过程,146,教材在“网络层转发分组的过程”中出现或讲解“网络层转发分组的过程”；本节点概括为：路由器依据目的IP地址查找转发表，选择下一跳并转发分组。
CN_TOP_137,地址解析协议（ARP）,Protocol,计算机网络,第4章 网络层,在同一链路中根据IP地址查询对应的硬件地址。,"ARP, Address Resolution Protocol",4,4,王道2027计网，地址解析协议（ARP），教材p147（PDF页158）,地址解析协议（ARP）,147,教材在“地址解析协议（ARP）”中出现或讲解“地址解析协议（ARP）”；本节点概括为：在同一链路中根据IP地址查询对应的硬件地址。
CN_TOP_138,IP地址与硬件地址,DataStructure,计算机网络,第4章 网络层,描述IP地址与硬件地址的数据组织方式、字段含义或标识作用。,,3,4,王道2027计网，IP地址与硬件地址，教材p147（PDF页158）,IP地址与硬件地址,147,教材在“IP地址与硬件地址”中出现或讲解“IP地址与硬件地址”；本节点概括为：描述IP地址与硬件地址的数据组织方式、字段含义或标识作用。
CN_TOP_139,地址解析协议,DataStructure,计算机网络,第4章 网络层,规定地址解析协议相关通信实体之间的报文格式、交互过程和处理规则。,,3,4,王道2027计网，地址解析协议，教材p147（PDF页158）,地址解析协议,147,教材在“地址解析协议”中出现或讲解“地址解析协议”；本节点概括为：规定地址解析协议相关通信实体之间的报文格式、交互过程和处理规则。
CN_TOP_140,动态主机配置协议DHCP,Protocol,计算机网络,第4章 网络层,为主机自动分配IP地址、子网掩码、默认网关和DNS服务器等网络配置。,"DHCP, Dynamic Host Configuration Protocol",4,4,王道2027计网，动态主机配置协议DHCP，教材p149（PDF页160）,动态主机配置协议DHCP,149,教材在“动态主机配置协议DHCP”中出现或讲解“动态主机配置协议DHCP”；本节点概括为：为主机自动分配IP地址、子网掩码、默认网关和DNS服务器等网络配置。
CN_TOP_141,网际控制报文协议ICMP,Protocol,计算机网络,第4章 网络层,用于在IP层报告差错和传递控制信息，常见应用包括ping和traceroute。,"ICMP, Internet Control Message Protocol",4,4,王道2027计网，网际控制报文协议ICMP，教材p150（PDF页161）,网际控制报文协议ICMP,150,教材在“网际控制报文协议ICMP”中出现或讲解“网际控制报文协议ICMP”；本节点概括为：用于在IP层报告差错和传递控制信息，常见应用包括ping和traceroute。
CN_TOP_142,IPv6,Topic,计算机网络,第4章 网络层,互联网协议第6版，使用128位地址并改进首部结构和扩展机制。,Internet Protocol version 6,4,5,王道2027计网，IPv6，教材p181（PDF页192）,IPv6,181,教材在“IPv6”中出现或讲解“IPv6”；本节点概括为：互联网协议第6版，使用128位地址并改进首部结构和扩展机制。
CN_TOP_143,IPv6的特点,Protocol,计算机网络,第4章 网络层,概括IPv6地址空间大、首部简化、扩展首部和自动配置等特点。,,4,5,王道2027计网，IPv6的特点，教材p181（PDF页192）,IPv6的特点,181,教材在“IPv6的特点”中出现或讲解“IPv6的特点”；本节点概括为：概括IPv6地址空间大、首部简化、扩展首部和自动配置等特点。
CN_TOP_144,IPv6数据报的基本首部,DataStructure,计算机网络,第4章 网络层,描述IPv6数据报的基本首部的数据组织方式、字段含义或标识作用。,,4,5,王道2027计网，IPv6数据报的基本首部，教材p182（PDF页193）,IPv6数据报的基本首部,182,教材在“IPv6数据报的基本首部”中出现或讲解“IPv6数据报的基本首部”；本节点概括为：描述IPv6数据报的基本首部的数据组织方式、字段含义或标识作用。
CN_TOP_145,IPv6地址,DataStructure,计算机网络,第4章 网络层,描述IPv6地址的数据组织方式、字段含义或标识作用。,,4,5,王道2027计网，IPv6地址，教材p183（PDF页194）,IPv6地址,183,教材在“IPv6地址”中出现或讲解“IPv6地址”；本节点概括为：描述IPv6地址的数据组织方式、字段含义或标识作用。
CN_TOP_146,从IPv4向IPv6过渡,Protocol,计算机网络,第4章 网络层,属于“IPv6”下的核心知识点，用于理解第4章 网络层中的相关原理和考点。,,4,5,王道2027计网，从IPv4向IPv6过渡，教材p184（PDF页195）,从IPv4向IPv6过渡,184,教材在“从IPv4向IPv6过渡”中出现或讲解“从IPv4向IPv6过渡”；本节点概括为：属于“IPv6”下的核心知识点，用于理解第4章 网络层中的相关原理和考点。
CN_TOP_147,路由算法与路由协议,Topic,计算机网络,第4章 网络层,规定路由算法与路由协议相关通信实体之间的报文格式、交互过程和处理规则。,,5,5,王道2027计网，路由算法与路由协议，教材p186（PDF页197）,路由算法与路由协议,186,教材在“路由算法与路由协议”中出现或讲解“路由算法与路由协议”；本节点概括为：规定路由算法与路由协议相关通信实体之间的报文格式、交互过程和处理规则。
CN_TOP_148,路由算法,Algorithm,计算机网络,第4章 网络层,根据网络拓扑和代价计算从源到目的的合适路径。,,5,5,王道2027计网，路由算法，教材p186（PDF页197）,路由算法,186,教材在“路由算法”中出现或讲解“路由算法”；本节点概括为：根据网络拓扑和代价计算从源到目的的合适路径。
CN_TOP_149,静态路由与动态路由,Concept,计算机网络,第4章 网络层,属于“路由算法”下的核心知识点，用于理解第4章 网络层中的相关原理和考点。,,4,5,王道2027计网，静态路由与动态路由，教材p186（PDF页197）,静态路由与动态路由,186,教材在“静态路由与动态路由”中出现或讲解“静态路由与动态路由”；本节点概括为：属于“路由算法”下的核心知识点，用于理解第4章 网络层中的相关原理和考点。
CN_TOP_150,距离-向量算法,Algorithm,计算机网络,第4章 网络层,用于解决距离-向量算法相关路径选择、资源分配或控制决策问题。,,3,4,王道2027计网，距离-向量算法，教材p186（PDF页197）,距离-向量算法,186,教材在“距离-向量算法”中出现或讲解“距离-向量算法”；本节点概括为：用于解决距离-向量算法相关路径选择、资源分配或控制决策问题。
CN_TOP_151,链路状态算法,Algorithm,计算机网络,第4章 网络层,用于解决链路状态算法相关路径选择、资源分配或控制决策问题。,,3,4,王道2027计网，链路状态算法，教材p187（PDF页198）,链路状态算法,187,教材在“链路状态算法”中出现或讲解“链路状态算法”；本节点概括为：用于解决链路状态算法相关路径选择、资源分配或控制决策问题。
CN_TOP_152,分层次的路由选择协议,Protocol,计算机网络,第4章 网络层,规定分层次的路由选择协议相关通信实体之间的报文格式、交互过程和处理规则。,,4,5,王道2027计网，分层次的路由选择协议，教材p188（PDF页199）,分层次的路由选择协议,188,教材在“分层次的路由选择协议”中出现或讲解“分层次的路由选择协议”；本节点概括为：规定分层次的路由选择协议相关通信实体之间的报文格式、交互过程和处理规则。
CN_TOP_153,内部网关协议（Interior Gateway Protocol，IGP）,Protocol,计算机网络,第4章 网络层,规定内部网关协议（Interior Gateway Protocol，IGP）相关通信实体之间的报文格式、交互过程和处理规则。,,3,4,王道2027计网，内部网关协议（Interior Gateway Protocol，IGP），教材p188（PDF页199）,内部网关协议（Interior Gateway Protocol，IGP）,188,教材在“内部网关协议（Interior Gateway Protocol，IGP）”中出现或讲解“内部网关协议（Interior Gateway Protocol，IGP）”；本节点概括为：规定内部网关协议（Interior Gateway Protocol，IGP）相关通信实体之间的报文格式、交互过程和处理规则。
CN_TOP_154,外部网关协议（External Gateway Protocol，EGP）,Protocol,计算机网络,第4章 网络层,规定外部网关协议（External Gateway Protocol，EGP）相关通信实体之间的报文格式、交互过程和处理规则。,,3,4,王道2027计网，外部网关协议（External Gateway Protocol，EGP），教材p188（PDF页199）,外部网关协议（External Gateway Protocol，EGP）,188,教材在“外部网关协议（External Gateway Protocol，EGP）”中出现或讲解“外部网关协议（External Gateway Protocol，EGP）”；本节点概括为：规定外部网关协议（External Gateway Protocol，EGP）相关通信实体之间的报文格式、交互过程和处理规则。
CN_TOP_155,路由信息协议,Protocol,计算机网络,第4章 网络层,RIP是基于距离向量的内部网关协议，以跳数作为度量。,"RIP, Routing Information Protocol",4,5,王道2027计网，路由信息协议，教材p188（PDF页199）,路由信息协议,188,教材在“路由信息协议”中出现或讲解“路由信息协议”；本节点概括为：RIP是基于距离向量的内部网关协议，以跳数作为度量。
CN_TOP_156,RIP的规定,Protocol,计算机网络,第4章 网络层,属于“路由信息协议”下的核心知识点，用于理解第4章 网络层中的相关原理和考点。,,3,4,王道2027计网，RIP的规定，教材p188（PDF页199）,RIP的规定,188,教材在“RIP的规定”中出现或讲解“RIP的规定”；本节点概括为：属于“路由信息协议”下的核心知识点，用于理解第4章 网络层中的相关原理和考点。
CN_TOP_157,RIP的特点,Protocol,计算机网络,第4章 网络层,概括RIP的特点的主要性质、优势、限制和适用条件。,,2,4,王道2027计网，RIP的特点，教材p189（PDF页200）,RIP的特点,189,教材在“RIP的特点”中出现或讲解“RIP的特点”；本节点概括为：概括RIP的特点的主要性质、优势、限制和适用条件。
CN_TOP_158,RIP的基本工作原理,Protocol,计算机网络,第4章 网络层,属于“路由信息协议”下的核心知识点，用于理解第4章 网络层中的相关原理和考点。,,3,4,王道2027计网，RIP的基本工作原理，教材p189（PDF页200）,RIP的基本工作原理,189,教材在“RIP的基本工作原理”中出现或讲解“RIP的基本工作原理”；本节点概括为：属于“路由信息协议”下的核心知识点，用于理解第4章 网络层中的相关原理和考点。
CN_TOP_159,RIP的优缺点,Protocol,计算机网络,第4章 网络层,属于“路由信息协议”下的核心知识点，用于理解第4章 网络层中的相关原理和考点。,,3,4,王道2027计网，RIP的优缺点，教材p190（PDF页201）,RIP的优缺点,190,教材在“RIP的优缺点”中出现或讲解“RIP的优缺点”；本节点概括为：属于“路由信息协议”下的核心知识点，用于理解第4章 网络层中的相关原理和考点。
CN_TOP_160,开放最短路径优先协议,Protocol,计算机网络,第4章 网络层,OSPF是基于链路状态的内部网关协议，使用最短路径算法计算路由。,"OSPF, Open Shortest Path First",5,4,王道2027计网，开放最短路径优先协议，教材p191（PDF页202）,开放最短路径优先协议,191,教材在“开放最短路径优先协议”中出现或讲解“开放最短路径优先协议”；本节点概括为：OSPF是基于链路状态的内部网关协议，使用最短路径算法计算路由。
CN_TOP_161,开放最短路径优先（OSPF）的基本特点,Protocol,计算机网络,第4章 网络层,概括开放最短路径优先（OSPF）的基本特点的主要性质、优势、限制和适用条件。,,2,4,王道2027计网，开放最短路径优先（OSPF）的基本特点，教材p191（PDF页202）,开放最短路径优先（OSPF）的基本特点,191,教材在“开放最短路径优先（OSPF）的基本特点”中出现或讲解“开放最短路径优先（OSPF）的基本特点”；本节点概括为：概括开放最短路径优先（OSPF）的基本特点的主要性质、优势、限制和适用条件。
CN_TOP_162,OSPF的五种分组类型,DataStructure,计算机网络,第4章 网络层,描述OSPF的五种分组类型的数据组织方式、字段含义或标识作用。,,3,4,王道2027计网，OSPF的五种分组类型，教材p192（PDF页203）,OSPF的五种分组类型,192,教材在“OSPF的五种分组类型”中出现或讲解“OSPF的五种分组类型”；本节点概括为：描述OSPF的五种分组类型的数据组织方式、字段含义或标识作用。
CN_TOP_163,OSPF的基本工作原理,Protocol,计算机网络,第4章 网络层,属于“开放最短路径优先协议”下的核心知识点，用于理解第4章 网络层中的相关原理和考点。,,3,4,王道2027计网，OSPF的基本工作原理，教材p192（PDF页203）,OSPF的基本工作原理,192,教材在“OSPF的基本工作原理”中出现或讲解“OSPF的基本工作原理”；本节点概括为：属于“开放最短路径优先协议”下的核心知识点，用于理解第4章 网络层中的相关原理和考点。
CN_TOP_164,边界网关协议,Protocol,计算机网络,第4章 网络层,BGP是自治系统之间使用的外部网关协议，用于跨域路由选择。,"BGP, Border Gateway Protocol",5,4,王道2027计网，边界网关协议，教材p193（PDF页204）,边界网关协议,193,教材在“边界网关协议”中出现或讲解“边界网关协议”；本节点概括为：BGP是自治系统之间使用的外部网关协议，用于跨域路由选择。
CN_TOP_165,BGP的基本特点,Protocol,计算机网络,第4章 网络层,概括BGP的基本特点的主要性质、优势、限制和适用条件。,,2,4,王道2027计网，BGP的基本特点，教材p193（PDF页204）,BGP的基本特点,193,教材在“BGP的基本特点”中出现或讲解“BGP的基本特点”；本节点概括为：概括BGP的基本特点的主要性质、优势、限制和适用条件。
CN_TOP_166,BGP路由,Protocol,计算机网络,第4章 网络层,属于“边界网关协议”下的核心知识点，用于理解第4章 网络层中的相关原理和考点。,,4,5,王道2027计网，BGP路由，教材p193（PDF页204）,BGP路由,193,教材在“BGP路由”中出现或讲解“BGP路由”；本节点概括为：属于“边界网关协议”下的核心知识点，用于理解第4章 网络层中的相关原理和考点。
CN_TOP_167,BGP路由选择,Protocol,计算机网络,第4章 网络层,属于“边界网关协议”下的核心知识点，用于理解第4章 网络层中的相关原理和考点。,,4,5,王道2027计网，BGP路由选择，教材p194（PDF页205）,BGP路由选择,194,教材在“BGP路由选择”中出现或讲解“BGP路由选择”；本节点概括为：属于“边界网关协议”下的核心知识点，用于理解第4章 网络层中的相关原理和考点。
CN_TOP_168,BGP的四种报文,DataStructure,计算机网络,第4章 网络层,描述BGP的四种报文的数据组织方式、字段含义或标识作用。,,3,4,王道2027计网，BGP的四种报文，教材p196（PDF页207）,BGP的四种报文,196,教材在“BGP的四种报文”中出现或讲解“BGP的四种报文”；本节点概括为：描述BGP的四种报文的数据组织方式、字段含义或标识作用。
CN_TOP_169,IP多播,Topic,计算机网络,第4章 网络层,把数据发送给一组接收者的通信方式，减少一对多传输中的重复发送。,,3,4,王道2027计网，IP多播，教材p208（PDF页219）,IP多播,208,教材在“IP多播”中出现或讲解“IP多播”；本节点概括为：把数据发送给一组接收者的通信方式，减少一对多传输中的重复发送。
CN_TOP_170,多播的概念,Concept,计算机网络,第4章 网络层,梳理多播的概念涉及的基础术语、组成对象和相互关系。,,2,4,王道2027计网，多播的概念，教材p208（PDF页219）,多播的概念,208,教材在“多播的概念”中出现或讲解“多播的概念”；本节点概括为：梳理多播的概念涉及的基础术语、组成对象和相互关系。
CN_TOP_171,IP多播地址,DataStructure,计算机网络,第4章 网络层,描述IP多播地址的数据组织方式、字段含义或标识作用。,,3,4,王道2027计网，IP多播地址，教材p209（PDF页220）,IP多播地址,209,教材在“IP多播地址”中出现或讲解“IP多播地址”；本节点概括为：描述IP多播地址的数据组织方式、字段含义或标识作用。
CN_TOP_172,在局域网上进行硬件多播,Concept,计算机网络,第4章 网络层,属于“IP多播”下的核心知识点，用于理解第4章 网络层中的相关原理和考点。,,3,4,王道2027计网，在局域网上进行硬件多播，教材p209（PDF页220）,在局域网上进行硬件多播,209,教材在“在局域网上进行硬件多播”中出现或讲解“在局域网上进行硬件多播”；本节点概括为：属于“IP多播”下的核心知识点，用于理解第4章 网络层中的相关原理和考点。
CN_TOP_173,IGMP与多播路由协议,Protocol,计算机网络,第4章 网络层,规定IGMP与多播路由协议相关通信实体之间的报文格式、交互过程和处理规则。,"IGMP, Internet Group Management Protocol",4,5,王道2027计网，IGMP与多播路由协议，教材p210（PDF页221）,IGMP与多播路由协议,210,教材在“IGMP与多播路由协议”中出现或讲解“IGMP与多播路由协议”；本节点概括为：规定IGMP与多播路由协议相关通信实体之间的报文格式、交互过程和处理规则。
CN_TOP_174,移动IP,Topic,计算机网络,第4章 网络层,支持移动主机在改变接入网络时仍保持原有IP通信标识。,,3,4,王道2027计网，移动IP，教材p212（PDF页223）,移动IP,212,教材在“移动IP”中出现或讲解“移动IP”；本节点概括为：支持移动主机在改变接入网络时仍保持原有IP通信标识。
CN_TOP_175,移动IP的概念,Concept,计算机网络,第4章 网络层,梳理移动IP的概念涉及的基础术语、组成对象和相互关系。,,2,4,王道2027计网，移动IP的概念，教材p212（PDF页223）,移动IP的概念,212,教材在“移动IP的概念”中出现或讲解“移动IP的概念”；本节点概括为：梳理移动IP的概念涉及的基础术语、组成对象和相互关系。
CN_TOP_176,移动IP通信过程,Mechanism,计算机网络,第4章 网络层,属于“移动IP”下的核心知识点，用于理解第4章 网络层中的相关原理和考点。,,3,4,王道2027计网，移动IP通信过程，教材p212（PDF页223）,移动IP通信过程,212,教材在“移动IP通信过程”中出现或讲解“移动IP通信过程”；本节点概括为：属于“移动IP”下的核心知识点，用于理解第4章 网络层中的相关原理和考点。
CN_TOP_177,网络层设备,Topic,计算机网络,第4章 网络层,说明网络层设备的工作层次、组成结构和转发/连接功能。,,3,5,王道2027计网，网络层设备，教材p214（PDF页225）,网络层设备,214,教材在“网络层设备”中出现或讲解“网络层设备”；本节点概括为：说明网络层设备的工作层次、组成结构和转发/连接功能。
CN_TOP_178,冲突域和广播域,Problem,计算机网络,第4章 网络层,属于“网络层设备”下的核心知识点，用于理解第4章 网络层中的相关原理和考点。,,3,4,王道2027计网，冲突域和广播域，教材p214（PDF页225）,冲突域和广播域,214,教材在“冲突域和广播域”中出现或讲解“冲突域和广播域”；本节点概括为：属于“网络层设备”下的核心知识点，用于理解第4章 网络层中的相关原理和考点。
CN_TOP_179,冲突域,Problem,计算机网络,第4章 网络层,属于“冲突域和广播域”下的核心知识点，用于理解第4章 网络层中的相关原理和考点。,,3,4,王道2027计网，冲突域，教材p214（PDF页225）,冲突域,214,教材在“冲突域”中出现或讲解“冲突域”；本节点概括为：属于“冲突域和广播域”下的核心知识点，用于理解第4章 网络层中的相关原理和考点。
CN_TOP_180,广播域,Concept,计算机网络,第4章 网络层,属于“冲突域和广播域”下的核心知识点，用于理解第4章 网络层中的相关原理和考点。,,3,4,王道2027计网，广播域，教材p214（PDF页225）,广播域,214,教材在“广播域”中出现或讲解“广播域”；本节点概括为：属于“冲突域和广播域”下的核心知识点，用于理解第4章 网络层中的相关原理和考点。
CN_TOP_181,路由器的组成和功能,ComputingObject,计算机网络,第4章 网络层,路由器工作在网络层，由路由选择和分组转发两大功能组成。,,4,5,王道2027计网，路由器的组成和功能，教材p214（PDF页225）,路由器的组成和功能,214,教材在“路由器的组成和功能”中出现或讲解“路由器的组成和功能”；本节点概括为：路由器工作在网络层，由路由选择和分组转发两大功能组成。
CN_TOP_182,路由表与分组转发,DataStructure,计算机网络,第4章 网络层,路由表/转发表记录目的网络、下一跳和接口，指导路由器转发分组。,,4,5,王道2027计网，路由表与分组转发，教材p215（PDF页226）,路由表与分组转发,215,教材在“路由表与分组转发”中出现或讲解“路由表与分组转发”；本节点概括为：路由表/转发表记录目的网络、下一跳和接口，指导路由器转发分组。
CN_TOP_183,第5章 传输层,Topic,计算机网络,第5章 传输层,研究端到端进程通信，包括端口、UDP、TCP、可靠传输、流量控制和拥塞控制。,,3,5,王道2027计网，第5章 传输层，教材p224（PDF页235）,第5章 传输层,224,教材在“第5章 传输层”中出现或讲解“第5章 传输层”；本节点概括为：研究端到端进程通信，包括端口、UDP、TCP、可靠传输、流量控制和拥塞控制。
CN_TOP_184,传输层提供的服务,Topic,计算机网络,第5章 传输层,为应用进程之间通信提供端到端数据传输、复用/分用、可靠性和流量控制等服务。,,3,5,王道2027计网，传输层提供的服务，教材p224（PDF页235）,传输层提供的服务,224,教材在“传输层提供的服务”中出现或讲解“传输层提供的服务”；本节点概括为：为应用进程之间通信提供端到端数据传输、复用/分用、可靠性和流量控制等服务。
CN_TOP_185,传输层的功能,Concept,计算机网络,第5章 传输层,说明传输层的功能在网络体系结构中的职责、作用和提供的服务。,,2,5,王道2027计网，传输层的功能，教材p224（PDF页235）,传输层的功能,224,教材在“传输层的功能”中出现或讲解“传输层的功能”；本节点概括为：说明传输层的功能在网络体系结构中的职责、作用和提供的服务。
CN_TOP_186,应用进程之间的逻辑通信,Application,计算机网络,第5章 传输层,通过应用进程之间的逻辑通信说明相关知识点的典型使用场景或计算方法。,,3,4,王道2027计网，应用进程之间的逻辑通信，教材p224（PDF页235）,应用进程之间的逻辑通信,224,教材在“应用进程之间的逻辑通信”中出现或讲解“应用进程之间的逻辑通信”；本节点概括为：通过应用进程之间的逻辑通信说明相关知识点的典型使用场景或计算方法。
CN_TOP_187,复用和分用,Mechanism,计算机网络,第5章 传输层,说明复用和分用的基本原理、处理流程和适用场景。,,3,4,王道2027计网，复用和分用，教材p225（PDF页236）,复用和分用,225,教材在“复用和分用”中出现或讲解“复用和分用”；本节点概括为：说明复用和分用的基本原理、处理流程和适用场景。
CN_TOP_188,差错检测,Problem,计算机网络,第5章 传输层,属于“传输层的功能”下的核心知识点，用于理解第5章 传输层中的相关原理和考点。,,3,4,王道2027计网，差错检测，教材p225（PDF页236）,差错检测,225,教材在“差错检测”中出现或讲解“差错检测”；本节点概括为：属于“传输层的功能”下的核心知识点，用于理解第5章 传输层中的相关原理和考点。
CN_TOP_189,提供面向连接和无连接的传输服务,Concept,计算机网络,第5章 传输层,说明提供面向连接和无连接的传输服务的基本原理、处理流程和适用场景。,,3,4,王道2027计网，提供面向连接和无连接的传输服务，教材p225（PDF页236）,提供面向连接和无连接的传输服务,225,教材在“提供面向连接和无连接的传输服务”中出现或讲解“提供面向连接和无连接的传输服务”；本节点概括为：说明提供面向连接和无连接的传输服务的基本原理、处理流程和适用场景。
CN_TOP_190,传输层的寻址与端口,Concept,计算机网络,第5章 传输层,通过端口号标识主机上的应用进程，实现传输层复用和分用。,"端口号, port",3,5,王道2027计网，传输层的寻址与端口，教材p225（PDF页236）,传输层的寻址与端口,225,教材在“传输层的寻址与端口”中出现或讲解“传输层的寻址与端口”；本节点概括为：通过端口号标识主机上的应用进程，实现传输层复用和分用。
CN_TOP_191,端口的作用,Concept,计算机网络,第5章 传输层,属于“传输层的寻址与端口”下的核心知识点，用于理解第5章 传输层中的相关原理和考点。,,3,4,王道2027计网，端口的作用，教材p225（PDF页236）,端口的作用,225,教材在“端口的作用”中出现或讲解“端口的作用”；本节点概括为：属于“传输层的寻址与端口”下的核心知识点，用于理解第5章 传输层中的相关原理和考点。
CN_TOP_192,端口号,Concept,计算机网络,第5章 传输层,属于“传输层的寻址与端口”下的核心知识点，用于理解第5章 传输层中的相关原理和考点。,,3,4,王道2027计网，端口号，教材p226（PDF页237）,端口号,226,教材在“端口号”中出现或讲解“端口号”；本节点概括为：属于“传输层的寻址与端口”下的核心知识点，用于理解第5章 传输层中的相关原理和考点。
CN_TOP_193,套接字,Concept,计算机网络,第5章 传输层,属于“传输层的寻址与端口”下的核心知识点，用于理解第5章 传输层中的相关原理和考点。,,3,4,王道2027计网，套接字，教材p226（PDF页237）,套接字,226,教材在“套接字”中出现或讲解“套接字”；本节点概括为：属于“传输层的寻址与端口”下的核心知识点，用于理解第5章 传输层中的相关原理和考点。
CN_TOP_194,无连接服务与面向连接服务,Concept,计算机网络,第5章 传输层,说明无连接服务与面向连接服务的基本原理、处理流程和适用场景。,,3,4,王道2027计网，无连接服务与面向连接服务，教材p226（PDF页237）,无连接服务与面向连接服务,226,教材在“无连接服务与面向连接服务”中出现或讲解“无连接服务与面向连接服务”；本节点概括为：说明无连接服务与面向连接服务的基本原理、处理流程和适用场景。
CN_TOP_195,UDP,Topic,计算机网络,第5章 传输层,用户数据报协议，提供无连接、尽最大努力交付的传输层服务。,"User Datagram Protocol, 用户数据报协议",3,5,王道2027计网，UDP，教材p229（PDF页240）,UDP,229,教材在“UDP”中出现或讲解“UDP”；本节点概括为：用户数据报协议，提供无连接、尽最大努力交付的传输层服务。
CN_TOP_196,UDP数据报,DataStructure,计算机网络,第5章 传输层,UDP在传输层传输的数据单元，首部简单、开销小。,,3,5,王道2027计网，UDP数据报，教材p229（PDF页240）,UDP数据报,229,教材在“UDP数据报”中出现或讲解“UDP数据报”；本节点概括为：UDP在传输层传输的数据单元，首部简单、开销小。
CN_TOP_197,UDP概述,Protocol,计算机网络,第5章 传输层,从整体上介绍UDP概述的基本对象、作用、结构和常见考点。,,3,5,王道2027计网，UDP概述，教材p229（PDF页240）,UDP概述,229,教材在“UDP概述”中出现或讲解“UDP概述”；本节点概括为：从整体上介绍UDP概述的基本对象、作用、结构和常见考点。
CN_TOP_198,UDP的首部格式,DataStructure,计算机网络,第5章 传输层,描述UDP的首部格式的数据组织方式、字段含义或标识作用。,,3,5,王道2027计网，UDP的首部格式，教材p229（PDF页240）,UDP的首部格式,229,教材在“UDP的首部格式”中出现或讲解“UDP的首部格式”；本节点概括为：描述UDP的首部格式的数据组织方式、字段含义或标识作用。
CN_TOP_199,UDP检验,Protocol,计算机网络,第5章 传输层,属于“UDP”下的核心知识点，用于理解第5章 传输层中的相关原理和考点。,,3,5,王道2027计网，UDP检验，教材p230（PDF页241）,UDP检验,230,教材在“UDP检验”中出现或讲解“UDP检验”；本节点概括为：属于“UDP”下的核心知识点，用于理解第5章 传输层中的相关原理和考点。
CN_TOP_200,TCP,Topic,计算机网络,第5章 传输层,传输控制协议，提供面向连接、可靠、有序、字节流的端到端传输服务。,"Transmission Control Protocol, 传输控制协议",4,5,王道2027计网，TCP，教材p236（PDF页247）,TCP,236,教材在“TCP”中出现或讲解“TCP”；本节点概括为：传输控制协议，提供面向连接、可靠、有序、字节流的端到端传输服务。
CN_TOP_201,TCP的特点,Protocol,计算机网络,第5章 传输层,概括TCP的特点的主要性质、优势、限制和适用条件。,,4,5,王道2027计网，TCP的特点，教材p236（PDF页247）,TCP的特点,236,教材在“TCP的特点”中出现或讲解“TCP的特点”；本节点概括为：概括TCP的特点的主要性质、优势、限制和适用条件。
CN_TOP_202,TCP报文段,DataStructure,计算机网络,第5章 传输层,TCP在传输层传输的数据单元，首部含序号、确认号、窗口等控制字段。,,4,5,王道2027计网，TCP报文段，教材p236（PDF页247）,TCP报文段,236,教材在“TCP报文段”中出现或讲解“TCP报文段”；本节点概括为：TCP在传输层传输的数据单元，首部含序号、确认号、窗口等控制字段。
CN_TOP_203,TCP连接管理,Protocol,计算机网络,第5章 传输层,通过连接建立与释放过程维护TCP端到端连接状态。,,4,5,王道2027计网，TCP连接管理，教材p238（PDF页249）,TCP连接管理,238,教材在“TCP连接管理”中出现或讲解“TCP连接管理”；本节点概括为：通过连接建立与释放过程维护TCP端到端连接状态。
CN_TOP_204,TCP连接的建立,Protocol,计算机网络,第5章 传输层,TCP通过三次握手建立连接，协商初始序号并确认双方收发能力。,三次握手,4,5,王道2027计网，TCP连接的建立，教材p238（PDF页249）,TCP连接的建立,238,教材在“TCP连接的建立”中出现或讲解“TCP连接的建立”；本节点概括为：TCP通过三次握手建立连接，协商初始序号并确认双方收发能力。
CN_TOP_205,TCP连接的释放,Protocol,计算机网络,第5章 传输层,TCP通常通过四次挥手释放连接，分别关闭两个方向的数据传输。,四次挥手,4,5,王道2027计网，TCP连接的释放，教材p239（PDF页250）,TCP连接的释放,239,教材在“TCP连接的释放”中出现或讲解“TCP连接的释放”；本节点概括为：TCP通常通过四次挥手释放连接，分别关闭两个方向的数据传输。
CN_TOP_206,TCP可靠传输,Protocol,计算机网络,第5章 传输层,通过序号、确认、超时重传和快速重传等机制保证字节流可靠交付。,,5,5,王道2027计网，TCP可靠传输，教材p240（PDF页251）,TCP可靠传输,240,教材在“TCP可靠传输”中出现或讲解“TCP可靠传输”；本节点概括为：通过序号、确认、超时重传和快速重传等机制保证字节流可靠交付。
CN_TOP_207,序号,Concept,计算机网络,第5章 传输层,属于“TCP可靠传输”下的核心知识点，用于理解第5章 传输层中的相关原理和考点。,,3,4,王道2027计网，序号，教材p240（PDF页251）,序号,240,教材在“序号”中出现或讲解“序号”；本节点概括为：属于“TCP可靠传输”下的核心知识点，用于理解第5章 传输层中的相关原理和考点。
CN_TOP_208,确认,Concept,计算机网络,第5章 传输层,属于“TCP可靠传输”下的核心知识点，用于理解第5章 传输层中的相关原理和考点。,,3,4,王道2027计网，确认，教材p241（PDF页252）,确认,241,教材在“确认”中出现或讲解“确认”；本节点概括为：属于“TCP可靠传输”下的核心知识点，用于理解第5章 传输层中的相关原理和考点。
CN_TOP_209,重传,Mechanism,计算机网络,第5章 传输层,属于“TCP可靠传输”下的核心知识点，用于理解第5章 传输层中的相关原理和考点。,,3,4,王道2027计网，重传，教材p241（PDF页252）,重传,241,教材在“重传”中出现或讲解“重传”；本节点概括为：属于“TCP可靠传输”下的核心知识点，用于理解第5章 传输层中的相关原理和考点。
CN_TOP_210,TCP流量控制,Protocol,计算机网络,第5章 传输层,利用接收窗口限制发送方速率，避免接收方缓存溢出。,,4,5,王道2027计网，TCP流量控制，教材p242（PDF页253）,TCP流量控制,242,教材在“TCP流量控制”中出现或讲解“TCP流量控制”；本节点概括为：利用接收窗口限制发送方速率，避免接收方缓存溢出。
CN_TOP_211,TCP拥塞控制,Protocol,计算机网络,第5章 传输层,根据网络拥塞程度动态调整发送速率，避免过多分组注入网络。,,5,5,王道2027计网，TCP拥塞控制，教材p243（PDF页254）,TCP拥塞控制,243,教材在“TCP拥塞控制”中出现或讲解“TCP拥塞控制”；本节点概括为：根据网络拥塞程度动态调整发送速率，避免过多分组注入网络。
CN_TOP_212,慢开始和拥塞避免,Problem,计算机网络,第5章 传输层,TCP拥塞控制的基本算法，用拥塞窗口指数增长后线性增长控制发送速率。,,4,4,王道2027计网，慢开始和拥塞避免，教材p243（PDF页254）,慢开始和拥塞避免,243,教材在“慢开始和拥塞避免”中出现或讲解“慢开始和拥塞避免”；本节点概括为：TCP拥塞控制的基本算法，用拥塞窗口指数增长后线性增长控制发送速率。
CN_TOP_213,快重传和快恢复,Mechanism,计算机网络,第5章 传输层,TCP在收到重复确认后快速重传丢失报文段，并通过恢复算法减少拥塞窗口下降幅度。,,3,4,王道2027计网，快重传和快恢复，教材p245（PDF页256）,快重传和快恢复,245,教材在“快重传和快恢复”中出现或讲解“快重传和快恢复”；本节点概括为：TCP在收到重复确认后快速重传丢失报文段，并通过恢复算法减少拥塞窗口下降幅度。
CN_TOP_214,第6章 应用层,Topic,计算机网络,第6章 应用层,研究典型网络应用模型与应用协议，包括DNS、FTP、电子邮件和HTTP。,,3,5,王道2027计网，第6章 应用层，教材p267（PDF页278）,第6章 应用层,267,教材在“第6章 应用层”中出现或讲解“第6章 应用层”；本节点概括为：研究典型网络应用模型与应用协议，包括DNS、FTP、电子邮件和HTTP。
CN_TOP_215,网络应用模型,Topic,计算机网络,第6章 应用层,描述应用进程之间的组织方式，主要包括客户/服务器模型和P2P模型。,,3,4,王道2027计网，网络应用模型，教材p267（PDF页278）,网络应用模型,267,教材在“网络应用模型”中出现或讲解“网络应用模型”；本节点概括为：描述应用进程之间的组织方式，主要包括客户/服务器模型和P2P模型。
CN_TOP_216,客户/服务器模型,Model,计算机网络,第6章 应用层,服务器长期提供服务，客户主动发起请求并获得响应的应用通信模型。,,3,4,王道2027计网，客户/服务器模型，教材p267（PDF页278）,客户/服务器模型,267,教材在“客户/服务器模型”中出现或讲解“客户/服务器模型”；本节点概括为：服务器长期提供服务，客户主动发起请求并获得响应的应用通信模型。
CN_TOP_217,P2P模型,Model,计算机网络,第6章 应用层,对等实体既可请求服务也可提供服务，系统可扩展性较强。,,3,4,王道2027计网，P2P模型，教材p268（PDF页279）,P2P模型,268,教材在“P2P模型”中出现或讲解“P2P模型”；本节点概括为：对等实体既可请求服务也可提供服务，系统可扩展性较强。
CN_TOP_218,域名系统,Topic,计算机网络,第6章 应用层,DNS把易记域名映射为IP地址，是互联网应用访问的重要基础设施。,"DNS, Domain Name System",3,4,王道2027计网，域名系统，教材p270（PDF页281）,域名系统,270,教材在“域名系统”中出现或讲解“域名系统”；本节点概括为：DNS把易记域名映射为IP地址，是互联网应用访问的重要基础设施。
CN_TOP_219,层次域名空间,DataStructure,计算机网络,第6章 应用层,采用树状层次结构组织域名，包括根域、顶级域、二级域等。,,3,4,王道2027计网，层次域名空间，教材p270（PDF页281）,层次域名空间,270,教材在“层次域名空间”中出现或讲解“层次域名空间”；本节点概括为：采用树状层次结构组织域名，包括根域、顶级域、二级域等。
CN_TOP_220,域名服务器,ComputingObject,计算机网络,第6章 应用层,存储域名资源记录并响应域名查询的服务器。,,3,4,王道2027计网，域名服务器，教材p271（PDF页282）,域名服务器,271,教材在“域名服务器”中出现或讲解“域名服务器”；本节点概括为：存储域名资源记录并响应域名查询的服务器。
CN_TOP_221,根域名服务器,ComputingObject,计算机网络,第6章 应用层,说明根域名服务器的工作层次、组成结构和转发/连接功能。,,3,4,王道2027计网，根域名服务器，教材p271（PDF页282）,根域名服务器,271,教材在“根域名服务器”中出现或讲解“根域名服务器”；本节点概括为：说明根域名服务器的工作层次、组成结构和转发/连接功能。
CN_TOP_222,顶级域名服务器,ComputingObject,计算机网络,第6章 应用层,说明顶级域名服务器的工作层次、组成结构和转发/连接功能。,,3,4,王道2027计网，顶级域名服务器，教材p271（PDF页282）,顶级域名服务器,271,教材在“顶级域名服务器”中出现或讲解“顶级域名服务器”；本节点概括为：说明顶级域名服务器的工作层次、组成结构和转发/连接功能。
CN_TOP_223,权限域名服务器（授权域名服务器）,ComputingObject,计算机网络,第6章 应用层,说明权限域名服务器（授权域名服务器）的工作层次、组成结构和转发/连接功能。,,3,4,王道2027计网，权限域名服务器（授权域名服务器），教材p272（PDF页283）,权限域名服务器（授权域名服务器）,272,教材在“权限域名服务器（授权域名服务器）”中出现或讲解“权限域名服务器（授权域名服务器）”；本节点概括为：说明权限域名服务器（授权域名服务器）的工作层次、组成结构和转发/连接功能。
CN_TOP_224,本地域名服务器,ComputingObject,计算机网络,第6章 应用层,说明本地域名服务器的工作层次、组成结构和转发/连接功能。,,3,4,王道2027计网，本地域名服务器，教材p272（PDF页283）,本地域名服务器,272,教材在“本地域名服务器”中出现或讲解“本地域名服务器”；本节点概括为：说明本地域名服务器的工作层次、组成结构和转发/连接功能。
CN_TOP_225,域名解析过程,Mechanism,计算机网络,第6章 应用层,客户端通过本地域名服务器及递归/迭代查询获得目标域名对应的IP地址。,,3,4,王道2027计网，域名解析过程，教材p272（PDF页283）,域名解析过程,272,教材在“域名解析过程”中出现或讲解“域名解析过程”；本节点概括为：客户端通过本地域名服务器及递归/迭代查询获得目标域名对应的IP地址。
CN_TOP_226,文件传输协议,Topic,计算机网络,第6章 应用层,FTP用于在客户与服务器之间传输文件，使用控制连接和数据连接。,"FTP, File Transfer Protocol",3,4,王道2027计网，文件传输协议，教材p277（PDF页288）,文件传输协议,277,教材在“文件传输协议”中出现或讲解“文件传输协议”；本节点概括为：FTP用于在客户与服务器之间传输文件，使用控制连接和数据连接。
CN_TOP_227,FTP的工作原理,Protocol,计算机网络,第6章 应用层,属于“文件传输协议”下的核心知识点，用于理解第6章 应用层中的相关原理和考点。,,3,4,王道2027计网，FTP的工作原理，教材p277（PDF页288）,FTP的工作原理,277,教材在“FTP的工作原理”中出现或讲解“FTP的工作原理”；本节点概括为：属于“文件传输协议”下的核心知识点，用于理解第6章 应用层中的相关原理和考点。
CN_TOP_228,控制连接与数据连接,Mechanism,计算机网络,第6章 应用层,用于协调控制连接与数据连接中的访问、差错、流量或拥塞问题。,,3,4,王道2027计网，控制连接与数据连接，教材p277（PDF页288）,控制连接与数据连接,277,教材在“控制连接与数据连接”中出现或讲解“控制连接与数据连接”；本节点概括为：用于协调控制连接与数据连接中的访问、差错、流量或拥塞问题。
CN_TOP_229,控制连接,Mechanism,计算机网络,第6章 应用层,FTP中用于传输控制命令和响应的连接，通常在整个会话期间保持。,,3,4,王道2027计网，控制连接，教材p278（PDF页289）,控制连接,278,教材在“控制连接”中出现或讲解“控制连接”；本节点概括为：FTP中用于传输控制命令和响应的连接，通常在整个会话期间保持。
CN_TOP_230,数据连接,Concept,计算机网络,第6章 应用层,FTP中用于传输文件数据的连接，可按传输任务建立和释放。,,3,4,王道2027计网，数据连接，教材p278（PDF页289）,数据连接,278,教材在“数据连接”中出现或讲解“数据连接”；本节点概括为：FTP中用于传输文件数据的连接，可按传输任务建立和释放。
CN_TOP_231,电子邮件,Topic,计算机网络,第6章 应用层,由用户代理、邮件服务器和邮件协议组成，实现邮件发送、传输和读取。,,3,4,王道2027计网，电子邮件，教材p283（PDF页294）,电子邮件,283,教材在“电子邮件”中出现或讲解“电子邮件”；本节点概括为：由用户代理、邮件服务器和邮件协议组成，实现邮件发送、传输和读取。
CN_TOP_232,电子邮件系统的组成结构,Application,计算机网络,第6章 应用层,属于“电子邮件”下的核心知识点，用于理解第6章 应用层中的相关原理和考点。,,2,4,王道2027计网，电子邮件系统的组成结构，教材p283（PDF页294）,电子邮件系统的组成结构,283,教材在“电子邮件系统的组成结构”中出现或讲解“电子邮件系统的组成结构”；本节点概括为：属于“电子邮件”下的核心知识点，用于理解第6章 应用层中的相关原理和考点。
CN_TOP_233,电子邮件格式与MIME,DataStructure,计算机网络,第6章 应用层,描述电子邮件格式与MIME的数据组织方式、字段含义或标识作用。,,3,4,王道2027计网，电子邮件格式与MIME，教材p284（PDF页295）,电子邮件格式与MIME,284,教材在“电子邮件格式与MIME”中出现或讲解“电子邮件格式与MIME”；本节点概括为：描述电子邮件格式与MIME的数据组织方式、字段含义或标识作用。
CN_TOP_234,电子邮件格式,DataStructure,计算机网络,第6章 应用层,描述电子邮件格式的数据组织方式、字段含义或标识作用。,,3,4,王道2027计网，电子邮件格式，教材p284（PDF页295）,电子邮件格式,284,教材在“电子邮件格式”中出现或讲解“电子邮件格式”；本节点概括为：描述电子邮件格式的数据组织方式、字段含义或标识作用。
CN_TOP_235,多用途互联网邮件扩展（MIME）,Concept,计算机网络,第6章 应用层,扩展电子邮件格式，使邮件可携带非ASCII文本和多媒体附件。,MIME,3,4,王道2027计网，多用途互联网邮件扩展（MIME），教材p285（PDF页296）,多用途互联网邮件扩展（MIME）,285,教材在“多用途互联网邮件扩展（MIME）”中出现或讲解“多用途互联网邮件扩展（MIME）”；本节点概括为：扩展电子邮件格式，使邮件可携带非ASCII文本和多媒体附件。
CN_TOP_236,SMTP和POP3,Protocol,计算机网络,第6章 应用层,属于“电子邮件”下的核心知识点，用于理解第6章 应用层中的相关原理和考点。,,3,4,王道2027计网，SMTP和POP3，教材p285（PDF页296）,SMTP和POP3,285,教材在“SMTP和POP3”中出现或讲解“SMTP和POP3”；本节点概括为：属于“电子邮件”下的核心知识点，用于理解第6章 应用层中的相关原理和考点。
CN_TOP_237,SMTP,Protocol,计算机网络,第6章 应用层,简单邮件传输协议，用于邮件发送和服务器之间的邮件传输。,Simple Mail Transfer Protocol,3,4,王道2027计网，SMTP，教材p285（PDF页296）,SMTP,285,教材在“SMTP”中出现或讲解“SMTP”；本节点概括为：简单邮件传输协议，用于邮件发送和服务器之间的邮件传输。
CN_TOP_238,POP3和IMAP,Protocol,计算机网络,第6章 应用层,用于邮件读取的应用层协议，其中IMAP更适合在服务器端管理邮件。,"POP3, IMAP",3,4,王道2027计网，POP3和IMAP，教材p286（PDF页297）,POP3和IMAP,286,教材在“POP3和IMAP”中出现或讲解“POP3和IMAP”；本节点概括为：用于邮件读取的应用层协议，其中IMAP更适合在服务器端管理邮件。
CN_TOP_239,万维网,Topic,计算机网络,第6章 应用层,以URL、HTTP和HTML等技术为基础的分布式超文本信息系统。,"WWW, Web",3,4,王道2027计网，万维网，教材p289（PDF页300）,万维网,289,教材在“万维网”中出现或讲解“万维网”；本节点概括为：以URL、HTTP和HTML等技术为基础的分布式超文本信息系统。
CN_TOP_240,万维网的概念与组成结构,Application,计算机网络,第6章 应用层,属于“万维网”下的核心知识点，用于理解第6章 应用层中的相关原理和考点。,,2,4,王道2027计网，万维网的概念与组成结构，教材p289（PDF页300）,万维网的概念与组成结构,289,教材在“万维网的概念与组成结构”中出现或讲解“万维网的概念与组成结构”；本节点概括为：属于“万维网”下的核心知识点，用于理解第6章 应用层中的相关原理和考点。
CN_TOP_241,超文本传输协议,Protocol,计算机网络,第6章 应用层,HTTP规定浏览器与Web服务器之间请求和响应的报文格式及交互过程。,"HTTP, HyperText Transfer Protocol",3,4,王道2027计网，超文本传输协议，教材p290（PDF页301）,超文本传输协议,290,教材在“超文本传输协议”中出现或讲解“超文本传输协议”；本节点概括为：HTTP规定浏览器与Web服务器之间请求和响应的报文格式及交互过程。
CN_TOP_242,HTTP的操作过程,Protocol,计算机网络,第6章 应用层,浏览器建立连接、发送请求、服务器返回响应并传输对象的基本过程。,,3,5,王道2027计网，HTTP的操作过程，教材p290（PDF页301）,HTTP的操作过程,290,教材在“HTTP的操作过程”中出现或讲解“HTTP的操作过程”；本节点概括为：浏览器建立连接、发送请求、服务器返回响应并传输对象的基本过程。
CN_TOP_243,HTTP的特点,Protocol,计算机网络,第6章 应用层,HTTP具有无状态、灵活、可使用持久连接等特点。,,2,5,王道2027计网，HTTP的特点，教材p291（PDF页302）,HTTP的特点,291,教材在“HTTP的特点”中出现或讲解“HTTP的特点”；本节点概括为：HTTP具有无状态、灵活、可使用持久连接等特点。
CN_TOP_244,HTTP的报文结构,DataStructure,计算机网络,第6章 应用层,HTTP报文由开始行、首部行和实体主体等部分组成。,,3,5,王道2027计网，HTTP的报文结构，教材p292（PDF页303）,HTTP的报文结构,292,教材在“HTTP的报文结构”中出现或讲解“HTTP的报文结构”；本节点概括为：HTTP报文由开始行、首部行和实体主体等部分组成。
CN_TOP_245,代理服务器,ComputingObject,计算机网络,第6章 应用层,作为客户端与服务器之间的中间实体，可缓存、转发或过滤HTTP请求。,,3,4,王道2027计网，代理服务器，教材p293（PDF页304）,代理服务器,293,教材在“代理服务器”中出现或讲解“代理服务器”；本节点概括为：作为客户端与服务器之间的中间实体，可缓存、转发或过滤HTTP请求。
CN_TOP_246,HTTP请求报文举例,Example,计算机网络,第6章 应用层,描述HTTP请求报文举例的数据组织方式、字段含义或标识作用。,,3,5,王道2027计网，HTTP请求报文举例，教材p294（PDF页305）,HTTP请求报文举例,294,教材在“HTTP请求报文举例”中出现或讲解“HTTP请求报文举例”；本节点概括为：描述HTTP请求报文举例的数据组织方式、字段含义或标识作用。
