id,course_id,course_name,source_id,resource_id,source_media_path,file,file_size,sha256,owner_id,owner_entity_type,owner_resolution,layout
C07:IMG:1731,C07,数据结构,1731,rId7,media/image7.png,media/C07/1731_image7.png,275347,db9511c277d30cb1588efacf7e8bd501b6478e806f6065820339ebd7d1eeb3cb,C07:ANCH:1730,structural_anchor,anchor,"{""x"":148.5,""y"":54.4218,""width"":260.0,""height"":91.6436}"
C07:IMG:1754,C07,数据结构,1754,rId8,media/image8.png,media/C07/1754_image8.png,17005,c318126a20dfda4a710ba4a598992b7d29a5ff09fdcd4d19b9a73a39aec71d8f,C07:F:1753,floating_root,direct,"{""x"":200.5,""y"":24.8305,""width"":260.0,""height"":32.461}"
C07:IMG:1760,C07,数据结构,1760,rId9,media/image9.png,media/C07/1760_image9.png,16797,4b72a0b550064d172b2cee1c67647d34f6d8e8da85bb00e1a511296643cc5408,C07:F:1759,floating_root,direct,"{""x"":182.5,""y"":24.8305,""width"":260.0,""height"":32.461}"
C07:IMG:1778,C07,数据结构,1778,rId10,media/image10.png,media/C07/1778_image10.png,265912,08e0e94e6d4e0bfc54ef1105d094068486ae271f7f0f0a978776c137aec1cbf0,C07:ANCH:1777,structural_anchor,anchor,"{""x"":148.5,""y"":50.4957,""width"":260.0,""height"":83.7915}"
C08:IMG:3409,C08,计算机组成原理,3409,rId2,media/image2.png,media/C08/3409_image2.png,202967,41810ada9881104f95ca67ecc5ac0c89134f68630e4264a0516f4520c523efbc,C08:K:420,knowledge,nearest_ancestor,"{""x"":122.5,""y"":89.25,""width"":231.0,""height"":173.0}"
C09:IMG:1167,C09,操作系统,1167,rId4,media/img1637486866229.png,media/C09/1167_img1637486866229.png,10705,181043dfa6fafa0e570ab8ccd64daca7983475e79eadead0d819160485841de7,C09:K:961,knowledge,nearest_ancestor,"{""x"":157.0,""y"":73.884,""width"":300.0,""height"":142.268}"
C09:IMG:1183,C09,操作系统,1183,rId5,media/image5.png,media/C09/1183_image5.png,123929,66bcac986a252720fc9e5235727aace86d75e6fd96c34f080e10ff20b07d5b72,C09:K:554,knowledge,nearest_ancestor,"{""x"":130.472,""y"":71.4575,""width"":246.944,""height"":137.415}"
C09:IMG:1184,C09,操作系统,1184,rId6,media/image6.png,media/C09/1184_image6.png,112285,85177f6e0fa6e412b41d5a1ee7bff1c0eff8fb2f31dd66b08eafefe77bd4c7ae,C09:K:556,knowledge,nearest_ancestor,"{""x"":120.893,""y"":69.7354,""width"":227.786,""height"":133.971}"
C10:IMG:245,C10,计算机网络,245,rId110,media/image110.png,media/C10/245_image110.png,72185,9e6248c150f9e8ee871eb7bdf293193e6ed9b1122013f99d681e432acff52777,C10:K:241,knowledge,nearest_ancestor,"{""x"":164.0,""y"":66.25,""width"":314.0,""height"":127.0}"
C10:IMG:256,C10,计算机网络,256,rId111,media/image111.png,media/C10/256_image111.png,101022,8507c383c299f78736eed867142e195c4702bb70b9372f458242f00ce082b587,C10:K:250,knowledge,nearest_ancestor,"{""x"":175.5,""y"":62.25,""width"":337.0,""height"":119.0}"
C10:IMG:267,C10,计算机网络,267,rId112,media/image112.png,media/C10/267_image112.png,117998,b5e73cda1af75bd6d6a1d528c98fff0b1cfd0325c98038c772e17ac8dffa5d68,C10:K:263,knowledge,nearest_ancestor,"{""x"":161.5,""y"":67.75,""width"":309.0,""height"":130.0}"
C10:IMG:428,C10,计算机网络,428,rId114,media/image114.png,media/C10/428_image114.png,260105,0045849a3428940d5629bb331ce4ab8cabb54d01fea9e50c2f1e11dd3cba5c16,C10:K:424,knowledge,nearest_ancestor,"{""x"":136.5,""y"":80.25,""width"":259.0,""height"":155.0}"
C10:IMG:955,C10,计算机网络,955,rId117,media/image117.png,media/C10/955_image117.png,17715,af8d1fa4b699627d7ba3a12197254f6712a38ce34d7071a23e63c6bb05bbc76b,C10:K:951,knowledge,nearest_ancestor,"{""x"":166.264,""y"":23.6599,""width"":318.528,""height"":41.8198}"
C10:IMG:998,C10,计算机网络,998,rId121,media/image121.png,media/C10/998_image121.png,73969,aa81fb211862d33fd26a065473720034297d5832af5ed16ce56293ce9d27c439,C10:K:994,knowledge,nearest_ancestor,"{""x"":143.962,""y"":68.6243,""width"":273.923,""height"":131.749}"
C10:IMG:1001,C10,计算机网络,1001,rId122,media/image122.png,media/C10/1001_image122.png,99499,1a1f463742f776d9fd162e0751e9d4fc471e46492817265b0cf4c4ff8a1469df,C10:K:992,knowledge,nearest_ancestor,"{""x"":117.599,""y"":64.4703,""width"":221.199,""height"":123.441}"
C10:IMG:1004,C10,计算机网络,1004,rId123,media/image123.png,media/C10/1004_image123.png,67223,b8965695e59f03df8ef3def2756ccc04eafc48b511941c58e6cacbb06c8513bc,C10:K:992,knowledge,nearest_ancestor,"{""x"":142.006,""y"":64.3235,""width"":270.011,""height"":123.147}"
C10:IMG:1026,C10,计算机网络,1026,rId124,media/image124.png,media/C10/1026_image124.png,184443,a24e41366b5cc4261fec7d213e0db7e29539528fc4c4ef60142c9562cbc22059,C10:K:1022,knowledge,nearest_ancestor,"{""x"":131.233,""y"":68.0172,""width"":248.466,""height"":130.534}"
C10:IMG:1056,C10,计算机网络,1056,rId125,media/image125.png,media/C10/1056_image125.png,162521,4cdeff6e9153d71147ae4b48a3112881635bf8cbb9855b051ad955037c54c17f,C10:K:1051,knowledge,nearest_ancestor,"{""x"":163.5,""y"":66.75,""width"":313.0,""height"":128.0}"
C10:IMG:1091,C10,计算机网络,1091,rId128,media/image128.png,media/C10/1091_image128.png,58621,d0f7cfc44e282cbccdd9e0cbe2a8c1bd87f03dc57fa684c58c5926b28700544d,C10:K:1087,knowledge,nearest_ancestor,"{""x"":173.5,""y"":62.25,""width"":333.0,""height"":119.0}"
C10:IMG:1128,C10,计算机网络,1128,rId130,media/image130.png,media/C10/1128_image130.png,96298,8e47895bd29f8fec98d2a4908ff1214b1cb584ce41662aa7c127445d265b9ccb,C10:K:1130,knowledge,nearest_ancestor,"{""x"":148.5,""y"":73.25,""width"":283.0,""height"":141.0}"
C10:IMG:1137,C10,计算机网络,1137,rId131,media/image131.png,media/C10/1137_image131.png,121406,45ab3c9ab72f0bbcadd5161b4332d684e7f3d92ddf3433dab3ef9892259022bc,C10:K:1138,knowledge,nearest_ancestor,"{""x"":150.0,""y"":72.25,""width"":286.0,""height"":139.0}"
C10:IMG:1241,C10,计算机网络,1241,rId132,media/image132.png,media/C10/1241_image132.png,138893,b602b4d3e2f678ef3f8a425dc8fa4d91dab7dbfc5a17bb33db903b9894cb1359,C10:K:1135,knowledge,nearest_ancestor,"{""x"":126.5,""y"":86.25,""width"":239.0,""height"":167.0}"
C10:IMG:1243,C10,计算机网络,1243,rId133,media/image133.png,media/C10/1243_image133.png,106387,68dda1f4d3c866ce36b60537d444901ef40f4ea42ab10bb65e3c09ef2091e828,C10:K:1154,knowledge,nearest_ancestor,"{""x"":122.5,""y"":89.25,""width"":231.0,""height"":173.0}"
C10:IMG:1251,C10,计算机网络,1251,rId134,media/image134.png,media/C10/1251_image134.png,98845,c7dad42b370df758811003f2266c34c69b648eb01bfe37a6a40877674e5f1c06,C10:K:1249,knowledge,nearest_ancestor,"{""x"":130.0,""y"":83.75,""width"":246.0,""height"":162.0}"
C10:IMG:1255,C10,计算机网络,1255,rId135,media/image135.png,media/C10/1255_image135.png,201603,a22451d9699f65c7ffa37a058e5e99622c3518eec81c39fd83353b377c214ee2,C10:K:1256,knowledge,nearest_ancestor,"{""x"":139.5,""y"":78.25,""width"":265.0,""height"":151.0}"
C10:IMG:1258,C10,计算机网络,1258,rId136,media/image136.png,media/C10/1258_image136.png,125538,6d2b496d9cc8be63a25f433db5231c636df22309b12581b3cd89ea0fb86c651c,C10:K:1260,knowledge,nearest_ancestor,"{""x"":134.5,""y"":81.25,""width"":255.0,""height"":157.0}"
C10:IMG:1267,C10,计算机网络,1267,rId137,media/image137.png,media/C10/1267_image137.png,108795,66d69452bbf53a455a5d39cba8c94603cd6bbc3a718fa6081f111324fe0abbbe,C10:K:1323,knowledge,nearest_ancestor,"{""x"":154.5,""y"":70.25,""width"":295.0,""height"":135.0}"
C10:IMG:1278,C10,计算机网络,1278,rId138,media/image138.png,media/C10/1278_image138.png,75457,e29f035deb426d41ebc2ba105b491ae32fb32cacb2bf0d7b75791d9bdf6d1dcf,C10:K:1289,knowledge,nearest_ancestor,"{""x"":151.0,""y"":72.25,""width"":288.0,""height"":139.0}"
C10:IMG:1280,C10,计算机网络,1280,rId139,media/image139.png,media/C10/1280_image139.png,117730,6a62735af3d19973905d55b2cd61bb0aab5b23da32a8de94b26c48de7fcceb3f,C10:K:1290,knowledge,nearest_ancestor,"{""x"":136.5,""y"":80.25,""width"":259.0,""height"":155.0}"
C10:IMG:1612,C10,计算机网络,1612,rId140,media/image140.png,media/C10/1612_image140.png,97193,a4dc1e1ee2bc5c3b8a9cdf7a0de8f387c09c3988d073b7aa3495a9378924e0cd,C10:K:1600,knowledge,nearest_ancestor,"{""x"":158.5,""y"":68.25,""width"":303.0,""height"":131.0}"
C10:IMG:1614,C10,计算机网络,1614,rId141,media/image141.png,media/C10/1614_image141.png,143401,1b2c10816e7171286004553b63ff6c00e71ddc8c420f2591e3180e5a63e02f56,C10:K:1606,knowledge,nearest_ancestor,"{""x"":146.5,""y"":74.25,""width"":279.0,""height"":143.0}"
C10:IMG:1674,C10,计算机网络,1674,rId142,media/image142.png,media/C10/1674_image142.png,109851,bb408024cc4b6c6f80bf7a155e2955d43127a4ce972ab8ba4f2ff2bd8de6d2ab,C10:K:1274,knowledge,nearest_ancestor,"{""x"":131.5,""y"":101.0,""width"":249.0,""height"":161.0}"
C10:IMG:1692,C10,计算机网络,1692,rId143,media/image143.png,media/C10/1692_image143.png,115340,572eb430c93d3cbf6ee1ad2e26b23ead732c86107dab26a850177a2a22f4095e,C10:K:1685,knowledge,nearest_ancestor,"{""x"":131.0,""y"":83.25,""width"":248.0,""height"":161.0}"
C10:IMG:1694,C10,计算机网络,1694,rId144,media/image144.png,media/C10/1694_image144.png,143314,c733c1d7e7164722938adaeb265cd5d9370681d2d3c3a30d938499e54c97ff54,C10:K:1687,knowledge,nearest_ancestor,"{""x"":119.5,""y"":91.75,""width"":225.0,""height"":178.0}"
C10:IMG:1753,C10,计算机网络,1753,rId145,media/image145.png,media/C10/1753_image145.png,69681,96c986547e3e67976b5e87c2bca156a64bf196d08e2207018682959ec06637d7,C10:K:1702,knowledge,nearest_ancestor,"{""x"":170.5,""y"":63.25,""width"":327.0,""height"":121.0}"
C10:IMG:1755,C10,计算机网络,1755,rId146,media/image146.png,media/C10/1755_image146.png,162246,b26c3862662ce5e65744bd57b045ddfa3e9bbcfde08f3f6fea4e5372d255b395,C10:K:1710,knowledge,nearest_ancestor,"{""x"":208.5,""y"":52.25,""width"":403.0,""height"":99.0}"
C10:IMG:1757,C10,计算机网络,1757,rId147,media/image147.png,media/C10/1757_image147.png,118148,69f61eaf091e5ea69e5d39b8989bd13536f5605cb6655505d1bd0b8850bd3f9a,C10:K:1719,knowledge,nearest_ancestor,"{""x"":146.0,""y"":74.75,""width"":278.0,""height"":144.0}"
C10:IMG:1759,C10,计算机网络,1759,rId148,media/image148.png,media/C10/1759_image148.png,110719,b2b36c4882e2634f40b36f8dcfdd1920dbd5a769fad994b956c21865a551427e,C10:K:1739,knowledge,nearest_ancestor,"{""x"":148.5,""y"":73.25,""width"":283.0,""height"":141.0}"
C10:IMG:1761,C10,计算机网络,1761,rId149,media/image149.png,media/C10/1761_image149.png,113531,dc65e19530fd424504d92b8425dc7ca638e28cb5094d26b9cac214b2263466ac,C10:K:1740,knowledge,nearest_ancestor,"{""x"":139.5,""y"":78.25,""width"":265.0,""height"":151.0}"
C10:IMG:1763,C10,计算机网络,1763,rId150,media/image150.png,media/C10/1763_image150.png,204549,f4dc8a51869360274a06d1a95bc70cb53d9df9659e974dd94e62dbc31927622c,C10:K:1729,knowledge,nearest_ancestor,"{""x"":126.0,""y"":86.25,""width"":238.0,""height"":167.0}"
C10:IMG:1765,C10,计算机网络,1765,rId151,media/image151.png,media/C10/1765_image151.png,172929,9cfeb70a0d01b982c9b830f8817c3334844d4fb3100df68fbc28cf48a146cf9a,C10:K:1730,knowledge,nearest_ancestor,"{""x"":132.5,""y"":82.25,""width"":251.0,""height"":159.0}"
C10:IMG:1767,C10,计算机网络,1767,rId152,media/image152.png,media/C10/1767_image152.png,222704,78a83cb3e44f063d84deaea72dbc5d2d32919ca8d8328b7c8aa28ab79aa9b386,C10:K:1731,knowledge,nearest_ancestor,"{""x"":143.5,""y"":75.75,""width"":273.0,""height"":146.0}"
C10:IMG:1769,C10,计算机网络,1769,rId153,media/image153.png,media/C10/1769_image153.png,147360,7f1ae584a35bc539613151db21a20bef0eb0023364c4e453b8d4c0f0ed12c3d6,C10:K:1732,knowledge,nearest_ancestor,"{""x"":150.5,""y"":72.25,""width"":287.0,""height"":139.0}"
C10:IMG:1799,C10,计算机网络,1799,rId154,media/image154.png,media/C10/1799_image154.png,158101,97372707e09b9559dc6b3373cbe5f661b9a5fe99c8300663b325c01d6e7c3db3,C10:K:1797,knowledge,nearest_ancestor,"{""x"":159.5,""y"":68.25,""width"":305.0,""height"":131.0}"
C10:IMG:1813,C10,计算机网络,1813,rId155,media/image155.png,media/C10/1813_image155.png,75543,b5bc5f0c52f88ca8c40cad514334641bfff57a770e3d6b0837a4684e71a4eb05,C10:K:1805,knowledge,nearest_ancestor,"{""x"":151.5,""y"":72.25,""width"":289.0,""height"":139.0}"
C10:IMG:1815,C10,计算机网络,1815,rId156,media/image156.png,media/C10/1815_image156.png,97874,79272be514e30001cc9f1dfffbf296288f014d7716f97d0b909416274bdfd9aa,C10:K:1327,knowledge,nearest_ancestor,"{""x"":150.0,""y"":72.25,""width"":286.0,""height"":139.0}"
C10:IMG:1817,C10,计算机网络,1817,rId157,media/image157.png,media/C10/1817_image157.png,162322,e4b160aa1d0177fc8e0eee22a3b5f7ad4e5d6feb8e63dcee951e508f1659f8de,C10:K:1327,knowledge,nearest_ancestor,"{""x"":126.5,""y"":86.25,""width"":239.0,""height"":167.0}"
C10:IMG:1819,C10,计算机网络,1819,rId158,media/image158.png,media/C10/1819_image158.png,153871,1feccd9fac001542b07512552f478338a364436d768791f2071ee45d00f7b0e2,C10:K:1327,knowledge,nearest_ancestor,"{""x"":129.0,""y"":84.25,""width"":244.0,""height"":163.0}"
C10:IMG:1823,C10,计算机网络,1823,rId159,media/image159.png,media/C10/1823_image159.png,46673,af0053493a8d76fb1833e9e15db55c6b3f9de47072dd0804b74622b5bec4284c,C10:K:1304,knowledge,nearest_ancestor,"{""x"":139.5,""y"":77.75,""width"":265.0,""height"":150.0}"
C10:IMG:2447,C10,计算机网络,2447,rId160,media/image160.png,media/C10/2447_image160.png,101195,2590de5732d7fea26db2510c5595a6aa24014bbe79dfdff5ac57dea039e41e30,C10:K:2445,knowledge,nearest_ancestor,"{""x"":155.5,""y"":69.75,""width"":297.0,""height"":134.0}"
C10:IMG:2462,C10,计算机网络,2462,rId161,media/image161.png,media/C10/2462_image161.png,7953,67efb4b60aab3480cdb2bd7de4cbfcb58a2fe80bc0ef9f8d22e63322cf3932c1,C10:K:2456,knowledge,nearest_ancestor,"{""x"":67.75,""y"":28.8696,""width"":121.5,""height"":52.2391}"
C10:IMG:2464,C10,计算机网络,2464,rId162,media/image162.png,media/C10/2464_image162.png,6175,8ec0df937659017c493a0ef45aa65e291b5ccac62318f2c14b4a98dd747bb74c,C10:K:2457,knowledge,nearest_ancestor,"{""x"":55.25,""y"":27.2539,""width"":96.5,""height"":49.0079}"
C10:IMG:2466,C10,计算机网络,2466,rId163,media/image163.png,media/C10/2466_image163.png,9271,adf5c5a5640cecbda94b30a5f7aea3a3e78ab67f77167246942fe42bf4a06586,C10:K:2458,knowledge,nearest_ancestor,"{""x"":106.584,""y"":26.2667,""width"":199.167,""height"":47.0335}"
C10:IMG:2468,C10,计算机网络,2468,rId164,media/image164.png,media/C10/2468_image164.png,13435,9f2f77851c4a06d344fe0f248ca26d66e8ebc604230c306b09f1780bced7d734,C10:K:2459,knowledge,nearest_ancestor,"{""x"":93.5835,""y"":26.4784,""width"":173.167,""height"":47.4568}"
C10:IMG:2470,C10,计算机网络,2470,rId165,media/image165.png,media/C10/2470_image165.png,10640,f167f0b3b78816ab47429200cf55663c1aaf0b38402ed0f6a60beb8f50e4e941,C10:K:2460,knowledge,nearest_ancestor,"{""x"":73.25,""y"":26.1059,""width"":132.5,""height"":46.7119}"
C10:IMG:2496,C10,计算机网络,2496,rId166,media/image166.png,media/C10/2496_image166.png,11332,c15abe8c9f6cd1205177cfdf6a2f3a36a6d41901a81793bb2a6fa4622f331867,C10:K:2489,knowledge,nearest_ancestor,"{""x"":95.5835,""y"":32.5987,""width"":177.167,""height"":59.6975}"
C10:IMG:2499,C10,计算机网络,2499,rId167,media/image167.png,media/C10/2499_image167.png,11857,e4981d501242682807bc37643e7f8891c848cc8572d49ed5acd9b813f598be3d,C10:K:2490,knowledge,nearest_ancestor,"{""x"":94.4165,""y"":29.7418,""width"":174.833,""height"":53.9836}"
C10:IMG:2502,C10,计算机网络,2502,rId168,media/image168.png,media/C10/2502_image168.png,12176,2076aa52f8bff9301578e1b049fcab71d868853ed9513c8c6369d83a6e22d8a6,C10:K:2491,knowledge,nearest_ancestor,"{""x"":93.0,""y"":29.348,""width"":172.0,""height"":53.1959}"
C10:IMG:2505,C10,计算机网络,2505,rId169,media/image169.png,media/C10/2505_image169.png,6862,82fb2df3b92e4517decb86ce40ff3814955a1a57bd239ed670abe4989a28ec98,C10:K:2492,knowledge,nearest_ancestor,"{""x"":98.596,""y"":26.3671,""width"":183.192,""height"":47.2343}"
C10:IMG:2508,C10,计算机网络,2508,rId170,media/image170.png,media/C10/2508_image170.png,7633,fdadda1e56d07079d4eae2485eed9913d0b83617272e90315f7cb37f7c6d771b,C10:K:2493,knowledge,nearest_ancestor,"{""x"":100.876,""y"":28.3527,""width"":187.753,""height"":51.2053}"
C10:IMG:2513,C10,计算机网络,2513,rId171,media/image171.png,media/C10/2513_image171.png,153266,8a71ff3fd508afab808916d5c7fa38206491c659ced91af1c8b0665354f257f3,C10:K:2511,knowledge,nearest_ancestor,"{""x"":137.5,""y"":79.25,""width"":261.0,""height"":153.0}"
C10:IMG:2516,C10,计算机网络,2516,rId172,media/image172.png,media/C10/2516_image172.png,36320,f1ae95a0e7ac1c7de1a6b81d41b9fd69f154f5c8ac20beddf374a231c9efce5a,C10:K:2514,knowledge,nearest_ancestor,"{""x"":143.726,""y"":64.4375,""width"":273.451,""height"":123.375}"
C10:IMG:2599,C10,计算机网络,2599,rId173,media/image173.png,media/C10/2599_image173.png,75380,b4a091ffe52786e61c29bb9491ee1b05e29cda10c76d3f45cbe52dc8e9db4b7e,C10:K:1935,knowledge,nearest_ancestor,"{""x"":145.5,""y"":74.75,""width"":277.0,""height"":144.0}"
C10:IMG:2601,C10,计算机网络,2601,rId174,media/image174.png,media/C10/2601_image174.png,88636,bc3c622908dc268104b58bba724677c8a2aa2694d890d1ab07fd72b0e6f10557,C10:K:1935,knowledge,nearest_ancestor,"{""x"":149.5,""y"":72.75,""width"":285.0,""height"":140.0}"
C10:IMG:2609,C10,计算机网络,2609,rId175,media/image175.png,media/C10/2609_image175.png,44060,735fa101013fe4d643be49aa1b55d2bb0d08efce6667ca2276b7c1908ac70dde,C10:K:1933,knowledge,nearest_ancestor,"{""x"":148.583,""y"":41.9749,""width"":283.167,""height"":78.4499}"
C10:IMG:2611,C10,计算机网络,2611,rId176,media/image176.png,media/C10/2611_image176.png,80232,dbef402c4f6cb906397b67818d075635088b15a3ac4512d2202ad65b437de252,C10:K:1933,knowledge,nearest_ancestor,"{""x"":140.805,""y"":65.744,""width"":267.611,""height"":125.988}"
C10:IMG:2631,C10,计算机网络,2631,rId177,media/image177.png,media/C10/2631_image177.png,1467,b7423eddde04d68d2d05af91cf536cbe87e2e52637e9f5f287238352999abd00,C10:K:1930,knowledge,nearest_ancestor,"{""x"":67.0445,""y"":19.7489,""width"":120.089,""height"":33.9977}"
C10:IMG:2634,C10,计算机网络,2634,rId178,media/image178.png,media/C10/2634_image178.png,5266,fb4e91a1c5c62477f19d471e28acdc7be8b3539fd308633029f95982e531cdd8,C10:K:1929,knowledge,nearest_ancestor,"{""x"":61.7185,""y"":39.3942,""width"":109.437,""height"":73.2885}"
C10:IMG:2637,C10,计算机网络,2637,rId179,media/image179.png,media/C10/2637_image179.png,3859,8ba8dd05cf4a304c9a29a247dca634e4adee372427737937dfade62496275910,C10:K:1928,knowledge,nearest_ancestor,"{""x"":55.0989,""y"":33.4156,""width"":96.1978,""height"":61.3313}"
C10:IMG:2642,C10,计算机网络,2642,rId180,media/image180.png,media/C10/2642_image180.png,38723,c1b08a2e517f01be062d4f2484b5e872a3c56a118a7109d5164e8eed0556c9cf,C10:K:2639,knowledge,nearest_ancestor,"{""x"":161.0,""y"":67.25,""width"":308.0,""height"":129.0}"
C10:IMG:2668,C10,计算机网络,2668,rId181,media/image181.png,media/C10/2668_image181.png,83837,05527e57263a5fdb3b2e6869d0d2f61b1db96e140a44202fe3cbcb62ff0bf08c,C10:K:2666,knowledge,nearest_ancestor,"{""x"":128.31,""y"":66.7135,""width"":242.62,""height"":127.927}"
C10:IMG:2682,C10,计算机网络,2682,rId182,media/image182.png,media/C10/2682_image182.png,16772,4636eafe379054eddcd60737adcd27f48783a83d43900f2d8d78d2cf9962f8f6,C10:K:2680,knowledge,nearest_ancestor,"{""x"":60.5,""y"":58.25,""width"":107.0,""height"":111.0}"
C10:IMG:3742,C10,计算机网络,3742,rId185,media/image185.png,media/C10/3742_image185.png,149271,0a7caa90f44d1187640561404d146b09791551b041cd0c12867ca282bb23a3c4,C10:K:3743,knowledge,nearest_ancestor,"{""x"":198.605,""y"":95.5485,""width"":383.21,""height"":185.597}"
C10:IMG:3770,C10,计算机网络,3770,rId186,media/image186.png,media/C10/3770_image186.png,28616,d95b38e243e6a0263e8d759007449b911b472cce179b17ae42ef18951945383a,C10:K:3773,knowledge,nearest_ancestor,"{""x"":151.877,""y"":26.7711,""width"":289.755,""height"":48.0423}"
C10:IMG:3772,C10,计算机网络,3772,rId187,media/image187.png,media/C10/3772_image187.png,58402,cb0ac8e84b325d60c8f00ee3cbe7ed0a4afd21ff2d32b4c9fd4edc0699187980,C10:K:3773,knowledge,nearest_ancestor,"{""x"":153.054,""y"":97.1865,""width"":292.108,""height"":188.873}"
C10:IMG:3776,C10,计算机网络,3776,rId188,media/image188.png,media/C10/3776_image188.png,28789,8318c9aeb4e77d2d77b8779b5e3d46ba00d022dcddc2cd73d94b358f2e0e8ca2,C10:K:3778,knowledge,nearest_ancestor,"{""x"":154.486,""y"":34.6989,""width"":294.971,""height"":63.8979}"
C10:IMG:3781,C10,计算机网络,3781,rId189,media/image189.png,media/C10/3781_image189.png,17116,483ae39316d21801f5a0a2a9a00612a2399069bda7a7c6dc586879f9d1ffe365,C10:K:3783,knowledge,nearest_ancestor,"{""x"":94.58,""y"":104.532,""width"":175.16,""height"":203.564}"
C10:IMG:3793,C10,计算机网络,3793,rId190,media/image190.png,media/C10/3793_image190.png,112228,c9b734062dff02854f3f4e52263d50fc23f9561b3a25ce06acd61400bc5869e5,C10:K:3795,knowledge,nearest_ancestor,"{""x"":220.623,""y"":124.475,""width"":427.245,""height"":243.449}"
C10:IMG:3797,C10,计算机网络,3797,rId191,media/image191.png,media/C10/3797_image191.png,47400,b25096c532174a648878a7bf5be1b64d645213d0250cfb7de32f3354423642cb,C10:K:3799,knowledge,nearest_ancestor,"{""x"":188.0,""y"":57.75,""width"":362.0,""height"":110.0}"
C10:IMG:4064,C10,计算机网络,4064,rId192,media/image192.png,media/C10/4064_image192.png,89699,6a4c14c07ebaddccae36c9815802603f7fbb9f567adccc452907914e4673dd7d,C10:K:4061,knowledge,nearest_ancestor,"{""x"":131.637,""y"":42.6482,""width"":249.275,""height"":79.7964}"
C10:IMG:4082,C10,计算机网络,4082,rId193,media/image193.png,media/C10/4082_image193.png,33337,f6f0ea4977df578c96c01ff085321f0101fcf4e3d3d06451aa7a02c6ecca3d12,C10:K:4076,knowledge,nearest_ancestor,"{""x"":43.5616,""y"":39.6985,""width"":73.1232,""height"":73.897}"
C10:IMG:4084,C10,计算机网络,4084,rId194,media/image194.png,media/C10/4084_image194.png,41546,e298aa004ace7dd4038a18762d3069b204c264efcc1cc713be230f6cf3a69bfe,C10:K:4077,knowledge,nearest_ancestor,"{""x"":56.3561,""y"":38.9727,""width"":98.7122,""height"":72.4454}"
C10:IMG:4097,C10,计算机网络,4097,rId195,media/image195.png,media/C10/4097_image195.png,59294,f804e2d38a686c7766f7eec76d022e1366203b2e01f80be2bdfdcdf8e22ea2ec,C10:K:4095,knowledge,nearest_ancestor,"{""x"":64.3045,""y"":45.6664,""width"":114.609,""height"":85.8329}"
C10:IMG:4099,C10,计算机网络,4099,rId196,media/image196.png,media/C10/4099_image196.png,20069,ef74c3f138131cd7c96fe09d9f8a07baa747295f999ad74656771cc6d08c9ac2,C10:K:3725,knowledge,nearest_ancestor,"{""x"":132.308,""y"":24.2832,""width"":250.616,""height"":43.0665}"
C10:IMG:4155,C10,计算机网络,4155,rId197,media/image197.png,media/C10/4155_image197.png,119906,31112f9b3e2274723509f4d1944d8540b1c35e0f89dfe24f2f8d63b3b9bf2de8,C10:K:4153,knowledge,nearest_ancestor,"{""x"":108.916,""y"":64.4575,""width"":203.833,""height"":123.415}"
C10:IMG:4163,C10,计算机网络,4163,rId198,media/image198.png,media/C10/4163_image198.png,33397,b94492a6f122e25cdd85f880b629403b0540855126a20eb136eb5296d724a598,C10:K:3738,knowledge,nearest_ancestor,"{""x"":149.25,""y"":34.6974,""width"":284.5,""height"":63.8948}"
C10:IMG:4189,C10,计算机网络,4189,rId199,media/image199.png,media/C10/4189_image199.png,62740,b9a679ffb9393d375cee27e0db97eabb3051fbdf63b7563f487de2955a465791,C10:K:4187,knowledge,nearest_ancestor,"{""x"":73.317,""y"":54.6885,""width"":132.634,""height"":103.877}"
C10:IMG:4193,C10,计算机网络,4193,rId200,media/image200.png,media/C10/4193_image200.png,27062,9c2ac9ad952456537a256933f99e4c41ce34c4ce9d28caefccba988ff3ac2897,C10:K:4197,knowledge,nearest_ancestor,"{""x"":219.5,""y"":49.75,""width"":425.0,""height"":94.0}"
C10:IMG:4481,C10,计算机网络,4481,rId201,media/image201.png,media/C10/4481_image201.png,11490,79daee515d59d10b37ebc2bcbe6dbd5e6320561fc860e8abb8a6059bf56611ae,C10:K:4479,knowledge,nearest_ancestor,"{""x"":59.5905,""y"":13.2235,""width"":105.181,""height"":20.9471}"
C10:IMG:4538,C10,计算机网络,4538,rId202,media/image202.png,media/C10/4538_image202.png,309047,9084240eb150642e3ef9496816757b8ae2b7bcc9803fe6c30954d702e45df2d3,C10:K:4536,knowledge,nearest_ancestor,"{""x"":260.953,""y"":102.261,""width"":507.906,""height"":199.023}"
C10:IMG:4560,C10,计算机网络,4560,rId203,media/image203.png,media/C10/4560_image203.png,93108,068aec6958d38044641fe555b6cb335fa719b2b7412fb6fc2ee9bfbc5d417a28,C10:K:4558,knowledge,nearest_ancestor,"{""x"":323.091,""y"":128.388,""width"":632.181,""height"":251.277}"
C10:IMG:4574,C10,计算机网络,4574,rId204,media/image204.png,media/C10/4574_image204.png,7634,a414fdce3b762b775a6bf366cd2443b9e7ca0bfc269285e40851ca01b3df7f6a,C10:K:4572,knowledge,nearest_ancestor,"{""x"":49.184,""y"":14.3659,""width"":84.368,""height"":23.2318}"
C10:IMG:4581,C10,计算机网络,4581,rId205,media/image205.png,media/C10/4581_image205.png,137175,4fa0647dd4c1dc4b0206129fa22ed23a45281f2675faf2b67ccf8a788353d1f2,C10:K:4579,knowledge,nearest_ancestor,"{""x"":144.417,""y"":30.3574,""width"":274.833,""height"":55.2148}"
C10:IMG:4584,C10,计算机网络,4584,rId206,media/image206.png,media/C10/4584_image206.png,9354,6eba477909b00903a1a9feb7facc4e204ce373f52e7ee357a572c4d309b8ce47,C10:K:4582,knowledge,nearest_ancestor,"{""x"":54.5785,""y"":12.0,""width"":95.1571,""height"":17.9119}"
C10:IMG:4588,C10,计算机网络,4588,rId207,media/image207.png,media/C10/4588_image207.png,24912,d765cbe58d336922438fb4d2277ea3f6809a707bcb2e0724f7cf5dd7b3ccfc08,C10:K:4586,knowledge,nearest_ancestor,"{""x"":150.583,""y"":15.6016,""width"":287.167,""height"":25.7032}"
C10:IMG:4591,C10,计算机网络,4591,rId208,media/image208.png,media/C10/4591_image208.png,109407,23dfd8240ac8635e0353b0d805a666256b37e0a983c6459976437adefc7fba66,C10:K:4589,knowledge,nearest_ancestor,"{""x"":173.916,""y"":28.2783,""width"":333.832,""height"":51.0567}"
C10:IMG:4612,C10,计算机网络,4612,rId209,media/image209.png,media/C10/4612_image209.png,38830,52c120ac3a750a5a052a081c73e590186636a3ee6f729f785d65aa50734c40b5,C10:K:4602,knowledge,nearest_ancestor,"{""x"":151.25,""y"":43.9094,""width"":288.5,""height"":82.3187}"
C10:IMG:4614,C10,计算机网络,4614,rId210,media/image210.png,media/C10/4614_image210.png,51661,b3319a3e25b48f393222a52f9657bc87c0172e6bcfca09c4a0fea882c683c3bb,C10:K:4603,knowledge,nearest_ancestor,"{""x"":122.916,""y"":51.1424,""width"":231.833,""height"":96.7848}"
C10:IMG:4618,C10,计算机网络,4618,rId211,media/image211.png,media/C10/4618_image211.png,39232,27a6af1c777250f6a6eae219646dc0a20fb2410bcdeca070852778e894411135,C10:K:4604,knowledge,nearest_ancestor,"{""x"":147.46,""y"":41.7668,""width"":280.921,""height"":78.0335}"
C10:IMG:4620,C10,计算机网络,4620,rId212,media/image212.png,media/C10/4620_image212.png,52833,9713472137254475d0690ca42e62353d1cc7c56afeef5a122001645b89e59dd2,C10:K:4605,knowledge,nearest_ancestor,"{""x"":122.25,""y"":48.1956,""width"":230.5,""height"":90.8912}"
C10:IMG:4624,C10,计算机网络,4624,rId213,media/image213.png,media/C10/4624_image213.png,38357,4f9e47b7c8715f53e761eae4dcfe6e417100d9dad2228c849c2aaab5551baa88,C10:K:4606,knowledge,nearest_ancestor,"{""x"":137.965,""y"":41.0812,""width"":261.93,""height"":76.6625}"
C10:IMG:4630,C10,计算机网络,4630,rId214,media/image214.png,media/C10/4630_image214.png,54470,7a54d18b3c3e9fefcc45ddcc5d9c8e5c14b834ee9a5009a24885fa6812bb2c09,C10:K:4607,knowledge,nearest_ancestor,"{""x"":173.25,""y"":45.2595,""width"":332.5,""height"":85.019}"
C10:IMG:4645,C10,计算机网络,4645,rId215,media/image215.png,media/C10/4645_image215.png,53128,e24fea72f2f480fbe54d4b0f53504048045ac24284ca6979e66bf7aa0c94d8d0,C10:K:4608,knowledge,nearest_ancestor,"{""x"":184.25,""y"":51.3434,""width"":354.5,""height"":97.1867}"
C10:IMG:4647,C10,计算机网络,4647,rId216,media/image216.png,media/C10/4647_image216.png,52322,f77e8898c930aa0aade9c275818bdfc88377bb7667228885a933982672d4cc4e,C10:K:4639,knowledge,nearest_ancestor,"{""x"":172.75,""y"":44.2914,""width"":331.5,""height"":83.0827}"
C10:IMG:4661,C10,计算机网络,4661,rId217,media/image217.png,media/C10/4661_image217.png,13970,a0220fd7b110c9d8dff10c6ad49ed0411bd7f0602d44ba25bffc0b12d8e71508,C10:K:4653,knowledge,nearest_ancestor,"{""x"":139.054,""y"":21.2589,""width"":264.108,""height"":37.0178}"
C10:IMG:4663,C10,计算机网络,4663,rId218,media/image218.png,media/C10/4663_image218.png,151689,3e51b14ceabc0c50f15fa649dc2b18b3136c5d2149f7b32d4008d54ddd24f3ae,C10:K:4659,knowledge,nearest_ancestor,"{""x"":151.5,""y"":71.75,""width"":289.0,""height"":138.0}"
C11:IMG:917,C11,编译原理,917,rId465,media/image465.png,media/C11/917_image465.png,18006,9a4ae26eddabd850ea6ea5f6a89e11cfb66aaa1d240607d25e2e99ff21e22e1c,C11:K:911,knowledge,nearest_ancestor,"{""x"":115.326,""y"":38.8588,""width"":216.653,""height"":72.2175}"
C11:IMG:930,C11,编译原理,930,rId466,media/image466.png,media/C11/930_image466.png,27134,d7b729a0958f50571cd616d6da99d9fd6c8fd51f04f8ee2dbc4d1700dd98d97b,C11:K:924,knowledge,nearest_ancestor,"{""x"":143.054,""y"":37.8047,""width"":272.108,""height"":70.1094}"
C11:IMG:949,C11,编译原理,949,rId467,media/image467.png,media/C11/949_image467.png,21302,0c96998031a26efe33dd95f849ef7dadd6b0ab3323d966653df48578e1426c0b,C11:K:943,knowledge,nearest_ancestor,"{""x"":111.54,""y"":34.4286,""width"":209.079,""height"":63.3572}"
C11:IMG:1121,C11,编译原理,1121,rId468,media/image468.png,media/C11/1121_image468.png,128759,9afedaaa0108d237f47b3133f7881076199aaa793fc9ebcc5d85f8b42babe72f,C11:K:1117,knowledge,nearest_ancestor,"{""x"":110.856,""y"":66.9445,""width"":207.712,""height"":128.389}"
C11:IMG:1163,C11,编译原理,1163,rId469,media/image469.png,media/C11/1163_image469.png,19182,7908cd5af0daaaa4941b465561d869c204845e2eaecbcb520b916e2a5703f186,C11:K:1157,knowledge,nearest_ancestor,"{""x"":153.166,""y"":26.2305,""width"":292.332,""height"":46.9609}"
C11:IMG:1174,C11,编译原理,1174,rId470,media/image470.png,media/C11/1174_image470.png,38815,fe449448c0ca75091ba9bb40e68ea30b036b5e7618422565d8dbb7646a6f86f2,C11:K:1170,knowledge,nearest_ancestor,"{""x"":115.005,""y"":49.1392,""width"":216.01,""height"":92.7783}"
C11:IMG:1205,C11,编译原理,1205,rId471,media/image471.png,media/C11/1205_image471.png,32839,db04c232398c730f378c4f931ba0e00bc1f5afda1b65320d23389260ecafd416,C11:K:1199,knowledge,nearest_ancestor,"{""x"":167.206,""y"":41.1368,""width"":320.412,""height"":76.7736}"
C11:IMG:1242,C11,编译原理,1242,rId472,media/image472.png,media/C11/1242_image472.png,88364,15bb5e2616722c1ff01fddc10f40724ebb67230611acef187c0cb4ae9bcc91eb,C11:K:1234,knowledge,nearest_ancestor,"{""x"":108.377,""y"":80.562,""width"":202.755,""height"":155.624}"
C11:IMG:1289,C11,编译原理,1289,rId473,media/image473.png,media/C11/1289_image473.png,12235,bd2a34ffc4c6fa589c1a6f731afafd5eec413d19dd742198afb572f7912b9e7b,C11:K:1285,knowledge,nearest_ancestor,"{""x"":156.796,""y"":23.3539,""width"":299.592,""height"":41.2078}"
C11:IMG:1292,C11,编译原理,1292,rId474,media/image474.png,media/C11/1292_image474.png,48348,b24b07044dcb75486d0dda483f9fe78bd571afe3b896ccc8e03edb36a0da6b22,C11:K:1285,knowledge,nearest_ancestor,"{""x"":92.514,""y"":65.241,""width"":171.028,""height"":124.982}"
C11:IMG:1319,C11,编译原理,1319,rId475,media/image475.png,media/C11/1319_image475.png,52713,a04c9ae240472f28db92fa0837563bcba2474d0c6c09011b637d5cedc4642ec9,C11:K:1295,knowledge,nearest_ancestor,"{""x"":149.696,""y"":63.839,""width"":285.393,""height"":122.178}"
C11:IMG:1324,C11,编译原理,1324,rId476,media/image476.png,media/C11/1324_image476.png,69768,cc07dea6fec76c5be09a22ea3493a9aa2536a8ee7e9aaf06f79bf7d6512b89c3,C11:K:1297,knowledge,nearest_ancestor,"{""x"":133.472,""y"":62.2915,""width"":252.944,""height"":119.083}"
C11:IMG:1327,C11,编译原理,1327,rId477,media/image477.png,media/C11/1327_image477.png,37810,12db998ee8320a9114d5ae6fcdf05909e51322438c1b6fa49084dea78e7827dd,C11:K:1299,knowledge,nearest_ancestor,"{""x"":79.6783,""y"":69.1689,""width"":145.357,""height"":132.838}"
C11:IMG:1338,C11,编译原理,1338,rId478,media/image478.png,media/C11/1338_image478.png,38563,a497b2d8b2ac2982d77d9106c211dcad19f8c0e11b1212a122d0d97009afa758,C11:K:1328,knowledge,nearest_ancestor,"{""x"":112.322,""y"":32.9632,""width"":210.645,""height"":60.4264}"
C11:IMG:1442,C11,编译原理,1442,rId479,media/image479.png,media/C11/1442_image479.png,34063,17f2be5170fa8493421e7678fd71558f6e0006ed5044561f87c394a37e2e8001,C11:K:1438,knowledge,nearest_ancestor,"{""x"":86.58,""y"":65.353,""width"":159.16,""height"":125.206}"
C11:IMG:1901,C11,编译原理,1901,rId480,media/image480.png,media/C11/1901_image480.png,3658,18adb58ef90641eed73326f4d1c64a51be16322c4b9596533490a595ce10cb00,C11:K:1897,knowledge,nearest_ancestor,"{""x"":45.2298,""y"":25.1503,""width"":76.4597,""height"":44.8006}"
C11:IMG:1904,C11,编译原理,1904,rId481,media/image481.png,media/C11/1904_image481.png,827,a2c4f0a10fd09d007a8e2f957e140847263aa120f1eb7bb1c2aa71a796e9df30,C11:K:1902,knowledge,direct,"{""x"":16.0354,""y"":12.3683,""width"":18.0708,""height"":19.2367}"
C11:IMG:1909,C11,编译原理,1909,rId482,media/image482.png,media/C11/1909_image482.png,672,d48734a8a6c0a6d64515ce8a8686932df56af3a318612db7560e34d5dabc4e24,C11:K:1907,knowledge,direct,"{""x"":17.2122,""y"":12.0611,""width"":20.4244,""height"":18.6222}"
C11:IMG:1912,C11,编译原理,1912,rId483,media/image483.png,media/C11/1912_image483.png,4550,a30fe682330511ca64b90f5845213af9ef11ceb981b53fd1fc33d235a615a51b,C11:K:1905,knowledge,nearest_ancestor,"{""x"":103.484,""y"":15.0363,""width"":192.967,""height"":24.5726}"
C11:IMG:1915,C11,编译原理,1915,rId484,media/image484.png,media/C11/1915_image484.png,1781,92d5eb347936b2246fe7cdb1389ccce8de7f1113a5cda591e72859ac8229d2a4,C11:K:1907,knowledge,nearest_ancestor,"{""x"":50.8768,""y"":16.1568,""width"":87.7537,""height"":26.8136}"
C11:IMG:1922,C11,编译原理,1922,rId485,media/image485.png,media/C11/1922_image485.png,8741,79d037eacd586c45c9274744a7d457dff4a18582b6b4d0de8e4fab8620c9ac87,C11:K:1916,knowledge,nearest_ancestor,"{""x"":97.0685,""y"":25.1139,""width"":180.137,""height"":44.7278}"
C11:IMG:1929,C11,编译原理,1929,rId486,media/image486.png,media/C11/1929_image486.png,4802,09639c562116c68c7734dc8cbd5548b020a5e816bdf0b3aadd2165de89b7e82b,C11:K:1923,knowledge,nearest_ancestor,"{""x"":80.05,""y"":13.0227,""width"":146.1,""height"":20.5454}"
C11:IMG:1932,C11,编译原理,1932,rId487,media/image487.png,media/C11/1932_image487.png,70032,00d03d2894df77198099288a272250d674ef0d17e3e2228658cdb64c67a481f1,C11:K:1923,knowledge,nearest_ancestor,"{""x"":181.0,""y"":60.25,""width"":348.0,""height"":115.0}"
C11:IMG:1937,C11,编译原理,1937,rId488,media/image488.png,media/C11/1937_image488.png,40835,3f72b4ddef8ab2763a7f26b04437061aa415b9426adc38af16f9d361c17ade64,C11:K:1933,knowledge,nearest_ancestor,"{""x"":152.5,""y"":71.25,""width"":291.0,""height"":137.0}"
C11:IMG:1942,C11,编译原理,1942,rId489,media/image489.png,media/C11/1942_image489.png,70255,10cdc19d5c377c90989c3e2e54580ca1c09cfb5af5b93a2e47fca2c222144226,C11:K:1925,knowledge,nearest_ancestor,"{""x"":138.5,""y"":78.75,""width"":263.0,""height"":152.0}"
C11:IMG:1953,C11,编译原理,1953,rId490,media/image490.png,media/C11/1953_image490.png,1997,1cb361b930d9c27275c870330b6d673559b0e49e18dfd2d0804d5981fe5403fa,C11:K:1949,knowledge,nearest_ancestor,"{""x"":36.0647,""y"":14.6739,""width"":58.1293,""height"":23.8479}"
C11:IMG:1956,C11,编译原理,1956,rId491,media/image491.png,media/C11/1956_image491.png,1905,cecad3d5ceff0207c80d1d88111d8ae42d8d899f137e91511c6972c7cde1dc44,C11:K:1949,knowledge,nearest_ancestor,"{""x"":34.1153,""y"":13.6666,""width"":54.2307,""height"":21.8331}"
C11:IMG:1963,C11,编译原理,1963,rId492,media/image492.png,media/C11/1963_image492.png,4958,ac1db80404d99289062a5acb396f8af6f501beb4de07898ebb6fc3b35d28c516,C11:K:1949,knowledge,nearest_ancestor,"{""x"":80.2385,""y"":13.6368,""width"":146.477,""height"":21.7736}"
C11:IMG:1970,C11,编译原理,1970,rId493,media/image493.png,media/C11/1970_image493.png,10045,7c4d254329d00ca1b3075eab8456039b8037a0c7c48cdc0972cb89bcf1d09094,C11:K:1971,knowledge,nearest_ancestor,"{""x"":111.485,""y"":16.6813,""width"":208.97,""height"":27.8626}"
C11:IMG:1985,C11,编译原理,1985,rId494,media/image494.png,media/C11/1985_image494.png,7293,7083feadfa8fc09658ef1da85d8112fd8a2542a3d31ae1c49e74e06397c2a136,C11:K:1979,knowledge,nearest_ancestor,"{""x"":84.3625,""y"":17.0764,""width"":154.725,""height"":28.6528}"
C11:IMG:2030,C11,编译原理,2030,rId495,media/image495.png,media/C11/2030_image495.png,2800,d0f9f9a43c55b0a98b78f7df199bce8084a08ce90a41ee31299630de2536a5dc,C11:K:2026,knowledge,nearest_ancestor,"{""x"":55.9887,""y"":22.6424,""width"":97.9774,""height"":39.7848}"
C11:IMG:2039,C11,编译原理,2039,rId496,media/image496.png,media/C11/2039_image496.png,25895,d95a4f81571bea22adbd25c321e2663a1e3418fe624b01da7be4e350f0e31bb0,C11:K:2031,knowledge,nearest_ancestor,"{""x"":122.063,""y"":17.5741,""width"":230.126,""height"":29.6482}"
C11:IMG:2042,C11,编译原理,2042,rId497,media/image497.png,media/C11/2042_image497.png,26312,b7bd1b1b6aafc36cf131edf217a71513ebf9f9725a1c32cd6cadaed5c1f77de4,C11:K:2033,knowledge,nearest_ancestor,"{""x"":118.614,""y"":17.7086,""width"":223.228,""height"":29.9171}"
C11:IMG:2051,C11,编译原理,2051,rId498,media/image498.png,media/C11/2051_image498.png,35495,71172949095fe660b80ea2ba33d82f211ce3df4820dcc2589606416d3336cf85,C11:K:2045,knowledge,nearest_ancestor,"{""x"":133.846,""y"":65.949,""width"":253.692,""height"":126.398}"
C11:IMG:2061,C11,编译原理,2061,rId499,media/image499.png,media/C11/2061_image499.png,31060,c915a22d5738f3e5469aa66a87b698a298cce2d9a714109649558cb97363ea44,C11:K:2056,knowledge,nearest_ancestor,"{""x"":115.722,""y"":66.729,""width"":217.445,""height"":127.958}"
C11:IMG:2068,C11,编译原理,2068,rId500,media/image500.png,media/C11/2068_image500.png,28759,4843c2d3ef4fdc96d958031cb0c681542cba3dcc10181375f3e3b45859f0ccf9,C11:K:2062,knowledge,nearest_ancestor,"{""x"":130.724,""y"":23.1347,""width"":247.448,""height"":40.7695}"
C11:IMG:2091,C11,编译原理,2091,rId501,media/image501.png,media/C11/2091_image501.png,29897,67578272ddcc96d89445e8b25c2af2852916a0b709b6745d93b490658b4e3cae,C11:K:2081,knowledge,nearest_ancestor,"{""x"":179.663,""y"":34.8213,""width"":345.326,""height"":64.1426}"
C11:IMG:2098,C11,编译原理,2098,rId502,media/image502.png,media/C11/2098_image502.png,49112,2fd28b9c8ffc3cc61c0a189ed744fad4f48b8fd008778f21a1330a1e92766948,C11:K:2094,knowledge,nearest_ancestor,"{""x"":181.5,""y"":59.75,""width"":349.0,""height"":114.0}"
C11:IMG:2101,C11,编译原理,2101,rId503,media/image503.png,media/C11/2101_image503.png,18316,12e6351fa3a36704e120d0241adc53bc01ac2c1275383453a56d67645c367122,C11:K:2083,knowledge,nearest_ancestor,"{""x"":119.107,""y"":28.0644,""width"":224.213,""height"":50.6288}"
C11:IMG:2104,C11,编译原理,2104,rId504,media/image504.png,media/C11/2104_image504.png,16118,561824c5321055347c5e33c4f76e6d08b72556a38eed5d06a651530e1ce93c08,C11:K:2085,knowledge,nearest_ancestor,"{""x"":126.047,""y"":28.1873,""width"":238.093,""height"":50.8746}"
C11:IMG:2109,C11,编译原理,2109,rId505,media/image505.png,media/C11/2109_image505.png,19723,8519c0e2b41e5c8cb12b5e557fb1479d997f5302b737c3241c07cc167279ca9f,C11:K:2105,knowledge,nearest_ancestor,"{""x"":109.373,""y"":22.1327,""width"":204.747,""height"":38.7654}"
C11:IMG:2114,C11,编译原理,2114,rId506,media/image506.png,media/C11/2114_image506.png,18999,43ad071de015af3fa1ed4e182e13cf2e9fa906fd4119d4edc4196677dae06b9c,C11:K:2110,knowledge,nearest_ancestor,"{""x"":102.427,""y"":22.1458,""width"":190.854,""height"":38.7915}"
C11:IMG:2138,C11,编译原理,2138,rId507,media/image507.png,media/C11/2138_image507.png,40312,5e7cd39d7bfd5003e2a8cb05a8c0997303dd0f33662c50a593ab29769509654f,C11:K:2134,knowledge,nearest_ancestor,"{""x"":81.34,""y"":70.01,""width"":148.68,""height"":134.52}"
C11:IMG:2240,C11,编译原理,2240,rId508,media/image508.png,media/C11/2240_image508.png,111006,ff44411af8381037a08cacb854e4b3cf5ba0cbe922ee468b345e2a7d83102e91,C11:K:2236,knowledge,nearest_ancestor,"{""x"":97.069,""y"":81.455,""width"":180.138,""height"":157.41}"
C11:IMG:2243,C11,编译原理,2243,rId509,media/image509.png,media/C11/2243_image509.png,103816,2bb2fa2807a1ec625277299f4b9a6463131c90a70e64b90d44a9dbae3d640ab4,C11:K:2236,knowledge,nearest_ancestor,"{""x"":91.5055,""y"":93.3855,""width"":169.011,""height"":181.271}"
C11:IMG:2261,C11,编译原理,2261,rId510,media/image510.png,media/C11/2261_image510.png,91131,999e22a7d6c3ac75aa89d1cfa88f8c1735b5c37badbdbf741d9a8908efbe18b7,C11:K:2254,knowledge,nearest_ancestor,"{""x"":140.048,""y"":60.0835,""width"":266.097,""height"":114.667}"
C11:IMG:2266,C11,编译原理,2266,rId511,media/image511.png,media/C11/2266_image511.png,94001,ee04bf76b8a9f6703adaef8bbf33ed10fd51161506d92b6d335c943fb1a3a9a9,C11:K:2262,knowledge,nearest_ancestor,"{""x"":125.77,""y"":75.875,""width"":237.54,""height"":146.25}"
C11:IMG:2271,C11,编译原理,2271,rId512,media/image512.png,media/C11/2271_image512.png,26215,55a1bf5e3da05d4a1e8dc84d5ea2ba4a3c4c423386a3460c3b44a1e174b38358,C11:K:2267,knowledge,nearest_ancestor,"{""x"":70.1825,""y"":40.7084,""width"":126.365,""height"":75.9167}"
C11:IMG:2278,C11,编译原理,2278,rId513,media/image513.png,media/C11/2278_image513.png,36934,8357dfc58e0099262e201f36d70d10111870c6ea67458c119a92a8c2d1c87305,C11:K:2274,knowledge,nearest_ancestor,"{""x"":104.313,""y"":51.2343,""width"":194.625,""height"":96.9687}"
C11:IMG:2289,C11,编译原理,2289,rId514,media/image514.png,media/C11/2289_image514.png,51747,577a48b52a4f87f1a0a48224950414c005ecd060d21b9bb58f8f57ed172ce9ba,C11:K:2285,knowledge,nearest_ancestor,"{""x"":101.466,""y"":29.9948,""width"":188.931,""height"":54.4896}"
C11:IMG:2310,C11,编译原理,2310,rId515,media/image515.png,media/C11/2310_image515.png,7645,f9751acad1517bc0bc85e4103bc8a5b8f2714f96d0bfcbe113905c96ab46f91e,C11:K:2306,knowledge,nearest_ancestor,"{""x"":32.2027,""y"":21.2617,""width"":50.4054,""height"":37.0234}"
C11:IMG:2317,C11,编译原理,2317,rId516,media/image516.png,media/C11/2317_image516.png,5133,ade040fd3f22b043ec24eab3d0044f2ae4f126c94db1e5a4b8257cb5f7258ab7,C11:K:2313,knowledge,nearest_ancestor,"{""x"":110.29,""y"":14.7288,""width"":206.579,""height"":23.9577}"
C11:IMG:2328,C11,编译原理,2328,rId517,media/image517.png,media/C11/2328_image517.png,19591,d45c6feb6a1f856407b19398cb759c8f618487590f5d941480fee98a33f89a80,C11:K:2324,knowledge,nearest_ancestor,"{""x"":86.3935,""y"":20.8372,""width"":158.787,""height"":36.1744}"
C11:IMG:2344,C11,编译原理,2344,rId518,media/image518.png,media/C11/2344_image518.png,25058,60b94a6ed1b17c44334bb2b5b787030d70aa8aee928691c080b2a6c19eb632f3,C11:K:2339,knowledge,nearest_ancestor,"{""x"":59.7265,""y"":36.6306,""width"":105.453,""height"":67.7612}"
C11:IMG:2355,C11,编译原理,2355,rId519,media/image519.png,media/C11/2355_image519.png,50739,231b81a3761859fc3eb22b3dc94db54fb2c505fcfb1e61e7866d8afba82f7b8f,C11:K:2351,knowledge,nearest_ancestor,"{""x"":82.9075,""y"":37.8635,""width"":151.815,""height"":70.2271}"
C11:IMG:2364,C11,编译原理,2364,rId520,media/image520.png,media/C11/2364_image520.png,132064,1faa0712fd15247e42b004e810408f9e5a7fc82713b1f1ddcc979436d7d6a76d,C11:K:2360,knowledge,nearest_ancestor,"{""x"":117.5,""y"":93.25,""width"":221.0,""height"":181.0}"
C11:IMG:2371,C11,编译原理,2371,rId521,media/image521.png,media/C11/2371_image521.png,138884,ccc4d9971db5d21ac2179eeec7f3d39b48f8eec2aaf52f20d1f9dcf38a2d578b,C11:K:2367,knowledge,nearest_ancestor,"{""x"":102.0,""y"":107.75,""width"":190.0,""height"":210.0}"
C11:IMG:2382,C11,编译原理,2382,rId522,media/image522.png,media/C11/2382_image522.png,83438,a70ad335b23249e8646e336a44ee7b4e9e95f5b1111ebb76aeed6996a81d729b,C11:K:2372,knowledge,nearest_ancestor,"{""x"":94.3265,""y"":96.411,""width"":174.653,""height"":187.322}"
C11:IMG:2389,C11,编译原理,2389,rId523,media/image523.png,media/C11/2389_image523.png,26932,9ba54b96cd1b6997e94c47d58d155f2cccd4ae76963676d53a8c3434f119afe6,C11:K:2383,knowledge,nearest_ancestor,"{""x"":68.1155,""y"":64.48,""width"":122.231,""height"":123.46}"
C11:IMG:2392,C11,编译原理,2392,rId524,media/image524.png,media/C11/2392_image524.png,84031,e3d7b3459e6b0f0b0465f196f3dd469b43933e4fbd2c5cf1aac5701e02bd4ec1,C11:K:2383,knowledge,nearest_ancestor,"{""x"":98.011,""y"":67.264,""width"":182.022,""height"":129.028}"
C11:IMG:2399,C11,编译原理,2399,rId525,media/image525.png,media/C11/2399_image525.png,17503,b444f7904d6d31231d5a96545db5562672f1c9efa4a951d13c875cb8e1b6c1c9,C11:K:2393,knowledge,nearest_ancestor,"{""x"":68.8115,""y"":37.7375,""width"":123.623,""height"":69.975}"
C11:IMG:2403,C11,编译原理,2403,rId526,media/image526.png,media/C11/2403_image526.png,38887,794bf92ace2bc69e36a4b51be9053b8348ca9f0dc5460dc6fa51ddb156c450fe,C11:K:2393,knowledge,nearest_ancestor,"{""x"":121.316,""y"":36.888,""width"":228.631,""height"":68.276}"
C11:IMG:2410,C11,编译原理,2410,rId527,media/image527.png,media/C11/2410_image527.png,6210,43210d0d8f459a74ad78e7118b3bec700df308e39177fe79447feeeb5a56d102,C11:K:2404,knowledge,nearest_ancestor,"{""x"":30.2026,""y"":26.1894,""width"":46.4052,""height"":46.8787}"
C11:IMG:2413,C11,编译原理,2413,rId528,media/image528.png,media/C11/2413_image528.png,23584,0aed2c5004440d13063f10d4da2b8eb13bc6c732ebbc34ecff2c1f961282206c,C11:K:2404,knowledge,nearest_ancestor,"{""x"":107.566,""y"":26.0695,""width"":201.131,""height"":46.6391}"
C11:IMG:2464,C11,编译原理,2464,rId529,media/image529.png,media/C11/2464_image529.png,27538,6bd164105391cc841bc1e3d5cb7471174c82cca412b1712ea4a7366454780ee1,C11:K:2460,knowledge,nearest_ancestor,"{""x"":110.66,""y"":30.268,""width"":207.32,""height"":55.036}"
C11:IMG:2467,C11,编译原理,2467,rId530,media/image530.png,media/C11/2467_image530.png,155784,739ccb1d28f7475c4318841e729209805caaf623e1b4541e87e5ffb502cd60ba,C11:K:2460,knowledge,nearest_ancestor,"{""x"":113.067,""y"":82.185,""width"":212.133,""height"":158.87}"
C11:IMG:2470,C11,编译原理,2470,rId531,media/image531.png,media/C11/2470_image531.png,38880,8676162d3a1dddb3e974384f8391e90449722bdd1e7d35ffffc5fab90859e379,C11:K:2460,knowledge,nearest_ancestor,"{""x"":108.66,""y"":49.2724,""width"":203.32,""height"":93.0447}"
C11:IMG:2476,C11,编译原理,2476,rId532,media/image532.png,media/C11/2476_image532.png,145082,458bbb90cfc5a66cdda5b0a5ab4d4b19423fbc8aeb2ee2541fd49b6c1fa41647,C11:K:2460,knowledge,nearest_ancestor,"{""x"":132.284,""y"":68.809,""width"":250.569,""height"":132.118}"
C11:IMG:2479,C11,编译原理,2479,rId533,media/image533.png,media/C11/2479_image533.png,47777,b470e788b4d9e5fab743c7211738a518f3b186e14ac129aa17c59880d6b79456,C11:K:2460,knowledge,nearest_ancestor,"{""x"":91.63,""y"":69.031,""width"":169.26,""height"":132.562}"
C11:IMG:2482,C11,编译原理,2482,rId534,media/image534.png,media/C11/2482_image534.png,144915,5b276de8fe2ff81b92264d9e0ce705607e7871737cee1e8d47904a8a178a3bcc,C11:K:2460,knowledge,nearest_ancestor,"{""x"":142.5,""y"":76.75,""width"":271.0,""height"":148.0}"
C11:IMG:2491,C11,编译原理,2491,rId535,media/image535.png,media/C11/2491_image535.png,19279,f421a6e97c654407a958d9b6ff4e03a79a3de0c10114ea704145013cb16bc857,C11:K:2483,knowledge,nearest_ancestor,"{""x"":114.848,""y"":35.1341,""width"":215.696,""height"":64.7682}"
C11:IMG:2494,C11,编译原理,2494,rId536,media/image536.png,media/C11/2494_image536.png,131537,02af32bde9b8b44b8a4f1f74ab09d7ff0f298a08c0fc30b2367fdd7f714e30f8,C11:K:2483,knowledge,nearest_ancestor,"{""x"":160.0,""y"":67.75,""width"":306.0,""height"":130.0}"
C11:IMG:2571,C11,编译原理,2571,rId537,media/image537.png,media/C11/2571_image537.png,58338,6697f84ef4654a0737a91d6ec67f400e60b002698d7bc72d0eb46cbe6763b287,C11:K:2567,knowledge,nearest_ancestor,"{""x"":168.549,""y"":74.6095,""width"":323.098,""height"":143.719}"
C11:IMG:2576,C11,编译原理,2576,rId538,media/image538.png,media/C11/2576_image538.png,37045,23355467d13e9d61cf287dd7874790fe3c513d317c35bd413b952c164cc96ef9,C11:K:2572,knowledge,nearest_ancestor,"{""x"":134.5,""y"":81.25,""width"":255.0,""height"":157.0}"
C11:IMG:2585,C11,编译原理,2585,rId539,media/image539.png,media/C11/2585_image539.png,5107,ccbd28a5b4df856285f88853589d53cced66b0984ba9d72f507047cbbea4da7b,C11:K:2581,knowledge,nearest_ancestor,"{""x"":73.8775,""y"":15.7321,""width"":133.755,""height"":25.9642}"
C11:IMG:2588,C11,编译原理,2588,rId540,media/image540.png,media/C11/2588_image540.png,85664,68896759e14b6f2eb6ac3c493c831adc5950b44726a7c509aa3c117cee5f7e29,C11:K:2581,knowledge,nearest_ancestor,"{""x"":150.903,""y"":62.4395,""width"":287.805,""height"":119.379}"
C11:IMG:2593,C11,编译原理,2593,rId541,media/image541.png,media/C11/2593_image541.png,90499,d4c7f1432d47d7ecd587ee03f9efab7a119f9a18fff8ff71601ab8f6b9f4ec90,C11:K:2589,knowledge,nearest_ancestor,"{""x"":136.5,""y"":80.25,""width"":259.0,""height"":155.0}"
C11:IMG:2608,C11,编译原理,2608,rId542,media/image542.png,media/C11/2608_image542.png,35782,a27d3c9f96a758b782d013183a79fe379b1fec38242348df5090fcdafd2af520,C11:K:2604,knowledge,nearest_ancestor,"{""x"":99.188,""y"":39.9179,""width"":184.376,""height"":74.3359}"
C11:IMG:2618,C11,编译原理,2618,rId543,media/image543.png,media/C11/2618_image543.png,85017,5bcb66d722ecfe10469235c1340b977d6da944fa74828a14b02ccb08eb93fff5,C11:K:2614,knowledge,nearest_ancestor,"{""x"":139.106,""y"":59.4905,""width"":264.212,""height"":113.481}"
C11:IMG:2625,C11,编译原理,2625,rId544,media/image544.png,media/C11/2625_image544.png,5439,2e1ff7ff231eb7a716b59a583913e95ea6357ba1bd6d220efede3eb8c938ee66,C11:K:2621,knowledge,nearest_ancestor,"{""x"":74.1815,""y"":14.6274,""width"":134.363,""height"":23.7549}"
C11:IMG:2628,C11,编译原理,2628,rId545,media/image545.png,media/C11/2628_image545.png,54020,8d0931c38d44be42335a4a8b30d691a20dea4ecd6a84bb00d88b09bb60e83c39,C11:K:2621,knowledge,nearest_ancestor,"{""x"":131.961,""y"":57.965,""width"":249.922,""height"":110.43}"
C11:IMG:2633,C11,编译原理,2633,rId546,media/image546.png,media/C11/2633_image546.png,20906,6cdedd2084ebefa9cdec69435cb05ff6c030b6beb76a3177c9d82b39259df8bc,C11:K:2629,knowledge,nearest_ancestor,"{""x"":72.1865,""y"":66.9635,""width"":130.373,""height"":128.427}"
C11:IMG:2636,C11,编译原理,2636,rId547,media/image547.png,media/C11/2636_image547.png,23328,dbd95b0c5204045fee06aea5f3795197bbdba754c50d57268bf729f5ba9ab9b6,C11:K:2629,knowledge,nearest_ancestor,"{""x"":76.3695,""y"":58.1835,""width"":138.739,""height"":110.867}"
C11:IMG:2653,C11,编译原理,2653,rId548,media/image548.png,media/C11/2653_image548.png,73823,a8734096495fc46a444bb23c1492f98149421d5bce7e4dac78b8c681513fe6eb,C11:K:2649,knowledge,nearest_ancestor,"{""x"":103.02,""y"":64.203,""width"":192.041,""height"":122.906}"
C11:IMG:2658,C11,编译原理,2658,rId549,media/image549.png,media/C11/2658_image549.png,55269,50c7c07a769dee550e38592408c33165072fd490b61140fdef18151b8980628c,C11:K:2649,knowledge,nearest_ancestor,"{""x"":80.4235,""y"":59.6775,""width"":146.847,""height"":113.855}"
C11:IMG:3045,C11,编译原理,3045,rId550,media/image550.png,media/C11/3045_image550.png,17009,4ab7a274ebed5f980daa4bfa5bb59b18d604ac6113396b2ec2c8db76aef94296,C11:K:3027,knowledge,nearest_ancestor,"{""x"":96.0,""y"":41.25,""width"":178.0,""height"":77.0}"
C11:IMG:3048,C11,编译原理,3048,rId551,media/image551.png,media/C11/3048_image551.png,21022,8147339855df11b26af41590ece9d0885e2aa632563bc00bba9c8e0c009759e2,C11:K:3037,knowledge,nearest_ancestor,"{""x"":129.86,""y"":22.447,""width"":245.72,""height"":39.394}"
C11:IMG:3056,C11,编译原理,3056,rId552,media/image552.png,media/C11/3056_image552.png,52966,02d4cff9f995fdd9e5a2036f270701a2338c3fd5683bece6f802ca513e34ff97,C11:K:3033,knowledge,nearest_ancestor,"{""x"":143.86,""y"":51.5115,""width"":273.72,""height"":97.523}"
C11:IMG:3059,C11,编译原理,3059,rId553,media/image553.png,media/C11/3059_image553.png,40293,31cdda46d716ecddf7fdd3390b0abc00d131df452e828b44a02d7bc70a72ddaa,C11:K:3037,knowledge,nearest_ancestor,"{""x"":123.734,""y"":35.2619,""width"":233.467,""height"":65.0239}"
C11:IMG:3146,C11,编译原理,3146,rId554,media/image554.png,media/C11/3146_image554.png,7143,4ac680128312e72e0c2425213d774260165d87118a7d14740e78f973e7fcaecd,C11:K:3144,knowledge,nearest_ancestor,"{""x"":66.26,""y"":15.5093,""width"":118.52,""height"":25.5187}"
C11:IMG:3149,C11,编译原理,3149,rId555,media/image555.png,media/C11/3149_image555.png,8472,80234f66c28d68497f40c5ba5bd34154e39e6b3dbc650bf0046eaa4a7041d72b,C11:K:3144,knowledge,nearest_ancestor,"{""x"":83.0665,""y"":25.9926,""width"":152.133,""height"":46.4852}"
C11:IMG:3152,C11,编译原理,3152,rId556,media/image556.png,media/C11/3152_image556.png,36243,1e567c13549dfc227f1710685aa2f83c2c24b789a2e78b237e647931032cecb5,C11:K:3150,knowledge,nearest_ancestor,"{""x"":86.26,""y"":49.2127,""width"":158.52,""height"":92.9255}"
C11:IMG:3154,C11,编译原理,3154,rId557,media/image557.png,media/C11/3154_image557.png,41382,aed8340b31b5a1e26e201ca4a19a8406f495a4eb2b0138b342505bb3472c8199,C11:K:3150,knowledge,nearest_ancestor,"{""x"":142.066,""y"":47.5127,""width"":270.133,""height"":89.5255}"
C11:IMG:3161,C11,编译原理,3161,rId558,media/image558.png,media/C11/3161_image558.png,15611,fa32f3fb529804428561e41a5de39eccf0a90694db57a346f93c31412d6d1a7e,C11:K:3156,knowledge,nearest_ancestor,"{""x"":93.4915,""y"":82.7005,""width"":172.983,""height"":124.401}"
C11:IMG:3164,C11,编译原理,3164,rId559,media/image559.png,media/C11/3164_image559.png,143405,4fba22cb883809a1c45bdbe19a107b4b648586494baa0a91379fc36dec03413b,C11:K:3162,knowledge,nearest_ancestor,"{""x"":161.66,""y"":98.347,""width"":309.32,""height"":191.194}"
C11:IMG:3173,C11,编译原理,3173,rId560,media/image560.png,media/C11/3173_image560.png,51174,e0e9feb7115446ac5ceffdc948d4a303b0636f3fbd647211e6ff5cdd2f0dc4af,C11:K:3165,knowledge,nearest_ancestor,"{""x"":137.0,""y"":79.75,""width"":260.0,""height"":154.0}"
C11:IMG:3175,C11,编译原理,3175,rId561,media/image561.png,media/C11/3175_image561.png,135485,0047b4b1857919563da50d1746c66b34422c50019236e85e49bf9caa424fccf3,C11:K:3171,knowledge,nearest_ancestor,"{""x"":158.927,""y"":98.6085,""width"":303.853,""height"":191.717}"
C11:IMG:3201,C11,编译原理,3201,rId562,media/image562.png,media/C11/3201_image562.png,143449,7c6bf188ffef671bd29afef3c88f74ebfc1fb57bbcafd386638a913692aef566,C11:K:3064,knowledge,nearest_ancestor,"{""x"":132.0,""y"":82.25,""width"":250.0,""height"":159.0}"
C11:IMG:3203,C11,编译原理,3203,rId563,media/image563.png,media/C11/3203_image563.png,122799,c705f57ec757f2e36a53bc0060acd0a7a809830739a505506f4d91bb69fea92a,C11:K:3064,knowledge,nearest_ancestor,"{""x"":129.5,""y"":84.25,""width"":245.0,""height"":163.0}"
C11:IMG:2900,C11,编译原理,2900,rId564,media/image564.png,media/C11/2900_image564.png,10949,e9eabe0bd057a54b41248a4ec0c2b0784174d13897108ccc471f8a1b821b2e37,C11:K:2898,knowledge,nearest_ancestor,"{""x"":60.356,""y"":17.065,""width"":106.712,""height"":28.63}"
C11:IMG:2903,C11,编译原理,2903,rId565,media/image565.png,media/C11/2903_image565.png,89038,f81b31cd19b4932e27d140fc68679275e2b2c89843312e1c1fe2e3f7bf15b46e,C11:K:2901,knowledge,nearest_ancestor,"{""x"":99.103,""y"":51.1375,""width"":184.206,""height"":96.7751}"
C11:IMG:2907,C11,编译原理,2907,rId566,media/image566.png,media/C11/2907_image566.png,101922,9f034c541453fbc016cc8e55b12c60f906ef1e083b749ec6a12ba139a40acd80,C11:K:2905,knowledge,nearest_ancestor,"{""x"":141.5,""y"":77.25,""width"":269.0,""height"":149.0}"
C11:IMG:2909,C11,编译原理,2909,rId567,media/image567.png,media/C11/2909_image567.png,146226,8b58ce0eac2d5fb3b3eef512ef76c0ac6c8107cbb5d0ffa96ab0fb0436412ea3,C11:K:2905,knowledge,nearest_ancestor,"{""x"":113.257,""y"":69.3715,""width"":212.514,""height"":133.243}"
C11:IMG:2911,C11,编译原理,2911,rId568,media/image568.png,media/C11/2911_image568.png,140565,79f4cddf892cdce9755c93913d1e64f2d06e62669cd248808b03e1106c763b97,C11:K:2905,knowledge,nearest_ancestor,"{""x"":120.306,""y"":74.5255,""width"":226.612,""height"":143.551}"
C11:IMG:2915,C11,编译原理,2915,rId569,media/image569.png,media/C11/2915_image569.png,303102,6b6dee815dcaad38796f9770d641c07b9a16be1467a545ccefe41e179c9b0209,C11:K:2916,knowledge,nearest_ancestor,"{""x"":118.436,""y"":81.081,""width"":222.871,""height"":156.662}"
C11:IMG:2922,C11,编译原理,2922,rId570,media/image570.png,media/C11/2922_image570.png,133207,3f847f69b88a0f7eb11b0ed6fd797b15cb535c2d4c3ff2d0f246b17bca29f2c6,C11:K:2918,knowledge,nearest_ancestor,"{""x"":95.01,""y"":56.9365,""width"":176.02,""height"":108.373}"
C11:IMG:2925,C11,编译原理,2925,rId571,media/image571.png,media/C11/2925_image571.png,134925,4c53d5e7acf1b7e5ca12dd0cfb15557adce62a9daf8b6ac1e37b1d5afc847f19,C11:K:2918,knowledge,nearest_ancestor,"{""x"":98.087,""y"":57.6855,""width"":182.174,""height"":109.871}"
C11:IMG:2936,C11,编译原理,2936,rId572,media/image572.png,media/C11/2936_image572.png,24060,b3f114b378a81c47ffac0f33b1b748166560ecc757a2ea510860bfe17cbbf22b,C11:K:2930,knowledge,nearest_ancestor,"{""x"":89.9935,""y"":55.3235,""width"":165.987,""height"":105.147}"
C11:IMG:2939,C11,编译原理,2939,rId573,media/image573.png,media/C11/2939_image573.png,16404,b76359ceb05248dc50d6a728d4ecf37b87313ab31014fc4a81d0009ff8098db6,C11:K:2932,knowledge,nearest_ancestor,"{""x"":164.0,""y"":66.25,""width"":314.0,""height"":127.0}"
C11:IMG:2972,C11,编译原理,2972,rId574,media/image574.png,media/C11/2972_image574.png,4802,09639c562116c68c7734dc8cbd5548b020a5e816bdf0b3aadd2165de89b7e82b,C11:K:2970,knowledge,nearest_ancestor,"{""x"":80.05,""y"":13.0227,""width"":146.1,""height"":20.5454}"
C11:IMG:2974,C11,编译原理,2974,rId575,media/image575.png,media/C11/2974_image575.png,70032,00d03d2894df77198099288a272250d674ef0d17e3e2228658cdb64c67a481f1,C11:K:2970,knowledge,nearest_ancestor,"{""x"":181.0,""y"":60.25,""width"":348.0,""height"":115.0}"
C11:IMG:2990,C11,编译原理,2990,rId576,media/image576.png,media/C11/2990_image576.png,64914,320b611ee6a31cb82116800ff3ba8a209c58afe36e394949f96255f5ff83a25a,C11:K:2983,knowledge,nearest_ancestor,"{""x"":153.5,""y"":70.75,""width"":293.0,""height"":136.0}"
C11:IMG:3001,C11,编译原理,3001,rId577,media/image577.png,media/C11/3001_image577.png,28006,c674d576f3ea91cbc642da00c0c5f962e499596b3004602bfd4339d3aeda56a0,C11:K:2993,knowledge,nearest_ancestor,"{""x"":127.046,""y"":24.1494,""width"":240.091,""height"":42.7988}"
C11:IMG:3004,C11,编译原理,3004,rId578,media/image578.png,media/C11/3004_image578.png,13850,3f2698041d4cde8cbc354db11210dd13e797a78d3675afe814a5f9ef54a802ab,C11:K:2995,knowledge,nearest_ancestor,"{""x"":94.002,""y"":13.8842,""width"":174.004,""height"":22.2684}"
C11:IMG:3007,C11,编译原理,3007,rId579,media/image579.png,media/C11/3007_image579.png,28621,36d8099697648271b408eaed6f87c53e374e754649eb6437fd327de0a96658f0,C11:K:2997,knowledge,nearest_ancestor,"{""x"":118.06,""y"":32.2324,""width"":222.12,""height"":58.9648}"
C11:IMG:3022,C11,编译原理,3022,rId580,media/image580.png,media/C11/3022_image580.png,54567,797bf331d3bd6ed1427befc8adbbc8054eb49138fa5b0a7b127959eade853720,C11:K:3018,knowledge,nearest_ancestor,"{""x"":133.177,""y"":56.591,""width"":252.354,""height"":107.682}"
C11:IMG:3251,C11,编译原理,3251,rId581,media/image581.png,media/C11/3251_image581.png,5647,e899a4747058dfc4c331e44a189d9a97d3e27c2062a2e8edea6fa6eeb9e749f0,C11:K:3241,knowledge,nearest_ancestor,"{""x"":36.6564,""y"":16.5729,""width"":59.3129,""height"":27.6458}"
C11:IMG:3272,C11,编译原理,3272,rId582,media/image582.png,media/C11/3272_image582.png,6369,62b80ffc313ed1fba8bb4e42f593b8734ea516e030a01396c42606f25edda514,C11:K:3268,knowledge,nearest_ancestor,"{""x"":129.66,""y"":16.5099,""width"":245.32,""height"":27.5199}"
C11:IMG:3279,C11,编译原理,3279,rId583,media/image583.png,media/C11/3279_image583.png,7594,a6ada1a8e2c03ceea1f375b7fd0ec01c2e014b34f24991016506b3d110796113,C11:K:3275,knowledge,nearest_ancestor,"{""x"":97.9935,""y"":25.1686,""width"":181.987,""height"":44.8373}"
C11:IMG:3288,C11,编译原理,3288,rId584,media/image584.png,media/C11/3288_image584.png,12150,db2456ad0d5f3e0d721ed794ffdb86f9d2663f6f9497d43a738b8624b562e22e,C11:K:3284,knowledge,nearest_ancestor,"{""x"":75.741,""y"":55.037,""width"":137.482,""height"":104.574}"
C11:IMG:3291,C11,编译原理,3291,rId585,media/image585.png,media/C11/3291_image585.png,8029,7c77c8706a0afc932a11636d81908bfa69f0403dafe243e687e1cea12d2c2774,C11:K:3284,knowledge,nearest_ancestor,"{""x"":54.2949,""y"":55.537,""width"":94.5898,""height"":105.574}"
C11:IMG:3296,C11,编译原理,3296,rId586,media/image586.png,media/C11/3296_image586.png,36979,0061cde98cbb29d072a96be0b32f7ccbba7ab2e094a3f0cc53511b03f3362d4a,C11:K:3292,knowledge,nearest_ancestor,"{""x"":145.994,""y"":58.7885,""width"":277.987,""height"":112.077}"
C11:IMG:3305,C11,编译原理,3305,rId587,media/image587.png,media/C11/3305_image587.png,1742,e80293625ef08cf2067922366c73f3c3a3a00c9bb05b2a283df2c4ac9024f765,C11:K:3301,knowledge,nearest_ancestor,"{""x"":37.1725,""y"":18.5982,""width"":60.345,""height"":31.6963}"
C11:IMG:3310,C11,编译原理,3310,rId588,media/image588.png,media/C11/3310_image588.png,39811,a2c62365938fa1337ea84fd5bb31ee4e1edee674d4626030d568fc1b5c89b845,C11:K:3292,knowledge,nearest_ancestor,"{""x"":136.733,""y"":50.1752,""width"":259.467,""height"":94.8504}"
C11:IMG:3315,C11,编译原理,3315,rId589,media/image589.png,media/C11/3315_image589.png,155433,0b7dbb094961f2ac094ea07c954d2c50cd6d4506e660cce2ec8fadf4a9931d88,C11:K:3306,knowledge,nearest_ancestor,"{""x"":134.327,""y"":89.5635,""width"":254.653,""height"":173.627}"
C11:IMG:3330,C11,编译原理,3330,rId590,media/image590.png,media/C11/3330_image590.png,9446,6b8266e0475ddfa7ff122f40c4c9be0af212555010f9090a073fb75aec795734,C11:K:3335,knowledge,nearest_ancestor,"{""x"":104.583,""y"":17.508,""width"":195.166,""height"":29.5159}"
C11:IMG:3334,C11,编译原理,3334,rId591,media/image591.png,media/C11/3334_image591.png,13829,598b3b110993e47d50dc572f5199956fa9585768db5a41fb533eb77fb71efaaf,C11:K:3335,knowledge,nearest_ancestor,"{""x"":104.583,""y"":12.7585,""width"":195.166,""height"":20.017}"
C11:IMG:3349,C11,编译原理,3349,rId592,media/image592.png,media/C11/3349_image592.png,51777,01ee1f73b8f979bf1afae4ae9c2b76b9914226531254b951be3f2845c8d97341,C11:K:3345,knowledge,nearest_ancestor,"{""x"":128.802,""y"":55.8125,""width"":243.604,""height"":106.125}"
C11:IMG:3364,C11,编译原理,3364,rId593,media/image593.png,media/C11/3364_image593.png,10905,5d232a92fe7b146fec4314b168dceba99854c974efc543b15f67086db4feca51,C11:K:3358,knowledge,nearest_ancestor,"{""x"":143.994,""y"":16.5556,""width"":273.987,""height"":27.6111}"
C11:IMG:3367,C11,编译原理,3367,rId594,media/image594.png,media/C11/3367_image594.png,14711,ac200381ae18c76a61fcff3f724e1ae59f813f343ce3dd2a45b27c578efc0d41,C11:K:3358,knowledge,nearest_ancestor,"{""x"":160.994,""y"":17.3998,""width"":307.987,""height"":29.2996}"
C11:IMG:3416,C11,编译原理,3416,rId595,media/image595.png,media/C11/3416_image595.png,22728,899fd6c604bf36b6e8c0a4d863eb1469349ea457f48b60047559bdbc2a1e0a97,C11:K:3399,knowledge,nearest_ancestor,"{""x"":120.66,""y"":42.548,""width"":227.32,""height"":79.5959}"
C11:IMG:3417,C11,编译原理,3417,rId596,media/image596.png,media/C11/3417_image596.png,148208,26cc227c68021fbffeaab6fe8131fb063ae2afa6c7d82b75b329213e4d90714c,C11:K:3408,knowledge,nearest_ancestor,"{""x"":153.72,""y"":93.0835,""width"":293.441,""height"":180.667}"
C11:IMG:3422,C11,编译原理,3422,rId597,media/image597.png,media/C11/3422_image597.png,78122,dfe4d047e3dfbb523a6e6e4239538f02208bc1bdf452454bddba52970f63d141,C11:K:3418,knowledge,nearest_ancestor,"{""x"":166.0,""y"":65.25,""width"":318.0,""height"":125.0}"
C11:IMG:3528,C11,编译原理,3528,rId598,media/image598.png,media/C11/3528_image598.png,12080,bf9d3401d6c89c571ef85d7386db4dd9914f6e7b127edf3ece695dbbf9c92170,C11:K:3524,knowledge,nearest_ancestor,"{""x"":112.66,""y"":19.6556,""width"":211.32,""height"":33.8111}"
C11:IMG:3533,C11,编译原理,3533,rId599,media/image599.png,media/C11/3533_image599.png,105758,378991629783acaefaf304781e0578bae09662f65772259a71d10d24c4e2f804,C11:K:3529,knowledge,nearest_ancestor,"{""x"":162.0,""y"":67.25,""width"":310.0,""height"":129.0}"
C11:IMG:3547,C11,编译原理,3547,rId600,media/image600.png,media/C11/3547_image600.png,80748,dcb6bdab5bda93a53fd57f6bc2764b10e070a3612c8b5d22d789b9141057dd1b,C11:K:3370,knowledge,nearest_ancestor,"{""x"":149.927,""y"":84.5,""width"":285.854,""height"":163.5}"
C11:IMG:3550,C11,编译原理,3550,rId601,media/image601.png,media/C11/3550_image601.png,75930,fd223f1d16e2b7c99836f21b07a5a3c6ce70a3413aeeeba576a9b94b1829b6f1,C11:K:3384,knowledge,nearest_ancestor,"{""x"":144.0,""y"":75.25,""width"":274.0,""height"":145.0}"
C11:IMG:3563,C11,编译原理,3563,rId602,media/image602.png,media/C11/3563_image602.png,30622,22d7dc991ec0ae3053dd85dec04b50164264b007225b36a5769d6ccf468546f8,C11:K:3559,knowledge,nearest_ancestor,"{""x"":163.327,""y"":39.8516,""width"":312.653,""height"":74.2031}"
C11:IMG:3570,C11,编译原理,3570,rId603,media/image603.png,media/C11/3570_image603.png,7581,c16544475635e3b0a8275fa86a69df0b1ce49934974f5a0c58f6d9d805ea076f,C11:K:3566,knowledge,nearest_ancestor,"{""x"":62.5,""y"":70.25,""width"":111.0,""height"":135.0}"
C11:IMG:3577,C11,编译原理,3577,rId604,media/image604.png,media/C11/3577_image604.png,40338,4f8742d2531f8329dbfd9e565dd7f4ee5702b7f5e32020da9340354ff7692ea0,C11:K:3573,knowledge,nearest_ancestor,"{""x"":107.103,""y"":75.1655,""width"":200.207,""height"":144.831}"
C11:IMG:3591,C11,编译原理,3591,rId605,media/image605.png,media/C11/3591_image605.png,58913,7f06b3e639e4ffefda387de3dd7c23af471f1068d306cf99f1bea0ec6f11d71f,C11:K:3585,knowledge,nearest_ancestor,"{""x"":117.5,""y"":92.75,""width"":221.0,""height"":180.0}"
C11:IMG:3594,C11,编译原理,3594,rId606,media/image606.png,media/C11/3594_image606.png,14428,5673904d55b020581242e2d0ad44c256e6489a9aaf2600903d2a45094cd5e287,C11:K:3587,knowledge,nearest_ancestor,"{""x"":78.96,""y"":44.0654,""width"":143.92,""height"":82.6309}"
C11:IMG:3599,C11,编译原理,3599,rId607,media/image607.png,media/C11/3599_image607.png,43730,ad5c0460798c3b4f5dc380abb6c507e4d9449162115e658c12a1d710caa69f58,C11:K:3595,knowledge,nearest_ancestor,"{""x"":116.933,""y"":70.4345,""width"":219.867,""height"":135.369}"
C11:IMG:3604,C11,编译原理,3604,rId608,media/image608.png,media/C11/3604_image608.png,24751,232a0d51071992eff726b639bbe3fc7e18c6f359f37a056c75461204b041db00,C11:K:3595,knowledge,nearest_ancestor,"{""x"":94.0515,""y"":57.114,""width"":174.103,""height"":108.728}"
C11:IMG:3607,C11,编译原理,3607,rId609,media/image609.png,media/C11/3607_image609.png,7398,beae1b9a5d8a944bfa4f86363e3a0d959be93d47ac86c67d7cfb239a4bed68bc,C11:K:3600,knowledge,nearest_ancestor,"{""x"":67.3085,""y"":42.4564,""width"":120.617,""height"":79.4127}"
C11:IMG:3612,C11,编译原理,3612,rId610,media/image610.png,media/C11/3612_image610.png,32027,cfc60b4dccfe00495c46ce8657c7e38dfbcbfd5a57a837b185f0d06e6c0ca00e,C11:K:3608,knowledge,nearest_ancestor,"{""x"":110.314,""y"":72.476,""width"":206.628,""height"":139.452}"
C11:IMG:3615,C11,编译原理,3615,rId611,media/image611.png,media/C11/3615_image611.png,14717,525b494991c062ca4c77f3afd53263511befb0cbf88a109bd62a8467c4544e73,C11:K:3608,knowledge,nearest_ancestor,"{""x"":92.24,""y"":53.6725,""width"":170.48,""height"":101.845}"
C11:IMG:3620,C11,编译原理,3620,rId612,media/image612.png,media/C11/3620_image612.png,24171,7c650d9dfe36bbb0aed2b369aad58927045cb6a2597189f8a841c0007cca420e,C11:K:3616,knowledge,nearest_ancestor,"{""x"":85.6265,""y"":65.863,""width"":157.253,""height"":126.226}"
C11:IMG:3627,C11,编译原理,3627,rId613,media/image613.png,media/C11/3627_image613.png,39950,342718507ae0be199ca5594bbb211b716ccc3e168c21b5c8dea15fa8b2581cba,C11:K:3623,knowledge,nearest_ancestor,"{""x"":160.66,""y"":42.2403,""width"":307.32,""height"":78.9805}"
C11:IMG:3632,C11,编译原理,3632,rId614,media/image614.png,media/C11/3632_image614.png,39328,5dd64e9860bd510bb47c726f74d9428f1950039b24cfa08d152bd0400a5adb9e,C11:K:3628,knowledge,nearest_ancestor,"{""x"":134.327,""y"":54.2485,""width"":254.653,""height"":102.997}"
C11:IMG:3639,C11,编译原理,3639,rId615,media/image615.png,media/C11/3639_image615.png,47130,15dc8d93d36d376971f6df1c50c8b6693219413f8cd54aff56cb096eb4582eea,C11:K:3635,knowledge,nearest_ancestor,"{""x"":119.594,""y"":67.823,""width"":225.187,""height"":130.146}"
C11:IMG:3644,C11,编译原理,3644,rId616,media/image616.png,media/C11/3644_image616.png,5900,4091a267d7ae2cc1593d8ac94727c527883f40efa44965fefca2708ca3527054,C11:K:3640,knowledge,nearest_ancestor,"{""x"":55.3907,""y"":45.1454,""width"":96.7813,""height"":84.7907}"
C11:IMG:3647,C11,编译原理,3647,rId617,media/image617.png,media/C11/3647_image617.png,24086,11815e69a0261a4976d9a1e82c2012e3f963b46c5696933364b305f56c19d285,C11:K:3640,knowledge,nearest_ancestor,"{""x"":120.5,""y"":90.75,""width"":227.0,""height"":176.0}"
C11:IMG:3650,C11,编译原理,3650,rId618,media/image618.png,media/C11/3650_image618.png,25035,fbad75dc7439a1458895c922b81fc0a8547350c3602256ca2da2ab6b8f31dc8e,C11:K:3640,knowledge,nearest_ancestor,"{""x"":142.5,""y"":76.25,""width"":271.0,""height"":147.0}"
C11:IMG:3653,C11,编译原理,3653,rId619,media/image619.png,media/C11/3653_image619.png,40898,1af58e18f171c11a215de124c4f9b1a01cff4e6e14ca71163072a421c59c6bda,C11:K:3640,knowledge,nearest_ancestor,"{""x"":128.5,""y"":85.25,""width"":243.0,""height"":165.0}"
C11:IMG:3692,C11,编译原理,3692,rId620,media/image620.png,media/C11/3692_image620.png,40089,984a4e4defa933e2437d9e0b04fb3381a0c754cf528b3cef23b035e67ec9a4f8,C11:K:3674,knowledge,nearest_ancestor,"{""x"":112.66,""y"":78.4135,""width"":211.32,""height"":151.327}"
C11:IMG:3700,C11,编译原理,3700,rId621,media/image621.png,media/C11/3700_image621.png,126005,c23c4d3cad03bdd53c89c2eec6bd895f538a0b3918930036dee6e7163ac7738f,C11:K:3688,knowledge,nearest_ancestor,"{""x"":156.016,""y"":76.9945,""width"":298.031,""height"":148.489}"
C11:IMG:3707,C11,编译原理,3707,rId622,media/image622.png,media/C11/3707_image622.png,11756,addc256e7d662305f1a4d88626c78cf077bf1aad16c3a565ab1c0f3b3fbbd78e,C11:K:3703,knowledge,nearest_ancestor,"{""x"":102.06,""y"":31.6356,""width"":190.12,""height"":57.7713}"
C11:IMG:3712,C11,编译原理,3712,rId623,media/image623.png,media/C11/3712_image623.png,74538,f91dbbd523e40d9a95bf488fb7ce7928ef5a3239b06fe950d881252a227c0633,C11:K:3708,knowledge,nearest_ancestor,"{""x"":159.0,""y"":68.25,""width"":304.0,""height"":131.0}"
C11:IMG:3716,C11,编译原理,3716,rId624,media/image624.png,media/C11/3716_image624.png,65417,edd4aadf8d4b2f4bd7f3a0ffef4731bb53ce9ba5d90662a2035a56fea36ce8e0,C11:K:3708,knowledge,nearest_ancestor,"{""x"":153.327,""y"":82.123,""width"":292.653,""height"":158.746}"
C11:IMG:3719,C11,编译原理,3719,rId625,media/image625.png,media/C11/3719_image625.png,240658,a0b7e5c1e409b21cf5392174462529b7b1e0b83a52e80545560f521b50bbbd3e,C11:K:3666,knowledge,nearest_ancestor,"{""x"":140.5,""y"":77.75,""width"":267.0,""height"":150.0}"
C11:IMG:3724,C11,编译原理,3724,rId626,media/image626.png,media/C11/3724_image626.png,108220,38fb9be713b8c35a49d24e9e2f7c51c450870720566a2d165d5b1d9bad34e63a,C11:K:3720,knowledge,nearest_ancestor,"{""x"":145.5,""y"":74.75,""width"":277.0,""height"":144.0}"
C11:IMG:3727,C11,编译原理,3727,rId627,media/image627.png,media/C11/3727_image627.png,212572,f1cfe7e49ea779fa4171b7e9db85e1ec48909649922e559030cda87d67b7d6a8,C11:K:3670,knowledge,nearest_ancestor,"{""x"":124.5,""y"":87.75,""width"":235.0,""height"":170.0}"
C11:IMG:3730,C11,编译原理,3730,rId628,media/image628.png,media/C11/3730_image628.png,107284,ec0480d4675288b4cba011175df6d3f38bafa49d17464ede556b28678d8b4d99,C11:K:3672,knowledge,nearest_ancestor,"{""x"":131.26,""y"":51.2891,""width"":248.52,""height"":97.0781}"
C11:IMG:3735,C11,编译原理,3735,rId629,media/image629.png,media/C11/3735_image629.png,99216,ef2039b0276f84ca18aa9ba6d4ae2582d9da5411d6a4e8aebc0909587c001600,C11:K:3731,knowledge,nearest_ancestor,"{""x"":94.6265,""y"":68.6605,""width"":175.253,""height"":131.821}"
C11:IMG:3794,C11,编译原理,3794,rId630,media/image630.png,media/C11/3794_image630.png,26953,57b12d69511d8a3d6f0f375f4c9c290fdbb5ebdb6d1603551c2d9c44a3b56970,C11:K:3790,knowledge,nearest_ancestor,"{""x"":140.544,""y"":39.4571,""width"":267.088,""height"":73.4143}"
C11:IMG:3805,C11,编译原理,3805,rId631,media/image631.png,media/C11/3805_image631.png,11790,851f2bda7ea912564a9438d1942eaa1a19f23fef751c6231046cc9c963b1c9e9,C11:K:3801,knowledge,nearest_ancestor,"{""x"":132.311,""y"":18.7272,""width"":250.622,""height"":31.9543}"
C11:IMG:3810,C11,编译原理,3810,rId632,media/image632.png,media/C11/3810_image632.png,49341,50257630e6d88a9c49a29b67ad382e94612ea8409fa38407d7c1a1bce8ba13be,C11:K:3806,knowledge,nearest_ancestor,"{""x"":109.21,""y"":41.571,""width"":200.421,""height"":76.942}"
C11:IMG:3820,C11,编译原理,3820,rId633,media/image633.png,media/C11/3820_image633.png,5003,845fb8907061a7e9f5f048a3c497b79d91c69f6866282dc18bb1e3156a4eea3f,C11:K:3806,knowledge,nearest_ancestor,"{""x"":50.9413,""y"":69.0915,""width"":83.8826,""height"":131.983}"
C11:IMG:3819,C11,编译原理,3819,rId634,media/image634.png,media/C11/3819_image634.png,46899,91ffd13236f79453ff1f1c5c644aaf0b5b70622df19c969b56ebecbf586e3559,C11:K:3815,knowledge,nearest_ancestor,"{""x"":100.419,""y"":72.7135,""width"":186.839,""height"":139.927}"
C11:IMG:3823,C11,编译原理,3823,rId635,media/image635.png,media/C11/3823_image635.png,6846,891d8ca0c0d5e798b08084e48820ceea616b462b906fb0283062010effe2a73c,C11:K:3806,knowledge,nearest_ancestor,"{""x"":111.487,""y"":29.8987,""width"":204.974,""height"":53.5974}"
C11:IMG:3840,C11,编译原理,3840,rId636,media/image636.png,media/C11/3840_image636.png,51522,522beb917a0ef6b918cab3ca4056026c82a416826a4d814f104dfe2828ea362c,C11:K:3830,knowledge,nearest_ancestor,"{""x"":127.5,""y"":85.25,""width"":241.0,""height"":165.0}"
C11:IMG:3853,C11,编译原理,3853,rId637,media/image637.png,media/C11/3853_image637.png,100446,b6184f62691067ae81bac95ae2e17f4ebd17ab8dd976e7b63f346bec7f551438,C11:K:3841,knowledge,nearest_ancestor,"{""x"":159.655,""y"":66.895,""width"":305.31,""height"":128.29}"
C11:IMG:3856,C11,编译原理,3856,rId638,media/image638.png,media/C11/3856_image638.png,83559,de7d6dee31957fa9adbcf67dbb07ac62a56d53a59d73e472acfcfb52e3298430,C11:K:3832,knowledge,nearest_ancestor,"{""x"":158.087,""y"":83.5505,""width"":302.173,""height"":161.601}"
C11:IMG:3859,C11,编译原理,3859,rId639,media/image639.png,media/C11/3859_image639.png,279352,5b88bf12fbf4b462be822cab74f40f6c678818a02603e179612939a25132b4f6,C11:K:3843,knowledge,nearest_ancestor,"{""x"":145.224,""y"":80.9895,""width"":276.447,""height"":156.479}"
C11:IMG:3864,C11,编译原理,3864,rId640,media/image640.png,media/C11/3864_image640.png,175147,a4640b07ff376acd9e32a6f97f2bb395a648bd49e6205251c6c331809b426df8,C11:K:3860,knowledge,nearest_ancestor,"{""x"":134.792,""y"":84.537,""width"":255.584,""height"":163.574}"
C11:IMG:3873,C11,编译原理,3873,rId641,media/image641.png,media/C11/3873_image641.png,112791,327127f7193b9b920d242f5b36ad8682c9d14e8e089a7bb06f821f5d10fb82f9,C11:K:3860,knowledge,nearest_ancestor,"{""x"":139.5,""y"":78.25,""width"":265.0,""height"":151.0}"
C11:IMG:3892,C11,编译原理,3892,rId642,media/image642.png,media/C11/3892_image642.png,71435,0a02268862fe5eff8bc8ef58e15d291f01b07d3a8c96d0387c0eecf4d093c706,C11:K:3874,knowledge,nearest_ancestor,"{""x"":116.153,""y"":31.8011,""width"":218.307,""height"":58.1023}"
C11:IMG:3898,C11,编译原理,3898,rId643,media/image643.png,media/C11/3898_image643.png,76084,e9c16a5e4098edb9228e23df93a18de39b120667a44dd3153c3c15b70990e7d7,C11:K:3874,knowledge,nearest_ancestor,"{""x"":115.458,""y"":40.0723,""width"":216.916,""height"":74.6446}"
C11:IMG:3901,C11,编译原理,3901,rId644,media/image644.png,media/C11/3901_image644.png,96686,72d3ce8b2aa63ee592cda05f472333d4c56f5bba393fa0b159efbf08b718c67c,C11:K:3874,knowledge,nearest_ancestor,"{""x"":118.936,""y"":46.4751,""width"":223.872,""height"":87.4502}"
C11:IMG:3906,C11,编译原理,3906,rId645,media/image645.png,media/C11/3906_image645.png,61389,d6cd9e3f873543757d7c7389f1ed3ac72d064934f068ecb22bab87b1cf8613f0,C11:K:3902,knowledge,nearest_ancestor,"{""x"":140.879,""y"":51.9879,""width"":267.757,""height"":98.4759}"
C11:IMG:3911,C11,编译原理,3911,rId646,media/image646.png,media/C11/3911_image646.png,74508,e6f2a11781e1f90ebb5439b31769593cdd88b4f2d71c96e419a3fc5d0e78196e,C11:K:3907,knowledge,nearest_ancestor,"{""x"":141.435,""y"":42.7865,""width"":268.869,""height"":80.0729}"
C11:IMG:3914,C11,编译原理,3914,rId647,media/image647.png,media/C11/3914_image647.png,63004,2fa4042356fa1f7e6e731d9e949728f27597f294abd7da4d7df7bde2ab194c06,C11:K:3907,knowledge,nearest_ancestor,"{""x"":140.228,""y"":33.5692,""width"":266.457,""height"":61.6383}"
C11:IMG:3921,C11,编译原理,3921,rId648,media/image648.png,media/C11/3921_image648.png,31981,2ecfc1c4a0b731f6856d860c3782f7fdc08b2a87f060c11df11d379cbf5c95a8,C11:K:3917,knowledge,nearest_ancestor,"{""x"":73.54,""y"":66.4735,""width"":133.08,""height"":127.447}"
C11:IMG:3924,C11,编译原理,3924,rId649,media/image649.png,media/C11/3924_image649.png,85272,35a8e0559a8508c1705071c8071b964db62cd7ca7c753cecdc03b4e06cbfbd14,C11:K:3917,knowledge,nearest_ancestor,"{""x"":114.5,""y"":95.75,""width"":215.0,""height"":186.0}"
C11:IMG:3930,C11,编译原理,3930,rId650,media/image650.png,media/C11/3930_image650.png,41427,6b5eb67353090e0250bcb64177f8a67f0acfb3f515c2cf443f509c50df8516b7,C11:K:3907,knowledge,nearest_ancestor,"{""x"":139.707,""y"":29.1727,""width"":265.414,""height"":52.8454}"
C11:IMG:3933,C11,编译原理,3933,rId651,media/image651.png,media/C11/3933_image651.png,60592,108df148b7461c5a1462d481c87e94896a1f458f8cbf3e86ff5c26bdc12bff67,C11:K:3915,knowledge,nearest_ancestor,"{""x"":125.435,""y"":45.4292,""width"":236.87,""height"":85.3584}"
C11:IMG:3936,C11,编译原理,3936,rId652,media/image652.png,media/C11/3936_image652.png,93121,9ef816f8f0926ad2d38891167d35536c564bf077eda28aa98d7f4d01a421eba7,C11:K:3880,knowledge,nearest_ancestor,"{""x"":144.5,""y"":75.25,""width"":275.0,""height"":145.0}"
C11:IMG:3939,C11,编译原理,3939,rId653,media/image653.png,media/C11/3939_image653.png,91950,0a8a0ad21454740aaf5fdebe1b1fa3d166cfe4a7ddbc5340c7e67f9cfc7e87f4,C11:K:3880,knowledge,nearest_ancestor,"{""x"":147.5,""y"":73.75,""width"":281.0,""height"":142.0}"
C11:IMG:3942,C11,编译原理,3942,rId654,media/image654.png,media/C11/3942_image654.png,131383,5ad99d414c10d58ba19beed592e3c6cddf858864e203db41328e3c8eb50486bc,C11:K:3882,knowledge,nearest_ancestor,"{""x"":143.5,""y"":75.75,""width"":273.0,""height"":146.0}"
C11:IMG:3945,C11,编译原理,3945,rId655,media/image655.png,media/C11/3945_image655.png,121011,6890589bfce856397a11d1bf760987727fe8d1bb1327fad81db118e33c773069,C11:K:3882,knowledge,nearest_ancestor,"{""x"":137.016,""y"":75.3055,""width"":260.031,""height"":145.111}"
C11:IMG:3948,C11,编译原理,3948,rId656,media/image656.png,media/C11/3948_image656.png,171812,f0ac03e0f5ebc09a247ca4d2aa7f25411f13474e15bce63a03c0f2b01a76eb10,C11:K:3884,knowledge,nearest_ancestor,"{""x"":122.5,""y"":89.25,""width"":231.0,""height"":173.0}"
C11:IMG:3967,C11,编译原理,3967,rId657,media/image657.png,media/C11/3967_image657.png,99606,cedb38e5a83b54467df99a30ab67a5f9ad6ce36e46352d8704ff6f81bf017af9,C11:K:3963,knowledge,nearest_ancestor,"{""x"":121.5,""y"":89.75,""width"":229.0,""height"":174.0}"
C11:IMG:3974,C11,编译原理,3974,rId658,media/image658.png,media/C11/3974_image658.png,71579,9b21c531bf3cb395f7ae4c4684c43d72f759dbf868d4bbd4ef4e63ee54242de0,C11:K:3968,knowledge,nearest_ancestor,"{""x"":161.466,""y"":29.4044,""width"":308.933,""height"":53.3087}"
C11:IMG:3977,C11,编译原理,3977,rId659,media/image659.png,media/C11/3977_image659.png,81381,20d106bf41c4da3585c8153115f6c4960924760f6377323a78e25a0f076164a6,C11:K:3970,knowledge,nearest_ancestor,"{""x"":176.133,""y"":66.958,""width"":338.267,""height"":128.416}"
C11:IMG:3982,C11,编译原理,3982,rId660,media/image660.png,media/C11/3982_image660.png,58778,3bbb88cbcd7dce1d8bb3d677172386ebec45ca5973737b76a74f14a5ff63f961,C11:K:3978,knowledge,nearest_ancestor,"{""x"":158.4,""y"":42.2456,""width"":302.8,""height"":78.9913}"
C11:IMG:3985,C11,编译原理,3985,rId661,media/image661.png,media/C11/3985_image661.png,121942,39d956745611e1de89389914c1fc12d49ba0f3c3216ad9c6360bc9f49907a236,C11:K:3978,knowledge,nearest_ancestor,"{""x"":154.4,""y"":113.141,""width"":294.8,""height"":220.781}"
C11:IMG:3992,C11,编译原理,3992,rId662,media/image662.png,media/C11/3992_image662.png,20655,48f715ebc773e6bd8d06ebedc6b79bd657d175bb98505227c5c907dcc62a7160,C11:K:3986,knowledge,nearest_ancestor,"{""x"":111.133,""y"":33.228,""width"":208.267,""height"":60.9561}"
C11:IMG:4014,C11,编译原理,4014,rId663,media/image663.png,media/C11/4014_image663.png,102121,127362a9fa5dde25a2efffc82640d0ffadfb16cbaa76ac1b7ef07ae33eb6e7cd,C11:K:3998,knowledge,nearest_ancestor,"{""x"":126.037,""y"":52.6067,""width"":238.075,""height"":99.7134}"
C11:IMG:4062,C11,编译原理,4062,rId664,media/image664.png,media/C11/4062_image664.png,31688,815e2f07893530f4fde1c242bdcc225200caa12bec5a21087006327232b81d58,C11:K:4058,knowledge,nearest_ancestor,"{""x"":127.5,""y"":85.25,""width"":241.0,""height"":165.0}"
C11:IMG:4071,C11,编译原理,4071,rId666,media/image666.png,media/C11/4071_image666.png,43598,8dad813e3211567d577b358f551f54fa429d829c48cae11c97c1d4a583c1c85b,C11:K:4067,knowledge,nearest_ancestor,"{""x"":154.0,""y"":70.25,""width"":294.0,""height"":135.0}"
C11:IMG:4076,C11,编译原理,4076,rId667,media/image667.png,media/C11/4076_image667.png,62038,5b51c195fb8102872cde636ce9e55b499d70d1071ba809031e96c62589fc0f0e,C11:K:4072,knowledge,nearest_ancestor,"{""x"":155.5,""y"":69.75,""width"":297.0,""height"":134.0}"
C11:IMG:4127,C11,编译原理,4127,rId668,media/image668.png,media/C11/4127_image668.png,41156,a4d0650159183533d72eae815a42b7e2c3f0350a53257f07351c8dc12c057cd9,C11:K:4117,knowledge,nearest_ancestor,"{""x"":130.452,""y"":69.963,""width"":246.904,""height"":134.426}"
C11:IMG:4143,C11,编译原理,4143,rId669,media/image669.png,media/C11/4143_image669.png,90872,dfdb10de50d11c4f782758074a2831537110ad10c019521d50301efb797468da,C11:K:4129,knowledge,nearest_ancestor,"{""x"":120.5,""y"":90.25,""width"":227.0,""height"":175.0}"
C11:IMG:4166,C11,编译原理,4166,rId670,media/image670.png,media/C11/4166_image670.png,14822,4066733887623b71a7848ac706e206f009d088a1953213c6c70e07d554f6bdf8,C11:K:4162,knowledge,nearest_ancestor,"{""x"":107.63,""y"":20.3549,""width"":201.261,""height"":35.2098}"
C11:IMG:4171,C11,编译原理,4171,rId671,media/image671.png,media/C11/4171_image671.png,9824,7e1c32e347ab1b6e6ecfcd0d143c2db7257c1d69ab65a1e9a1af59b20492948e,C11:K:4167,knowledge,nearest_ancestor,"{""x"":133.261,""y"":15.1773,""width"":252.522,""height"":24.8545}"
C11:IMG:4174,C11,编译原理,4174,rId672,media/image672.png,media/C11/4174_image672.png,169043,fb3ec7613297aa12d797bc6be50eecc849ac25eb89c9f2d1cb262bf0fff3b45a,C11:K:4160,knowledge,nearest_ancestor,"{""x"":132.5,""y"":82.25,""width"":251.0,""height"":159.0}"
C11:IMG:4177,C11,编译原理,4177,rId673,media/image673.png,media/C11/4177_image673.png,20196,1e83f218c6d97098242a4d0a41a8ed1e204e2167385cf76e2ef5f7bb0c4ac0bf,C11:K:4160,knowledge,nearest_ancestor,"{""x"":178.594,""y"":43.0518,""width"":343.188,""height"":80.6036}"
C11:IMG:4180,C11,编译原理,4180,rId674,media/image674.png,media/C11/4180_image674.png,88699,eb3c023274b1464a1456e9974b5f21ddc90f2207ebcf7430771d29c85ee49278,C11:K:4099,knowledge,nearest_ancestor,"{""x"":126.526,""y"":71.8295,""width"":239.052,""height"":138.159}"
C11:IMG:4183,C11,编译原理,4183,rId675,media/image675.png,media/C11/4183_image675.png,27756,f406d4253093cde23481b6f0ee441e82dee0ff933a80d09c1a38e1017440de93,C11:K:4099,knowledge,nearest_ancestor,"{""x"":98.6885,""y"":44.7091,""width"":183.377,""height"":83.9182}"
C11:IMG:4188,C11,编译原理,4188,rId676,media/image676.png,media/C11/4188_image676.png,36361,6f0b8b3c9886e944c2a9446bb436fa45dac341632b9d2300acfb1ae436d09780,C11:K:4099,knowledge,nearest_ancestor,"{""x"":102.189,""y"":54.384,""width"":190.379,""height"":103.268}"
C11:IMG:4191,C11,编译原理,4191,rId677,media/image677.png,media/C11/4191_image677.png,38727,d646782140c40b5380faaa6f2622b39f695e2b7ec8ffa5219b7471aab7e38a55,C11:K:4099,knowledge,nearest_ancestor,"{""x"":98.775,""y"":58.1005,""width"":183.55,""height"":110.701}"
C11:IMG:4286,C11,编译原理,4286,rId678,media/image678.png,media/C11/4286_image678.png,24674,fb41b8482bb56087fdacdd0e0347166305fb749bb01c7a14ff90d4f4e9688ebc,C11:K:4280,knowledge,nearest_ancestor,"{""x"":123.3,""y"":32.1894,""width"":232.6,""height"":58.8787}"
C11:IMG:4289,C11,编译原理,4289,rId679,media/image679.png,media/C11/4289_image679.png,19942,395707fa4ab4dc1e616321fe451fb12cf9972860596b22ce3cdfbc7b6236efa4,C11:K:4280,knowledge,nearest_ancestor,"{""x"":114.888,""y"":21.9239,""width"":215.777,""height"":38.3477}"
C11:IMG:4292,C11,编译原理,4292,rId680,media/image680.png,media/C11/4292_image680.png,12883,5687fe5acf27bf3fdaf8ba2026953c7e820dcd1527f205d956221fb45be1c1a9,C11:K:4280,knowledge,nearest_ancestor,"{""x"":84.4335,""y"":40.2525,""width"":154.867,""height"":75.0051}"
C11:IMG:4295,C11,编译原理,4295,rId681,media/image681.png,media/C11/4295_image681.png,15830,10100956f0938bda3b90591fe55b086110669a05cc080b0e6df04e743d23e2ea,C11:K:4280,knowledge,nearest_ancestor,"{""x"":72.444,""y"":36.1731,""width"":130.888,""height"":66.8463}"
C11:IMG:4304,C11,编译原理,4304,rId682,media/image682.png,media/C11/4304_image682.png,47093,a90abf233843e5fd4e77bc38d37713a1f23c27d1ada774764c8994f681067ab1,C11:K:4298,knowledge,nearest_ancestor,"{""x"":119.8,""y"":71.047,""width"":225.6,""height"":136.594}"
C11:IMG:4307,C11,编译原理,4307,rId683,media/image683.png,media/C11/4307_image683.png,71094,9a912189401b246ee115f3d600533a7cdffe81d655729848a9d52289ba31d1f5,C11:K:4298,knowledge,nearest_ancestor,"{""x"":113.867,""y"":70.178,""width"":213.733,""height"":134.856}"
C11:IMG:4310,C11,编译原理,4310,rId684,media/image684.png,media/C11/4310_image684.png,62469,d80730f0fd4bc6845c8d68e257be2f9d6c0c2482006d69210d68b858b5ecc04f,C11:K:4298,knowledge,nearest_ancestor,"{""x"":106.356,""y"":66.992,""width"":198.712,""height"":128.484}"
C11:IMG:4321,C11,编译原理,4321,rId685,media/image685.png,media/C11/4321_image685.png,107644,00c7bd885267cec5e029ed8d49f2a872a8dae35c1d23e6d039ba6b80484d5e79,C11:K:4317,knowledge,nearest_ancestor,"{""x"":117.0,""y"":93.75,""width"":220.0,""height"":182.0}"
C11:IMG:4333,C11,编译原理,4333,rId686,media/image686.png,media/C11/4333_image686.png,8176,0178a13c05d667d8160a6bf89174f0c9108b70a8aca63703687b5ce07823ca93,C11:K:4338,knowledge,nearest_ancestor,"{""x"":97.6335,""y"":17.717,""width"":181.267,""height"":29.9339}"
C11:IMG:4357,C11,编译原理,4357,rId687,media/image687.png,media/C11/4357_image687.png,135125,53a26054d9c649fefe94ba1b7b2a6f807d6ff3bb569ffdb94052cb354a4df3b0,C11:K:4352,knowledge,nearest_ancestor,"{""x"":149.5,""y"":73.25,""width"":285.0,""height"":141.0}"
C11:IMG:4362,C11,编译原理,4362,rId688,media/image688.png,media/C11/4362_image688.png,185157,6405ed8a15a4223eb94e10cdcf98131878aa159df298348338410e7a0efcf355,C11:K:4358,knowledge,nearest_ancestor,"{""x"":121.962,""y"":79.5485,""width"":229.924,""height"":153.597}"
C11:IMG:4367,C11,编译原理,4367,rId689,media/image689.png,media/C11/4367_image689.png,178628,1308a82fa23832a4a709a5830721aaed0eea424927fddbf6cea0b1484ab6b5f9,C11:K:4363,knowledge,nearest_ancestor,"{""x"":151.5,""y"":71.75,""width"":289.0,""height"":138.0}"
C11:IMG:4372,C11,编译原理,4372,rId690,media/image690.png,media/C11/4372_image690.png,100453,ed00ef52962d31e45b4a9968ac6c659fe5e81e0adf9b148189b47835a57d27c2,C11:K:4368,knowledge,nearest_ancestor,"{""x"":125.666,""y"":79.0015,""width"":237.333,""height"":152.503}"
C11:IMG:4378,C11,编译原理,4378,rId691,media/image691.png,media/C11/4378_image691.png,67151,d3fd9e663c071c0f9c59a119fce44dd4a801661b7d436c6851377c98fe7336d0,C11:K:4374,knowledge,nearest_ancestor,"{""x"":107.5,""y"":101.75,""width"":201.0,""height"":198.0}"
C11:IMG:4383,C11,编译原理,4383,rId692,media/image692.png,media/C11/4383_image692.png,120565,102bee383f7084239e44ed3ff37c90806f77145ecd027bfa6cbf2e6a354d4741,C11:K:4379,knowledge,nearest_ancestor,"{""x"":145.5,""y"":74.75,""width"":277.0,""height"":144.0}"
C11:IMG:4416,C11,编译原理,4416,rId693,media/image693.png,media/C11/4416_image693.png,208697,3601918e9e032bc1b48dddc3ea0e462a3212a015f768bd299635528effdd8a1b,C11:K:4412,knowledge,nearest_ancestor,"{""x"":148.5,""y"":73.25,""width"":283.0,""height"":141.0}"
C11:IMG:4421,C11,编译原理,4421,rId694,media/image694.png,media/C11/4421_image694.png,139374,2ce747122283a49155a7a98688dacb6f9cd6b4f1e94d670bfcc34df18001cafc,C11:K:4417,knowledge,nearest_ancestor,"{""x"":124.0,""y"":88.25,""width"":234.0,""height"":171.0}"
C11:IMG:4435,C11,编译原理,4435,rId695,media/image695.png,media/C11/4435_image695.png,128083,c762f57d79d0c2546e3fba47c35b7867f630cefdaa1fb874f42bce1048f6b6e6,C11:K:4431,knowledge,nearest_ancestor,"{""x"":137.5,""y"":78.75,""width"":261.0,""height"":152.0}"
C11:IMG:4441,C11,编译原理,4441,rId696,media/image696.png,media/C11/4441_image696.png,101516,e7fc5e94a96f5d784ef07ecf9b1e33906853385ca7254b13deca1790ceb8ae19,C11:K:4437,knowledge,nearest_ancestor,"{""x"":137.459,""y"":73.516,""width"":260.919,""height"":141.532}"
C11:IMG:4444,C11,编译原理,4444,rId697,media/image697.png,media/C11/4444_image697.png,142319,a50a0a4c3572f3f3a71c0230987e2e2ca5f64a8b6358628334f4642f758cf345,C11:K:4442,knowledge,direct,"{""x"":137.72,""y"":82.7195,""width"":261.439,""height"":159.939}"
C11:IMG:4458,C11,编译原理,4458,rId699,media/image699.png,media/C11/4458_image699.png,176244,8f0eb698f8308fa6c1cf6b347eff6f5dcd6fa2083c242a35e3d7e652a432080f,C11:K:4454,knowledge,nearest_ancestor,"{""x"":122.5,""y"":89.25,""width"":231.0,""height"":173.0}"
C11:IMG:4463,C11,编译原理,4463,rId700,media/image700.png,media/C11/4463_image700.png,173148,6b098a3c9c51e872874236d00d80eeec35260c09f3a082ebe64db3c071cb1eec,C11:K:4459,knowledge,nearest_ancestor,"{""x"":128.5,""y"":84.75,""width"":243.0,""height"":164.0}"
C11:IMG:4467,C11,编译原理,4467,rId701,media/image701.png,media/C11/4467_image701.png,170619,8e49f8ffaba420f4081c7848f5d75270fe92d3fd7ecc26e9469b0243f7b2585f,C11:K:4459,knowledge,nearest_ancestor,"{""x"":144.0,""y"":75.75,""width"":274.0,""height"":146.0}"
C11:IMG:4488,C11,编译原理,4488,rId702,media/image702.png,media/C11/4488_image702.png,73066,64cd2714f6c0d4c0021ee12cb0c1db0a0c37e1b99bc003880aff1fecaa95f45c,C11:K:4490,knowledge,nearest_ancestor,"{""x"":134.817,""y"":43.7823,""width"":255.635,""height"":82.0646}"
C11:IMG:4506,C11,编译原理,4506,rId703,media/image703.png,media/C11/4506_image703.png,78082,83f598d47e902f703d04c30d8fcecdcaf15284ce20f3b24d9dc66600c3e52aa5,C11:K:4500,knowledge,nearest_ancestor,"{""x"":125.124,""y"":71.995,""width"":236.247,""height"":138.49}"
C11:IMG:4509,C11,编译原理,4509,rId704,media/image704.png,media/C11/4509_image704.png,33773,12a03496ea6783a4f6f2e71f7e3ba2a853c0c9d9035f9b0211c1718a909c8b68,C11:K:4502,knowledge,nearest_ancestor,"{""x"":111.641,""y"":47.5471,""width"":209.281,""height"":89.5942}"
C11:IMG:4514,C11,编译原理,4514,rId705,media/image705.png,media/C11/4514_image705.png,38037,e644776543530883f8032e37b761d8449c039d07f777dd38bf521307e51cc5e4,C11:K:4510,knowledge,nearest_ancestor,"{""x"":156.0,""y"":69.75,""width"":298.0,""height"":134.0}"
C11:IMG:4519,C11,编译原理,4519,rId706,media/image706.png,media/C11/4519_image706.png,63627,e0d001a79144e26c38bae1cf3d7dd59c904e0b196ad2b5ac37dde2223c761ab4,C11:K:4515,knowledge,nearest_ancestor,"{""x"":156.5,""y"":69.25,""width"":299.0,""height"":133.0}"
C11:IMG:4522,C11,编译原理,4522,rId707,media/image707.png,media/C11/4522_image707.png,92223,22f147a0381cf389da556b2ff640b126a228886a9a4b36b0b7adb5ba210c9de7,C11:K:4520,knowledge,direct,"{""x"":129.5,""y"":84.25,""width"":245.0,""height"":163.0}"
C11:IMG:4538,C11,编译原理,4538,rId709,media/image709.png,media/C11/4538_image709.png,125271,6961591aff7659830e4e5db680db526217eecce6850a491ebb7463cf5df89cb5,C11:K:4534,knowledge,nearest_ancestor,"{""x"":131.5,""y"":83.25,""width"":249.0,""height"":161.0}"
C11:IMG:4541,C11,编译原理,4541,rId710,media/image710.png,media/C11/4541_image710.png,159913,1c5734977546164e321c7070da8b4eff93540b92f5a376c5a29c8d2707e9cf51,C11:K:4429,knowledge,nearest_ancestor,"{""x"":129.5,""y"":84.25,""width"":245.0,""height"":163.0}"
C11:IMG:4592,C11,编译原理,4592,rId711,media/image711.png,media/C11/4592_image711.png,57218,5a37493162cdd50a92d3ba6207c4144a06426a682b1b00798fcb12efb95d7536,C11:K:4588,knowledge,nearest_ancestor,"{""x"":93.0,""y"":118.75,""width"":172.0,""height"":232.0}"
C11:IMG:4597,C11,编译原理,4597,rId712,media/image712.png,media/C11/4597_image712.png,55553,49844f787f14a46647b3d267f9e7d0f9cc3de7742ac2a957c6972ae831b04e65,C11:K:4593,knowledge,nearest_ancestor,"{""x"":96.5,""y"":114.25,""width"":179.0,""height"":223.0}"
C11:IMG:4676,C11,编译原理,4676,rId714,media/image714.png,media/C11/4676_image714.png,29242,e6941d53e14449a315ca0d6ca1b536a96a736de22b969753168ad16f71f79a74,C11:K:4672,knowledge,nearest_ancestor,"{""x"":140.5,""y"":77.75,""width"":267.0,""height"":150.0}"
C11:IMG:4681,C11,编译原理,4681,rId715,media/image715.png,media/C11/4681_image715.png,156133,01eb66243304608292cc16a1b0c1ca1db72d6dc8955750849f8f58994ae97f04,C11:K:4677,knowledge,nearest_ancestor,"{""x"":142.5,""y"":76.25,""width"":271.0,""height"":147.0}"
C11:IMG:4684,C11,编译原理,4684,rId716,media/image716.png,media/C11/4684_image716.png,136585,d058c0dd625ec0f40755ee26d449a776c19881cab33736ea661fc0ff683cd9ac,C11:K:4685,knowledge,nearest_ancestor,"{""x"":147.0,""y"":74.25,""width"":280.0,""height"":143.0}"
C11:IMG:4708,C11,编译原理,4708,rId718,media/image718.png,media/C11/4708_image718.png,143903,fc4be1e2316340554806b574a9dfe33abdc0886d92a6ab5c4d750d33e1e35f7f,C11:K:4703,knowledge,nearest_ancestor,"{""x"":125.5,""y"":87.25,""width"":237.0,""height"":169.0}"
C11:IMG:4720,C11,编译原理,4720,rId720,media/image720.png,media/C11/4720_image720.png,177447,52ad8b9344d5824725d3b3d51d12a0cf5273bd39599a862bc61841041e416c04,C11:K:4716,knowledge,nearest_ancestor,"{""x"":141.5,""y"":76.75,""width"":269.0,""height"":148.0}"
C11:IMG:4732,C11,编译原理,4732,rId721,media/image721.png,media/C11/4732_image721.png,133228,77658e49d40ae4dbbdb50ded88a03eefc5d4c6f12a8d867d099f694276f0efd5,C11:K:4728,knowledge,nearest_ancestor,"{""x"":128.0,""y"":85.25,""width"":242.0,""height"":165.0}"
C11:IMG:4760,C11,编译原理,4760,rId722,media/image722.png,media/C11/4760_image722.png,29269,b0cd4c498a64b23043ab32e3c5f3efc82014fe1df78dc1764d29981b7029ce04,C11:K:4754,knowledge,nearest_ancestor,"{""x"":153.0,""y"":54.305,""width"":292.0,""height"":103.11}"
C11:IMG:4781,C11,编译原理,4781,rId723,media/image723.png,media/C11/4781_image723.png,55023,da26b038e54fba020ab83011f33ba564ec57feb0e6e60273377c071209190cec,C11:K:4777,knowledge,nearest_ancestor,"{""x"":140.4,""y"":72.0985,""width"":266.8,""height"":138.697}"
C11:IMG:4786,C11,编译原理,4786,rId724,media/image724.png,media/C11/4786_image724.png,96113,d2843e94ff492cb8eb02271d6ab38f1a62312b1169ca6d7ef8206f5cd7a1837a,C11:K:4782,knowledge,nearest_ancestor,"{""x"":122.0,""y"":89.25,""width"":230.0,""height"":173.0}"
C11:IMG:4818,C11,编译原理,4818,rId725,media/image725.png,media/C11/4818_image725.png,10581,855068c16bc4f25d56b17243af86aaf23c095112ee10b98b2bb9c7511c45cdaa,C11:ANCH:4816,structural_anchor,direct,"{""x"":84.6335,""y"":78.4615,""width"":155.267,""height"":151.423}"
C11:IMG:4821,C11,编译原理,4821,rId726,media/image726.png,media/C11/4821_image726.png,33473,aeaebe4abf9bf1218c546ffceea73cca536d39cc2d1625d91fba94a90968f86a,C11:ANCH:4819,structural_anchor,direct,"{""x"":130.0,""y"":83.75,""width"":246.0,""height"":162.0}"
C11:IMG:4824,C11,编译原理,4824,rId727,media/image727.png,media/C11/4824_image727.png,87151,05a341a70a3a3fe256065bc7fd4901c5eb405529ef7bfdad627ecddfd81e0649,C11:ANCH:4822,structural_anchor,direct,"{""x"":143.0,""y"":76.25,""width"":272.0,""height"":147.0}"
C11:IMG:4831,C11,编译原理,4831,rId728,media/image728.png,media/C11/4831_image728.png,121889,727ae10e6a1bec87634c728502a09d82f2f114c4ca1270b9f0e750b61314b000,C11:K:4827,knowledge,nearest_ancestor,"{""x"":139.5,""y"":78.25,""width"":265.0,""height"":151.0}"
C11:IMG:4890,C11,编译原理,4890,rId730,media/image730.png,media/C11/4890_image730.png,27939,febdbf32cb32745acb1374a3e495262aa807a0093a9ea54aed34e4584c198873,C11:K:4884,knowledge,nearest_ancestor,"{""x"":157.333,""y"":33.9836,""width"":300.667,""height"":62.4673}"
C11:IMG:4906,C11,编译原理,4906,rId731,media/image731.png,media/C11/4906_image731.png,10635,66c13aa41592784d70fd0a234eeb675d28b065dad553bdc1f428d868ce6baf88,C11:ANCH:4904,structural_anchor,direct,"{""x"":109.5,""y"":25.25,""width"":205.0,""height"":45.0}"
C11:IMG:4909,C11,编译原理,4909,rId732,media/image732.png,media/C11/4909_image732.png,16632,d66706bb86f3a2f03422a538411d975c4fa400b6e7de518601ccd8c175c39796,C11:ANCH:4907,structural_anchor,direct,"{""x"":119.834,""y"":27.9716,""width"":225.667,""height"":50.4431}"
C11:IMG:4917,C11,编译原理,4917,rId733,media/image733.png,media/C11/4917_image733.png,12263,5187187bd231719f119f42bd238fd8f7b0307a39b1b856ca604e487dd982cb9a,C11:ANCH:4916,structural_anchor,anchor,"{""x"":129.802,""y"":35.3183,""width"":251.353,""height"":61.3866}"
C11:IMG:4922,C11,编译原理,4922,rId734,media/image734.png,media/C11/4922_image734.png,137744,9940e1244cd7a10ce1fd8b6a2cbdc5667c87cbd575b967ae5d864225e8e92704,C11:K:4918,knowledge,nearest_ancestor,"{""x"":131.0,""y"":83.25,""width"":248.0,""height"":161.0}"
C11:IMG:4925,C11,编译原理,4925,rId735,media/image735.png,media/C11/4925_image735.png,227059,a4301cb4d6d33d9397e42d748b768e2eaf786be7692ddd07ce48ff2d392a27a8,C11:K:4918,knowledge,nearest_ancestor,"{""x"":125.5,""y"":87.25,""width"":237.0,""height"":169.0}"
C11:IMG:4940,C11,编译原理,4940,rId736,media/image736.png,media/C11/4940_image736.png,18540,79fe5d5a8c361497a355e2b2f9bf4d3124b41da9d8ba225d2beda56070095d08,C11:K:4936,knowledge,nearest_ancestor,"{""x"":102.067,""y"":44.6818,""width"":190.133,""height"":83.8635}"
C11:IMG:4943,C11,编译原理,4943,rId737,media/image737.png,media/C11/4943_image737.png,21261,6405af0c4e0934b3f6229e2acd49ff21d58a81bd1db31dd7720c06d96d6b1685,C11:K:4936,knowledge,nearest_ancestor,"{""x"":93.5665,""y"":42.9194,""width"":173.133,""height"":80.3388}"
C11:IMG:4955,C11,编译原理,4955,rId738,media/image738.png,media/C11/4955_image738.png,55280,db8aeb905663d4c949ec230342c231579635a6525bf580e2ae5cf9ca9951a66d,C11:K:4950,knowledge,nearest_ancestor,"{""x"":178.733,""y"":50.0781,""width"":343.467,""height"":94.6562}"
C11:IMG:4965,C11,编译原理,4965,rId739,media/image739.png,media/C11/4965_image739.png,4128,d86b9865bbca6e5df9f188363b12d50a48b64968984e64628cf11ca9ded79b8a,C11:K:4956,knowledge,nearest_ancestor,"{""x"":54.8333,""y"":26.2809,""width"":95.6666,""height"":47.0618}"
C11:IMG:4966,C11,编译原理,4966,rId740,media/image740.png,media/C11/4966_image740.png,22079,93c96f48ea1782712a0c24664fc39e4727733b1c80e56008f2e07ea8ae1bf7a3,C11:K:4958,knowledge,nearest_ancestor,"{""x"":154.167,""y"":48.3799,""width"":294.333,""height"":91.2598}"
C11:IMG:5010,C11,编译原理,5010,rId741,media/image741.png,media/C11/5010_image741.png,220262,8986a9f50092b15f9865b864a21cc3c6ff8cc7adcea8cb515571a0eeea203d29,C11:K:5004,knowledge,nearest_ancestor,"{""x"":153.5,""y"":70.75,""width"":293.0,""height"":136.0}"
C11:IMG:5016,C11,编译原理,5016,rId742,media/image742.png,media/C11/5016_image742.png,68653,c5a92bb855b1ff838b4a5e80c64bb412a01c49d4812365b3c8d604757ff5da21,C11:K:5012,knowledge,nearest_ancestor,"{""x"":152.5,""y"":71.25,""width"":291.0,""height"":137.0}"
C11:IMG:5019,C11,编译原理,5019,rId743,media/image743.png,media/C11/5019_image743.png,69777,1ff09940282e34486091ef401cef594d4a20eebcfae8f206cedc410801c5b70e,C11:K:5012,knowledge,nearest_ancestor,"{""x"":134.0,""y"":81.25,""width"":254.0,""height"":157.0}"
C11:IMG:5022,C11,编译原理,5022,rId744,media/image744.png,media/C11/5022_image744.png,72421,8eaf6167ab3239c609ef5b214dcabf7e6393292200f7e1e72eab3a5c61974476,C11:K:5012,knowledge,nearest_ancestor,"{""x"":126.0,""y"":86.75,""width"":238.0,""height"":168.0}"
C11:IMG:5025,C11,编译原理,5025,rId745,media/image745.png,media/C11/5025_image745.png,65530,fe52493451711873f82ebac6f4d6a3a266a9b85dbf29fafc82ae801f43f735eb,C11:K:5012,knowledge,nearest_ancestor,"{""x"":117.0,""y"":93.75,""width"":220.0,""height"":182.0}"
C11:IMG:5068,C11,编译原理,5068,rId746,media/image746.png,media/C11/5068_image746.png,13342,f55796f6e5defff1beb123b5eea0433e98bf0542752bc4b8c0f0038a938fe14f,C11:K:5042,knowledge,nearest_ancestor,"{""x"":153.633,""y"":23.5786,""width"":293.267,""height"":41.6572}"
C11:IMG:5093,C11,编译原理,5093,rId747,media/image747.png,media/C11/5093_image747.png,88968,cdeb4a8603314b9b95fe39ea5d489f88fe2eab751e7ad1afcde01c0ef5429cbe,C11:K:5089,knowledge,nearest_ancestor,"{""x"":177.5,""y"":61.25,""width"":341.0,""height"":117.0}"
C11:IMG:5108,C11,编译原理,5108,rId748,media/image748.png,media/C11/5108_image748.png,63562,49c4cf125cfea5d1d0fae90ba45635a4d17d4d5f6bd83163c0b4a4b41e4c93f0,C11:K:5104,knowledge,nearest_ancestor,"{""x"":126.3,""y"":62.189,""width"":238.6,""height"":118.878}"
C11:IMG:5113,C11,编译原理,5113,rId749,media/image749.png,media/C11/5113_image749.png,86249,6cc85b7d6bf309a259b2a703713e4cab37d5b3297c1c89268a594739aa682969,C11:K:5109,knowledge,nearest_ancestor,"{""x"":120.167,""y"":69.089,""width"":226.334,""height"":132.678}"
C11:IMG:5127,C11,编译原理,5127,rId750,media/image750.png,media/C11/5127_image750.png,97179,02a075911d98bf4e9563dc63b174e66c6c383cc3cea707e388c1281431ce1636,C11:K:5125,knowledge,direct,"{""x"":135.0,""y"":80.25,""width"":256.0,""height"":155.0}"
C11:IMG:5132,C11,编译原理,5132,rId751,media/image751.png,media/C11/5132_image751.png,82840,353377d298e7d0a311f253400346c71b9eca7a0c28454d10cd2a419073f4d125,C11:K:5128,knowledge,nearest_ancestor,"{""x"":143.5,""y"":76.25,""width"":273.0,""height"":147.0}"
C11:IMG:5146,C11,编译原理,5146,rId752,media/image752.png,media/C11/5146_image752.png,68811,ac457b02c1fd5f24af164f660e3aff743d8956278c2a52d9d813eff729d0c2b0,C11:K:5142,knowledge,nearest_ancestor,"{""x"":130.5,""y"":84.25,""width"":247.0,""height"":163.0}"
C11:IMG:5154,C11,编译原理,5154,rId753,media/image753.png,media/C11/5154_image753.png,106100,6792add9ae9c4cca081a73bb6681f8eaf454b93656ee13b72d924f549b5e006a,C11:K:5150,knowledge,nearest_ancestor,"{""x"":141.5,""y"":76.75,""width"":269.0,""height"":148.0}"
C11:IMG:5159,C11,编译原理,5159,rId754,media/image754.png,media/C11/5159_image754.png,71466,c01efdc6d5b08b2ee0606891a386470c38b879096306328ad9a905844f826742,C11:K:5155,knowledge,nearest_ancestor,"{""x"":130.481,""y"":73.3775,""width"":246.963,""height"":141.255}"
C11:IMG:5168,C11,编译原理,5168,rId755,media/image755.png,media/C11/5168_image755.png,38199,ec8060384e5fb033f1e96cef47ac8c1c2e97c51e611746126d59182e317398e9,C11:K:5164,knowledge,nearest_ancestor,"{""x"":125.999,""y"":65.4945,""width"":237.997,""height"":125.489}"
C11:IMG:5179,C11,编译原理,5179,rId756,media/image756.png,media/C11/5179_image756.png,38551,df91ec1f8d547e295eb80e1930b5b1ca5fb6c24b7029e0b55cf830f996a44a16,C11:K:5175,knowledge,nearest_ancestor,"{""x"":115.666,""y"":76.536,""width"":217.333,""height"":147.572}"
C11:IMG:5184,C11,编译原理,5184,rId757,media/image757.png,media/C11/5184_image757.png,15881,d04724c49a55d61dcfa64e00346cfd5b390cc934640af2b71ca36e4129241077,C11:K:5180,knowledge,nearest_ancestor,"{""x"":89.1665,""y"":36.4248,""width"":164.333,""height"":67.3497}"
C11:IMG:5189,C11,编译原理,5189,rId758,media/image758.png,media/C11/5189_image758.png,15827,3816eb7f37b35bbc28abff5428772740f587fd9aa9208a2164de44b48481d455,C11:K:5185,knowledge,nearest_ancestor,"{""x"":94.8335,""y"":37.8244,""width"":175.667,""height"":70.1488}"
C11:IMG:5208,C11,编译原理,5208,rId759,media/image759.png,media/C11/5208_image759.png,42828,b9f6f121788a08af95efe7ac2abeb514a28a49c44e62971cdbdf4422c52667c5,C11:K:5204,knowledge,nearest_ancestor,"{""x"":146.667,""y"":57.8235,""width"":279.333,""height"":110.147}"
C11:IMG:5213,C11,编译原理,5213,rId760,media/image760.png,media/C11/5213_image760.png,51028,c7f556944db702c2cdf551fc03246a19cd3062ca2d57d9ccfce7a12d76adaa73,C11:K:5209,knowledge,nearest_ancestor,"{""x"":127.0,""y"":56.8915,""width"":240.0,""height"":108.283}"
C11:IMG:5273,C11,编译原理,5273,rId761,media/image761.png,media/C11/5273_image761.png,135320,67c86496b1d99446e8adaf4bea0f0e2327e4521250bcedd3f4c354c29f790291,C11:K:5259,knowledge,nearest_ancestor,"{""x"":165.434,""y"":80.577,""width"":316.867,""height"":155.654}"
C11:IMG:5280,C11,编译原理,5280,rId762,media/image762.png,media/C11/5280_image762.png,16800,b785adc1965f4ec7005dde2de61ab660fbf98b5f7524a36a0acfd0ad7daa59b5,C11:K:5276,knowledge,nearest_ancestor,"{""x"":83.8445,""y"":65.686,""width"":153.689,""height"":125.872}"
C11:IMG:5295,C11,编译原理,5295,rId763,media/image763.png,media/C11/5295_image763.png,72223,85c960ddf23d92359a2fc99374bb3d415bdc2909e690e19dd44dc809558cf49b,C11:K:5289,knowledge,nearest_ancestor,"{""x"":206.5,""y"":52.75,""width"":399.0,""height"":100.0}"
C11:IMG:5298,C11,编译原理,5298,rId764,media/image764.png,media/C11/5298_image764.png,65868,0d5483d33ecb726a3fd8922f630751cd6dcc90f70ac778df8a28b53a5bb1593e,C11:K:5289,knowledge,nearest_ancestor,"{""x"":146.002,""y"":54.769,""width"":278.004,""height"":104.038}"
C11:IMG:5301,C11,编译原理,5301,rId765,media/image765.png,media/C11/5301_image765.png,52699,7ba357be5357171f3a8c1455a5e4db44d841c47954d6021b2b290c916d600c40,C11:K:5289,knowledge,nearest_ancestor,"{""x"":206.434,""y"":66.0535,""width"":398.867,""height"":126.607}"
C11:IMG:5304,C11,编译原理,5304,rId766,media/image766.png,media/C11/5304_image766.png,48120,5e488822f2d4cc4c088d978f8c2dd07a60acf10846ad156627b8ed96e0028c35,C11:K:5289,knowledge,nearest_ancestor,"{""x"":157.733,""y"":58.8155,""width"":301.467,""height"":112.131}"
C11:IMG:5311,C11,编译原理,5311,rId767,media/image767.png,media/C11/5311_image767.png,11221,e59a91440c0ff01b6f209d0b503699a91f490468977a2ca0b38a2f79e28d034e,C11:K:5305,knowledge,nearest_ancestor,"{""x"":107.5,""y"":30.788,""width"":201.0,""height"":56.0761}"
C11:IMG:5327,C11,编译原理,5327,rId768,media/image768.png,media/C11/5327_image768.png,204318,507250dca950651de841d5509037f817da40888b63be67f4182d75d401178c6e,C11:K:5312,knowledge,nearest_ancestor,"{""x"":129.0,""y"":84.75,""width"":244.0,""height"":164.0}"
C11:IMG:5334,C11,编译原理,5334,rId769,media/image769.png,media/C11/5334_image769.png,27500,d5e49bd1301cb1daa856ee08f967f483ed702cda0b58dba1ca6340bc6ff5d4db,C11:K:5330,knowledge,nearest_ancestor,"{""x"":87.8,""y"":41.7472,""width"":161.6,""height"":77.9944}"
C11:IMG:5375,C11,编译原理,5375,rId770,media/image770.png,media/C11/5375_image770.png,31461,feac1d39b21357a8450b156f37868e9bc28f4aa02b406d162bfdb435f1ac4480,C11:K:5371,knowledge,nearest_ancestor,"{""x"":52.8,""y"":63.027,""width"":91.6,""height"":120.554}"
C11:IMG:5380,C11,编译原理,5380,rId771,media/image771.png,media/C11/5380_image771.png,62044,71817a3d5d51f6b9b48b6ccee5c0e042127b43d333bc382d4a5a40693d747806,C11:K:5376,knowledge,nearest_ancestor,"{""x"":104.9,""y"":54.5585,""width"":195.8,""height"":103.617}"
C11:IMG:5383,C11,编译原理,5383,rId772,media/image772.png,media/C11/5383_image772.png,54299,ba27cb664ffb43c06059df94ce5e7f06d30727efd345ebaaff8a2e581fc8a7da,C11:K:5376,knowledge,nearest_ancestor,"{""x"":95.2335,""y"":54.473,""width"":176.467,""height"":103.446}"
C11:IMG:5387,C11,编译原理,5387,rId773,media/image773.png,media/C11/5387_image773.png,53902,0c6efd9c10ba4fd269ec8bd04e5a5c75cf04c7cdf72c767e2500df1d2eac3006,C11:K:5376,knowledge,nearest_ancestor,"{""x"":117.4,""y"":60.961,""width"":220.8,""height"":116.422}"
C11:IMG:5390,C11,编译原理,5390,rId774,media/image774.png,media/C11/5390_image774.png,126784,376d291a948b2eabb2d3de377be2c7269408d8f4f885b14d11180a410108d011,C11:K:5376,knowledge,nearest_ancestor,"{""x"":112.306,""y"":68.5145,""width"":210.612,""height"":131.529}"
C11:IMG:5393,C11,编译原理,5393,rId775,media/image775.png,media/C11/5393_image775.png,120415,167339e373b32ac8a335a4c8bf41eae49abcc624d4cc8420acefe0f060937204,C11:K:5376,knowledge,nearest_ancestor,"{""x"":114.1,""y"":71.9995,""width"":214.2,""height"":138.499}"
C11:IMG:5400,C11,编译原理,5400,rId776,media/image776.png,media/C11/5400_image776.png,8013,3e95f210b12dc5b8971a36c3fdad6732c340b25e7df87a772dc3249e5fea4389,C11:K:5396,knowledge,nearest_ancestor,"{""x"":62.249,""y"":39.8203,""width"":110.498,""height"":74.1407}"
C11:IMG:5412,C11,编译原理,5412,rId777,media/image777.png,media/C11/5412_image777.png,13641,052ad1752e34bd2f9c218cfa5941c85a8c39d8aed012462fbae81b26410deaaa,C11:K:5408,knowledge,nearest_ancestor,"{""x"":125.633,""y"":32.7614,""width"":237.267,""height"":60.0228}"
C11:IMG:5417,C11,编译原理,5417,rId778,media/image778.png,media/C11/5417_image778.png,33713,9fc0ead1ea31a93e06556fce9c5216bc0365f5bd0f522fca118387f3a29b305a,C11:K:5413,knowledge,nearest_ancestor,"{""x"":151.5,""y"":72.25,""width"":289.0,""height"":139.0}"
C11:IMG:5420,C11,编译原理,5420,rId779,media/image779.png,media/C11/5420_image779.png,40524,961f50dede8d4a7642df44ae7b418b7a437e4887994c569f3520900ecff58461,C11:K:5413,knowledge,nearest_ancestor,"{""x"":130.5,""y"":83.75,""width"":247.0,""height"":162.0}"
C11:IMG:5460,C11,编译原理,5460,rId780,media/image780.png,media/C11/5460_image780.png,43111,96d6264280720ddf4b236f2fd6e2a55feeeaabb4958c09732056f55f55f394f7,C11:K:5450,knowledge,nearest_ancestor,"{""x"":94.7335,""y"":57.193,""width"":175.467,""height"":108.886}"
C11:IMG:5463,C11,编译原理,5463,rId781,media/image781.png,media/C11/5463_image781.png,34770,cafce339a34cfba34f19fc4e6a710bb94499d535574f977da32df4147282b126,C11:K:5452,knowledge,nearest_ancestor,"{""x"":132.633,""y"":34.5519,""width"":251.267,""height"":63.6038}"
C11:IMG:5474,C11,编译原理,5474,rId782,media/image782.png,media/C11/5474_image782.png,16804,d80a1dc064f686d6ea4e79ef6b25c8b7fe4c7b3755d6e4fde24ab9993f30ecf2,C11:K:5468,knowledge,nearest_ancestor,"{""x"":83.4,""y"":54.8855,""width"":152.8,""height"":104.271}"
C11:IMG:5477,C11,编译原理,5477,rId783,media/image783.png,media/C11/5477_image783.png,8633,9ee66109d447d0a2a8cb10a67d63c5dcf3375c359075004413bd3fb7d72f9685,C11:K:5466,knowledge,nearest_ancestor,"{""x"":52.4,""y"":31.2308,""width"":90.8,""height"":56.9615}"
C11:IMG:5490,C11,编译原理,5490,rId784,media/image784.png,media/C11/5490_image784.png,64757,d6fe937cdbf80d42a5028986f86d331a198a9c9449acf237a058027a0bdae3b9,C11:K:5478,knowledge,nearest_ancestor,"{""x"":140.5,""y"":77.75,""width"":267.0,""height"":150.0}"
C11:IMG:5493,C11,编译原理,5493,rId785,media/image785.png,media/C11/5493_image785.png,74262,63704adaa3aeb3810e8d9ebc4e8c4f11e5d2a8002cbc42339d1b46489abf4ba0,C11:K:5478,knowledge,nearest_ancestor,"{""x"":146.5,""y"":74.25,""width"":279.0,""height"":143.0}"
C11:IMG:5498,C11,编译原理,5498,rId786,media/image786.png,media/C11/5498_image786.png,180135,2557844f3b60bc58cd254988b283c50f1e841452653bae9462dd0b1be39be071,C11:K:5494,knowledge,nearest_ancestor,"{""x"":135.5,""y"":80.75,""width"":257.0,""height"":156.0}"
C11:IMG:5508,C11,编译原理,5508,rId787,media/image787.png,media/C11/5508_image787.png,34381,96eeaffbbb96ae8fdbca64b425922a8210285149b2c0cad2495c10387cdf28b7,C11:K:5500,knowledge,nearest_ancestor,"{""x"":111.4,""y"":63.95,""width"":208.8,""height"":122.4}"
C11:IMG:5513,C11,编译原理,5513,rId788,media/image788.png,media/C11/5513_image788.png,52708,4c3028c6104ef42ddf65bd31026a33847df5e8c4a2ee9e33fa265c7b6e03f76f,C11:K:5502,knowledge,nearest_ancestor,"{""x"":88.0795,""y"":73.221,""width"":162.159,""height"":140.942}"
C11:IMG:5530,C11,编译原理,5530,rId789,media/image789.png,media/C11/5530_image789.png,53507,664646a59eed9c68a6d1d3d065854341d9d5d2f32cb597543e3c8526f95a4e32,C11:K:5526,knowledge,nearest_ancestor,"{""x"":135.5,""y"":80.25,""width"":257.0,""height"":155.0}"
C11:IMG:5533,C11,编译原理,5533,rId790,media/image790.png,media/C11/5533_image790.png,53519,2e1f22e783a3d2f9742ef4a08bbcccc4d6212562e36df85fe4c9308162373175,C11:K:5526,knowledge,nearest_ancestor,"{""x"":135.5,""y"":80.75,""width"":257.0,""height"":156.0}"
C11:IMG:5536,C11,编译原理,5536,rId791,media/image791.png,media/C11/5536_image791.png,31828,6ee949b0f77e5f4baaa26ff9f501894075afdafec3968b3ab85e1dbaa4459c2e,C11:K:5526,knowledge,nearest_ancestor,"{""x"":79.333,""y"":59.4,""width"":144.666,""height"":113.3}"
C11:IMG:5539,C11,编译原理,5539,rId792,media/image792.png,media/C11/5539_image792.png,41335,425e05cd0117e6dce458548c3f4d122afb984a1a58c8fc528bc2be37ba5373a5,C11:K:5526,knowledge,nearest_ancestor,"{""x"":154.8,""y"":59.844,""width"":295.6,""height"":114.188}"
C11:IMG:5544,C11,编译原理,5544,rId793,media/image793.png,media/C11/5544_image793.png,123258,ce680559b73e8381c95842123d1d635076a88ed344b00f33213fb97e3b712c56,C11:K:5428,knowledge,nearest_ancestor,"{""x"":140.5,""y"":77.75,""width"":267.0,""height"":150.0}"
C11:IMG:5610,C11,编译原理,5610,rId794,media/image794.png,media/C11/5610_image794.png,25776,16ecc1496cf4981b9da0eae71fe75670023f36e4fa35118af2668b14fda124ce,C11:K:5604,knowledge,nearest_ancestor,"{""x"":112.0,""y"":53.6035,""width"":210.0,""height"":101.707}"
C11:IMG:5615,C11,编译原理,5615,rId795,media/image795.png,media/C11/5615_image795.png,193061,0c43968834318548eb4969ee46adb87b65ccaee6231db533a62c62a0ed1c8460,C11:K:5611,knowledge,nearest_ancestor,"{""x"":143.5,""y"":75.75,""width"":273.0,""height"":146.0}"
C11:IMG:5618,C11,编译原理,5618,rId796,media/image796.png,media/C11/5618_image796.png,66095,2f970f15744e284ff523b419a2106186379e52e8a44bf93c2c18b84005f6da22,C11:K:5611,knowledge,nearest_ancestor,"{""x"":155.202,""y"":73.7635,""width"":296.404,""height"":142.027}"
C11:IMG:5625,C11,编译原理,5625,rId797,media/image797.png,media/C11/5625_image797.png,37446,ad2b0df616861a341dcaa0004470e28c3323b9b9217ff347b078ccfe6dd167c7,C11:ANCH:5623,structural_anchor,direct,"{""x"":67.5665,""y"":68.364,""width"":121.133,""height"":131.228}"
C11:IMG:5631,C11,编译原理,5631,rId798,media/image798.png,media/C11/5631_image798.png,54511,246c8e2f9b8ba77fcf30988aeebf020650e851bc56e104c4e42384a593455aee,C11:K:5626,knowledge,nearest_ancestor,"{""x"":137.5,""y"":79.25,""width"":261.0,""height"":153.0}"
C11:IMG:5634,C11,编译原理,5634,rId799,media/image799.png,media/C11/5634_image799.png,127235,ac37cc32e9215e6dc1f4f1ab6cae95237b0a900cea7f7232343ff3b6cb75f92d,C11:K:5626,knowledge,nearest_ancestor,"{""x"":140.5,""y"":77.25,""width"":267.0,""height"":149.0}"
C11:IMG:5637,C11,编译原理,5637,rId800,media/image800.png,media/C11/5637_image800.png,129772,05d69bd444e87cdd5649cccb4e23336a3e674df118f6453c89f6b2287856933d,C11:K:5626,knowledge,nearest_ancestor,"{""x"":139.5,""y"":78.25,""width"":265.0,""height"":151.0}"
C11:IMG:5640,C11,编译原理,5640,rId801,media/image801.png,media/C11/5640_image801.png,32023,b7d35f997163a85fad602c807b95c2c4661c8369000092aacb838f359bb824cc,C11:K:5626,knowledge,nearest_ancestor,"{""x"":113.5,""y"":96.25,""width"":213.0,""height"":187.0}"
C11:IMG:5643,C11,编译原理,5643,rId802,media/image802.png,media/C11/5643_image802.png,77087,07fdef3daec5c1ea39db530eae86549d9e25c803f5a04acf4955283275677d3b,C11:K:5626,knowledge,nearest_ancestor,"{""x"":135.5,""y"":80.25,""width"":257.0,""height"":155.0}"
C11:IMG:5650,C11,编译原理,5650,rId803,media/image803.png,media/C11/5650_image803.png,85522,2045be2970b306a3efb8185d4adf845226e83b42380965efc05b6237201055a4,C11:K:5434,knowledge,nearest_ancestor,"{""x"":165.5,""y"":65.75,""width"":317.0,""height"":126.0}"
C11:IMG:5653,C11,编译原理,5653,rId804,media/image804.png,media/C11/5653_image804.png,37679,be3bd11db043ae4c48d03938b5d77b3c86a3ea72ac072f426a7f5af11f64e36a,C11:K:5434,knowledge,nearest_ancestor,"{""x"":81.803,""y"":61.9275,""width"":149.606,""height"":118.355}"
C11:IMG:5657,C11,编译原理,5657,rId805,media/image805.png,media/C11/5657_image805.png,26751,c376fe489ac53acccbbcab70f66d64323669486fac8092b65fde1db4e59f2e8e,C11:K:5229,knowledge,nearest_ancestor,"{""x"":97.513,""y"":47.8466,""width"":181.026,""height"":90.1932}"
C11:IMG:5674,C11,编译原理,5674,rId806,media/image806.png,media/C11/5674_image806.png,20827,3ed666c1856aa573a54ce270cda0af1a26238400dd8707b7fad04c1d16f7d0f7,C11:K:5666,knowledge,nearest_ancestor,"{""x"":92.1665,""y"":35.6493,""width"":170.333,""height"":65.7985}"
C11:IMG:5677,C11,编译原理,5677,rId807,media/image807.png,media/C11/5677_image807.png,38915,02c9361393f73b61e5a2f22ca1068042a90805ee28ad55fac2ec355cd1c8d2bd,C11:K:5668,knowledge,nearest_ancestor,"{""x"":140.167,""y"":36.209,""width"":266.333,""height"":66.9179}"
C11:IMG:5686,C11,编译原理,5686,rId808,media/image808.png,media/C11/5686_image808.png,34893,9e9d13c65eb4439c633762b67010fec07dc0070de48ef2d38a24318f2b3bea54,C11:K:5678,knowledge,nearest_ancestor,"{""x"":76.5,""y"":42.9173,""width"":139.0,""height"":80.3346}"
C11:IMG:5689,C11,编译原理,5689,rId809,media/image809.png,media/C11/5689_image809.png,61322,93e3fc508f13c382850b2bbb7437335d3a094414c0fbacef909f6415df4ae1a3,C11:K:5680,knowledge,nearest_ancestor,"{""x"":118.5,""y"":45.0787,""width"":223.0,""height"":84.6574}"
C11:IMG:5698,C11,编译原理,5698,rId810,media/image810.png,media/C11/5698_image810.png,30210,5a00aa7f1ccc2c775bdbdd127e65a0367ff94e86013e19ce26c18b78678d03e0,C11:K:5690,knowledge,nearest_ancestor,"{""x"":105.9,""y"":49.1517,""width"":197.8,""height"":92.8034}"
C11:IMG:5701,C11,编译原理,5701,rId811,media/image811.png,media/C11/5701_image811.png,56098,e6779c54527ad9433b432a80599db3b78acef45d47ae87b6bb6fa1d3837dcebc,C11:K:5692,knowledge,nearest_ancestor,"{""x"":118.734,""y"":43.8434,""width"":223.467,""height"":82.1868}"
C11:IMG:5704,C11,编译原理,5704,rId812,media/image812.png,media/C11/5704_image812.png,12086,5025021523821553682cfc23602163dea7fa4aafaf707941d0a23e1cecf2dd1a,C11:K:5233,knowledge,nearest_ancestor,"{""x"":92.084,""y"":38.8143,""width"":170.168,""height"":72.1287}"
C11:IMG:5715,C11,编译原理,5715,rId813,media/image813.png,media/C11/5715_image813.png,109309,468fc802b46f6f9f037449a93d6972d607ab730f51a2b996479fb1cd5b621b54,C11:K:5707,knowledge,nearest_ancestor,"{""x"":120.776,""y"":62.96,""width"":227.553,""height"":120.42}"
C11:IMG:5718,C11,编译原理,5718,rId814,media/image814.png,media/C11/5718_image814.png,121708,05842bb080932d52b7d71016f9334d3d9db385a7c186ad7b9083024c57065da2,C11:K:5709,knowledge,nearest_ancestor,"{""x"":128.856,""y"":66.098,""width"":243.713,""height"":126.696}"
C11:IMG:5721,C11,编译原理,5721,rId815,media/image815.png,media/C11/5721_image815.png,146266,b88fb35ce8f35a7751787efcbd2ec8fd7b9c44031aa4360b42a62b644e4145fe,C11:K:5711,knowledge,nearest_ancestor,"{""x"":142.6,""y"":64.3865,""width"":271.2,""height"":123.273}"
C11:IMG:5740,C11,编译原理,5740,rId816,media/image816.png,media/C11/5740_image816.png,60081,bd8ef6a6d7db9bc18b7386fd9c01731f065ee80f30855c6b80330e4d66ebc70b,C11:K:5736,knowledge,nearest_ancestor,"{""x"":131.466,""y"":69.3145,""width"":248.933,""height"":133.129}"
C11:IMG:5743,C11,编译原理,5743,rId817,media/image817.png,media/C11/5743_image817.png,40673,c81fbf383b9eac3fcd8f55e4e751a66691cacf1bb105bc67ed397335e6a33d28,C11:K:5734,knowledge,nearest_ancestor,"{""x"":95.4,""y"":56.065,""width"":176.8,""height"":106.63}"
C11:IMG:5748,C11,编译原理,5748,rId818,media/image818.png,media/C11/5748_image818.png,181893,79634c2fbe6edf2f8044eee534bd591fbf8504d6448e102dc09ab541fdfa266b,C11:K:5744,knowledge,nearest_ancestor,"{""x"":130.5,""y"":83.25,""width"":247.0,""height"":161.0}"
C11:IMG:5755,C11,编译原理,5755,rId819,media/image819.png,media/C11/5755_image819.png,29790,33f7ac85321ad29b189ed23f9b44e2518e1ca2d4e320ee5d6df56954f834ffa2,C11:K:5749,knowledge,nearest_ancestor,"{""x"":67.7335,""y"":36.1646,""width"":121.467,""height"":66.8292}"
C11:IMG:5758,C11,编译原理,5758,rId820,media/image820.png,media/C11/5758_image820.png,80455,7286ccff4312fa0c79e3b67d5bb0ac343edecfa82bbfe06ba2cdd12d93a3afdb,C11:K:5751,knowledge,nearest_ancestor,"{""x"":142.5,""y"":76.25,""width"":271.0,""height"":147.0}"
C11:IMG:5763,C11,编译原理,5763,rId821,media/image821.png,media/C11/5763_image821.png,31367,d5a0793a98b78de9b0979422177dd77949a0e2b1632789d61d296eb2b58fee8c,C11:K:5759,knowledge,nearest_ancestor,"{""x"":42.7334,""y"":42.6427,""width"":71.4667,""height"":79.7855}"
C11:IMG:5768,C11,编译原理,5768,rId822,media/image822.png,media/C11/5768_image822.png,42146,93c5209a32b9f852dece2f7300e442bda0c8ec27d093285837704bafad1b9e82,C11:K:5764,knowledge,nearest_ancestor,"{""x"":92.8445,""y"":54.323,""width"":171.689,""height"":103.146}"
C11:IMG:5773,C11,编译原理,5773,rId823,media/image823.png,media/C11/5773_image823.png,18448,3859cb7dc5ba0bf4a536ed2a8c0f637c07541dcef6fe12f7b0280b0ae6fb6371,C11:K:5769,knowledge,nearest_ancestor,"{""x"":111.433,""y"":22.7186,""width"":208.867,""height"":39.9371}"
C11:IMG:5778,C11,编译原理,5778,rId824,media/image824.png,media/C11/5778_image824.png,141467,0e6ab38e1d51ce55404a79f7de058b596deb64add7f2e5f5e5c842f420bac6e8,C11:K:5237,knowledge,nearest_ancestor,"{""x"":155.0,""y"":70.25,""width"":296.0,""height"":135.0}"
C11:IMG:5850,C11,编译原理,5850,rId825,media/image825.png,media/C11/5850_image825.png,6906,929718545cfdf0083c5172e36eab30c329c15c0e3edb3f1d0a76309574973c88,C11:K:5846,knowledge,nearest_ancestor,"{""x"":96.7,""y"":35.5529,""width"":179.4,""height"":65.6058}"
C11:IMG:5859,C11,编译原理,5859,rId826,media/image826.png,media/C11/5859_image826.png,9429,53df7dd530c56368ead15bd94cd3e99f25794b341e7f4bb5c09dd18574320b8c,C11:K:5853,knowledge,nearest_ancestor,"{""x"":55.9333,""y"":41.5223,""width"":97.8666,""height"":77.5446}"
C11:IMG:5862,C11,编译原理,5862,rId827,media/image827.png,media/C11/5862_image827.png,8335,e3ae3dddf87bf4a70b59f1425a2729a2185517f3251b2ebd73803c245ff19a73,C11:K:5855,knowledge,nearest_ancestor,"{""x"":106.933,""y"":46.1668,""width"":199.867,""height"":86.8335}"
C11:IMG:5948,C11,编译原理,5948,rId828,media/image828.png,media/C11/5948_image828.png,16606,c9f15b54a48295a0e78ef028b28b776420cc35f3056115bdf2195311aec1a55c,C11:K:5934,knowledge,nearest_ancestor,"{""x"":134.0,""y"":34.4208,""width"":254.0,""height"":63.3416}"
C11:IMG:5957,C11,编译原理,5957,rId829,media/image829.png,media/C11/5957_image829.png,14602,2ab9177ee6a0cb673ae8261d0109198076ce8bfa5c8b5e19982b8ce69659041c,C11:K:5936,knowledge,nearest_ancestor,"{""x"":104.666,""y"":41.141,""width"":195.333,""height"":76.782}"
C11:IMG:5964,C11,编译原理,5964,rId830,media/image830.png,media/C11/5964_image830.png,40158,d6d7d12d2c1467a919a4a32fa7eceae17c3bad3b32441d038223892bdd39addb,C11:K:5938,knowledge,nearest_ancestor,"{""x"":111.334,""y"":35.0091,""width"":208.667,""height"":64.5181}"
C11:IMG:5969,C11,编译原理,5969,rId831,media/image831.png,media/C11/5969_image831.png,17696,635bfac38ba382199861167637a014ca86ab60ed73c5bd0d86f6622c6afd6465,C11:K:5940,knowledge,nearest_ancestor,"{""x"":128.01,""y"":42.8544,""width"":242.021,""height"":80.2088}"
C11:IMG:5974,C11,编译原理,5974,rId832,media/image832.png,media/C11/5974_image832.png,88141,76771ebec3ce5cdeeda1b2bcf55924be2856374d496b934686cee70342e7b18c,C11:K:5970,knowledge,nearest_ancestor,"{""x"":89.4333,""y"":52.9828,""width"":164.867,""height"":100.466}"
C11:IMG:5979,C11,编译原理,5979,rId833,media/image833.png,media/C11/5979_image833.png,11845,3cd4f8a25b69517bb5504ea5f5dcab38af2e7d0d5405ae203eea29656bb7923c,C11:K:5942,knowledge,nearest_ancestor,"{""x"":135.5,""y"":51.2332,""width"":257.0,""height"":96.9663}"
C11:IMG:6002,C11,编译原理,6002,rId834,media/image834.png,media/C11/6002_image834.png,100200,6855b7abca15d4184533ddc58ee4dfbd305e545928f4a444c652c4b1b673488b,C11:K:5996,knowledge,nearest_ancestor,"{""x"":139.0,""y"":78.25,""width"":264.0,""height"":151.0}"
C11:IMG:6007,C11,编译原理,6007,rId835,media/image835.png,media/C11/6007_image835.png,60498,601a8dfbc418ce214eb99a223ce087c5725ee11aae65a27c8e027a82471a733c,C11:K:6003,knowledge,nearest_ancestor,"{""x"":115.975,""y"":55.1635,""width"":217.95,""height"":104.827}"
C11:IMG:6010,C11,编译原理,6010,rId836,media/image836.png,media/C11/6010_image836.png,57794,1f1a2311e0033b4cec6c58989f1bb46a0afb56f774fd8547216f69350275f791,C11:K:6003,knowledge,nearest_ancestor,"{""x"":131.534,""y"":71.2665,""width"":249.067,""height"":137.033}"
C11:IMG:6015,C11,编译原理,6015,rId837,media/image837.png,media/C11/6015_image837.png,64685,b67b54db4474eda247f0b67511d9c9a4e246cae8e19b85c19df76850a630f773,C11:K:5998,knowledge,nearest_ancestor,"{""x"":88.4,""y"":74.214,""width"":162.8,""height"":142.928}"
C11:IMG:6018,C11,编译原理,6018,rId838,media/image838.png,media/C11/6018_image838.png,6561,1e8dd99504473a305ee7468b945d17cb50f90e92e8c371a08ece490f82afa7c7,C11:K:5998,knowledge,nearest_ancestor,"{""x"":38.2173,""y"":61.9555,""width"":62.4347,""height"":118.411}"
C11:IMG:6036,C11,编译原理,6036,rId839,media/image839.png,media/C11/6036_image839.png,57759,bdaff4cd10a5d69e7a5ef0791e5cd5a2c3e6024b81ea967222bb81c33e7ce566,C11:K:5798,knowledge,nearest_ancestor,"{""x"":143.0,""y"":76.25,""width"":272.0,""height"":147.0}"
C11:IMG:6039,C11,编译原理,6039,rId840,media/image840.png,media/C11/6039_image840.png,378756,b71110472c7f89624e8e1f0e80dc73fb30ab1a101ea4267e3f8a02f6b82ce7e7,C11:K:5798,knowledge,nearest_ancestor,"{""x"":122.0,""y"":89.25,""width"":230.0,""height"":173.0}"
C11:IMG:6084,C11,编译原理,6084,rId841,media/image841.png,media/C11/6084_image841.png,28229,fa8f0e46f5dd8ab02b99518b6b1ade4f080031f1faf791aa519b30bf1e21fc50,C11:K:6076,knowledge,nearest_ancestor,"{""x"":106.3,""y"":25.3724,""width"":198.601,""height"":45.2447}"
C11:IMG:6087,C11,编译原理,6087,rId842,media/image842.png,media/C11/6087_image842.png,16366,79ace32daf171c7374df3c9bc5bbecbafada97c655580fef86a5e65dfd35dc18,C11:K:6080,knowledge,nearest_ancestor,"{""x"":103.666,""y"":23.2889,""width"":193.333,""height"":41.0777}"
C11:IMG:6111,C11,编译原理,6111,rId843,media/image843.png,media/C11/6111_image843.png,73249,ac75e32ceeeff89afa03cf7b142a494cd3ff7b3df3cc5c6c429accb20c7b7168,C11:K:6104,knowledge,nearest_ancestor,"{""x"":100.067,""y"":69.114,""width"":186.133,""height"":132.728}"
C11:IMG:6128,C11,编译原理,6128,rId844,media/image844.png,media/C11/6128_image844.png,71811,d8710f0a30174c37e07c5a0b155e107821ca0e6a199b3319022cc7fa4fdd8ebb,C11:K:6124,knowledge,nearest_ancestor,"{""x"":102.852,""y"":61.997,""width"":191.704,""height"":118.494}"
C11:IMG:6143,C11,编译原理,6143,rId845,media/image845.png,media/C11/6143_image845.png,59815,0c67a6f763b47edf16a98972d7e78fdfbce31acf9ff8bd57135e56251e6b5aca,C11:K:6139,knowledge,nearest_ancestor,"{""x"":97.7665,""y"":64.008,""width"":181.533,""height"":122.516}"
C11:IMG:6158,C11,编译原理,6158,rId846,media/image846.png,media/C11/6158_image846.png,82491,48cb261a8ba807ee82b5ea81c8cf1e41a32c907fc270a6fcb7ba240a73348059,C11:K:6154,knowledge,nearest_ancestor,"{""x"":93.5665,""y"":55.5015,""width"":173.133,""height"":105.503}"
C11:IMG:6209,C11,编译原理,6209,rId847,media/image847.png,media/C11/6209_image847.png,132598,e398dd30c9aabb6a6f1bc045e78f877af2a4f704b87f27a0d24db6ed80261ef6,C11:K:6205,knowledge,nearest_ancestor,"{""x"":126.466,""y"":61.4355,""width"":238.933,""height"":117.371}"
C11:IMG:6234,C11,编译原理,6234,rId848,media/image848.png,media/C11/6234_image848.png,36180,c874cf9a7472c54e932b2d8b0aed13b6672a30b0811212a7bdd38dc74e1feabb,C11:K:6230,knowledge,nearest_ancestor,"{""x"":71.787,""y"":57.386,""width"":129.574,""height"":109.272}"
C11:IMG:6237,C11,编译原理,6237,rId849,media/image849.png,media/C11/6237_image849.png,92191,201b94205b287ab1881b1601a95adc5ae2f389193d642422964fea9d7535479d,C11:K:6238,knowledge,nearest_ancestor,"{""x"":114.064,""y"":64.6275,""width"":214.128,""height"":123.755}"
C11:IMG:6246,C11,编译原理,6246,rId850,media/image850.png,media/C11/6246_image850.png,19241,aa9c7004a0c9d7761756de162190e736dc18bb4af3f5c01373127c765fb96d38,C11:K:6240,knowledge,nearest_ancestor,"{""x"":53.744,""y"":61.3925,""width"":93.488,""height"":117.285}"
C11:IMG:6259,C11,编译原理,6259,rId851,media/image851.png,media/C11/6259_image851.png,22793,4055d6ff8fbd0ddde9811f89f3de8090829500c34b731b80d48d679088913cc8,C11:K:6253,knowledge,nearest_ancestor,"{""x"":49.6666,""y"":62.6925,""width"":85.3333,""height"":119.885}"
C11:IMG:6289,C11,编译原理,6289,rId852,media/image852.png,media/C11/6289_image852.png,40588,1736e7e59498ce21b3a957687d60e96f457e33fc08383ab4d654ea3d6a04b098,C11:K:6281,knowledge,nearest_ancestor,"{""x"":59.174,""y"":58.151,""width"":104.348,""height"":110.802}"
C11:IMG:6294,C11,编译原理,6294,rId853,media/image853.png,media/C11/6294_image853.png,163323,28b5a8d288c15bfbb41bcf16b087ee5e3af23e3a7144adb3c51b39df7453a1e5,C11:K:6290,knowledge,nearest_ancestor,"{""x"":114.4,""y"":62.685,""width"":214.8,""height"":119.87}"
C11:IMG:6299,C11,编译原理,6299,rId854,media/image854.png,media/C11/6299_image854.png,14107,e9e5ef72a8cf8393b11ffc97d6b7d15ac438bd1631906d151ce50941885f5220,C11:K:6295,knowledge,nearest_ancestor,"{""x"":80.4,""y"":59.9825,""width"":146.8,""height"":114.465}"
C11:IMG:6306,C11,编译原理,6306,rId855,media/image855.png,media/C11/6306_image855.png,146085,a246273ac12d7ef428bfd2204b041fee5df921e59ea705f8c66790b767bbac59,C11:K:6295,knowledge,nearest_ancestor,"{""x"":112.9,""y"":74.9545,""width"":211.8,""height"":144.409}"
C11:IMG:6309,C11,编译原理,6309,rId856,media/image856.png,media/C11/6309_image856.png,61970,2c243ab800993e6f4bb5e6e8f702a2219bd3dea49df25470828e21c9c2efa7d1,C11:K:6295,knowledge,nearest_ancestor,"{""x"":113.99,""y"":73.9315,""width"":213.981,""height"":142.363}"
C11:IMG:6312,C11,编译原理,6312,rId857,media/image857.png,media/C11/6312_image857.png,57223,dce063f451525de60cbb5177d91457dcf671286a9ee4191d1defd31dff8d9dc3,C11:K:6295,knowledge,nearest_ancestor,"{""x"":105.9,""y"":73.5725,""width"":197.8,""height"":141.645}"
C11:IMG:6340,C11,编译原理,6340,rId858,media/image858.png,media/C11/6340_image858.png,8290,3398fee805184529c37a51b19a1cbc5c2ebd36d5555c647cf0fe912a95507ced,C11:K:6334,knowledge,nearest_ancestor,"{""x"":32.9333,""y"":38.2377,""width"":51.8666,""height"":70.9754}"
C11:IMG:6343,C11,编译原理,6343,rId859,media/image859.png,media/C11/6343_image859.png,26006,66f1aced06b1798f16c75e7655bd93a8bf229b43331588b37082b9a197dd616e,C11:K:6334,knowledge,nearest_ancestor,"{""x"":61.9995,""y"":39.1927,""width"":109.999,""height"":72.8853}"
C11:IMG:6365,C11,编译原理,6365,rId860,media/image860.png,media/C11/6365_image860.png,148154,bc93dff083403ad17891cd9b947a520c89216c276ed41ffb42bf970d77e3c468,C11:K:6353,knowledge,nearest_ancestor,"{""x"":103.623,""y"":61.0245,""width"":193.246,""height"":116.549}"
C11:IMG:6378,C11,编译原理,6378,rId861,media/image861.png,media/C11/6378_image861.png,42115,a11d2a45a6fc15d08806f7c14df84ca171e7f470e06bec0ba9a9ede2a52fffee,C11:K:6366,knowledge,nearest_ancestor,"{""x"":46.8475,""y"":51.4036,""width"":79.6951,""height"":97.3073}"
C11:IMG:6381,C11,编译原理,6381,rId862,media/image862.png,media/C11/6381_image862.png,198887,cd9420f361036b55ef0c03ce345c87b9f076143af349fdaa190991d23ab2aadf,C11:K:6318,knowledge,nearest_ancestor,"{""x"":138.5,""y"":79.25,""width"":263.0,""height"":153.0}"
C11:IMG:6410,C11,编译原理,6410,rId863,media/image863.png,media/C11/6410_image863.png,3935,a5513b3afe2fba101a877e1ff7d007b16472c4cf28629c38694eb99d9bdc5dea,C11:K:6396,knowledge,nearest_ancestor,"{""x"":32.0166,""y"":40.0433,""width"":50.0333,""height"":74.5867}"
C11:IMG:6413,C11,编译原理,6413,rId864,media/image864.png,media/C11/6413_image864.png,4203,c15b9005b97686c9a0d7c842699142bd4c594caf3e14d7c185db24a3a1a3d7d6,C11:K:6398,knowledge,nearest_ancestor,"{""x"":35.326,""y"":42.7241,""width"":56.6521,""height"":79.9482}"
C11:IMG:6416,C11,编译原理,6416,rId865,media/image865.png,media/C11/6416_image865.png,3942,5f698c290c7df4f4f9914364ccbd5acd175d5d707f224005ecd2ce87adf5dae2,C11:K:6400,knowledge,nearest_ancestor,"{""x"":30.2779,""y"":36.7058,""width"":46.5558,""height"":67.9117}"
C11:IMG:6428,C11,编译原理,6428,rId866,media/image866.png,media/C11/6428_image866.png,50245,7dfb27388fc220e59a6e6d1910f7ba8f69e2ce6722f43e02fb1c6f27089e773b,C11:K:6420,knowledge,nearest_ancestor,"{""x"":139.667,""y"":53.681,""width"":265.333,""height"":101.862}"
C11:IMG:6433,C11,编译原理,6433,rId867,media/image867.png,media/C11/6433_image867.png,129385,9bcccfcc4ca0d4f8465baf4224e5cbb78105bd6bb3923eb2abe08d6eaf3245d4,C11:K:6322,knowledge,nearest_ancestor,"{""x"":113.633,""y"":53.493,""width"":213.267,""height"":101.486}"
C11:IMG:6436,C11,编译原理,6436,rId868,media/image868.png,media/C11/6436_image868.png,146795,b165b1a1dc929c87431b0029d70593eb28d0faefb01d4e848da2591798cae55c,C11:K:6322,knowledge,nearest_ancestor,"{""x"":105.587,""y"":53.28,""width"":197.173,""height"":101.06}"
C11:IMG:6439,C11,编译原理,6439,rId869,media/image869.png,media/C11/6439_image869.png,147533,ecf31663a3ad40ea57aa743501b28015a787043491559975e11dcb15b4ecbf0e,C11:K:6322,knowledge,nearest_ancestor,"{""x"":108.22,""y"":52.827,""width"":202.44,""height"":100.154}"
C11:IMG:6444,C11,编译原理,6444,rId870,media/image870.png,media/C11/6444_image870.png,112770,a9e416783dfc0db5d2d570b07f958807fb95892ec7d2768f6ab31cf7449caacc,C11:K:6440,knowledge,nearest_ancestor,"{""x"":123.567,""y"":57.8175,""width"":233.133,""height"":110.135}"
C11:IMG:6457,C11,编译原理,6457,rId871,media/image871.png,media/C11/6457_image871.png,9760,ee3424fac34d92807bbff582223a786a87580fe5f6b6529745fa9727113dd010,C11:K:6453,knowledge,nearest_ancestor,"{""x"":66.6335,""y"":22.806,""width"":119.267,""height"":40.1121}"
C11:IMG:6460,C11,编译原理,6460,rId872,media/image872.png,media/C11/6460_image872.png,48744,2d745e9f80460cbd2a8db6ff9d545142274234ef8920280755c937ebfe4283f5,C11:K:6445,knowledge,nearest_ancestor,"{""x"":48.8,""y"":62.5715,""width"":83.6,""height"":119.643}"
C11:IMG:6463,C11,编译原理,6463,rId873,media/image873.png,media/C11/6463_image873.png,307082,afdc80bf3bb685ce96ef09b813c46b0f8f202917c7667409cb8c7a0ad8b65719,C11:K:6324,knowledge,nearest_ancestor,"{""x"":118.766,""y"":67.77,""width"":223.533,""height"":130.04}"
C11:IMG:6466,C11,编译原理,6466,rId874,media/image874.png,media/C11/6466_image874.png,37554,cd30b013733121b52adabafdb47597eca53fb2b7e0d7b64f3c807365cdc05d68,C11:K:6326,knowledge,nearest_ancestor,"{""x"":100.633,""y"":78.247,""width"":187.267,""height"":150.994}"
C11:IMG:6469,C11,编译原理,6469,rId875,media/image875.png,media/C11/6469_image875.png,115965,ea164511c0f88b616511124aa37da8a198c5cd1af166a8d44a28348f342715cc,C11:K:6326,knowledge,nearest_ancestor,"{""x"":134.0,""y"":81.25,""width"":254.0,""height"":157.0}"
C11:IMG:6472,C11,编译原理,6472,rId876,media/image876.png,media/C11/6472_image876.png,138635,db3a8d088a31b4f61534272e6929da853c20a8c207735943200d21baf3ccf88e,C11:K:6326,knowledge,nearest_ancestor,"{""x"":130.395,""y"":78.7225,""width"":246.79,""height"":151.945}"
C11:IMG:6475,C11,编译原理,6475,rId877,media/image877.png,media/C11/6475_image877.png,180853,f63149a263ef34d6780c1546b4b226528e2b428b85c8486d6c42ebccf5bf3e13,C11:K:6326,knowledge,nearest_ancestor,"{""x"":133.5,""y"":81.75,""width"":253.0,""height"":158.0}"
C11:IMG:6479,C11,编译原理,6479,rId878,media/image878.png,media/C11/6479_image878.png,113896,bf5001135630a6ebc4b974800f88aef76ae93217094a4336467b9aa23eedf47b,C11:K:6326,knowledge,nearest_ancestor,"{""x"":133.5,""y"":81.25,""width"":253.0,""height"":157.0}"
C11:IMG:6524,C11,编译原理,6524,rId879,media/image879.png,media/C11/6524_image879.png,54908,1987b64d215a8a249df6286c8e78a5ef05c88955a411462ccfba94b33b9cfb5f,C11:K:6510,knowledge,nearest_ancestor,"{""x"":108.384,""y"":28.608,""width"":202.768,""height"":51.716}"
C11:IMG:6569,C11,编译原理,6569,rId880,media/image880.png,media/C11/6569_image880.png,57535,9dc2e9c64d413794c36d8fe4e83b56d5b3c43afb281ac8472747084cf7281f01,C11:K:6494,knowledge,nearest_ancestor,"{""x"":88.075,""y"":79.8705,""width"":162.15,""height"":154.241}"
C11:IMG:6577,C11,编译原理,6577,rId881,media/image881.png,media/C11/6577_image881.png,104584,eb8bcec4b5fe600dab1a89e61962c46922e243168f28c83f426d42ef43f4a0ef,C11:K:6494,knowledge,nearest_ancestor,"{""x"":123.5,""y"":88.25,""width"":233.0,""height"":171.0}"
C11:IMG:6580,C11,编译原理,6580,rId882,media/image882.png,media/C11/6580_image882.png,82675,6a478ffff1df70e997e2e7c702f8a29b9410fd297ac35268a0b5588e0ff8f008,C11:K:6494,knowledge,nearest_ancestor,"{""x"":123.5,""y"":88.75,""width"":233.0,""height"":172.0}"
C11:IMG:6597,C11,编译原理,6597,rId883,media/image883.png,media/C11/6597_image883.png,26782,74917a32cdeccecbc45a55bc7d234ed993e631b64b72b4fd3996a94f9a5e3575,C11:K:6585,knowledge,nearest_ancestor,"{""x"":50.2334,""y"":43.4649,""width"":86.4667,""height"":81.4298}"
C11:IMG:6627,C11,编译原理,6627,rId884,media/image884.png,media/C11/6627_image884.png,62868,284490d1e9ecb17e8b24db65f398ece7765eeb885f783cee3d609941bb59eb69,C11:K:6606,knowledge,nearest_ancestor,"{""x"":140.733,""y"":40.3514,""width"":267.467,""height"":75.2028}"
C11:IMG:6632,C11,编译原理,6632,rId885,media/image885.png,media/C11/6632_image885.png,47740,ca9afda58fcc016f0a363a3a28708cba0f70b4a649307ab4662dd70c63254cd2,C11:K:6628,knowledge,nearest_ancestor,"{""x"":60.632,""y"":66.001,""width"":107.264,""height"":126.502}"
C11:IMG:6635,C11,编译原理,6635,rId886,media/image886.png,media/C11/6635_image886.png,45968,f6884d67859a4329fecd6a3ae0bd832814a411afc067cc5ec4d223f7bc222df3,C11:K:6628,knowledge,nearest_ancestor,"{""x"":61.7325,""y"":67.001,""width"":109.465,""height"":128.502}"
C11:IMG:6638,C11,编译原理,6638,rId887,media/image887.png,media/C11/6638_image887.png,172363,36fa17f8479b9e7b26ec7443dc7f8bc7922d74c82e32bc262de8499e77e2d84b,C11:K:6500,knowledge,nearest_ancestor,"{""x"":138.5,""y"":78.75,""width"":263.0,""height"":152.0}"
C11:IMG:6651,C11,编译原理,6651,rId888,media/image888.png,media/C11/6651_image888.png,16670,f36eac65de5daa257a6e8530fa5601887753a4c2e15a0b2b32dc5a19109daf4d,C11:K:6641,knowledge,nearest_ancestor,"{""x"":67.156,""y"":38.5184,""width"":120.312,""height"":71.5368}"
C11:IMG:6656,C11,编译原理,6656,rId889,media/image889.png,media/C11/6656_image889.png,19956,a2fc8ed1288e263d22041173c255c98c573e4f0d27c41dfb463a37476e632bbb,C11:K:6652,knowledge,nearest_ancestor,"{""x"":87.0265,""y"":31.0927,""width"":160.053,""height"":56.6854}"
C11:IMG:6659,C11,编译原理,6659,rId890,media/image890.png,media/C11/6659_image890.png,53077,89f2f94c064038337d576a73d4e5865a3e7605bc6a7cab2283cc8b5b97a0638c,C11:K:6652,knowledge,nearest_ancestor,"{""x"":80.66,""y"":57.915,""width"":147.32,""height"":110.33}"
C11:IMG:6662,C11,编译原理,6662,rId891,media/image891.png,media/C11/6662_image891.png,61042,de012d79ea5cfca2b0950bba77243efe8cb6810e50b38dd31ed6b0d0d775e714,C11:K:6652,knowledge,nearest_ancestor,"{""x"":91.8855,""y"":58.424,""width"":169.771,""height"":111.348}"
C11:IMG:6665,C11,编译原理,6665,rId892,media/image892.png,media/C11/6665_image892.png,50606,e16324291932d1e6757a2935a9f2c21592b22bc4c4b8a298cf40d6c0eddd369f,C11:K:6652,knowledge,nearest_ancestor,"{""x"":101.359,""y"":60.6185,""width"":188.718,""height"":115.737}"
C11:IMG:6675,C11,编译原理,6675,rId893,media/image893.png,media/C11/6675_image893.png,43529,db546f36893cea59eb49e29e895ddb3ced67b1352db42809a327e2a97000c446,C11:K:6506,knowledge,nearest_ancestor,"{""x"":42.1334,""y"":59.59,""width"":70.2667,""height"":113.68}"
C11:IMG:6678,C11,编译原理,6678,rId894,media/image894.png,media/C11/6678_image894.png,40582,3dceb87c654609117c108e49935de55f46ffdc7fbf6ded89deef3e8ca0ab6ebc,C11:K:6506,knowledge,nearest_ancestor,"{""x"":74.4,""y"":55.5365,""width"":134.8,""height"":105.573}"
C11:IMG:6681,C11,编译原理,6681,rId895,media/image895.png,media/C11/6681_image895.png,25193,6f55353fa449b2cfeea9c727ac0e6e06fb47492afe0ec38634e0dfefe131d1b5,C11:K:6506,knowledge,nearest_ancestor,"{""x"":46.8666,""y"":58.4215,""width"":79.7332,""height"":111.343}"
C11:IMG:6700,C11,编译原理,6700,rId896,media/image896.png,media/C11/6700_image896.png,32409,8bd4f05908605996a32ede2d36711014f74f49a10cd95dca93f14f70b899dcf8,C11:K:6694,knowledge,nearest_ancestor,"{""x"":124.734,""y"":34.2475,""width"":235.467,""height"":62.995}"
C11:IMG:6707,C11,编译原理,6707,rId897,media/image897.png,media/C11/6707_image897.png,108147,8cf9acc2e2062772cd5a619fbd9c320c716952fd5e882bec31149a610561e13e,C11:K:6703,knowledge,nearest_ancestor,"{""x"":127.334,""y"":52.2762,""width"":240.667,""height"":99.0525}"
C11:IMG:6712,C11,编译原理,6712,rId898,media/image898.png,media/C11/6712_image898.png,187081,304ada952d360688d98d35de201b31c9ca8e83eddbc64adfc75e5760728f9ce1,C11:K:6708,knowledge,nearest_ancestor,"{""x"":138.333,""y"":64.1585,""width"":262.667,""height"":122.817}"
C11:IMG:6717,C11,编译原理,6717,rId899,media/image899.png,media/C11/6717_image899.png,130699,fa754b0545bbf936089290ad658dc9689c3482886e8ba79bccef745e504bea65,C11:K:6713,knowledge,nearest_ancestor,"{""x"":135.5,""y"":50.154,""width"":257.0,""height"":94.8079}"
C11:IMG:6722,C11,编译原理,6722,rId900,media/image900.png,media/C11/6722_image900.png,92138,c052f983f19ee09efe9b49d7db7186f0d2a7696c40d3eb070744d44fe6d8928b,C11:K:6718,knowledge,nearest_ancestor,"{""x"":123.334,""y"":42.6649,""width"":232.667,""height"":79.8299}"
C11:IMG:6771,C11,编译原理,6771,rId901,media/image901.png,media/C11/6771_image901.png,19292,91881bee1698e343b50829e679185755af1b6148b22bda595dc4b93923d2d296,C11:K:6763,knowledge,nearest_ancestor,"{""x"":37.0,""y"":45.6912,""width"":60.0,""height"":85.8823}"
C11:IMG:6776,C11,编译原理,6776,rId902,media/image902.png,media/C11/6776_image902.png,136211,4c463959fd2e1ef15eb46c2c37e255675fc7298508d82b08b5c24a7af63948c0,C11:K:6772,knowledge,nearest_ancestor,"{""x"":143.566,""y"":71.5175,""width"":273.133,""height"":137.535}"
C11:IMG:6783,C11,编译原理,6783,rId903,media/image903.png,media/C11/6783_image903.png,14649,d5c3184c1885f270fe929cc60658f774348a59be64b2817cd4aef36dd43e97c4,C11:K:6779,knowledge,nearest_ancestor,"{""x"":84.7335,""y"":49.632,""width"":155.467,""height"":93.7639}"
C11:IMG:6788,C11,编译原理,6788,rId904,media/image904.png,media/C11/6788_image904.png,8578,45fe47ace6e7024277cb857c260c946b7d0b1df98d750da110edd5ec711aa441,C11:K:6784,knowledge,nearest_ancestor,"{""x"":92.9,""y"":24.3968,""width"":171.8,""height"":43.2936}"
C11:IMG:6791,C11,编译原理,6791,rId905,media/image905.png,media/C11/6791_image905.png,90174,d9dec4136ee79fa50120f28a7fac71b3f6ab10f58456bd1f844d09ed7bbced13,C11:K:6784,knowledge,nearest_ancestor,"{""x"":117.0,""y"":93.25,""width"":220.0,""height"":181.0}"
C11:IMG:6794,C11,编译原理,6794,rId906,media/image906.png,media/C11/6794_image906.png,118062,12c59600b206581e819de27036a14a93b9bafc0c58d340be2d48acbcab128177,C11:K:6737,knowledge,nearest_ancestor,"{""x"":132.133,""y"":64.219,""width"":250.267,""height"":122.938}"
C11:IMG:6797,C11,编译原理,6797,rId907,media/image907.png,media/C11/6797_image907.png,299660,4cd94a625fb2cb1cb58f9e142ab0706730d435444e570213c2df79b22db46644,C11:K:6739,knowledge,nearest_ancestor,"{""x"":137.0,""y"":79.75,""width"":260.0,""height"":154.0}"
C11:IMG:6822,C11,编译原理,6822,rId908,media/image908.png,media/C11/6822_image908.png,260192,0f9a47523c265622da3a3cc9d016dea557d9c79c236656a4058fcd134ec3af7e,C11:K:6818,knowledge,nearest_ancestor,"{""x"":152.5,""y"":71.25,""width"":291.0,""height"":137.0}"
C11:IMG:6907,C11,编译原理,6907,rId910,media/image910.png,media/C11/6907_image910.png,127625,b163156542c965d1c1e6a7abe9011d961dd8b6e5d89473f3736738bbaea50557,C11:K:6898,knowledge,nearest_ancestor,"{""x"":130.0,""y"":83.75,""width"":246.0,""height"":162.0}"
C11:IMG:6912,C11,编译原理,6912,rId911,media/image911.png,media/C11/6912_image911.png,223714,5093c5ef39efacf4e98f37d09a057c9b226a833c3a3bf74c456866d9bc8a4e78,C11:K:6908,knowledge,nearest_ancestor,"{""x"":151.5,""y"":72.25,""width"":289.0,""height"":139.0}"
C11:IMG:6919,C11,编译原理,6919,rId912,media/image912.png,media/C11/6919_image912.png,31656,18b4d5731ee12527c5d6b450b486d7e45a0f03e3d975e99ac207e4190ea5a4e1,C11:K:6913,knowledge,nearest_ancestor,"{""x"":82.8,""y"":65.3975,""width"":151.6,""height"":125.295}"
C11:IMG:6922,C11,编译原理,6922,rId913,media/image913.png,media/C11/6922_image913.png,97528,13238e59b0a0ae2c496eb71589667827f89a10df13a9685c1c362b1235b4086c,C11:K:6913,knowledge,nearest_ancestor,"{""x"":105.291,""y"":66.304,""width"":196.583,""height"":127.108}"
C11:IMG:6941,C11,编译原理,6941,rId914,media/image914.png,media/C11/6941_image914.png,157134,b47f5376d2cb2cdd3f00aa4b9ecee4cd1a0848c7be2c5f1b8921d24dedebb930,C11:K:6937,knowledge,nearest_ancestor,"{""x"":112.567,""y"":60.225,""width"":211.133,""height"":114.95}"
C11:IMG:6944,C11,编译原理,6944,rId915,media/image915.png,media/C11/6944_image915.png,103362,070b73c1a66b374732f8c5de09a27ddf2c3c046f5ef638775e8fbf6a92295d2e,C11:K:6925,knowledge,nearest_ancestor,"{""x"":121.067,""y"":53.1515,""width"":228.133,""height"":100.803}"
C11:IMG:6951,C11,编译原理,6951,rId916,media/image916.png,media/C11/6951_image916.png,9938,6a91d8e882dd47f54880eb5bf6d1f72a367fe3843bd9ab2f27c98b341abb58b2,C11:K:6945,knowledge,nearest_ancestor,"{""x"":45.4,""y"":21.642,""width"":76.8,""height"":37.7839}"
C11:IMG:6968,C11,编译原理,6968,rId917,media/image917.png,media/C11/6968_image917.png,129265,9710f71f2f0a9045b97ddb4616ecec06c37cd28c42a91a1fe4e6b84b6cf86954,C11:K:6962,knowledge,nearest_ancestor,"{""x"":67.5,""y"":51.096,""width"":121.0,""height"":96.692}"
C11:IMG:6971,C11,编译原理,6971,rId918,media/image918.png,media/C11/6971_image918.png,155854,35542c731202abafe858453c8715cf588d9ea1b7301f3d854fe5097d3458ca72,C11:K:6838,knowledge,nearest_ancestor,"{""x"":137.5,""y"":79.25,""width"":261.0,""height"":153.0}"
C11:IMG:6974,C11,编译原理,6974,rId919,media/image919.png,media/C11/6974_image919.png,188478,7053c7fcd4980a3b43e13ab5e2465300d149fa163d9b8fb313784fedc3c19f3b,C11:K:6840,knowledge,nearest_ancestor,"{""x"":92.8,""y"":62.7025,""width"":171.6,""height"":119.905}"
C11:IMG:6995,C11,编译原理,6995,rId920,media/image920.png,media/C11/6995_image920.png,280923,8c4ce682f62d587902d79ce898d11342442096bb1d581bffabfa04874d7f3290,C11:K:6842,knowledge,nearest_ancestor,"{""x"":133.0,""y"":82.25,""width"":252.0,""height"":159.0}"
C11:IMG:7012,C11,编译原理,7012,rId921,media/image921.png,media/C11/7012_image921.png,304857,59bdb0ad3a608a237a7e8ee1b523cd7244eb8c7a3f78cd95c736a4e5da852f2d,C11:K:7008,knowledge,nearest_ancestor,"{""x"":137.066,""y"":67.5535,""width"":260.133,""height"":129.607}"
C11:IMG:7017,C11,编译原理,7017,rId922,media/image922.png,media/C11/7017_image922.png,100242,a41f96b595fc8f3c1e82cb2e2bd5f83bf9ff63c9b1cf1fbf8261b0af5ce1af99,C11:K:7013,knowledge,nearest_ancestor,"{""x"":122.4,""y"":50.6169,""width"":230.8,""height"":95.7338}"
C11:IMG:7020,C11,编译原理,7020,rId923,media/image923.png,media/C11/7020_image923.png,221510,bf8dc1690a6ad2a91dd31ad4ecb5267e7da3d5e6b6ff7a8c1dccaee1b4acc442,C11:K:6846,knowledge,nearest_ancestor,"{""x"":109.966,""y"":71.957,""width"":205.933,""height"":138.414}"
C11:IMG:7023,C11,编译原理,7023,rId924,media/image924.png,media/C11/7023_image924.png,73958,47c0d8870408ac1195ab5d8746f8a2ace8fc63078dc78445fb901745d004fdc2,C11:K:6846,knowledge,nearest_ancestor,"{""x"":112.034,""y"":66.097,""width"":210.067,""height"":126.694}"
C11:IMG:8172,C11,编译原理,8172,rId925,media/image925.png,media/C11/8172_image925.png,114624,b62acf21b5c2afb254e1b8f48c896ee4e5e55a6585248c7a85d948ee7abfbede,C11:K:3063,knowledge,nearest_ancestor,"{""x"":152.151,""y"":65.5053,""width"":290.303,""height"":125.511}"
C11:IMG:8175,C11,编译原理,8175,rId926,media/image926.png,media/C11/8175_image926.png,119906,70dd672a916f02b7a322c1f41e2c71d178a16387adde98a16d3c58de14e416c5,C11:K:3063,knowledge,nearest_ancestor,"{""x"":152.758,""y"":61.053,""width"":291.515,""height"":116.606}"
C11:IMG:8178,C11,编译原理,8178,rId927,media/image927.png,media/C11/8178_image927.png,48823,7eda70be390124daffce38563b87b74adb8fd51f24316de44eef6c381cfc853a,C11:K:3063,knowledge,nearest_ancestor,"{""x"":161.242,""y"":48.6856,""width"":308.485,""height"":91.8712}"
C11:IMG:8184,C11,编译原理,8184,rId928,media/image928.png,media/C11/8184_image928.png,174250,61e1e0bb96bdcb6d34f2018ee43d2a0a947f7ca623d4e107f05b63954bccfae9,C11:K:3063,knowledge,nearest_ancestor,"{""x"":158.212,""y"":84.7728,""width"":302.424,""height"":164.046}"
C12:IMG:340,C12,数据库,340,rId1,media/image1.png,media/C12/340_image1.png,42672,ad30df31671e8ef5327a0759be381216f916b0d6bc204062dd7890c2793e1903,C12:ANCH:338,structural_anchor,direct,"{""x"":219.682,""y"":111.98,""width"":425.364,""height"":219.96}"
C12:IMG:715,C12,数据库,715,rId2,media/image2.png,media/C12/715_image2.png,23218,9c73ced82321c219c2100eb98fa36dfa21d57c81ab303914c10b97ebd97f96f5,C12:K:711,knowledge,nearest_ancestor,"{""x"":158.5,""y"":48.0,""width"":303.0,""height"":92.0}"
C12:IMG:1074,C12,数据库,1074,rId3,media/image3.png,media/C12/1074_image3.png,27189,bb06e18a219522a0520ce489530d8a17be3071e36a0befca1e1cdc99c4816305,C12:K:1070,knowledge,nearest_ancestor,"{""x"":219.0,""y"":54.5,""width"":424.0,""height"":105.0}"
C12:IMG:2231,C12,数据库,2231,rId4,media/image4.png,media/C12/2231_image4.png,31423,9a614f78f92f4adc908af9597c9487df6bb345b5d4dcac636e55f23daa33f7b4,C12:K:2227,knowledge,nearest_ancestor,"{""x"":108.597,""y"":102.0,""width"":203.194,""height"":200.0}"
C12:IMG:3725,C12,数据库,3725,rId5,media/image5.png,media/C12/3725_image5.png,8337,12aa575bd21b391bb0ad440fcccba14a7998002eee0a132fbc6c79b3008eab65,C12:K:956,knowledge,nearest_ancestor,"{""x"":165.706,""y"":47.75,""width"":317.411,""height"":90.0}"
C13:IMG:1169,C13,分布式数据库,1169,rId18,media/img1633338860981.png,media/C13/1169_img1633338860981.png,225380,3b7beb70f6630dbe17ab515de69324fdd5fd99e172a1ca95e96ec47dda1efc1b,C13:K:184,knowledge,nearest_ancestor,"{""x"":138.5,""y"":79.25,""width"":263.0,""height"":153.0}"
C13:IMG:1170,C13,分布式数据库,1170,rId19,media/image19.png,media/C13/1170_image19.png,25447,a8601323e92b31de6dd60ef577a23daad28151c9e659e7a8398d268ce0aadc53,C13:K:340,knowledge,nearest_ancestor,"{""x"":186.0,""y"":29.25,""width"":358.0,""height"":53.0}"
C13:IMG:1171,C13,分布式数据库,1171,rId20,media/image20.png,media/C13/1171_image20.png,213456,d532a5f365e4ccc936c5ff2678e43389bf3e139e86074f9975a037d4e6804542,C13:K:340,knowledge,nearest_ancestor,"{""x"":225.5,""y"":48.25,""width"":437.0,""height"":91.0}"
C13:IMG:1174,C13,分布式数据库,1174,rId21,media/image21.png,media/C13/1174_image21.png,135144,fa88f61be63f967bf352e45374541322aecf379eb92192e7608c4469c7b59822,C13:K:388,knowledge,nearest_ancestor,"{""x"":179.0,""y"":60.25,""width"":344.0,""height"":115.0}"
C13:IMG:1175,C13,分布式数据库,1175,rId22,media/image22.png,media/C13/1175_image22.png,67361,83287d01e8c4fd75967420e197981f608184ea3fa79afd5f094e63767a997ae3,C13:K:398,knowledge,nearest_ancestor,"{""x"":273.5,""y"":40.25,""width"":533.0,""height"":75.0}"
C13:IMG:1176,C13,分布式数据库,1176,rId23,media/image23.png,media/C13/1176_image23.png,20938,89ab8a12937dc6fca5127af3bd6b2e529794cebdc5d5a0bf038b05fb3d011430,C13:K:404,knowledge,direct,"{""x"":191.5,""y"":45.25,""width"":369.0,""height"":85.0}"
C13:IMG:1177,C13,分布式数据库,1177,rId24,media/image24.png,media/C13/1177_image24.png,55549,5fb1c5d73c9a7ae4169338bf4118750fc619bdb9ae47631a293746d04cc35f8a,C13:K:398,knowledge,nearest_ancestor,"{""x"":194.5,""y"":56.25,""width"":375.0,""height"":107.0}"
C13:IMG:1178,C13,分布式数据库,1178,rId25,media/image25.png,media/C13/1178_image25.png,132085,c8187dc99230385dd89a4463150c9a2b09a3999b791aca1988ae4bcf3040604b,C13:K:398,knowledge,nearest_ancestor,"{""x"":138.5,""y"":78.75,""width"":263.0,""height"":152.0}"
C13:IMG:1180,C13,分布式数据库,1180,rId26,media/image26.png,media/C13/1180_image26.png,47202,8266c0c748349d041b988d0a165a2636419ea4fd5bcccece5ccc89288686c9bd,C13:K:428,knowledge,nearest_ancestor,"{""x"":161.5,""y"":67.25,""width"":309.0,""height"":129.0}"
C13:IMG:1181,C13,分布式数据库,1181,rId27,media/image27.png,media/C13/1181_image27.png,119289,b41af08b3abab55f84153ed76d3ea9d396cceca62bc0f6bd04a625ef5db7aa7f,C13:K:428,knowledge,nearest_ancestor,"{""x"":128.5,""y"":85.25,""width"":243.0,""height"":165.0}"
C13:IMG:1182,C13,分布式数据库,1182,rId28,media/image28.png,media/C13/1182_image28.png,53115,f1e5ccaf6853319658f32466993defcdbd88bf95113c9ee03b13689ece3318e3,C13:K:442,knowledge,nearest_ancestor,"{""x"":139.5,""y"":78.25,""width"":265.0,""height"":151.0}"
C13:IMG:1183,C13,分布式数据库,1183,rId29,media/image29.png,media/C13/1183_image29.png,181644,70d05e686c5ca6017523b8945fcfbbba79bffcc2d70d6bf85f82a2a507401751,C13:K:506,knowledge,nearest_ancestor,"{""x"":226.5,""y"":48.25,""width"":439.0,""height"":91.0}"
C13:IMG:1195,C13,分布式数据库,1195,rId30,media/image30.png,media/C13/1195_image30.png,179391,e2e051568b81db27f56867b55f6eaf0c5957ef3cd127698a869119eb77183fca,C13:K:526,knowledge,nearest_ancestor,"{""x"":151.5,""y"":72.25,""width"":289.0,""height"":139.0}"
C13:IMG:1196,C13,分布式数据库,1196,rId31,media/image31.png,media/C13/1196_image31.png,121142,164519d5ae166fa3bb5f6bd482dc6706c25414208dfbf944f66cc885da724564,C13:K:580,knowledge,nearest_ancestor,"{""x"":131.5,""y"":83.25,""width"":249.0,""height"":161.0}"
C13:IMG:1197,C13,分布式数据库,1197,rId32,media/image32.png,media/C13/1197_image32.png,165272,719cc967c0a25c124bedfa79290149532d57acdd0a1328bc730934d43333781c,C13:K:682,knowledge,nearest_ancestor,"{""x"":149.5,""y"":73.25,""width"":285.0,""height"":141.0}"
C13:IMG:1198,C13,分布式数据库,1198,rId33,media/image33.png,media/C13/1198_image33.png,165272,719cc967c0a25c124bedfa79290149532d57acdd0a1328bc730934d43333781c,C13:K:794,knowledge,nearest_ancestor,"{""x"":149.5,""y"":73.25,""width"":285.0,""height"":141.0}"
C13:IMG:1199,C13,分布式数据库,1199,rId34,media/image34.png,media/C13/1199_image34.png,83993,372ec5b968e329037bbdab08a60d0a86d3b0c5f53d4d77116a7f43a6ca9314c2,C13:K:810,knowledge,nearest_ancestor,"{""x"":195.5,""y"":55.25,""width"":377.0,""height"":105.0}"
C14:IMG:2339,C14,软件工程,2339,rId1,media/image1.png,media/C14/2339_image1.png,131166,2e21814ee96c842478ac2fdcb63f8f5f1cecc0fbdbfb8147327d0325615aa6a6,C14:K:450,knowledge,nearest_ancestor,"{""x"":146.5,""y"":74.25,""width"":279.0,""height"":143.0}"
C14:IMG:2340,C14,软件工程,2340,rId2,media/image2.png,media/C14/2340_image2.png,115948,9e8503685171683adc0f1fa648060217d495289f6dc94b036711bfe31634a96d,C14:K:456,knowledge,nearest_ancestor,"{""x"":149.5,""y"":72.75,""width"":285.0,""height"":140.0}"
C14:IMG:2341,C14,软件工程,2341,rId3,media/image3.png,media/C14/2341_image3.png,38297,9ec48ff37a47cd37d51163ac4de86062e4256bf0669e9f40928324bf852522e1,C14:K:632,knowledge,nearest_ancestor,"{""x"":81.5,""y"":137.25,""width"":149.0,""height"":269.0}"
C14:IMG:2342,C14,软件工程,2342,rId4,media/image4.png,media/C14/2342_image4.png,44968,6f7351a3955a1d13363c0f4de7149cb23cd93333e3622798472d5a5152a357a6,C14:K:638,knowledge,nearest_ancestor,"{""x"":124.5,""y"":76.75,""width"":235.0,""height"":148.0}"
C14:IMG:2343,C14,软件工程,2343,rId5,media/image5.png,media/C14/2343_image5.png,74999,954d6cfeaa68f2847a43e9847dab19887984a6093c74fc66af108e246aab3202,C14:K:644,knowledge,nearest_ancestor,"{""x"":119.0,""y"":91.75,""width"":224.0,""height"":178.0}"
C14:IMG:2349,C14,软件工程,2349,rId6,media/image6.png,media/C14/2349_image6.png,22089,7a435b6796ea78eccff571d65fcd21c726b7c12e6c10b67a68a9ca73d699ae90,C14:K:868,knowledge,nearest_ancestor,"{""x"":165.0,""y"":51.25,""width"":316.0,""height"":97.0}"
C14:IMG:2350,C14,软件工程,2350,rId7,media/image7.png,media/C14/2350_image7.png,22423,fa4ff60d558109a688248231dcc694e75514c5d4b3879f87dd8e0f4976b2fb6a,C14:K:878,knowledge,nearest_ancestor,"{""x"":164.5,""y"":55.75,""width"":315.0,""height"":106.0}"
C14:IMG:2351,C14,软件工程,2351,rId8,media/image8.png,media/C14/2351_image8.png,64241,8ad31c7e3cb22e331b56e0025ebbc7e47fb4cd2d2788cc12b68a01b3a6fc4c33,C14:K:892,knowledge,nearest_ancestor,"{""x"":232.0,""y"":47.25,""width"":450.0,""height"":89.0}"
C14:IMG:2352,C14,软件工程,2352,rId9,media/image9.png,media/C14/2352_image9.png,149767,952781279c9224f2cf841595a41c163d1ac344f878a34d38ff2810d88108e5f3,C14:K:902,knowledge,nearest_ancestor,"{""x"":114.5,""y"":96.25,""width"":215.0,""height"":187.0}"
C14:IMG:2353,C14,软件工程,2353,rId10,media/image10.png,media/C14/2353_image10.png,45360,9f3eb05bbcf496b6ab07b63f22ab32f45a5cd36e63b6fd4c21c166e66415271e,C14:K:916,knowledge,nearest_ancestor,"{""x"":78.5,""y"":142.25,""width"":143.0,""height"":279.0}"
C14:IMG:2354,C14,软件工程,2354,rId11,media/image11.png,media/C14/2354_image11.png,53858,0884b942dfd22dbea479b6841fb1d065332ce718fbbf2c4900da670452721b70,C14:K:928,knowledge,nearest_ancestor,"{""x"":184.0,""y"":59.25,""width"":354.0,""height"":113.0}"
C14:IMG:2355,C14,软件工程,2355,rId12,media/image12.png,media/C14/2355_image12.png,58776,96f223684776c55156ac3f9ca2226ba8d49b9a6f2683fdefa5786dd2c6741e1e,C14:K:956,knowledge,nearest_ancestor,"{""x"":179.5,""y"":60.25,""width"":345.0,""height"":115.0}"
C14:IMG:2356,C14,软件工程,2356,rId13,media/image13.png,media/C14/2356_image13.png,154390,1127a3f4f50c6f9a81b83d00ef12602f371a00c715b4d2a05fa2e3c997fa0712,C14:K:998,knowledge,nearest_ancestor,"{""x"":137.5,""y"":79.25,""width"":261.0,""height"":153.0}"
C14:IMG:2357,C14,软件工程,2357,rId14,media/image14.png,media/C14/2357_image14.png,43447,97aafbdce5672dc304d727966847676c2b56d8710d5e7b28da3f6845e0fc824d,C14:K:1034,knowledge,nearest_ancestor,"{""x"":106.0,""y"":103.75,""width"":198.0,""height"":202.0}"
C14:IMG:2358,C14,软件工程,2358,rId15,media/image15.png,media/C14/2358_image15.png,7712,2b4a0c5b8850acea025d9f26f977173e464fa147d85269950177013a0f86e301,C14:K:1092,knowledge,nearest_ancestor,"{""x"":59.5,""y"":41.25,""width"":105.0,""height"":77.0}"
C14:IMG:2359,C14,软件工程,2359,rId16,media/image16.png,media/C14/2359_image16.png,8172,dab698bf8b1d939ed32eeb14c25c920d0bd4a9d846346071cdf2ce9d0f197306,C14:K:1098,knowledge,nearest_ancestor,"{""x"":72.5,""y"":37.75,""width"":131.0,""height"":70.0}"
C14:IMG:2360,C14,软件工程,2360,rId17,media/image17.png,media/C14/2360_image17.png,8576,712babf6984c85b4712f88f3e2639d25528fb0e0eb74f816c73cef79fe605265,C14:K:1104,knowledge,nearest_ancestor,"{""x"":55.5,""y"":40.25,""width"":97.0,""height"":75.0}"
C14:IMG:2361,C14,软件工程,2361,rId18,media/image18.png,media/C14/2361_image18.png,55027,92594942c9743446f3fa5afc47401db6bcddf2a44264cc01adc4d09831678e6c,C14:K:1296,knowledge,nearest_ancestor,"{""x"":160.5,""y"":41.25,""width"":307.0,""height"":77.0}"
C14:IMG:2362,C14,软件工程,2362,rId19,media/image19.png,media/C14/2362_image19.png,19753,75431705726beca68e305e115e711d6c73720b5b016ee86f2da5b00610921ad6,C14:K:1320,knowledge,nearest_ancestor,"{""x"":95.0,""y"":51.25,""width"":176.0,""height"":97.0}"
C14:IMG:2363,C14,软件工程,2363,rId20,media/image20.png,media/C14/2363_image20.png,23681,321f09423f0c5f48d53975288151ac88909b3d674b38817ad5a26d28bb5478ce,C14:K:1330,knowledge,nearest_ancestor,"{""x"":93.5,""y"":43.75,""width"":173.0,""height"":82.0}"
C14:IMG:2364,C14,软件工程,2364,rId21,media/image21.png,media/C14/2364_image21.png,47843,99c0a97252e941759c9521b7075736d608b6a2cf1bf6d621b8caa6dff87b5d5f,C14:K:1340,knowledge,nearest_ancestor,"{""x"":100.0,""y"":91.25,""width"":186.0,""height"":177.0}"
C14:IMG:2365,C14,软件工程,2365,rId22,media/image22.png,media/C14/2365_image22.png,35376,50fca06a379132ed7c4bb3fecc7d9aa4ecb3d123365158b0197d27600546e3d4,C14:K:1350,knowledge,nearest_ancestor,"{""x"":101.5,""y"":80.75,""width"":189.0,""height"":156.0}"
C15:IMG:1812,C15,数据挖掘,1812,rId1,media/image1.png,media/C15/1812_image1.png,60082,04a8c28fecc4113bf797997654a73bc1962c613a9bac8ee3be93623f2d955391,C15:K:226,knowledge,nearest_ancestor,"{""x"":161.901,""y"":94.0729,""width"":309.802,""height"":182.646}"
C15:IMG:1813,C15,数据挖掘,1813,rId2,media/image2.png,media/C15/1813_image2.png,119547,18506fbf991b6eaf718e064be94e163532c76b7116e0f19502ee3912454dc881,C15:ANCH:238,structural_anchor,direct,"{""x"":190.567,""y"":86.3203,""width"":367.135,""height"":167.141}"
C15:IMG:1814,C15,数据挖掘,1814,rId3,media/image3.png,media/C15/1814_image3.png,48483,de3dedad804e62bce51e10381239d54a845638556bfafab92e92f7cc2024bccf,C15:K:386,knowledge,nearest_ancestor,"{""x"":221.5,""y"":49.25,""width"":429.0,""height"":93.0}"
C15:IMG:1815,C15,数据挖掘,1815,rId4,media/image4.png,media/C15/1815_image4.png,157867,c8a2621c7ca9ff3421c0776d65d726d6744a25213d03daecb9484f135fad15ef,C15:K:410,knowledge,nearest_ancestor,"{""x"":174.0,""y"":62.75,""width"":334.0,""height"":120.0}"
C15:IMG:1816,C15,数据挖掘,1816,rId5,media/image5.png,media/C15/1816_image5.png,66251,f0831ca67c5d0c6f79563eed967e7dc9959a5b0942644cbf24349cf2a1939a04,C15:K:426,knowledge,nearest_ancestor,"{""x"":115.5,""y"":94.75,""width"":217.0,""height"":184.0}"
C15:IMG:1817,C15,数据挖掘,1817,rId6,media/image6.png,media/C15/1817_image6.png,172902,84dc6dab08851b78cf978114779d4f31dfa73e70a74a6fc5abde28d31f966cc5,C15:K:486,knowledge,nearest_ancestor,"{""x"":186.5,""y"":58.25,""width"":359.0,""height"":111.0}"
C15:IMG:1818,C15,数据挖掘,1818,rId7,media/image7.png,media/C15/1818_image7.png,36705,c73cedcabc11f865f15cbe2e358fd1e4c9225470d5a2eb1a4bd7a4ab9174b004,C15:K:494,knowledge,nearest_ancestor,"{""x"":186.5,""y"":58.25,""width"":359.0,""height"":111.0}"
C15:IMG:1819,C15,数据挖掘,1819,rId8,media/image8.png,media/C15/1819_image8.png,21072,c0f340b937bd41733c21f3abbff268054282cddd6db22fa9c2c764116ac2c55f,C15:K:500,knowledge,nearest_ancestor,"{""x"":131.5,""y"":52.25,""width"":249.0,""height"":99.0}"
C15:IMG:1820,C15,数据挖掘,1820,rId9,media/image9.png,media/C15/1820_image9.png,93969,78cb2ff6294661238d7318d2555d9a3eb95420dcd97328291e9586ea6af20061,C15:K:504,knowledge,nearest_ancestor,"{""x"":132.0,""y"":82.25,""width"":250.0,""height"":159.0}"
C15:IMG:1821,C15,数据挖掘,1821,rId10,media/image10.png,media/C15/1821_image10.png,55656,7ffb1e82fe8875aa0ca0bb30f84ebbd21abd6bbfe891bee2a3936499abc00376,C15:K:510,knowledge,nearest_ancestor,"{""x"":266.5,""y"":41.25,""width"":519.0,""height"":77.0}"
C15:IMG:1822,C15,数据挖掘,1822,rId11,media/image11.png,media/C15/1822_image11.png,75002,91c2c54baf5b65c7dcf2ad3d4d3b0e9f7f6d248890b2fe8ebd6debca17363cfe,C15:K:514,knowledge,nearest_ancestor,"{""x"":271.5,""y"":40.25,""width"":529.0,""height"":75.0}"
C15:IMG:1823,C15,数据挖掘,1823,rId12,media/image12.png,media/C15/1823_image12.png,51012,f5090101b375fa12a559d4b52756aa31dc1e4084b5f450c9f9964ce164a3fef0,C15:K:518,knowledge,nearest_ancestor,"{""x"":260.0,""y"":42.25,""width"":506.0,""height"":79.0}"
C15:IMG:1824,C15,数据挖掘,1824,rId13,media/image13.png,media/C15/1824_image13.png,72830,290e6858848d03ee203f5ebe80f96cf60c4f5c30ebc844c217d6edb729903ddd,C15:K:590,knowledge,nearest_ancestor,"{""x"":237.0,""y"":46.25,""width"":460.0,""height"":87.0}"
C15:IMG:1825,C15,数据挖掘,1825,rId14,media/image14.png,media/C15/1825_image14.png,95625,c2634906c61531d56b7d1b91f379f059ddf100c5cdcfd236991a3af9e022fdfa,C15:K:604,knowledge,nearest_ancestor,"{""x"":258.5,""y"":42.25,""width"":503.0,""height"":79.0}"
C15:IMG:1826,C15,数据挖掘,1826,rId15,media/image15.png,media/C15/1826_image15.png,73773,48872ffeaacce5340a9aeb14e65e0120bdfd67bb7175f4da3dea9a5de88ae550,C15:K:708,knowledge,nearest_ancestor,"{""x"":207.5,""y"":52.25,""width"":401.0,""height"":99.0}"
C15:IMG:1827,C15,数据挖掘,1827,rId16,media/image16.png,media/C15/1827_image16.png,37680,d9d4c69656a7648901eb368a30dd6cd9359a07aa46dacdf52f90cc1bfbce68d6,C15:K:714,knowledge,nearest_ancestor,"{""x"":133.0,""y"":71.75,""width"":252.0,""height"":138.0}"
C15:IMG:1828,C15,数据挖掘,1828,rId17,media/image17.png,media/C15/1828_image17.png,15052,42c4bebe1bcafd4f6eaa2ffd917872eddf69c9f865857eb3caaf55a6e52ccbce,C15:K:780,knowledge,nearest_ancestor,"{""x"":139.5,""y"":33.75,""width"":265.0,""height"":62.0}"
C15:IMG:1829,C15,数据挖掘,1829,rId18,media/image18.png,media/C15/1829_image18.png,42542,0239231637ebffca29ef9ede9a4b0ebe0dc88037ed07759d8acbb3d6cf323467,C15:K:790,knowledge,nearest_ancestor,"{""x"":238.0,""y"":45.75,""width"":462.0,""height"":86.0}"
C15:IMG:1830,C15,数据挖掘,1830,rId19,media/image19.png,media/C15/1830_image19.png,18939,03d120a0a7420e6cb27c74809dd727a1539f5418dbfc7cf91c9877e5ee608073,C15:K:804,knowledge,nearest_ancestor,"{""x"":117.5,""y"":38.75,""width"":221.0,""height"":72.0}"
C15:IMG:1831,C15,数据挖掘,1831,rId20,media/image20.png,media/C15/1831_image20.png,15843,69bcf018f153fad126a71f040d11b7e05539731d86ae7c0716613bf671fe9608,C15:K:814,knowledge,nearest_ancestor,"{""x"":116.0,""y"":30.75,""width"":218.0,""height"":56.0}"
C15:IMG:1832,C15,数据挖掘,1832,rId21,media/image21.png,media/C15/1832_image21.png,21218,b5bc439b57146636217d32648800beda85e0e50e7f870632db39056fa19953d5,C15:K:824,knowledge,nearest_ancestor,"{""x"":114.5,""y"":38.75,""width"":215.0,""height"":72.0}"
C15:IMG:1833,C15,数据挖掘,1833,rId22,media/image22.png,media/C15/1833_image22.png,45442,cdf67bbb298e20aa11d4919f81029a29f881de6278b2ccd87e5ac36fe7b16a7c,C15:K:830,knowledge,nearest_ancestor,"{""x"":204.0,""y"":51.75,""width"":394.0,""height"":98.0}"
C15:IMG:1835,C15,数据挖掘,1835,rId23,media/image23.png,media/C15/1835_image23.png,23670,eed35087c35ea7de9254fa4458484b8ca17b0743341e55d6066fec46d75073ec,C15:K:838,knowledge,nearest_ancestor,"{""x"":133.0,""y"":54.25,""width"":252.0,""height"":103.0}"
C15:IMG:1836,C15,数据挖掘,1836,rId24,media/image24.png,media/C15/1836_image24.png,11147,ebadc27518c8bb121a02031349133bd6eb4029ba3c4f1d59896adc22242ab348,C15:K:852,knowledge,nearest_ancestor,"{""x"":46.5,""y"":57.25,""width"":79.0,""height"":109.0}"
C15:IMG:1837,C15,数据挖掘,1837,rId25,media/image25.png,media/C15/1837_image25.png,33344,7f10fad247c836dacbf7cfa600fb88b7f855da1a867a40e712fae6ae9dff2501,C15:K:852,knowledge,nearest_ancestor,"{""x"":115.0,""y"":70.25,""width"":216.0,""height"":135.0}"
C15:IMG:1838,C15,数据挖掘,1838,rId26,media/image26.png,media/C15/1838_image26.png,19423,444dfb2d54ec5b39b00e85f2bcc0dfc1926a1cb149b0b3490955ef3f2d4051fc,C15:K:866,knowledge,nearest_ancestor,"{""x"":192.0,""y"":24.25,""width"":370.0,""height"":43.0}"
C15:IMG:1839,C15,数据挖掘,1839,rId27,media/image27.png,media/C15/1839_image27.png,26986,1d7a79533739ba0ee0493304b95996b8cd1631382e1c6b86dcf282eec83a9654,C15:K:876,knowledge,nearest_ancestor,"{""x"":216.5,""y"":42.25,""width"":419.0,""height"":79.0}"
C15:IMG:1840,C15,数据挖掘,1840,rId28,media/image28.png,media/C15/1840_image28.png,64783,bb2c0125ee31be13870e90a6b9de4a1bc67beddcf1f42b90a1b60b766d48668f,C15:K:902,knowledge,nearest_ancestor,"{""x"":266.0,""y"":41.25,""width"":518.0,""height"":77.0}"
C15:IMG:1841,C15,数据挖掘,1841,rId29,media/image29.png,media/C15/1841_image29.png,65117,4deda8c41cde45d873bb37575cd7c698959dc0143a5605cf92c7a77d7af5298a,C15:K:906,knowledge,nearest_ancestor,"{""x"":272.5,""y"":40.25,""width"":531.0,""height"":75.0}"
C15:IMG:1842,C15,数据挖掘,1842,rId30,media/image30.png,media/C15/1842_image30.png,323104,5eecd41c1bbca6b415a6fcbd6ddd3062ebe95c818430c3ed64d321d41337caf9,C15:K:962,knowledge,nearest_ancestor,"{""x"":133.0,""y"":82.25,""width"":252.0,""height"":159.0}"
C15:IMG:1843,C15,数据挖掘,1843,rId31,media/image31.png,media/C15/1843_image31.png,99270,455cbe84d03396f4179b890369844852f482ffa3d3857f3f5148e991e5a8d966,C15:K:962,knowledge,nearest_ancestor,"{""x"":104.5,""y"":105.25,""width"":195.0,""height"":205.0}"
C15:IMG:1844,C15,数据挖掘,1844,rId32,media/image32.png,media/C15/1844_image32.png,361996,2747c7187b57d01028d472817ba5cf626faf03f8bd311ed4c589ff10b0807160,C15:K:962,knowledge,nearest_ancestor,"{""x"":154.5,""y"":70.25,""width"":295.0,""height"":135.0}"
C15:IMG:1845,C15,数据挖掘,1845,rId33,media/image33.png,media/C15/1845_image33.png,23339,cc560f4aad60837de4d8b093130b436d09bf716c8424a15276f1f4b04a044ae2,C15:K:994,knowledge,nearest_ancestor,"{""x"":184.0,""y"":28.75,""width"":354.0,""height"":52.0}"
C15:IMG:1846,C15,数据挖掘,1846,rId34,media/image34.png,media/C15/1846_image34.png,35690,c072ed5691371727c3616d0fcb7ae238bf575148ef8d47d5ebe0b99bc3169e48,C15:K:1000,knowledge,nearest_ancestor,"{""x"":233.5,""y"":34.25,""width"":453.0,""height"":63.0}"
C15:IMG:1847,C15,数据挖掘,1847,rId35,media/image35.png,media/C15/1847_image35.png,36525,5b95db21b785abf440dcd6229491ad854b5fd85c3a5282aaa1de0647835d7b1b,C15:K:1006,knowledge,direct,"{""x"":231.0,""y"":36.75,""width"":448.0,""height"":68.0}"
C15:IMG:1848,C15,数据挖掘,1848,rId36,media/image36.png,media/C15/1848_image36.png,25599,0e41c9e03149d619f42fd21ee36c9273dba249b601ec45e01ce668bad4693edc,C15:K:1010,knowledge,nearest_ancestor,"{""x"":154.5,""y"":38.25,""width"":295.0,""height"":71.0}"
C15:IMG:1849,C15,数据挖掘,1849,rId37,media/image37.png,media/C15/1849_image37.png,43388,e37be3c15858ac8f3c13f1e543253d2918a6190979dd329e4787cec858a47257,C15:K:1010,knowledge,nearest_ancestor,"{""x"":197.5,""y"":55.25,""width"":381.0,""height"":105.0}"
C15:IMG:1850,C15,数据挖掘,1850,rId38,media/image38.png,media/C15/1850_image38.png,26711,d743efe5484af09216322ee583b3351148c1b368953cb2f69e6d699989f80e56,C15:K:1036,knowledge,nearest_ancestor,"{""x"":175.0,""y"":42.25,""width"":336.0,""height"":79.0}"
C15:IMG:1851,C15,数据挖掘,1851,rId39,media/image39.png,media/C15/1851_image39.png,48660,8edbaf57b29f48e10c25b2b72c3bd8e0414c55239fc69582e9bb224c79574741,C15:K:1036,knowledge,nearest_ancestor,"{""x"":269.5,""y"":40.25,""width"":525.0,""height"":75.0}"
C15:IMG:1852,C15,数据挖掘,1852,rId40,media/image40.png,media/C15/1852_image40.png,62305,37de80186a804689f21512206b256e8e17cb4fc7962ba261488e7c043d92deb1,C15:K:1050,knowledge,nearest_ancestor,"{""x"":176.5,""y"":61.25,""width"":339.0,""height"":117.0}"
C15:IMG:1853,C15,数据挖掘,1853,rId41,media/image41.png,media/C15/1853_image41.png,110711,0333997f1d4ce6cb93068f94e496bd2cf4d728f0849acb47220b1749407b2fff,C15:K:1074,knowledge,nearest_ancestor,"{""x"":137.0,""y"":79.25,""width"":260.0,""height"":153.0}"
C15:IMG:1854,C15,数据挖掘,1854,rId42,media/image42.png,media/C15/1854_image42.png,93364,ddb0cfc22e367348b33e3d8e65ae3e005ad0ec0fbdd0108c7ab97eef06ebcb5d,C15:K:1082,knowledge,nearest_ancestor,"{""x"":148.5,""y"":73.25,""width"":283.0,""height"":141.0}"
C15:IMG:1855,C15,数据挖掘,1855,rId43,media/image43.png,media/C15/1855_image43.png,36263,5e3f5cf47c4e8e15217245b8ac41993c999908e9bd3a47db62ba80c8e4bd0fb1,C15:K:1104,knowledge,nearest_ancestor,"{""x"":173.5,""y"":62.75,""width"":333.0,""height"":120.0}"
C15:IMG:1856,C15,数据挖掘,1856,rId44,media/image44.png,media/C15/1856_image44.png,8069,404bcd702f1de52344c1252b3de286d3ebdfbbca375c25ac92d6d2984070d8d6,C15:K:1108,knowledge,nearest_ancestor,"{""x"":82.5,""y"":35.25,""width"":151.0,""height"":65.0}"
C15:IMG:1857,C15,数据挖掘,1857,rId45,media/image45.png,media/C15/1857_image45.png,14006,7c74bd19f33fdcc6fda211e5dd9cb825161950027f13273ead8dea1e3b49d1f9,C15:K:1114,knowledge,nearest_ancestor,"{""x"":123.5,""y"":26.25,""width"":233.0,""height"":47.0}"
C15:IMG:1858,C15,数据挖掘,1858,rId46,media/image46.png,media/C15/1858_image46.png,22722,4a8c60843d8edc5f5234a4e0b586d73fdc463716a1edd06bb1e4690bc1e33f62,C15:K:1120,knowledge,nearest_ancestor,"{""x"":144.5,""y"":46.75,""width"":275.0,""height"":88.0}"
C15:IMG:1859,C15,数据挖掘,1859,rId47,media/image47.png,media/C15/1859_image47.png,20074,fa89d54cec34ed1844f5bf9011de64fe37c0ce7ab69d1f8aded765b98cdfc26c,C15:K:1124,knowledge,nearest_ancestor,"{""x"":176.5,""y"":34.75,""width"":339.0,""height"":64.0}"
C15:IMG:1860,C15,数据挖掘,1860,rId48,media/image48.png,media/C15/1860_image48.png,18254,6098813204cfe563eb37adc18e693daabab58617c831327c3de8cf13ccf1bdfe,C15:K:1134,knowledge,nearest_ancestor,"{""x"":87.5,""y"":41.25,""width"":161.0,""height"":77.0}"
C15:IMG:1861,C15,数据挖掘,1861,rId49,media/image49.png,media/C15/1861_image49.png,79846,df4e89705f3efc597b5e749e8c9c20f60a38be8ea3c95c8122ad73452132099a,C15:K:1142,knowledge,nearest_ancestor,"{""x"":138.5,""y"":78.25,""width"":263.0,""height"":151.0}"
C15:IMG:1862,C15,数据挖掘,1862,rId50,media/image50.png,media/C15/1862_image50.png,117055,af867dbe413f6e1e22c815e2876586cf32d0661bf0aeba04d571c0204faf2c50,C15:K:1146,knowledge,nearest_ancestor,"{""x"":138.5,""y"":78.75,""width"":263.0,""height"":152.0}"
C16:IMG:287,C16,人工智能,287,rId234,media/image234.png,media/C16/287_image234.png,30177,4bb2a9399251a6f481b2fdcc0db9e83d9a5bda57ebeb491bdc9bb97e969aae3b,C16:K:279,knowledge,nearest_ancestor,"{""x"":137.0,""y"":79.176,""width"":260.0,""height"":152.852}"
C16:IMG:290,C16,人工智能,290,rId235,media/image235.png,media/C16/290_image235.png,35303,f23655d6b7e0d2893d11498d12ed26cd0ac79cd584461080ddf0681690580b51,C16:K:281,knowledge,nearest_ancestor,"{""x"":137.0,""y"":71.3885,""width"":260.0,""height"":137.277}"
C16:IMG:295,C16,人工智能,295,rId236,media/image236.png,media/C16/295_image236.png,19640,153a5ecf7114116572101dde4369170c932cf4cdfa6cd5ffae3265736321d1da,C16:K:283,knowledge,nearest_ancestor,"{""x"":137.0,""y"":50.5051,""width"":260.0,""height"":95.5102}"
C16:IMG:448,C16,人工智能,448,rId237,media/image237.png,media/C16/448_image237.png,23962,168a24e740a53adbdbc8a7a7189d99c29cc079d2d622977820eff73f87aed5b6,C16:K:442,knowledge,nearest_ancestor,"{""x"":110.845,""y"":42.0699,""width"":207.69,""height"":78.6398}"
C16:IMG:476,C16,人工智能,476,rId238,media/image238.png,media/C16/476_image238.png,42923,1f30fe2bc9bd5bb7bdfcef8886ea743ea295ce92ca3ceddacd15f984364071ff,C16:K:472,knowledge,nearest_ancestor,"{""x"":137.0,""y"":47.5847,""width"":260.0,""height"":89.6693}"
C16:IMG:577,C16,人工智能,577,rId239,media/image239.png,media/C16/577_image239.png,37420,b9390201be8cc2ac42f95710af194a005615c0a44eee45eb86cb3fb4cb0d9656,C16:K:573,knowledge,nearest_ancestor,"{""x"":91.247,""y"":37.2948,""width"":168.494,""height"":69.0896}"
C16:IMG:596,C16,人工智能,596,rId240,media/image240.png,media/C16/596_image240.png,177688,d628794de29c3e1fd7117f2f73122dbd6d220c528b2db7f8a022a58c35df8fbb,C16:K:592,knowledge,nearest_ancestor,"{""x"":137.0,""y"":93.4825,""width"":260.0,""height"":174.978}"
C16:IMG:597,C16,人工智能,597,rId241,media/image241.png,media/C16/597_image241.png,235674,9fcfad9301ca8108a871dcf38d6653b5de288c87cfaf7450744600b1b837fea1,C16:K:592,knowledge,nearest_ancestor,"{""x"":401.0,""y"":93.4825,""width"":260.0,""height"":181.465}"
C16:IMG:659,C16,人工智能,659,rId242,media/image242.png,media/C16/659_image242.png,57178,0edd5aff90dde1edbe89f49fbb96ec706179a27924f762c66c12ca66765d7f20,C16:K:638,knowledge,nearest_ancestor,"{""x"":101.393,""y"":67.998,""width"":188.786,""height"":130.496}"
C16:IMG:688,C16,人工智能,688,rId243,media/image243.png,media/C16/688_image243.png,176390,3292354699a23735080c9efe62835550ffce22241f3df77809b5b24c74a20a69,C16:K:4958,knowledge,nearest_ancestor,"{""x"":133.767,""y"":73.579,""width"":253.533,""height"":141.658}"
C16:IMG:793,C16,人工智能,793,rId244,media/image244.png,media/C16/793_image244.png,53498,1c542562e18bf9f094ba2087ed2d0ec9d0adcd50ba6badf163368164a2673035,C16:K:781,knowledge,nearest_ancestor,"{""x"":110.166,""y"":29.1673,""width"":206.333,""height"":52.8346}"
C16:IMG:796,C16,人工智能,796,rId245,media/image245.png,media/C16/796_image245.png,35687,2942bbd6cf6c0c04f94391c29062cbd14a49f6872df188a793e589d84512e850,C16:K:783,knowledge,nearest_ancestor,"{""x"":121.833,""y"":19.3487,""width"":229.666,""height"":33.1975}"
C16:IMG:851,C16,人工智能,851,rId246,media/image246.png,media/C16/851_image246.png,13734,63ee742e259c3839ac97b920da3a0f86533732530997f9be23c525ca563693b5,C16:K:847,knowledge,nearest_ancestor,"{""x"":168.606,""y"":12.962,""width"":323.211,""height"":20.424}"
C16:IMG:885,C16,人工智能,885,rId247,media/image247.png,media/C16/885_image247.png,21077,08c3a6d5db9c7b5a944ef05a5b9b01b090713d7ca69d757f66515c08a97502a8,C16:K:852,knowledge,direct,"{""x"":158.233,""y"":26.1967,""width"":267.8,""height"":46.8933}"
C16:IMG:879,C16,人工智能,879,rId248,media/image248.png,media/C16/879_image248.png,7580,dfe39bf6386596c6b85367d7f23d433321abc45e9e3ddb8c2c9a73eb3141989b,C16:K:854,knowledge,direct,"{""x"":143.9,""y"":12.5048,""width"":239.133,""height"":19.5097}"
C16:IMG:889,C16,人工智能,889,rId249,media/image249.png,media/C16/889_image249.png,7232,5bdba449d8d5801b474ae42767e9108778c44d27125e4a413e982a4259464b79,C16:K:856,knowledge,direct,"{""x"":154.333,""y"":13.8225,""width"":260.0,""height"":22.1451}"
C16:IMG:894,C16,人工智能,894,rId250,media/image250.png,media/C16/894_image250.png,48716,af61d6b6be304b1ddd2823717da0f3e2c933fe44c4dd86485652b30189b23887,C16:K:860,knowledge,direct,"{""x"":362.437,""y"":43.9453,""width"":382.874,""height"":82.3905}"
C16:IMG:868,C16,人工智能,868,rId251,media/image251.png,media/C16/868_image251.png,28967,d1b4c4fd222a28abc9cb7f5fe0b19cdb218990b56aae7b074b2cf00f62da4e33,C16:K:866,knowledge,direct,"{""x"":106.9,""y"":22.2956,""width"":165.133,""height"":39.0913}"
C16:IMG:900,C16,人工智能,900,rId252,media/image252.png,media/C16/900_image252.png,28601,17aea426e035210ae1c16fd297e8ba0104073d8c0e616ac88493ec5425bb81c0,C16:K:866,knowledge,direct,"{""x"":367.8,""y"":22.2956,""width"":348.667,""height"":35.3928}"
C16:IMG:906,C16,人工智能,906,rId253,media/image253.png,media/C16/906_image253.png,8943,44a124e90da297026bbeb8afa9b7597c77ccaf889fd7261abe8743a5aee53f51,C16:K:845,knowledge,nearest_ancestor,"{""x"":152.233,""y"":15.7613,""width"":290.467,""height"":26.0225}"
C16:IMG:905,C16,人工智能,905,rId254,media/image254.png,media/C16/905_image254.png,10663,b982e767e556d5edf2c66d3ad95b758f0822ec54d36ccbbaa1d89f10d4860b36,C16:K:843,knowledge,nearest_ancestor,"{""x"":166.502,""y"":13.0849,""width"":319.005,""height"":20.6699}"
C16:IMG:904,C16,人工智能,904,rId255,media/image255.png,media/C16/904_image255.png,10404,ecf71ba9bcf5fc76953492d734c00ad704e31d6bc5deb78f480f91c2d1a69110,C16:K:841,knowledge,nearest_ancestor,"{""x"":151.9,""y"":12.6789,""width"":289.8,""height"":19.8578}"
C16:IMG:884,C16,人工智能,884,rId256,media/image256.png,media/C16/884_image256.png,10064,90792d1609bb8e29c3c5773ea143a160c035274dd63239e7aa1e249842bfba58,C16:K:829,knowledge,nearest_ancestor,"{""x"":123.9,""y"":12.0,""width"":233.8,""height"":17.4045}"
C16:IMG:888,C16,人工智能,888,rId257,media/image257.png,media/C16/888_image257.png,8360,cfd07051935dff8b2875c8146424fd2c39ee050fc3ba5488d8bf106519eed746,C16:K:831,knowledge,nearest_ancestor,"{""x"":137.0,""y"":12.0,""width"":260.0,""height"":17.8251}"
C16:IMG:893,C16,人工智能,893,rId258,media/image258.png,media/C16/893_image258.png,7729,46cae301c11154405c5cb952595c3a396064c4e997b6738d1bdf005d93cd565b,C16:K:833,knowledge,nearest_ancestor,"{""x"":137.0,""y"":12.0,""width"":260.0,""height"":16.124}"
C16:IMG:897,C16,人工智能,897,rId259,media/image259.png,media/C16/897_image259.png,7066,f8f63c5b30fb3c2ddd1b368ef892aab009227d40615556fdd79d494cee0be7d2,C16:K:835,knowledge,nearest_ancestor,"{""x"":137.0,""y"":13.6401,""width"":260.0,""height"":21.7801}"
C16:IMG:903,C16,人工智能,903,rId260,media/image260.png,media/C16/903_image260.png,11541,381d63379b5985c071e8a81fccdebf1de0edc0a073c758fab80961c02f8e6895,C16:K:839,knowledge,nearest_ancestor,"{""x"":162.006,""y"":12.0,""width"":310.013,""height"":17.9544}"
C16:IMG:911,C16,人工智能,911,rId261,media/image261.png,media/C16/911_image261.png,112559,7e25dc3e96972bca21061ed451a71dbf52b1830b6b80316a6155afb92cb04789,C16:K:907,knowledge,nearest_ancestor,"{""x"":142.566,""y"":86.5035,""width"":271.133,""height"":167.507}"
C16:IMG:912,C16,人工智能,912,rId262,media/image262.png,media/C16/912_image262.png,104427,44681b42de4958e5656533132be2e1a93ee1bd2be8980b4eeb6afe8b6831ed09,C16:K:907,knowledge,nearest_ancestor,"{""x"":417.525,""y"":86.5035,""width"":270.785,""height"":162.093}"
C16:IMG:913,C16,人工智能,913,rId263,media/image263.png,media/C16/913_image263.png,88964,c88aa1d9bb8c63f5a379364183f3937e56b536c81b7c2cb7b9f8a6ffd48b7a24,C16:K:907,knowledge,nearest_ancestor,"{""x"":691.573,""y"":86.5035,""width"":269.311,""height"":162.193}"
C16:IMG:948,C16,人工智能,948,rId264,media/image264.png,media/C16/948_image264.png,61546,b4f511fae2fe7c1e5a585f32baab30cb8d5a5f74b858127e065b5c60114ca12c,C16:K:944,knowledge,direct,"{""x"":154.333,""y"":36.0673,""width"":260.0,""height"":62.6277}"
C16:IMG:949,C16,人工智能,949,rId265,media/image265.png,media/C16/949_image265.png,54481,3e3a28784b2f80d0ef3c9d59a30841df13648a975aa8d50e0c06f56053e5e1cb,C16:K:944,knowledge,direct,"{""x"":418.333,""y"":36.0673,""width"":260.0,""height"":66.6347}"
C16:IMG:952,C16,人工智能,952,rId266,media/image266.png,media/C16/952_image266.png,85746,cc04742affb494d99140ee5051bf85675bcfed3cf1e32b9de1d999acb9010f35,C16:K:946,knowledge,nearest_ancestor,"{""x"":137.0,""y"":83.0715,""width"":260.0,""height"":160.643}"
C16:IMG:5542,C16,人工智能,5542,rId267,media/image267.png,media/C16/5542_image267.png,54111,3ef117f9b67f45a1e4dbb297a3998c9ecf1a125de9fd49bbd9be7f7d70d7c9bf,C16:K:946,knowledge,nearest_ancestor,"{""x"":408.012,""y"":83.0715,""width"":274.025,""height"":148.892}"
C16:IMG:974,C16,人工智能,974,rId268,media/image268.png,media/C16/974_image268.png,83376,cc957698c516bfa39f4911581d1d36b8c9ac042d9633ca795087beb3ccbe7628,C16:K:966,knowledge,nearest_ancestor,"{""x"":115.576,""y"":79.524,""width"":217.151,""height"":88.7506}"
C16:IMG:975,C16,人工智能,975,rId269,media/image269.png,media/C16/975_image269.png,98614,e6150ec180586133255f3ab0e587c767ae985f8b7ba476df78a13e1206b2d906,C16:K:966,knowledge,nearest_ancestor,"{""x"":330.88,""y"":79.524,""width"":205.457,""height"":152.254}"
C16:IMG:976,C16,人工智能,976,rId270,media/image270.png,media/C16/976_image270.png,57823,76be1462a1bb3de2ff3faa078df71cd9b7229fb3e0ce337c85cd6dfe3a5dab4e,C16:K:966,knowledge,nearest_ancestor,"{""x"":544.526,""y"":79.524,""width"":213.837,""height"":141.736}"
C16:IMG:977,C16,人工智能,977,rId271,media/image271.png,media/C16/977_image271.png,99023,1939149eb9c75dfe66caf7b0aab1f652e74cf94adfb3df9529adb04d6b037b10,C16:K:966,knowledge,nearest_ancestor,"{""x"":726.513,""y"":79.524,""width"":142.137,""height"":139.755}"
C16:IMG:978,C16,人工智能,978,rId272,media/image272.png,media/C16/978_image272.png,169235,351ad71451b4589334131b5a6add46937b3dddb311f8ffbd824e151a0aca4003,C16:K:966,knowledge,nearest_ancestor,"{""x"":922.638,""y"":79.524,""width"":242.112,""height"":153.548}"
C16:IMG:981,C16,人工智能,981,rId273,media/image273.png,media/C16/981_image273.png,110317,d90a56d8d804c32a3bbabc4be8488dccdc21cb961357edf700d1c712be9145e7,C16:K:916,knowledge,nearest_ancestor,"{""x"":137.0,""y"":60.1545,""width"":260.0,""height"":114.809}"
C16:IMG:986,C16,人工智能,986,rId274,media/image274.png,media/C16/986_image274.png,67463,8b2cdf5e5b1d19820c3151efb22ebfbf7a0a065ceade663c965c6feaa479fa33,C16:K:982,knowledge,nearest_ancestor,"{""x"":114.442,""y"":78.979,""width"":214.885,""height"":106.382}"
C16:IMG:987,C16,人工智能,987,rId275,media/image275.png,media/C16/987_image275.png,136468,d1ea9964986d2feea1918c7a338bbda43e9d7e998859a54cb547d932609657f3,C16:K:982,knowledge,nearest_ancestor,"{""x"":354.385,""y"":78.979,""width"":257.0,""height"":152.458}"
C16:IMG:988,C16,人工智能,988,rId276,media/image276.png,media/C16/988_image276.png,68648,8e144f4fae91df0497afacf8758c304ccdb1a79ddcdf3379613c521803d78a83,C16:K:982,knowledge,nearest_ancestor,"{""x"":616.885,""y"":78.979,""width"":260.0,""height"":148.076}"
C16:IMG:989,C16,人工智能,989,rId277,media/image277.png,media/C16/989_image277.png,57197,52a62468c4042ee323aa78aa9c01a32465a5708cafb953413b3423a9dadb22ef,C16:K:982,knowledge,nearest_ancestor,"{""x"":876.996,""y"":78.979,""width"":252.223,""height"":144.503}"
C16:IMG:1125,C16,人工智能,1125,rId278,media/image278.png,media/C16/1125_image278.png,32780,03105e0239a873108849d9388ae4960c6bbbf9df62416f651d99cff4827067f0,C16:K:1120,knowledge,direct,"{""x"":471.885,""y"":30.8783,""width"":284.437,""height"":56.2565}"
C16:IMG:1128,C16,人工智能,1128,rId279,media/image279.png,media/C16/1128_image279.png,46571,d569ca49b9e6a549c5db654ff5f671aa479ddeff858ff6663398186b6209a492,C16:K:1122,knowledge,nearest_ancestor,"{""x"":137.0,""y"":89.144,""width"":260.0,""height"":172.788}"
C16:IMG:1129,C16,人工智能,1129,rId280,media/image280.png,media/C16/1129_image280.png,66359,5b87e9663e83dd9294e452bf47a90cd254f143efaa76d2a9897973759aa5e7bc,C16:K:1122,knowledge,nearest_ancestor,"{""x"":436.591,""y"":89.144,""width"":331.182,""height"":149.459}"
C16:IMG:1130,C16,人工智能,1130,rId281,media/image281.png,media/C16/1130_image281.png,56564,c84eebf3519a0a3559e705374fb21b7ef47173f81e98c78b348f1a424f327d2f,C16:K:1122,knowledge,nearest_ancestor,"{""x"":736.182,""y"":89.144,""width"":260.0,""height"":167.578}"
C16:IMG:1131,C16,人工智能,1131,rId282,media/image282.png,media/C16/1131_image282.png,37685,b7c7c2f1be1b1899a47e0b1aacd959c02423288010024f859c603adf95bcc512,C16:K:1122,knowledge,nearest_ancestor,"{""x"":981.202,""y"":89.144,""width"":222.039,""height"":154.597}"
C16:IMG:1132,C16,人工智能,1132,rId283,media/image283.png,media/C16/1132_image283.png,54971,1f1c52fa98a03b56c1677513eb0d709eb63ad54a45999a6f9954127c905ccf2b,C16:K:1122,knowledge,nearest_ancestor,"{""x"":1214.91,""y"":89.144,""width"":237.369,""height"":160.834}"
C16:IMG:1167,C16,人工智能,1167,rId284,media/image284.png,media/C16/1167_image284.png,52244,dce81381b10e193df59b5073c179c58eb50ee5e3b5bf6e1463defe8df0eb0943,C16:K:1163,knowledge,direct,"{""x"":405.567,""y"":51.6049,""width"":209.133,""height"":97.7098}"
C16:IMG:1180,C16,人工智能,1180,rId285,media/image285.png,media/C16/1180_image285.png,30992,cc7c1f7775febce045379d4349fed9f277e1c35a1d449141546126b510efabd8,C16:K:1174,knowledge,direct,"{""x"":150.166,""y"":29.2235,""width"":251.666,""height"":52.9471}"
C16:IMG:5543,C16,人工智能,5543,rId286,media/image286.png,media/C16/5543_image286.png,13258,9ce49c1c006ca24da23738767e9ac11d16492eaaf9b1abc7e1a2b8c04fd4d5af,C16:K:1183,knowledge,direct,"{""x"":148.384,""y"":34.8225,""width"":248.101,""height"":40.8568}"
C16:IMG:5544,C16,人工智能,5544,rId287,media/image287.png,media/C16/5544_image287.png,29111,85d4fe5e2c733583a13683a36bd6a8d0588d9ab76180f8d951be53b881d436d9,C16:K:1183,knowledge,direct,"{""x"":377.345,""y"":34.8225,""width"":201.822,""height"":64.145}"
C16:IMG:1199,C16,人工智能,1199,rId288,media/image288.png,media/C16/1199_image288.png,51242,1abaed09e5d2168d0c616181b3ec9b353d39afdd02e231751f071ca9d6f2532a,C16:K:1190,knowledge,nearest_ancestor,"{""x"":197.097,""y"":71.76,""width"":380.194,""height"":138.02}"
C16:IMG:1200,C16,人工智能,1200,rId289,media/image289.png,media/C16/1200_image289.png,35206,3a1d3d8b6320a5c60c69b871ae7674ff3d9a95b707ab4fdfe35ff29b84063e55,C16:K:1190,knowledge,nearest_ancestor,"{""x"":521.194,""y"":71.76,""width"":260.0,""height"":54.6}"
C16:IMG:1203,C16,人工智能,1203,rId290,media/image290.png,media/C16/1203_image290.png,79192,0a0283ed306364ade60e7385fe38a16c93bf188d70bc8208f174a790f2c40054,C16:K:1192,knowledge,nearest_ancestor,"{""x"":150.838,""y"":93.079,""width"":287.676,""height"":180.658}"
C16:IMG:1204,C16,人工智能,1204,rId291,media/image291.png,media/C16/1204_image291.png,43730,819b01937bd6add27358baf87d54564a76ae64fb6dbcc9f8c193509033e8032d,C16:K:1192,knowledge,nearest_ancestor,"{""x"":489.329,""y"":93.079,""width"":381.306,""height"":86.8798}"
C16:IMG:1211,C16,人工智能,1211,rId292,media/image292.png,media/C16/1211_image292.png,59470,0ec0789c59aec0ab029b05afd02362820dbe6b845d390ad713ded742437c6d23,C16:K:5549,knowledge,nearest_ancestor,"{""x"":101.223,""y"":94.382,""width"":188.446,""height"":133.045}"
C16:IMG:1212,C16,人工智能,1212,rId293,media/image293.png,media/C16/1212_image293.png,89843,2fe2701860c2ca9576cfe83c87d7e5530752d0bc99b01322115e9ba272a39cbb,C16:K:5549,knowledge,nearest_ancestor,"{""x"":379.123,""y"":94.382,""width"":359.354,""height"":153.331}"
C16:IMG:1213,C16,人工智能,1213,rId294,media/image294.png,media/C16/1213_image294.png,75442,bbfefeec97e14138320c4416d5f8d60efb8da937f2317c777909f2f71a11d9dd,C16:K:5549,knowledge,nearest_ancestor,"{""x"":688.8,""y"":94.382,""width"":252.0,""height"":174.462}"
C16:IMG:1214,C16,人工智能,1214,rId295,media/image295.png,media/C16/1214_image295.png,54159,90d65f2dd68012e1a52c62de102546c9a85093cfd427f5973383b87aaa0af056,C16:K:5549,knowledge,nearest_ancestor,"{""x"":928.399,""y"":94.382,""width"":219.198,""height"":183.264}"
C16:IMG:1265,C16,人工智能,1265,rId296,media/image296.png,media/C16/1265_image296.png,63003,479ffe1bb27cc1f633de3fb6043956edfe6daf496b2c16b268b64c8adce18ce3,C16:K:1261,knowledge,nearest_ancestor,"{""x"":119.567,""y"":35.7024,""width"":225.133,""height"":65.9049}"
C16:IMG:1270,C16,人工智能,1270,rId297,media/image297.png,media/C16/1270_image297.png,36433,5b2f0cf0bf43980f877600c731d6f96e19a804b4be80907b6b74d919fac9a4e0,C16:K:1266,knowledge,nearest_ancestor,"{""x"":137.0,""y"":36.138,""width"":260.0,""height"":66.776}"
C16:IMG:1271,C16,人工智能,1271,rId298,media/image298.png,media/C16/1271_image298.png,17468,961efc22875606ee68fc115fc487232b045e5404695f3633e9f41115d13bb00c,C16:K:1266,knowledge,nearest_ancestor,"{""x"":401.0,""y"":36.138,""width"":260.0,""height"":61.7822}"
C16:IMG:1276,C16,人工智能,1276,rId299,media/image299.png,media/C16/1276_image299.png,9909,92da3f425126b19f9b2b59ab8e9a8b05ee05e80470157f1306cf582788ba95a9,C16:K:1272,knowledge,nearest_ancestor,"{""x"":137.0,""y"":12.5481,""width"":260.0,""height"":19.5962}"
C16:IMG:1281,C16,人工智能,1281,rId300,media/image300.png,media/C16/1281_image300.png,9922,87f90b9d91d1f19d1834813b017b0c16ad565494a4e2b5ec8f47f75be926059c,C16:K:1279,knowledge,direct,"{""x"":102.567,""y"":11.75,""width"":191.133,""height"":15.9844}"
C16:IMG:1292,C16,人工智能,1292,rId301,media/image301.png,media/C16/1292_image301.png,88174,16e7711ee6ea031c43386ad63977e08115673d8a2292a1afbc3ef66a23a91b43,C16:K:1286,knowledge,nearest_ancestor,"{""x"":186.186,""y"":92.2485,""width"":358.372,""height"":178.997}"
C16:IMG:1325,C16,人工智能,1325,rId302,media/image302.png,media/C16/1325_image302.png,27774,e971e93ce866daff2fd9f5d3f373a24639cbe81d5a5ad058c49b3ad8e1d6b5d2,C16:K:1295,knowledge,nearest_ancestor,"{""x"":154.734,""y"":83.392,""width"":295.469,""height"":105.006}"
C16:IMG:1326,C16,人工智能,1326,rId303,media/image303.png,media/C16/1326_image303.png,43918,2f19ae6ceced569c253e18b928d6ff2783baa4f70f6dd909ee119565aabfd089,C16:K:1295,knowledge,nearest_ancestor,"{""x"":448.499,""y"":83.392,""width"":284.06,""height"":161.284}"
C16:IMG:1311,C16,人工智能,1311,rId304,media/image304.png,media/C16/1311_image304.png,7702,10ec66583d43fd28f1b8641d31d6d09446aae57d09a7a2620448973bd58b09b7,C16:K:1301,knowledge,nearest_ancestor,"{""x"":115.567,""y"":12.0,""width"":217.133,""height"":16.9866}"
C16:IMG:1314,C16,人工智能,1314,rId305,media/image305.png,media/C16/1314_image305.png,9141,84179cbdf5e945cdc00590bc6eba25c15fc85cf13572c1a64fe04c8a2a56a211,C16:K:1303,knowledge,nearest_ancestor,"{""x"":208.566,""y"":12.807,""width"":403.133,""height"":20.1139}"
C16:IMG:1317,C16,人工智能,1317,rId306,media/image306.png,media/C16/1317_image306.png,5190,2d3aab0e1a1be8e27c592f64daf8ab04e3b1a32baf2c3e1438208dfdf3478148,C16:K:1305,knowledge,nearest_ancestor,"{""x"":62.5665,""y"":12.397,""width"":111.133,""height"":19.294}"
C16:IMG:1322,C16,人工智能,1322,rId307,media/image307.png,media/C16/1322_image307.png,77383,9b3e3f7ca8aa97a41930a3776c9f5782bdabd7ef06f74cbec73dde05e62fb05c,C16:K:1318,knowledge,nearest_ancestor,"{""x"":113.567,""y"":62.817,""width"":213.133,""height"":120.134}"
C16:IMG:1323,C16,人工智能,1323,rId308,media/image308.png,media/C16/1323_image308.png,32417,92cd588071555217afa9e26ceb6d59a43edf2007b6c3f529a65541cc8fa12398,C16:K:1318,knowledge,nearest_ancestor,"{""x"":354.133,""y"":62.817,""width"":260.0,""height"":90.7598}"
C16:IMG:1351,C16,人工智能,1351,rId309,media/image309.png,media/C16/1351_image309.png,56527,bb4d43e20031350b29ede6df313fb9b5d4929491b992cb13a3b67c0c03bbfa93,C16:K:1345,knowledge,nearest_ancestor,"{""x"":137.0,""y"":34.8709,""width"":260.0,""height"":47.7778}"
C16:IMG:1352,C16,人工智能,1352,rId310,media/image310.png,media/C16/1352_image310.png,56343,5f075ee573fab007c1d5321c70895d54538f4658c454eaf12f255fda18a25db9,C16:K:1345,knowledge,nearest_ancestor,"{""x"":401.0,""y"":34.8709,""width"":260.0,""height"":64.2418}"
C16:IMG:1355,C16,人工智能,1355,rId311,media/image311.png,media/C16/1355_image311.png,73871,16eedbf2d5eacd20b9a0483a70e5db67d24068d146ed5d03f6293be0bb8567bc,C16:K:1347,knowledge,nearest_ancestor,"{""x"":112.9,""y"":68.7685,""width"":211.8,""height"":132.037}"
C16:IMG:1356,C16,人工智能,1356,rId312,media/image312.png,media/C16/1356_image312.png,80484,0cec6a7e882b1c72f99d6952238e4dad77483706b0e470bacc0cf85d41f62bee,C16:K:1347,knowledge,nearest_ancestor,"{""x"":352.8,""y"":68.7685,""width"":260.0,""height"":120.937}"
C16:IMG:1369,C16,人工智能,1369,rId313,media/image313.png,media/C16/1369_image313.png,34753,188f763e2d884eef599effd3237392a44c77c9249c1ad121c712291a72594a1a,C16:K:1357,knowledge,nearest_ancestor,"{""x"":122.269,""y"":31.4409,""width"":230.538,""height"":57.3817}"
C16:IMG:1372,C16,人工智能,1372,rId314,media/image314.png,media/C16/1372_image314.png,17815,732957e459e84efd3e00daac22d3686d47be6bfd3d4a2c8fcb133a75391cca73,C16:K:1359,knowledge,nearest_ancestor,"{""x"":92.5,""y"":33.968,""width"":171.0,""height"":62.4359}"
C16:IMG:1373,C16,人工智能,1373,rId315,media/image315.png,media/C16/1373_image315.png,25096,10f0084084b5f618f4e5531ac21fbb11579c55692e8fc98e426e56646b67b124,C16:K:1359,knowledge,nearest_ancestor,"{""x"":312.0,""y"":33.968,""width"":260.0,""height"":56.007}"
C16:IMG:1376,C16,人工智能,1376,rId316,media/image316.png,media/C16/1376_image316.png,41857,4834c05d35afa6e5d7e297e4d9cdc18af5c2d91c748d8f98ffca42010a6746ec,C16:K:1361,knowledge,nearest_ancestor,"{""x"":154.91,""y"":56.1545,""width"":295.819,""height"":106.809}"
C16:IMG:1377,C16,人工智能,1377,rId317,media/image317.png,media/C16/1377_image317.png,28566,561583b34107b6662e6bfde12dd475de1a47a27b30d9eb3210cb96b9e27b0593,C16:K:1361,knowledge,nearest_ancestor,"{""x"":436.819,""y"":56.1545,""width"":260.0,""height"":54.1093}"
C16:IMG:1380,C16,人工智能,1380,rId318,media/image318.png,media/C16/1380_image318.png,207764,5c55ae18a9fa1efacdb0d904fb10621e566fb57b77f7d0c7b8f93a61d4c2efd3,C16:K:1223,knowledge,nearest_ancestor,"{""x"":122.231,""y"":81.439,""width"":230.461,""height"":139.273}"
C16:IMG:1381,C16,人工智能,1381,rId319,media/image319.png,media/C16/1381_image319.png,50367,3b2b6407f634fbbafc7a57afaee3c561be844f617e6a6a1c7e20f2cdaba2a972,C16:K:1223,knowledge,nearest_ancestor,"{""x"":324.5,""y"":81.439,""width"":166.079,""height"":157.378}"
C16:IMG:1382,C16,人工智能,1382,rId320,media/image320.png,media/C16/1382_image320.png,97786,0a845e00a084179e2ef431a2a6034109ad14268226bbbfa0d059d1f670ee9c78,C16:K:1223,knowledge,nearest_ancestor,"{""x"":528.2,""y"":81.439,""width"":233.32,""height"":152.154}"
C16:IMG:1473,C16,人工智能,1473,rId321,media/image321.png,media/C16/1473_image321.png,149264,8c7c899ae675911d45d607c752f1e58362862edcd88d15a146766cf9e484efab,C16:K:1449,knowledge,nearest_ancestor,"{""x"":137.0,""y"":90.1795,""width"":260.0,""height"":165.638}"
C16:IMG:1474,C16,人工智能,1474,rId322,media/image322.png,media/C16/1474_image322.png,165718,fd2d2e15407cd040980fb6226d78de994fb6670ba4e63db474dffd55723840f9,C16:K:1449,knowledge,nearest_ancestor,"{""x"":411.781,""y"":90.1795,""width"":281.562,""height"":174.859}"
C16:IMG:1475,C16,人工智能,1475,rId323,media/image323.png,media/C16/1475_image323.png,134120,141072a075ed59d7e8d37fcaf1f7e78a91ba06553c17802787a7e2d49d7278d1,C16:K:1449,knowledge,nearest_ancestor,"{""x"":686.562,""y"":90.1795,""width"":260.0,""height"":171.959}"
C16:IMG:1476,C16,人工智能,1476,rId324,media/image324.png,media/C16/1476_image324.png,183704,3dd89e7c05474e68bcf1c6cd58b6d309cd02822a572a6c3fcad0515091b967b0,C16:K:1449,knowledge,nearest_ancestor,"{""x"":950.562,""y"":90.1795,""width"":260.0,""height"":173.432}"
C16:IMG:1477,C16,人工智能,1477,rId325,media/image325.png,media/C16/1477_image325.png,117388,b5efff684d77f0c9aa34b037ccf7bf7e79f4f912ead48bda44a5291de648e298,C16:K:1449,knowledge,nearest_ancestor,"{""x"":1214.56,""y"":90.1795,""width"":260.0,""height"":160.196}"
C16:IMG:1502,C16,人工智能,1502,rId326,media/image326.png,media/C16/1502_image326.png,231378,bbc61c5b68eab01ea0b1ab95da5b07730b8bfebb37de0635a8ad63e8d661d695,C16:K:1498,knowledge,nearest_ancestor,"{""x"":137.0,""y"":95.8845,""width"":260.0,""height"":151.092}"
C16:IMG:1503,C16,人工智能,1503,rId327,media/image327.png,media/C16/1503_image327.png,49782,28fca28b64113448d1e790b249a3002b06baa8059061fbb469c99d411236a0b7,C16:K:1498,knowledge,nearest_ancestor,"{""x"":429.173,""y"":95.8845,""width"":316.346,""height"":155.876}"
C16:IMG:1504,C16,人工智能,1504,rId328,media/image328.png,media/C16/1504_image328.png,96367,109db61f06568d23099a475fcbe8f1696e1628bda1ce9f207292ecb58d26db81,C16:K:1498,knowledge,nearest_ancestor,"{""x"":731.842,""y"":95.8845,""width"":280.993,""height"":186.269}"
C16:IMG:1565,C16,人工智能,1565,rId329,media/image329.png,media/C16/1565_image329.png,250476,6898369bd930e13128e0654b344bacd3a33f452121ac13c208220f60cdc72623,C16:K:1545,knowledge,nearest_ancestor,"{""x"":111.5,""y"":68.6105,""width"":209.0,""height"":131.721}"
C16:IMG:1588,C16,人工智能,1588,rId330,media/image330.png,media/C16/1588_image330.png,170058,a575c88524a013fc57c56a6da7c4640eca0a1e12c2ac8d9bd78e7058b1dafddb,C16:K:1584,knowledge,nearest_ancestor,"{""x"":130.834,""y"":113.566,""width"":247.667,""height"":221.631}"
C16:IMG:1593,C16,人工智能,1593,rId331,media/image331.png,media/C16/1593_image331.png,189469,843795e99f981657b7d414caacd1f9a04afbf352ddcb7e009595510a12996db5,C16:K:1589,knowledge,nearest_ancestor,"{""x"":137.0,""y"":113.589,""width"":260.0,""height"":178.226}"
C16:IMG:1594,C16,人工智能,1594,rId332,media/image332.png,media/C16/1594_image332.png,119197,f2ef7ca36b31e5b786efa550f2bbafc3c81928e039503fc5cbcb5d29d4e111fc,C16:K:1589,knowledge,nearest_ancestor,"{""x"":411.5,""y"":113.589,""width"":281.0,""height"":221.678}"
C16:IMG:1595,C16,人工智能,1595,rId333,media/image333.png,media/C16/1595_image333.png,175327,d83433e89329f03d7c7e2a304a8fd4f574a0be4ab53598daa32ca63ea5a3ca51,C16:K:1589,knowledge,nearest_ancestor,"{""x"":700.667,""y"":113.589,""width"":289.333,""height"":220.511}"
C16:IMG:1596,C16,人工智能,1596,rId334,media/image334.png,media/C16/1596_image334.png,37658,06c47f91841f6680ebe4e7acc52a43fa06873f4672c2cd8b5bd5a73c7b3b908d,C16:K:1589,knowledge,nearest_ancestor,"{""x"":1022.13,""y"":113.589,""width"":345.59,""height"":217.037}"
C16:IMG:1926,C16,人工智能,1926,rId335,media/image335.png,media/C16/1926_image335.png,239202,d73de6cc65de77de2789feae46a1311747fb385d53c0b4141cd8b08d56f87657,C16:K:1908,knowledge,nearest_ancestor,"{""x"":147.694,""y"":113.397,""width"":281.387,""height"":179.263}"
C16:IMG:1927,C16,人工智能,1927,rId336,media/image336.png,media/C16/1927_image336.png,40895,b2bf7f61b6b42707adc46591848c421f6bba9075b7c4d7c695a06ced1b933684,C16:K:1908,knowledge,nearest_ancestor,"{""x"":369.63,""y"":113.397,""width"":154.486,""height"":101.55}"
C16:IMG:1928,C16,人工智能,1928,rId337,media/image337.png,media/C16/1928_image337.png,167814,25d46f9a868c206be05e62ac9e3506f25562e0b170b07ef8a112356447979182,C16:K:1908,knowledge,nearest_ancestor,"{""x"":567.039,""y"":113.397,""width"":232.333,""height"":221.294}"
C16:IMG:1977,C16,人工智能,1977,rId338,media/image338.png,media/C16/1977_image338.png,54352,302a8fac046a65c4ccd11e8f878c23f8f28577acbbdc27fb6163f0f2301cd102,C16:K:1975,knowledge,direct,"{""x"":424.633,""y"":43.5148,""width"":263.266,""height"":81.5296}"
C16:IMG:1994,C16,人工智能,1994,rId339,media/image339.png,media/C16/1994_image339.png,78129,391a01b1b9c2593ee5d86119beb8a97b69d81e3e3827937b0b1e93a0a6eaf503,C16:K:1988,knowledge,nearest_ancestor,"{""x"":154.566,""y"":48.1527,""width"":295.133,""height"":80.5204}"
C16:IMG:1995,C16,人工智能,1995,rId340,media/image340.png,media/C16/1995_image340.png,61378,191e4aa5adb3ef183ca155dccb5be3e3208ce395c0ceed746a309c6604fcb0fb,C16:K:1988,knowledge,nearest_ancestor,"{""x"":462.391,""y"":48.1527,""width"":312.516,""height"":90.8054}"
C16:IMG:2086,C16,人工智能,2086,rId341,media/image341.png,media/C16/2086_image341.png,65248,2b8aa3e031bb8c065de4a2019b049853cfb2c226e09e82e843ce16f8cf10c6fd,C16:K:2078,knowledge,nearest_ancestor,"{""x"":173.752,""y"":72.7895,""width"":333.504,""height"":140.079}"
C16:IMG:2089,C16,人工智能,2089,rId342,media/image342.png,media/C16/2089_image342.png,2977,e2483029b22fcb9f4e8d80b0a72a5d45776a963c5f5fd28c821d62ff1f464cea,C16:K:2080,knowledge,nearest_ancestor,"{""x"":30.9666,""y"":12.0,""width"":47.9331,""height"":18.9365}"
C16:IMG:2092,C16,人工智能,2092,rId343,media/image343.png,media/C16/2092_image343.png,3538,40c67b40d48b24c85c2d955f939bde082caf3df9f329458adc48ea261c253df9,C16:K:2082,knowledge,nearest_ancestor,"{""x"":32.9665,""y"":12.0,""width"":51.9331,""height"":17.8695}"
C16:IMG:2109,C16,人工智能,2109,rId344,media/image344.png,media/C16/2109_image344.png,19398,a021e984f5ed333e8fd340f5f7502669db3f4b64b67993e9b2ac61fc0b5a27a0,C16:K:2107,knowledge,direct,"{""x"":363.497,""y"":27.0408,""width"":194.327,""height"":48.5816}"
C16:IMG:2116,C16,人工智能,2116,rId345,media/image345.png,media/C16/2116_image345.png,5771,813c230d087968e7db2038e77d21557f4edbb901dfae62206a0219e4f759070f,C16:K:2114,knowledge,direct,"{""x"":467.931,""y"":18.7073,""width"":76.5296,""height"":31.9145}"
C16:IMG:2121,C16,人工智能,2121,rId346,media/image346.png,media/C16/2121_image346.png,15956,a22f35c8418726f90f8f4821915e853beab72217de9019f96027af334b2f04d4,C16:K:2119,knowledge,direct,"{""x"":459.033,""y"":19.4256,""width"":165.4,""height"":33.3511}"
C16:IMG:2162,C16,人工智能,2162,rId347,media/image347.png,media/C16/2162_image347.png,47399,5d9ace5bcee758c6754fa7df2a7d7d4c7873f094776596f666ffb0c05f332003,C16:K:2158,knowledge,nearest_ancestor,"{""x"":137.0,""y"":56.4215,""width"":260.0,""height"":107.343}"
C16:IMG:2196,C16,人工智能,2196,rId348,media/image348.png,media/C16/2196_image348.png,6001,819fe97950d2935075dc150e4c7e471784502422fa81699603e235354eecb70d,C16:K:2187,knowledge,direct,"{""x"":546.433,""y"":20.75,""width"":74.8665,""height"":33.672}"
C16:IMG:2195,C16,人工智能,2195,rId349,media/image349.png,media/C16/2195_image349.png,76035,cad6bd2843edc176cd1f1025283bb57031d143f864b3eff59fd898c8b4877ece,C16:K:2181,knowledge,nearest_ancestor,"{""x"":161.179,""y"":139.753,""width"":308.358,""height"":274.006}"
C16:IMG:2237,C16,人工智能,2237,rId350,media/image350.png,media/C16/2237_image350.png,71025,a0f2f20b00d78dd2aaf4a9f09063d551fad31ffd963c70238b38037bbea8176e,C16:K:2225,knowledge,nearest_ancestor,"{""x"":189.064,""y"":72.1545,""width"":364.127,""height"":138.809}"
C16:IMG:2238,C16,人工智能,2238,rId351,media/image351.png,media/C16/2238_image351.png,46634,28a0a929ef26ff6c4522fcccf8e73caef3eee3a477bb4383f3be876f99b4b1b4,C16:K:2225,knowledge,nearest_ancestor,"{""x"":602.63,""y"":72.1545,""width"":455.006,""height"":56.3518}"
C16:IMG:2241,C16,人工智能,2241,rId352,media/image352.png,media/C16/2241_image352.png,152997,e5e795e8ebcd6dc4810c035d5ec7e5829daa3fb144a915a9899b39df8d02a077,C16:K:2227,knowledge,nearest_ancestor,"{""x"":236.233,""y"":97.5475,""width"":458.466,""height"":189.595}"
C16:IMG:2274,C16,人工智能,2274,rId353,media/image353.png,media/C16/2274_image353.png,68624,9df71b64e74f696b9727bd2abb0b1f93f3a385dc7843ad6c523ee6847455ee9c,C16:K:2270,knowledge,nearest_ancestor,"{""x"":137.106,""y"":158.786,""width"":260.212,""height"":312.071}"
C16:IMG:2309,C16,人工智能,2309,rId354,media/image354.png,media/C16/2309_image354.png,78758,4a9a2f51c478f24b83cb7f3d8a296521d27f41a6b51fbf3954cb93b164ecd238,C16:K:2305,knowledge,nearest_ancestor,"{""x"":105.166,""y"":45.4628,""width"":196.333,""height"":85.4256}"
C16:IMG:2320,C16,人工智能,2320,rId355,media/image355.png,media/C16/2320_image355.png,23679,fae4c71a5fe3176cf95c79aa41e1ae0972f72196a50138ce8e5a90118b281b25,C16:K:2318,knowledge,direct,"{""x"":588.9,""y"":48.4639,""width"":159.8,""height"":91.4278}"
C16:IMG:2323,C16,人工智能,2323,rId356,media/image356.png,media/C16/2323_image356.png,119757,6aafdebca7ceb73266945692044a4008ae042370c055f7c2d1aa8457a2612315,C16:K:2314,knowledge,nearest_ancestor,"{""x"":242.972,""y"":145.805,""width"":471.945,""height"":286.11}"
C16:IMG:2398,C16,人工智能,2398,rId357,media/image357.png,media/C16/2398_image357.png,115391,b6468eba0d27f133536b8e18ba3cdd533eb5cfa5dc78a5f186031622b3f520c2,C16:K:2394,knowledge,nearest_ancestor,"{""x"":161.266,""y"":93.145,""width"":308.531,""height"":180.79}"
C16:IMG:2399,C16,人工智能,2399,rId358,media/image358.png,media/C16/2399_image358.png,58103,aa38a1d00834887a1efb9a91bb0df1d49481dc807ec4765301609128e7603c3a,C16:K:2394,knowledge,nearest_ancestor,"{""x"":482.832,""y"":93.145,""width"":326.602,""height"":135.162}"
C16:IMG:2404,C16,人工智能,2404,rId359,media/image359.png,media/C16/2404_image359.png,89171,6379fcf2a3bedbdae97c47a11500c54b1bd5263ef3418f1cc81857243a15966b,C16:K:2394,knowledge,nearest_ancestor,"{""x"":198.566,""y"":110.888,""width"":383.133,""height"":216.276}"
C16:IMG:2405,C16,人工智能,2405,rId360,media/image360.png,media/C16/2405_image360.png,61012,b90f6c62f6a5abc33101cf99c47f2acb25f280e1f359e02cf146dc142ad2c74f,C16:K:2394,knowledge,nearest_ancestor,"{""x"":548.749,""y"":110.888,""width"":309.232,""height"":98.1455}"
C16:IMG:2406,C16,人工智能,2406,rId361,media/image361.png,media/C16/2406_image361.png,72556,2f80b6318b902199db9117d84d14e45f1016080374936b9addbd55d60ef9a261,C16:K:2394,knowledge,nearest_ancestor,"{""x"":870.103,""y"":110.888,""width"":325.477,""height"":159.102}"
C16:IMG:2417,C16,人工智能,2417,rId362,media/image362.png,media/C16/2417_image362.png,162760,c67f88b78854d9a1456f2ad9fd1bd48dbf9400180eca60a125f6a605d083e4f5,C16:K:2409,knowledge,nearest_ancestor,"{""x"":167.633,""y"":101.157,""width"":321.266,""height"":196.815}"
C16:IMG:2420,C16,人工智能,2420,rId363,media/image363.png,media/C16/2420_image363.png,24386,627f8ccc0be0a6ed201fd040e34fb2ba52e4adb070fbfe80de781421085f8f61,C16:K:2411,knowledge,nearest_ancestor,"{""x"":137.0,""y"":29.0936,""width"":260.0,""height"":52.6872}"
C16:IMG:2423,C16,人工智能,2423,rId364,media/image364.png,media/C16/2423_image364.png,23924,bc2088c547382b995cc754e490b508fb25c39b5e62d44df0cb3d36c3cb4d7469,C16:K:2413,knowledge,nearest_ancestor,"{""x"":137.0,""y"":22.794,""width"":260.0,""height"":40.0881}"
C16:IMG:2428,C16,人工智能,2428,rId365,media/image365.png,media/C16/2428_image365.png,125650,3adda6ea1b74be0ce1b9e7bc09ed5b65a962e4a4528c9ec05204dae6e111346a,C16:K:2424,knowledge,nearest_ancestor,"{""x"":169.622,""y"":79.9825,""width"":325.244,""height"":154.465}"
C16:IMG:2437,C16,人工智能,2437,rId366,media/image366.png,media/C16/2437_image366.png,41304,17d414d5e0921fd2d21881b393b832214853a3707d7f2b8c60d3483943a0bccd,C16:K:2435,knowledge,direct,"{""x"":187.48,""y"":21.9103,""width"":326.294,""height"":38.3206}"
C16:IMG:2473,C16,人工智能,2473,rId367,media/image367.png,media/C16/2473_image367.png,210476,5a5649f9ab0357dd116a99a9c51880e6906dbbe3a2737df8063ca90dcffa72ce,C16:K:2469,knowledge,nearest_ancestor,"{""x"":174.341,""y"":122.786,""width"":334.682,""height"":240.072}"
C16:IMG:2482,C16,人工智能,2482,rId368,media/image368.png,media/C16/2482_image368.png,81303,9394586223a43b8d80692dd7143822fa8c53d8903ab4ce260828acf087ca2c1e,C16:K:2478,knowledge,nearest_ancestor,"{""x"":112.784,""y"":102.75,""width"":211.567,""height"":200.0}"
C16:IMG:2483,C16,人工智能,2483,rId369,media/image369.png,media/C16/2483_image369.png,131600,90d3a16b82b7681a2077426cc503b75c85e30338287b292e1707a86f444fcf1c,C16:K:2478,knowledge,nearest_ancestor,"{""x"":370.479,""y"":102.75,""width"":295.824,""height"":199.58}"
C16:IMG:2540,C16,人工智能,2540,rId370,media/image370.png,media/C16/2540_image370.png,446023,faee0ad17c13298aa95bf6657ae60ae42dbc52bd7a2c88351d033e8790277a1b,C16:K:2532,knowledge,nearest_ancestor,"{""x"":121.567,""y"":75.737,""width"":229.133,""height"":145.974}"
C16:IMG:2559,C16,人工智能,2559,rId371,media/image371.png,media/C16/2559_image371.png,70815,44495b28c861ceb9fcbebfb6f71956cf8ade41c91827ad88c269a47d44e5a458,C16:K:2524,knowledge,nearest_ancestor,"{""x"":77.9,""y"":59.6175,""width"":141.8,""height"":113.735}"
C16:IMG:2560,C16,人工智能,2560,rId372,media/image372.png,media/C16/2560_image372.png,11093,e5f13913e82c85f56edd2ff3d6ec4ad8f538393995504da0aedbd2f34d4ec25f,C16:K:2524,knowledge,nearest_ancestor,"{""x"":282.8,""y"":59.6175,""width"":260.0,""height"":78.4906}"
C16:IMG:2563,C16,人工智能,2563,rId373,media/image373.png,media/C16/2563_image373.png,187804,9e24553b151789ed6820c110c71a715a5285c62d070ec1943cebabb5e1e73ffd,C16:K:2549,knowledge,nearest_ancestor,"{""x"":144.631,""y"":102.171,""width"":275.261,""height"":172.038}"
C16:IMG:2564,C16,人工智能,2564,rId374,media/image374.png,media/C16/2564_image374.png,95205,af41c9ded0a5069793113825530e83d09d581ebcf1efd73467075a6439f12d15,C16:K:2549,knowledge,nearest_ancestor,"{""x"":464.5,""y"":102.171,""width"":356.478,""height"":198.841}"
C16:IMG:2567,C16,人工智能,2567,rId375,media/image375.png,media/C16/2567_image375.png,34506,0c1bc103963ea86d92608066f6ec7c0d5e44989274191d211ae43333df925a95,C16:K:2551,knowledge,nearest_ancestor,"{""x"":114.879,""y"":32.5648,""width"":215.757,""height"":59.6297}"
C16:IMG:2570,C16,人工智能,2570,rId376,media/image376.png,media/C16/2570_image376.png,73416,1cae509c8448dd737810b4dc71c6bffdefabc657208ced2fb4867402f0fb052d,C16:K:2553,knowledge,nearest_ancestor,"{""x"":151.835,""y"":83.611,""width"":289.67,""height"":158.837}"
C16:IMG:2571,C16,人工智能,2571,rId377,media/image377.png,media/C16/2571_image377.png,82701,1f54f192a3f3b5ce69cb84ee2f6773bc7c2eb729ee6ec46fcccd330384824066,C16:K:2553,knowledge,nearest_ancestor,"{""x"":434.402,""y"":83.611,""width"":267.463,""height"":161.722}"
C16:IMG:2574,C16,人工智能,2574,rId378,media/image378.png,media/C16/2574_image378.png,81743,9306c2b1efcb6898263a0b5a58f55c812b1e7af1cba83c2f35e13f2b54502b91,C16:K:2555,knowledge,nearest_ancestor,"{""x"":137.66,""y"":75.706,""width"":261.32,""height"":145.912}"
C16:IMG:2592,C16,人工智能,2592,rId379,media/image379.png,media/C16/2592_image379.png,162913,2b950d5be9073cf90e79c41172d62e4c18f4c53e34e67e020dd107c8728ed3a9,C16:K:2587,knowledge,nearest_ancestor,"{""x"":100.033,""y"":74.605,""width"":186.066,""height"":143.71}"
C16:IMG:2599,C16,人工智能,2599,rId380,media/image380.png,media/C16/2599_image380.png,217151,5cc38b6dbcd7db1851de971ae82cf7cb9204e4ade2c94e58e55e62075f0ead4b,C16:K:2595,knowledge,nearest_ancestor,"{""x"":137.0,""y"":74.7625,""width"":260.0,""height"":144.025}"
C16:IMG:2630,C16,人工智能,2630,rId381,media/image381.png,media/C16/2630_image381.png,259917,a168e1c3b9dc4bf39d590d418c2254f401a0007d2acd99d0d4d17f7015641d1f,C16:K:2622,knowledge,nearest_ancestor,"{""x"":150.566,""y"":84.2295,""width"":287.133,""height"":162.959}"
C16:IMG:2633,C16,人工智能,2633,rId382,media/image382.png,media/C16/2633_image382.png,71370,a6ff7dd6e27999db7c9517b97e086a8b4e406514855195ac5136d6a59ebffee8,C16:K:2624,knowledge,nearest_ancestor,"{""x"":179.579,""y"":92.0335,""width"":345.158,""height"":178.567}"
C16:IMG:2650,C16,人工智能,2650,rId383,media/image383.png,media/C16/2650_image383.png,108626,aa0103b95ee745928bf164c7eac7134c085af266ea6c6f4affd00d5f691bf608,C16:K:2648,knowledge,direct,"{""x"":477.667,""y"":40.3816,""width"":260.0,""height"":75.2632}"
C16:IMG:2656,C16,人工智能,2656,rId384,media/image384.png,media/C16/2656_image384.png,66728,f9b3004163f3af9d67d26b1a6891e2a74e11232be3373792bcf52371c65269ae,C16:K:2644,knowledge,nearest_ancestor,"{""x"":190.5,""y"":121.919,""width"":366.999,""height"":215.388}"
C16:IMG:2657,C16,人工智能,2657,rId385,media/image385.png,media/C16/2657_image385.png,133840,29fba944f6a54ad98f3ce9461106cea39983a8787dad37b124fc24a9d0d5dc5d,C16:K:2644,knowledge,nearest_ancestor,"{""x"":558.37,""y"":121.919,""width"":360.742,""height"":238.339}"
C16:IMG:2661,C16,人工智能,2661,rId386,media/image386.png,media/C16/2661_image386.png,61486,49c54bc7f1fd7fdb448684d87409b09c58e00234ff6b4b692cccd82fc8e00486,C16:K:2646,knowledge,nearest_ancestor,"{""x"":105.184,""y"":81.6215,""width"":196.369,""height"":155.591}"
C16:IMG:2666,C16,人工智能,2666,rId387,media/image387.png,media/C16/2666_image387.png,102530,f65a5babaecc19017f24da1c78a4bd93725dbb580cc7c9151bde2dfd45288c3d,C16:K:2646,knowledge,nearest_ancestor,"{""x"":337.369,""y"":81.6215,""width"":260.0,""height"":157.743}"
C16:IMG:2703,C16,人工智能,2703,rId388,media/image388.png,media/C16/2703_image388.png,14395,a921713e76e9e375de0067dccebc866ea0159d4f0b33a7858a45c7b344a91d55,C16:K:2701,knowledge,direct,"{""x"":417.613,""y"":13.9548,""width"":355.893,""height"":22.4095}"
C16:IMG:2708,C16,人工智能,2708,rId389,media/image389.png,media/C16/2708_image389.png,9950,7621d44cf225c7dc0f0a08c5cff3141a109f5dcd79fe14911ac879f474270c0e,C16:K:2706,knowledge,direct,"{""x"":206.633,""y"":11.75,""width"":147.266,""height"":17.5237}"
C16:IMG:2711,C16,人工智能,2711,rId390,media/image390.png,media/C16/2711_image390.png,8212,8691ef9ad8eb6c81c9071db640db74e30487eef42f3d06261989aacf2259239d,C16:K:2695,knowledge,nearest_ancestor,"{""x"":80.78,""y"":12.0,""width"":147.56,""height"":17.6086}"
C16:IMG:2718,C16,人工智能,2718,rId391,media/image391.png,media/C16/2718_image391.png,200550,897ebf07fc73fa1a2c3a2756eb804e5bf287e9467abd598dc57bb2b012e84a8c,C16:K:2714,knowledge,nearest_ancestor,"{""x"":186.105,""y"":139.47,""width"":358.21,""height"":273.439}"
C16:IMG:2767,C16,人工智能,2767,rId392,media/image392.png,media/C16/2767_image392.png,94115,f620481da2fcc3ab995d00bf5d2c695e5b0675b1812304c320b0c2d6d0cb096c,C16:K:2763,knowledge,nearest_ancestor,"{""x"":171.665,""y"":87.8005,""width"":329.329,""height"":170.101}"
C16:IMG:2776,C16,人工智能,2776,rId393,media/image393.png,media/C16/2776_image393.png,24282,d114357cd3d0c9da6ef5bed4a938d2fda84b197c895363e35e35062b41c2069a,C16:K:2768,knowledge,nearest_ancestor,"{""x"":61.5,""y"":65.4015,""width"":109.0,""height"":125.303}"
C16:IMG:2777,C16,人工智能,2777,rId394,media/image394.png,media/C16/2777_image394.png,17120,f3e21664435382c6b402ef6a2efcb9fa3875ee556a1f942257e9fbd17caf3f96,C16:K:2768,knowledge,nearest_ancestor,"{""x"":229.185,""y"":65.4015,""width"":218.371,""height"":73.184}"
C16:IMG:2778,C16,人工智能,2778,rId395,media/image395.png,media/C16/2778_image395.png,22388,537698a5070742f97cb7e528574cf7fe73b42e42d6555111a88b7a75f0304f43,C16:K:2768,knowledge,nearest_ancestor,"{""x"":448.852,""y"":65.4015,""width"":212.962,""height"":58.2631}"
C16:IMG:2779,C16,人工智能,2779,rId396,media/image396.png,media/C16/2779_image396.png,17424,8cf2a497ee4f82722ab2bf709b5e095874bbda965ca5585dffb7b7135bed0d5c,C16:K:2768,knowledge,nearest_ancestor,"{""x"":672.333,""y"":65.4015,""width"":226.0,""height"":63.4897}"
C16:IMG:2782,C16,人工智能,2782,rId397,media/image397.png,media/C16/2782_image397.png,54421,18c7162f0e0fc68761e0a2d8cef05963bb81ce2cfeda7d17a8202fa23442e396,C16:K:2770,knowledge,nearest_ancestor,"{""x"":197.749,""y"":52.2713,""width"":381.497,""height"":99.0425}"
C16:IMG:2783,C16,人工智能,2783,rId398,media/image398.png,media/C16/2783_image398.png,7817,1b0d7f6ff3b97383e77c1c5e4bf2ec1f498ab6c9472d4674f95eb7313b76cd02,C16:K:2770,knowledge,nearest_ancestor,"{""x"":522.497,""y"":52.2713,""width"":260.0,""height"":32.1649}"
C16:IMG:2786,C16,人工智能,2786,rId399,media/image399.png,media/C16/2786_image399.png,34335,ce877a846927afca6a16329b675b09283b831d82bc8a56b4beec944ed4371c29,C16:K:2772,knowledge,nearest_ancestor,"{""x"":136.167,""y"":54.464,""width"":258.333,""height"":103.428}"
C16:IMG:2787,C16,人工智能,2787,rId400,media/image400.png,media/C16/2787_image400.png,36080,c559937dc9c80f5411fbb25d0e6498033c03d9fdb3c5a35993971f2418a3e66e,C16:K:2772,knowledge,nearest_ancestor,"{""x"":379.667,""y"":54.464,""width"":220.667,""height"":100.261}"
C16:IMG:2802,C16,人工智能,2802,rId401,media/image401.png,media/C16/2802_image401.png,51022,a6a55c856f88df6be0f4946b18733d13e98408cf85b2e98370b309670555e93d,C16:K:2757,knowledge,nearest_ancestor,"{""x"":160.474,""y"":95.032,""width"":306.948,""height"":184.564}"
C16:IMG:2803,C16,人工智能,2803,rId402,media/image402.png,media/C16/2803_image402.png,97631,f8c3615c3ea5eff3d52825212f73eda1cc05e0a2616997404172faa74f6aa805,C16:K:2757,knowledge,nearest_ancestor,"{""x"":518.64,""y"":95.032,""width"":401.385,""height"":184.138}"
C16:IMG:2808,C16,人工智能,2808,rId403,media/image403.png,media/C16/2808_image403.png,31100,087166dd6df318c595c3871ef69e6dcaac2a434a1ef4e06e222356f1ca31659e,C16:K:2804,knowledge,nearest_ancestor,"{""x"":180.807,""y"":42.7769,""width"":347.614,""height"":73.0282}"
C16:IMG:2809,C16,人工智能,2809,rId404,media/image404.png,media/C16/2809_image404.png,70154,c3ce001911cd4236531328d0166c01079f7fdc4f05e4ba3766b6a324669ddab7,C16:K:2804,knowledge,nearest_ancestor,"{""x"":501.447,""y"":42.7769,""width"":285.666,""height"":80.0538}"
C16:IMG:2826,C16,人工智能,2826,rId405,media/image405.png,media/C16/2826_image405.png,164381,1b87614b933bc363f962111882b16f2d9b0f3ab58750b237f8e61fe46b9301b7,C16:K:2816,knowledge,nearest_ancestor,"{""x"":126.784,""y"":82.652,""width"":239.569,""height"":159.804}"
C16:IMG:2839,C16,人工智能,2839,rId406,media/image406.png,media/C16/2839_image406.png,53767,8471c14704d6b37f3c29e6edd812eefb949db4f89bbc3abf334ad70ca5fe59b2,C16:K:2824,knowledge,nearest_ancestor,"{""x"":137.0,""y"":86.2315,""width"":260.0,""height"":126.228}"
C16:IMG:2840,C16,人工智能,2840,rId407,media/image407.png,media/C16/2840_image407.png,109641,d200e91e062bd1fa7687a32d13f3b007fed997e6a55fef514d63244fea169b88,C16:K:2824,knowledge,nearest_ancestor,"{""x"":401.0,""y"":86.2315,""width"":260.0,""height"":159.112}"
C16:IMG:2841,C16,人工智能,2841,rId408,media/image408.png,media/C16/2841_image408.png,117615,779e513f6c3b332a316118c992deba96c345430bd270102741b17f82619552c8,C16:K:2824,knowledge,nearest_ancestor,"{""x"":665.0,""y"":86.2315,""width"":260.0,""height"":164.891}"
C16:IMG:2842,C16,人工智能,2842,rId409,media/image409.png,media/C16/2842_image409.png,110062,15afd2885fedcf9c01514d71d18d5fdc6bf7d46ff09e577d5088940e6a673533,C16:K:2824,knowledge,nearest_ancestor,"{""x"":929.0,""y"":86.2315,""width"":260.0,""height"":160.0}"
C16:IMG:2843,C16,人工智能,2843,rId410,media/image410.png,media/C16/2843_image410.png,75709,8e77bfb90fcdc9f59c25423e478615a13be78fcf8ea5234844a29d2eac139fe9,C16:K:2824,knowledge,nearest_ancestor,"{""x"":1193.0,""y"":86.2315,""width"":260.0,""height"":166.963}"
C16:IMG:2833,C16,人工智能,2833,rId411,media/image411.png,media/C16/2833_image411.png,60232,1d54e231107adc52a4958ad0b67ab52b4772e2b382915f1d5e0af49eaa88bb91,C16:K:2820,knowledge,nearest_ancestor,"{""x"":73.5105,""y"":68.8895,""width"":133.021,""height"":132.279}"
C16:IMG:2834,C16,人工智能,2834,rId412,media/image412.png,media/C16/2834_image412.png,22399,3f19d88dc806b6a15c1482268b9f2d80edba37e59b73f0c3af896fbbb232b528,C16:K:2820,knowledge,nearest_ancestor,"{""x"":210.014,""y"":68.8895,""width"":131.986,""height"":26.3971}"
C16:IMG:2835,C16,人工智能,2835,rId413,media/image413.png,media/C16/2835_image413.png,16875,01d7bceca5a2b27b6cc7ed7b8d7f65a87e74e0e69fa483062ec0481b56e25768,C16:K:2820,knowledge,nearest_ancestor,"{""x"":373.846,""y"":68.8895,""width"":187.679,""height"":57.0052}"
C16:IMG:2836,C16,人工智能,2836,rId414,media/image414.png,media/C16/2836_image414.png,116949,0d044a2ca05bd8ab2187f762a3e2b7236e6a9dec571eefa7b6c2ce7b8addf673,C16:K:2822,knowledge,nearest_ancestor,"{""x"":144.944,""y"":94.5125,""width"":275.887,""height"":183.525}"
C16:IMG:2837,C16,人工智能,2837,rId415,media/image415.png,media/C16/2837_image415.png,103840,65cc99987eb1ef75bcf7ee4f43122a80b051da40ecab81995e5b90a56081c259,C16:K:2822,knowledge,nearest_ancestor,"{""x"":430.258,""y"":94.5125,""width"":286.742,""height"":180.913}"
C16:IMG:2838,C16,人工智能,2838,rId416,media/image416.png,media/C16/2838_image416.png,52421,2ddff00e5e69a1afc08f19c8f4687debe18c48ebc8e671cf5a6432f990664167,C16:K:2822,knowledge,nearest_ancestor,"{""x"":707.629,""y"":94.5125,""width"":260.0,""height"":122.255}"
C16:IMG:2858,C16,人工智能,2858,rId417,media/image417.png,media/C16/2858_image417.png,187010,f94672720d87710f5b2639e328570477a5710272eb5068f8abc2c66c243f4da0,C16:K:2844,knowledge,nearest_ancestor,"{""x"":115.567,""y"":107.112,""width"":217.133,""height"":144.1}"
C16:IMG:2859,C16,人工智能,2859,rId418,media/image418.png,media/C16/2859_image418.png,158810,2551ffdc755f937675c13bc4685a9c14e7e262dbf08b6fc5f958882ee276477a,C16:K:2844,knowledge,nearest_ancestor,"{""x"":371.706,""y"":107.112,""width"":287.146,""height"":208.555}"
C16:IMG:2860,C16,人工智能,2860,rId419,media/image419.png,media/C16/2860_image419.png,153557,ffb285247b0e339c2e940ad562648166be681e31ae2bfe3de36240b38d157818,C16:K:2844,knowledge,nearest_ancestor,"{""x"":678.625,""y"":107.112,""width"":318.692,""height"":177.382}"
C16:IMG:2861,C16,人工智能,2861,rId420,media/image420.png,media/C16/2861_image420.png,120670,9370e33acd31d9d590c3dd3f772c7cc7dd1d0bdc42af000f29d41e7b23d8a647,C16:K:2844,knowledge,nearest_ancestor,"{""x"":1008.4,""y"":107.112,""width"":332.862,""height"":208.725}"
C16:IMG:2862,C16,人工智能,2862,rId421,media/image421.png,media/C16/2862_image421.png,154425,04ba47bca3e07d0ba6b4e3b1a5df6e3e034cb69a9dd60865a7b4c192508f8baf,C16:K:2844,knowledge,nearest_ancestor,"{""x"":1309.85,""y"":107.112,""width"":262.033,""height"":173.6}"
C16:IMG:2919,C16,人工智能,2919,rId422,media/image422.png,media/C16/2919_image422.png,105737,0d2935dc96e8216d9f91e35aba0b69a75b0638862a6d48428db207cb896faa76,C16:K:2883,knowledge,nearest_ancestor,"{""x"":102.5,""y"":54.639,""width"":191.0,""height"":103.778}"
C16:IMG:2924,C16,人工智能,2924,rId423,media/image423.png,media/C16/2924_image423.png,78872,a4c99f72e106d483dfffe10f2008ed57f7ae91b4e2991fa27dc8e49fa80ceea2,C16:K:2920,knowledge,nearest_ancestor,"{""x"":137.0,""y"":96.7335,""width"":260.0,""height"":137.133}"
C16:IMG:2926,C16,人工智能,2926,rId424,media/image424.png,media/C16/2926_image424.png,254600,2eeaeb353c6ec7023ce3c5d167df4a4a99f7a5a9010a94ddc2215a5941277c69,C16:K:2920,knowledge,nearest_ancestor,"{""x"":399.159,""y"":96.7335,""width"":256.319,""height"":187.967}"
C16:IMG:2941,C16,人工智能,2941,rId425,media/image425.png,media/C16/2941_image425.png,174958,2dd0dbe2977fe51be4f9fee79a3f503a0bd66d9ad89b49d53210069788355dc3,C16:K:2931,knowledge,nearest_ancestor,"{""x"":147.137,""y"":76.7165,""width"":280.274,""height"":147.933}"
C16:IMG:2944,C16,人工智能,2944,rId426,media/image426.png,media/C16/2944_image426.png,131295,b03b2d372cd75ace77b4d9f57526b60e0e9575bc9e12a14f9f949bf8286bec6b,C16:K:2933,knowledge,nearest_ancestor,"{""x"":92.2525,""y"":63.8235,""width"":170.505,""height"":122.147}"
C16:IMG:2947,C16,人工智能,2947,rId427,media/image427.png,media/C16/2947_image427.png,170045,0a62fa0c6f4dbc36068704cc7066f5a5b90fb9c88308519788dd6d0e4a79bb84,C16:K:2935,knowledge,nearest_ancestor,"{""x"":101.9,""y"":71.5155,""width"":189.8,""height"":137.531}"
C16:IMG:2962,C16,人工智能,2962,rId428,media/image428.png,media/C16/2962_image428.png,101213,3fb56969a137c51b0cdb1aed386303137b4ac853fef9eb667adff2a4c7620b65,C16:K:2958,knowledge,nearest_ancestor,"{""x"":156.873,""y"":69.031,""width"":299.745,""height"":132.562}"
C16:IMG:2993,C16,人工智能,2993,rId429,media/image429.png,media/C16/2993_image429.png,130244,90032198b66db2d98ffbdbcad0e0db18955486698d9105cdcae9de2e0d91d7f7,C16:K:2989,knowledge,nearest_ancestor,"{""x"":223.933,""y"":94.0015,""width"":433.865,""height"":182.503}"
C16:IMG:3008,C16,人工智能,3008,rId430,media/image430.png,media/C16/3008_image430.png,27281,04e3c89c5354bcff59fd85c6aec11dcf115c11c410b05ec9849b0384ebcb84c2,C16:K:2994,knowledge,nearest_ancestor,"{""x"":105.646,""y"":19.4382,""width"":197.292,""height"":33.3764}"
C16:IMG:3011,C16,人工智能,3011,rId431,media/image431.png,media/C16/3011_image431.png,17479,0c0e0ac51bf5486f564b9153516ac0e8f93bc8c135b047795be2774c87d9aee1,C16:K:3009,knowledge,direct,"{""x"":431.742,""y"":20.75,""width"":116.151,""height"":35.3504}"
C16:IMG:3026,C16,人工智能,3026,rId432,media/image432.png,media/C16/3026_image432.png,92194,a7fa6361833cb95633ffbe234ea32e2ca43004b9400b3a6c3b0024e9242d4a5a,C16:K:3022,knowledge,nearest_ancestor,"{""x"":117.433,""y"":44.559,""width"":220.867,""height"":83.618}"
C16:IMG:3029,C16,人工智能,3029,rId433,media/image433.png,media/C16/3029_image433.png,93776,570703aa398555b47b52c0383bdce7e866d04a64fee4c23ddd400a2e1d7ae6ca,C16:K:3027,knowledge,direct,"{""x"":419.167,""y"":32.3413,""width"":223.0,""height"":59.1825}"
C16:IMG:3040,C16,人工智能,3040,rId434,media/image434.png,media/C16/3040_image434.png,192597,cb57c765ffed202560428079baed784f1d811e4851a02ec3bf47de2977a333b4,C16:K:3036,knowledge,nearest_ancestor,"{""x"":148.457,""y"":77.3735,""width"":282.914,""height"":149.247}"
C16:IMG:3075,C16,人工智能,3075,rId435,media/image435.png,media/C16/3075_image435.png,166388,7beebea68d393169b1513e951161b0ee2442b1714365cf53c73cfdc88febc494,C16:K:3055,knowledge,nearest_ancestor,"{""x"":175.3,""y"":107.904,""width"":336.601,""height"":210.308}"
C16:IMG:3104,C16,人工智能,3104,rId436,media/image436.png,media/C16/3104_image436.png,53945,38b3dee0b6785fa850bbed8e6ff681d4df13656efd03ce854950490ddab101d1,C16:K:3094,knowledge,nearest_ancestor,"{""x"":110.766,""y"":66.5975,""width"":207.533,""height"":127.695}"
C16:IMG:3147,C16,人工智能,3147,rId437,media/image437.png,media/C16/3147_image437.png,135768,9e59d08fb661259fd291eec97be97ae42d06f2f41d36d4a7df8f8389ee574919,C16:K:3098,knowledge,nearest_ancestor,"{""x"":107.433,""y"":59.537,""width"":200.866,""height"":110.705}"
C16:IMG:3148,C16,人工智能,3148,rId438,media/image438.png,media/C16/3148_image438.png,87528,ada72875779c0d5c2c1c3a7861ebd722ee9835f31ef30fce4057f15942593f32,C16:K:3098,knowledge,nearest_ancestor,"{""x"":305.422,""y"":59.537,""width"":187.112,""height"":113.574}"
C16:IMG:3155,C16,人工智能,3155,rId439,media/image439.png,media/C16/3155_image439.png,74819,9755021693a17c27f0391631110a04068b035884359f35d92355edae5f6d855a,C16:K:3153,knowledge,direct,"{""x"":407.833,""y"":39.8822,""width"":263.0,""height"":74.2643}"
C16:IMG:3164,C16,人工智能,3164,rId440,media/image440.png,media/C16/3164_image440.png,76058,0c998c38d0ccc2f3a4056bd31e1b5b636d495714291fb14b268650b78f37fe14,C16:K:3158,knowledge,nearest_ancestor,"{""x"":131.704,""y"":30.7404,""width"":249.407,""height"":55.9808}"
C16:IMG:3198,C16,人工智能,3198,rId441,media/image441.png,media/C16/3198_image441.png,33086,f23b8bdfae11db89fb9a42d3a01a64f7044b6f938d03161b1cc9dda8ee669947,C16:K:3193,knowledge,nearest_ancestor,"{""x"":114.233,""y"":53.7765,""width"":214.466,""height"":102.053}"
C16:IMG:3231,C16,人工智能,3231,rId442,media/image442.png,media/C16/3231_image442.png,236117,1a59a1294ccb39502a9d1fb61f2aac2cef32a150a2fe3310c7180f28b6d21dcc,C16:K:3227,knowledge,nearest_ancestor,"{""x"":145.167,""y"":78.7635,""width"":276.334,""height"":152.027}"
C16:IMG:3234,C16,人工智能,3234,rId443,media/image443.png,media/C16/3234_image443.png,212448,a8704bd28184eb00c83436c339855aeca53a660349c8b14f8bb2a6ff8401cbe6,C16:K:3211,knowledge,nearest_ancestor,"{""x"":168.627,""y"":96.4765,""width"":323.254,""height"":187.453}"
C16:IMG:3270,C16,人工智能,3270,rId444,media/image444.png,media/C16/3270_image444.png,128809,1f2d669853defc107072ffebbb966c5d3f6d1ec33b1f017a3f22a37923a803a8,C16:K:3260,knowledge,nearest_ancestor,"{""x"":160.047,""y"":108.081,""width"":306.094,""height"":210.661}"
C16:IMG:3353,C16,人工智能,3353,rId445,media/image445.png,media/C16/3353_image445.png,220239,429e69b18d8a59e619e57ebe4b0233584f4d01e1f6c96bd57598145db68ccd0d,C16:K:3345,knowledge,nearest_ancestor,"{""x"":153.173,""y"":70.1345,""width"":292.345,""height"":134.769}"
C16:IMG:3422,C16,人工智能,3422,rId446,media/image446.png,media/C16/3422_image446.png,194521,1d17bbffd320b7a2a508ae8f490a94f94df901f54597e90aab73e3ae6781f96a,C16:K:3390,knowledge,nearest_ancestor,"{""x"":137.0,""y"":65.214,""width"":260.0,""height"":124.928}"
C16:IMG:3437,C16,人工智能,3437,rId447,media/image447.png,media/C16/3437_image447.png,231052,86e1c6384c6ee4b451f86d733a91cf334a9c872104df19eb5108df76f2846630,C16:K:3433,knowledge,nearest_ancestor,"{""x"":148.975,""y"":75.15,""width"":283.95,""height"":144.8}"
C16:IMG:4117,C16,人工智能,4117,rId448,media/image448.png,media/C16/4117_image448.png,48799,757b4a42921357f7518814b1485146dac6387c15b0deda920c47eaee741dfe54,C16:K:4111,knowledge,nearest_ancestor,"{""x"":229.111,""y"":128.833,""width"":444.222,""height"":252.166}"
C16:IMG:4138,C16,人工智能,4138,rId449,media/image449.png,media/C16/4138_image449.png,29026,8170d8d96662d246cc487b3ca677055f0b5958c4dd96aa1e684db0804f99867c,C16:K:4091,knowledge,nearest_ancestor,"{""x"":87.5665,""y"":56.6095,""width"":161.133,""height"":107.719}"
C16:IMG:5110,C16,人工智能,5110,rId450,media/image450.png,media/C16/5110_image450.png,32061,ddd4deb4f335c86c2dd788fe886b4c5786ca9541ae1a97c2dc87e9131b19ff13,C16:K:5104,knowledge,nearest_ancestor,"{""x"":114.453,""y"":17.2148,""width"":214.906,""height"":28.9297}"
C16:IMG:5113,C16,人工智能,5113,rId451,media/image451.png,media/C16/5113_image451.png,30413,7458dfd9e8a6f577f55188d35ac9a3e72f6153bf60825e83f6966ca66a0e0221,C16:K:5106,knowledge,nearest_ancestor,"{""x"":127.904,""y"":19.2926,""width"":241.809,""height"":33.0853}"
C16:IMG:5126,C16,人工智能,5126,rId452,media/image452.png,media/C16/5126_image452.png,62493,b29f1a7c5974758a2094a282f3faaa1c8d0becc1d8fe00e2eee2d02e679feca0,C16:K:5098,knowledge,nearest_ancestor,"{""x"":97.2445,""y"":71.928,""width"":180.489,""height"":71.5078}"
C16:IMG:5127,C16,人工智能,5127,rId453,media/image453.png,media/C16/5127_image453.png,74984,f2d46cb31349fe61317b4a85bad8847aee07e8934caa78cdfc237ae367083e2a,C16:K:5098,knowledge,nearest_ancestor,"{""x"":267.007,""y"":71.928,""width"":151.035,""height"":134.67}"
C16:IMG:5128,C16,人工智能,5128,rId454,media/image454.png,media/C16/5128_image454.png,104461,6a50472f130198409136a21466e37662c5d7394f3a168badaadfeba132dbb68f,C16:K:5098,knowledge,nearest_ancestor,"{""x"":447.548,""y"":71.928,""width"":202.049,""height"":138.356}"
C16:IMG:5227,C16,人工智能,5227,rId455,media/image455.png,media/C16/5227_image455.png,87460,e0e2c58751822cc3f08b7d3106a4c69d1e250985130e9b2255eb8d4f6704c4d0,C16:K:5223,knowledge,nearest_ancestor,"{""x"":142.482,""y"":56.986,""width"":270.965,""height"":108.472}"
C16:IMG:5547,C16,人工智能,5547,rId456,media/image456.png,media/C16/5547_image456.png,75335,736a8eae7654a6063a16e7edefa790706f111b6803b987586c29864018fd8b77,C16:K:1205,knowledge,nearest_ancestor,"{""x"":82.2615,""y"":97.6095,""width"":150.523,""height"":131.464}"
C16:IMG:5548,C16,人工智能,5548,rId457,media/image457.png,media/C16/5548_image457.png,94562,31e29e8a90fce6b76470102bd96305b2bf0f9d448c09f04f53ac2c59b777a4f4,C16:K:1205,knowledge,nearest_ancestor,"{""x"":320.636,""y"":97.6095,""width"":318.227,""height"":187.411}"
C16:IMG:5552,C16,人工智能,5552,rId458,media/image458.png,media/C16/5552_image458.png,100847,be3653db5372dfe6f4836e36794540d2a2b04e7b1104dccdf832140ebdac580e,C16:K:1205,knowledge,nearest_ancestor,"{""x"":610.014,""y"":97.6095,""width"":252.528,""height"":189.719}"
C16:IMG:5577,C16,人工智能,5577,rId459,media/image459.png,media/C16/5577_image459.png,35171,dcba0caef2b998f3ac4e0935b9cc5eac68f78a31a7d6aafedc4567ca5080fc6d,C16:K:2996,knowledge,nearest_ancestor,"{""x"":81.9495,""y"":36.0386,""width"":149.899,""height"":66.5773}"
C16:IMG:5582,C16,人工智能,5582,rId460,media/image460.png,media/C16/5582_image460.png,202566,32583e3711cdf8de55c3ae9998bc74862ab87a5b5fee846cc7e112e71a95c730,C16:K:5578,knowledge,nearest_ancestor,"{""x"":404.644,""y"":105.368,""width"":795.287,""height"":205.235}"
C16:IMG:5735,C16,人工智能,5735,rId461,media/image461.png,media/C16/5735_image461.png,19444,06fe390d81041f98a8dfd0bc23f3deb977ab1f932041f385871ff3f7fa84ae8f,C16:K:5731,knowledge,nearest_ancestor,"{""x"":149.993,""y"":43.9907,""width"":285.987,""height"":82.4813}"
C16:IMG:5750,C16,人工智能,5750,rId462,media/image462.png,media/C16/5750_image462.png,64877,7abddd3dd7e04697be8dfbee6ebc26d9b3dd20492f7fe4aae8c204b51c7c9077,C16:K:5742,knowledge,nearest_ancestor,"{""x"":141.0,""y"":77.25,""width"":268.0,""height"":149.0}"
C16:IMG:5753,C16,人工智能,5753,rId463,media/image463.png,media/C16/5753_image463.png,43784,194541bf02b4565820544fc3112523415b637db824145f9838e06067b1a93cc3,C16:K:5746,knowledge,nearest_ancestor,"{""x"":113.5,""y"":25.9456,""width"":213.0,""height"":46.3911}"
C16:IMG:5805,C16,人工智能,5805,rId464,media/image464.png,media/C16/5805_image464.png,52090,7f0a2529d14afc1682e3d24bc479d6f74b1c411daa86a2a167f059bfdc7cbbef,C16:K:5800,knowledge,nearest_ancestor,"{""x"":172.0,""y"":63.25,""width"":330.0,""height"":121.0}"
C17:IMG:155,C17,云计算,155,rId526,media/img1635836348800.png,media/C17/155_img1635836348800.png,251508,7bfc4a76ba3a88773ff62fceb8ba84ec47b4cc45bd591507fd300bbd1900a96e,C17:ANCH:154,structural_anchor,direct,"{""x"":148.0,""y"":78.284,""width"":260.0,""height"":140.368}"
C17:IMG:1739,C17,云计算,1739,rId828,media/img1635836349195.png,media/C17/1739_img1635836349195.png,129007,a48a1a149f17bb14393b009d638f3c14ab6a1fa932aba3437f9c272d5f7b4086,C17:K:1072,knowledge,direct,"{""x"":139.0,""y"":78.75,""width"":264.0,""height"":152.0}"
C17:IMG:1687,C17,云计算,1687,rId1045,media/img1635836349465.png,media/C17/1687_img1635836349465.png,147691,8b1785c88c458f772133f4cd7cc053f9441863402daf192fac1abbb5111e7644,C17:K:978,knowledge,nearest_ancestor,"{""x"":137.0,""y"":80.3145,""width"":260.0,""height"":155.129}"
C17:IMG:1744,C17,云计算,1744,rId1046,media/img1635836349466.png,media/C17/1744_img1635836349466.png,157964,40573d2c5e811bd52a13643fc50e025e0e64fbf8d62928db928e28154cfd3288,C17:ANCH:1743,structural_anchor,direct,"{""x"":120.361,""y"":108.1,""width"":204.722,""height"":200.0}"
C17:IMG:1755,C17,云计算,1755,rId1048,media/img1635836349469.png,media/C17/1755_img1635836349469.png,204179,96333da732aa7323a9c7677d84eb4e1e40796651604d467b2f9e4f10ffb28a13,C17:K:1024,knowledge,nearest_ancestor,"{""x"":137.0,""y"":86.284,""width"":260.0,""height"":167.068}"
C18:IMG:231,C18,物联网技术,231,rId262,media/image262.png,media/C18/231_image262.png,192048,556831ed1296fc50c58a54876291c4f5e1d262ef3c14978df4c1a5e8daecbb37,C18:K:225,knowledge,nearest_ancestor,"{""x"":169.5,""y"":64.25,""width"":325.0,""height"":123.0}"
C18:IMG:293,C18,物联网技术,293,rId268,media/image268.png,media/C18/293_image268.png,55195,22ea4e0c6269537c46dd8f0bc79eb91812ba99b657327e81ffd4bea0a09032f8,C18:K:289,knowledge,nearest_ancestor,"{""x"":157.507,""y"":45.0675,""width"":301.013,""height"":84.635}"
C18:IMG:298,C18,物联网技术,298,rId269,media/image269.png,media/C18/298_image269.png,25298,d28938370e71cd7c713507f388171aab96dd93ddf4c15d38fe96ba509c087e92,C18:K:294,knowledge,nearest_ancestor,"{""x"":132.84,""y"":33.6635,""width"":251.68,""height"":61.8271}"
C18:IMG:482,C18,物联网技术,482,rId283,media/img1637714936992.png,media/C18/482_img1637714936992.png,122084,9a26b631d0a74f642687a8449d5a2a39cc6aa20332a68a270316082676c898f1,C18:K:478,knowledge,nearest_ancestor,"{""x"":120.74,""y"":68.7366,""width"":227.48,""height"":131.973}"
C18:IMG:515,C18,物联网技术,515,rId285,media/img1637714937004.png,media/C18/515_img1637714937004.png,113260,aa03b698ffe8cc6db2c5a50b546eef7cc824fe348181d679b219dc81d60d93f0,C18:K:511,knowledge,nearest_ancestor,"{""x"":141.147,""y"":75.2484,""width"":268.293,""height"":144.997}"
C18:IMG:526,C18,物联网技术,526,rId287,media/img1637714937017.png,media/C18/526_img1637714937017.png,205457,8359e7c0d57f89534b2541172158ca37f574907fc8d4ab182c1e2ae290fbda57,C18:K:522,knowledge,nearest_ancestor,"{""x"":148.0,""y"":73.75,""width"":282.0,""height"":142.0}"
C18:IMG:825,C18,物联网技术,825,rId325,media/image325.png,media/C18/825_image325.png,4701,f9b86f0f54e9964380bc35dcf295a793eb5e335d94e569aa5ac28aa1672eb06a,C18:K:819,knowledge,nearest_ancestor,"{""x"":73.34,""y"":24.4297,""width"":132.68,""height"":43.3595}"
C19:IMG:1832,C19,嵌入式系统,1832,rId2,media/img1636979698723.png,media/C19/1832_img1636979698723.png,219175,e7d091428649d0bfd5ffdaaf9ba2fd228f11ff587e7df4ffe98e32697a7f5852,C19:ANCH:1831,structural_anchor,direct,"{""x"":314.551,""y"":147.48,""width"":592.101,""height"":277.759}"
C20:IMG:289,C20,网络与信息安全,289,rId90,media/image90.png,media/C20/289_image90.png,104922,b1509895459c21e6ea7d6b2fc62779c1fa1758bd37ba81f2f35be0ddb8c6b971,C20:K:285,knowledge,direct,"{""x"":125.0,""y"":87.25,""width"":236.0,""height"":169.0}"
C20:IMG:330,C20,网络与信息安全,330,rId91,media/image91.png,media/C20/330_image91.png,257966,d8000820c07798dd8a7c1227ebc7174134109820e15a7ec08f4acf848242a18d,C20:K:326,knowledge,nearest_ancestor,"{""x"":127.0,""y"":85.75,""width"":240.0,""height"":166.0}"
C20:IMG:345,C20,网络与信息安全,345,rId92,media/image92.png,media/C20/345_image92.png,207998,cce038dc421f202d3653822623041ba77d0aa286f63c67457fa13632398a5469,C20:K:343,knowledge,direct,"{""x"":127.0,""y"":86.25,""width"":240.0,""height"":167.0}"
C20:IMG:354,C20,网络与信息安全,354,rId93,media/image93.png,media/C20/354_image93.png,299897,a93563ee419d0050e3439d3285b0c9cb6a02c83178aa978ec1c1544b067f97e0,C20:K:350,knowledge,nearest_ancestor,"{""x"":131.5,""y"":83.25,""width"":249.0,""height"":161.0}"
C20:IMG:705,C20,网络与信息安全,705,rId168,media/img1636808950161.png,media/C20/705_img1636808950161.png,47341,e5f013b1ba847362b424c2903d857c96c975ea756a83ca653bb2affb08bce449,C20:ANCH:704,structural_anchor,direct,"{""x"":148.5,""y"":107.984,""width"":260.0,""height"":198.768}"
C20:IMG:750,C20,网络与信息安全,750,rId169,media/img1636808950164.png,media/C20/750_img1636808950164.png,61684,9f61dfe21c40bd1ee1312919d9952830b922bc34e932965ce7f22c03d73d3aeb,C20:ANCH:749,structural_anchor,direct,"{""x"":148.5,""y"":102.961,""width"":260.0,""height"":188.722}"
C20:IMG:914,C20,网络与信息安全,914,rId170,media/img1636808950170.png,media/C20/914_img1636808950170.png,101810,c7f74ee84119aa94b820bcd9b1f2729a4b9493812f049b95fab3411e0774aab3,C20:K:910,knowledge,nearest_ancestor,"{""x"":137.0,""y"":66.6845,""width"":260.0,""height"":127.869}"
C21:IMG:174,C21,微机原理,174,rId2,media/image2.png,media/C21/174_image2.png,4290,d618421940defd16c541a0acc450585eba0c7d73c2213bb8ea5f0642ff150014,C21:ANCH:172,structural_anchor,direct,"{""x"":137.0,""y"":20.3838,""width"":260.0,""height"":36.7677}"
C21:IMG:185,C21,微机原理,185,rId3,media/image3.png,media/C21/185_image3.png,1797,c9f64380e1f8a799097029de4a103ea63f18218b5cd4c3137f290f3716a78ef2,C21:ANCH:183,structural_anchor,direct,"{""x"":52.0,""y"":18.5,""width"":90.0,""height"":33.0}"
C21:IMG:298,C21,微机原理,298,rId4,media/image4.png,media/C21/298_image4.png,6390,7c93d7dfdc9f24e0735fc9821bfb41232262db3b21bcb8ccac7b25d212ff23ee,C21:K:284,knowledge,nearest_ancestor,"{""x"":91.5,""y"":15.0,""width"":169.0,""height"":26.0}"
C21:IMG:3008,C21,微机原理,3008,rId18,media/image18.png,media/C21/3008_image18.png,49161,b0967c229d4089ebfe74ac1ddd9fa96f17b2d8f88816b28fb87fd065957ca03a,C21:K:3004,knowledge,nearest_ancestor,"{""x"":118.364,""y"":79.3017,""width"":222.727,""height"":153.103}"
C21:IMG:3282,C21,微机原理,3282,rId26,media/image26.png,media/C21/3282_image26.png,267618,553b56aaa1935234323fecc8e36f58ba9160a5a247f1611c84e59134f11f28fb,C21:K:3278,knowledge,nearest_ancestor,"{""x"":260.455,""y"":145.352,""width"":506.91,""height"":285.204}"
C21:IMG:3293,C21,微机原理,3293,rId27,media/image27.png,media/C21/3293_image27.png,85844,0351988ae73241b4e9762c0d3f687ed2725bfe378fc4585351d6ee0caba4d085,C21:K:3283,knowledge,nearest_ancestor,"{""x"":201.779,""y"":91.2202,""width"":389.558,""height"":176.94}"
C21:IMG:3412,C21,微机原理,3412,rId30,media/image30.png,media/C21/3412_image30.png,18982,df1909e9d9e3ef02564152cd69f3fb95bffb0ff116eae9d466f779757ec26bb4,C21:K:3408,knowledge,nearest_ancestor,"{""x"":111.946,""y"":53.11,""width"":209.892,""height"":100.72}"
C21:IMG:3681,C21,微机原理,3681,rId35,media/image35.png,media/C21/3681_image35.png,87033,8e6595a11a864f767d495ee12b61ff36519c802cdbc8aca0b8b80ff2d2677ff9,C21:K:3721,knowledge,nearest_ancestor,"{""x"":109.085,""y"":120.614,""width"":204.169,""height"":235.727}"
C21:IMG:3710,C21,微机原理,3710,rId36,media/image36.png,media/C21/3710_image36.png,171783,959a4726fcee0e752acfef58617c09ed4be59456ad742b506665c145826f2760,C21:K:3706,knowledge,nearest_ancestor,"{""x"":184.721,""y"":128.119,""width"":355.441,""height"":250.738}"
C21:IMG:3779,C21,微机原理,3779,rId38,media/image38.png,media/C21/3779_image38.png,114140,51b45d33a7c13c5feb7f48b161ea5e89bfbcd08a721c3871c2cd40e3b66a6d4b,C21:K:3775,knowledge,nearest_ancestor,"{""x"":197.4,""y"":82.7908,""width"":380.8,""height"":160.082}"
C21:IMG:3796,C21,微机原理,3796,rId39,media/image39.png,media/C21/3796_image39.png,131873,80fe4d9ee146e68105f4fca5efd1944f3bbe72fdd33979c247c14b3adca48a88,C21:K:3792,knowledge,nearest_ancestor,"{""x"":129.615,""y"":102.75,""width"":245.231,""height"":200.0}"
C22:IMG:1289,C22,汇编语言,1289,rId2,media/image2.png,media/C22/1289_image2.png,20536,2441ef2e1158182a93116b714896cb1a104eb261902f9ecd9f85e1c01387e171,C22:K:1244,knowledge,nearest_ancestor,"{""x"":65.6639,""y"":30.9956,""width"":117.328,""height"":56.4912}"
C23:IMG:1260,C23,数字电子技术,1260,rId9,media/image9.jpg,media/C23/1260_image9.jpg,67395,03866c1bfcd5bd8bfb3a0762913efc5bd3f7c22dc2bd17d041e59d94842635d6,C23:K:390,knowledge,nearest_ancestor,"{""x"":72.4778,""y"":53.7959,""width"":130.956,""height"":102.092}"
C23:IMG:1277,C23,数字电子技术,1277,rId10,media/image10.jpg,media/C23/1277_image10.jpg,93831,116a2c5bb776cc4db00ac33865c0e48cd1428882bc82d8c5087c8c6c44b993df,C23:K:452,knowledge,nearest_ancestor,"{""x"":114.397,""y"":94.9191,""width"":214.794,""height"":184.338}"
C23:IMG:1280,C23,数字电子技术,1280,rId11,media/image11.jpg,media/C23/1280_image11.jpg,198182,6ee80a7bdca0aae8802e03cbeec32444338201c25dbae09dcb4cddbb1ee9a199,C23:K:452,knowledge,nearest_ancestor,"{""x"":159.412,""y"":136.418,""width"":304.824,""height"":267.335}"
C23:IMG:1338,C23,数字电子技术,1338,rId12,media/image12.jpg,media/C23/1338_image12.jpg,59040,688a45786ea780872680e5baeca016d1c25bada0fbc01328aecd338bbf66540c,C23:K:724,knowledge,nearest_ancestor,"{""x"":68.7937,""y"":55.4452,""width"":123.587,""height"":105.39}"
C23:IMG:1341,C23,数字电子技术,1341,rId13,media/image13.jpg,media/C23/1341_image13.jpg,60136,dd32892c8d004b44388c35bae84b31e1461d423db551436c8d981a0e9ececb0b,C23:K:728,knowledge,nearest_ancestor,"{""x"":105.28,""y"":57.7351,""width"":196.561,""height"":109.97}"
C23:IMG:1398,C23,数字电子技术,1398,rId14,media/img1637486843418.png,media/C23/1398_img1637486843418.png,183745,28db703f43991d2759957d7b46768a06b4b99d8d4bfe16df7d4e89cf32620e7c,C23:K:1058,knowledge,nearest_ancestor,"{""x"":71.4864,""y"":88.0997,""width"":128.973,""height"":170.699}"
C23:IMG:1425,C23,数字电子技术,1425,rId15,media/img1637486843420.png,media/C23/1425_img1637486843420.png,50833,b24425b1bfc0279907c8b19d382c7583308d4da8c1f765c06687cd7710113020,C23:K:1141,knowledge,nearest_ancestor,"{""x"":107.338,""y"":84.2559,""width"":200.676,""height"":163.012}"
C23:IMG:1438,C23,数字电子技术,1438,rId16,media/img1637486843422.png,media/C23/1438_img1637486843422.png,437332,c53ee1de77d24eae1071d7b81ea34b9917de454944dd7977c3c083806f1c1b86,C23:K:1153,knowledge,nearest_ancestor,"{""x"":122.132,""y"":72.0838,""width"":230.265,""height"":138.668}"
C24:IMG:1627,C24,模拟电子技术,1627,rId1,media/image100.jpg,media/C24/1627_image100.jpg,179579,882b7ecd88d0420a2f17fbafc39a68d0c4e322e1e6324ff4c72a13dbfd0499de,,,unowned_page_image,"{""x"":2763.53,""y"":3495.94,""width"":372.73,""height"":195.31}"
C24:IMG:1472,C24,模拟电子技术,1472,rId2,media/image101.png,media/C24/1472_image101.png,372567,d3937bcde1a28f7ab22d836a31851c82cfd431ff173c36db2afe143cfb401e75,C24:ANCH:1471,structural_anchor,anchor,"{""x"":200.32,""y"":131.4,""width"":363.65,""height"":245.6}"
C24:IMG:1500,C24,模拟电子技术,1500,rId3,media/image102.png,media/C24/1500_image102.png,344216,481b146f3c12f5087066ec293da763f4ac0e200fb2a41b529bd674388f64fa85,C24:K:1495,knowledge,nearest_ancestor,"{""x"":128.61,""y"":89.16,""width"":243.21,""height"":172.82}"
C24:IMG:1522,C24,模拟电子技术,1522,rId4,media/image103.png,media/C24/1522_image103.png,19139,f0bcfccbaba2439e2811ac699c059fc8805ada96aacc9476ad4f6a551dbdaa0c,C24:K:1526,knowledge,nearest_ancestor,"{""x"":146.69,""y"":102.7,""width"":279.38,""height"":199.9}"
C24:IMG:1507,C24,模拟电子技术,1507,rId5,media/image104.png,media/C24/1507_image104.png,155466,f1277d21f9cd989b9961df0527ec9c76e72027394526106b244dd3e2cbe8dc5a,C24:K:1508,knowledge,nearest_ancestor,"{""x"":161.93,""y"":101.82,""width"":309.86,""height"":199.64}"
C25:IMG:163,C25,数字图像处理,163,rId1,media/image1.png,media/C25/163_image1.png,22610,fb41ce96d76f666b4fc40b26dff2346024841b25c4332264a740dc47acdb4893,C25:K:159,knowledge,nearest_ancestor,"{""x"":116.5,""y"":54.0,""width"":219.0,""height"":104.0}"
C25:IMG:376,C25,数字图像处理,376,rId2,media/image2.png,media/C25/376_image2.png,10523,583288e4bc804ee98d1074199cfc2cd17ba90319e3bcac3a0f336f95008420c5,C25:K:372,knowledge,nearest_ancestor,"{""x"":92.0,""y"":18.5,""width"":170.0,""height"":33.0}"
C25:IMG:381,C25,数字图像处理,381,rId3,media/image3.png,media/C25/381_image3.png,6957,e3fa6689ccc15a4c618a231998cfbf94e4460a3b0f924e7c91204071514581eb,C25:K:377,knowledge,nearest_ancestor,"{""x"":91.5,""y"":15.5,""width"":169.0,""height"":27.0}"
C25:IMG:386,C25,数字图像处理,386,rId4,media/image4.png,media/C25/386_image4.png,8077,f9c3816f1efe85e776ddfeceab2ff90257a31d1fbcfe26c80da824d9786d1d73,C25:K:382,knowledge,nearest_ancestor,"{""x"":137.0,""y"":20.7541,""width"":260.0,""height"":37.5082}"
C25:IMG:398,C25,数字图像处理,398,rId5,media/image5.png,media/C25/398_image5.png,6946,b4af69d8a90d689e7809f1cd38c049a7d4d94d6f39ab290098d39e75dbce8313,C25:K:394,knowledge,nearest_ancestor,"{""x"":137.0,""y"":22.8185,""width"":260.0,""height"":41.637}"
C25:IMG:413,C25,数字图像处理,413,rId6,media/image6.png,media/C25/413_image6.png,21265,f4dca66cd6822dcd9226d4e4b61c679cbebff35a74b23b8a27b83be7af74eec1,C25:K:405,knowledge,nearest_ancestor,"{""x"":51.5,""y"":42.0,""width"":89.0,""height"":80.0}"
C25:IMG:481,C25,数字图像处理,481,rId7,media/image7.png,media/C25/481_image7.png,11616,ca9d90894a0e4e4fca79fd0571267568073ac89c9adb43df6d633581657f8df8,C25:K:475,knowledge,nearest_ancestor,"{""x"":137.0,""y"":31.0323,""width"":260.0,""height"":58.0645}"
C25:IMG:494,C25,数字图像处理,494,rId8,media/image8.png,media/C25/494_image8.png,9795,0732e69c294a84b50bb4470e2160500c6d7b9198dda3255e8b4745698480d66f,C25:K:490,knowledge,nearest_ancestor,"{""x"":137.0,""y"":33.5714,""width"":260.0,""height"":63.1429}"
C25:IMG:501,C25,数字图像处理,501,rId9,media/image9.png,media/C25/501_image9.png,11383,37d96c36789a79b7c0676bc82c0e44ca854df989da64763529834aab0507bdeb,C25:K:497,knowledge,nearest_ancestor,"{""x"":137.0,""y"":35.8732,""width"":260.0,""height"":67.7465}"
C25:IMG:514,C25,数字图像处理,514,rId10,media/image10.png,media/C25/514_image10.png,18725,dfb0ea937d3ec8c570015fcd946fc0506a6707188edbcc19a883c5436e51b65d,C25:K:510,knowledge,nearest_ancestor,"{""x"":137.0,""y"":21.0851,""width"":260.0,""height"":38.1702}"
C25:IMG:521,C25,数字图像处理,521,rId11,media/image11.png,media/C25/521_image11.png,21159,090a166cd5f30e8c909be3020275c0679f6c4ecf8a9550cf9fbc376b0af6eeb8,C25:K:517,knowledge,nearest_ancestor,"{""x"":137.0,""y"":24.9087,""width"":260.0,""height"":45.8174}"
C25:IMG:528,C25,数字图像处理,528,rId12,media/image12.png,media/C25/528_image12.png,13536,d73a0669d475d3efa76f11c0d1bc9b3efb4c6fd71b549a1f5bf4b7df93f52c0a,C25:K:524,knowledge,nearest_ancestor,"{""x"":137.0,""y"":20.5195,""width"":260.0,""height"":37.0391}"
C25:IMG:535,C25,数字图像处理,535,rId13,media/image13.png,media/C25/535_image13.png,11023,2af2d4b35ab4fe722c8e1105c7f03379cb0fe0516a8998d0623163965121e654,C25:K:531,knowledge,nearest_ancestor,"{""x"":137.0,""y"":20.1924,""width"":260.0,""height"":36.3848}"
C25:IMG:545,C25,数字图像处理,545,rId14,media/image14.png,media/C25/545_image14.png,13774,2c618574a522f3c1f3b29adbd3f1629aaf961ace1bcd96cdc81fdf91125ee108,C25:K:541,knowledge,nearest_ancestor,"{""x"":137.0,""y"":26.2961,""width"":260.0,""height"":48.5922}"
C25:IMG:548,C25,数字图像处理,548,rId15,media/image15.png,media/C25/548_image15.png,25428,0a4495e884463395943e4c6b6dcdbfd079a4ebb3ea55411cc91b85f42e354709,C25:K:539,knowledge,nearest_ancestor,"{""x"":203.0,""y"":42.25,""width"":392.0,""height"":79.0}"
C25:IMG:553,C25,数字图像处理,553,rId16,media/image16.png,media/C25/553_image16.png,7824,e4b425ff14aa7fc2754763d18ce6f02e7ff31d3ff2dbe6415a856f95c4178a37,C25:K:551,knowledge,direct,"{""x"":135.5,""y"":33.0,""width"":257.0,""height"":62.0}"
C25:IMG:595,C25,数字图像处理,595,rId17,media/image17.png,media/C25/595_image17.png,98541,25f12cda99307b9c39180e7b062b26a5702ddd11efd88a1c6d6d54d117ce746a,C25:K:591,knowledge,nearest_ancestor,"{""x"":160.5,""y"":50.5,""width"":307.0,""height"":97.0}"
C25:IMG:706,C25,数字图像处理,706,rId18,media/image18.png,media/C25/706_image18.png,13693,3cb08666c9b754dc0405df0094f5be05892fe6cfc5677ca3aa886e7ec7527d65,C25:K:702,knowledge,nearest_ancestor,"{""x"":144.0,""y"":30.5,""width"":274.0,""height"":57.0}"
C25:IMG:719,C25,数字图像处理,719,rId19,media/image19.png,media/C25/719_image19.png,10970,9ecd2893ac80e76f375bec63113a0871c72cf42a667f36732ca21e37b529bfd8,C25:K:715,knowledge,nearest_ancestor,"{""x"":153.0,""y"":27.5,""width"":292.0,""height"":51.0}"
C25:IMG:734,C25,数字图像处理,734,rId20,media/image20.png,media/C25/734_image20.png,16716,ed87ccfdb0be578c62e22512ff3aabeaeb4c6d23f591d62134aa95c01362afd3,C25:K:730,knowledge,nearest_ancestor,"{""x"":142.0,""y"":25.25,""width"":270.0,""height"":45.0}"
C25:IMG:745,C25,数字图像处理,745,rId21,media/image21.png,media/C25/745_image21.png,7122,6f7cd1f2d5d470091c866a2a9baee267cb75d4a7a576071ac3dfce233ac740b5,C25:K:741,knowledge,nearest_ancestor,"{""x"":137.0,""y"":21.2593,""width"":260.0,""height"":38.5185}"
C25:IMG:761,C25,数字图像处理,761,rId22,media/image22.png,media/C25/761_image22.png,6302,c19736cc194b18c6609cd8b234c1664d8fb3c90944ea21df08364a77f975a2ea,C25:K:757,knowledge,nearest_ancestor,"{""x"":62.0,""y"":51.5,""width"":110.0,""height"":99.0}"
C25:IMG:766,C25,数字图像处理,766,rId23,media/image23.png,media/C25/766_image23.png,8461,6769b531bf48c591e09a1fb99748b60f0408cd9218f5db831016d132975ec5fc,C25:K:762,knowledge,nearest_ancestor,"{""x"":90.0,""y"":29.5,""width"":166.0,""height"":55.0}"
C25:IMG:768,C25,数字图像处理,768,rId24,media/image24.png,media/C25/768_image24.png,17565,519247958d2181ba5b7f691b28055073224f54e0b18cdb3e2e6d86ad4222b1c1,C25:ANCH:767,structural_anchor,anchor,"{""x"":197.2,""y"":33.6,""width"":341.0,""height"":56.0}"
C25:IMG:785,C25,数字图像处理,785,rId25,media/image25.png,media/C25/785_image25.png,11647,6c1c7761e3a5ac6b186fbcd5b34adc7cdea1348b6adc0bfa2b86fd00a9a5f349,C25:K:781,knowledge,nearest_ancestor,"{""x"":137.0,""y"":18.1241,""width"":260.0,""height"":32.2481}"
C25:IMG:802,C25,数字图像处理,802,rId26,media/image26.png,media/C25/802_image26.png,11976,3688d679427393895f903c5073fc64666438e827bcaf73981842f65947dc3817,C25:K:798,knowledge,nearest_ancestor,"{""x"":137.0,""y"":17.7143,""width"":260.0,""height"":31.4286}"
C25:IMG:805,C25,数字图像处理,805,rId27,media/image27.png,media/C25/805_image27.png,14140,e9fb8dfa527166950f74b175d9466f1feca6bd65cb353fb68714419ff0c4d49e,C25:K:798,knowledge,nearest_ancestor,"{""x"":137.0,""y"":38.25,""width"":260.0,""height"":72.5}"
C25:IMG:814,C25,数字图像处理,814,rId28,media/image28.png,media/C25/814_image28.png,8745,fdf5a116b649e0c9b279cf4ee583453df2b5af6c060f47a3714755207628c020,C25:K:810,knowledge,nearest_ancestor,"{""x"":137.0,""y"":53.1395,""width"":260.0,""height"":102.279}"
C25:IMG:823,C25,数字图像处理,823,rId29,media/image29.png,media/C25/823_image29.png,7667,ec6de87381bf5dab2907571a5e40d08ae8f00ad3923c5ff43984c1eaf2481f9d,C25:K:819,knowledge,nearest_ancestor,"{""x"":137.0,""y"":25.5471,""width"":260.0,""height"":47.0943}"
C25:IMG:840,C25,数字图像处理,840,rId30,media/image30.png,media/C25/840_image30.png,12621,4aa14f2502875ed14fb581889160a3b0e098c1216d66751bca4b6ff34dc73e2c,C25:K:836,knowledge,nearest_ancestor,"{""x"":137.0,""y"":35.1915,""width"":260.0,""height"":66.383}"
C25:IMG:851,C25,数字图像处理,851,rId31,media/image31.png,media/C25/851_image31.png,6948,3b80a5fcfb1608ca91a733e297e3b6849ec04298cd5e4bffdb94718752e5746d,C25:K:847,knowledge,nearest_ancestor,"{""x"":127.0,""y"":28.0,""width"":240.0,""height"":52.0}"
C25:IMG:860,C25,数字图像处理,860,rId32,media/image32.png,media/C25/860_image32.png,8014,f28b686ce8c29462aa28fa48667483d42285e7f2c30fba5b8f41a6ac8545b6f6,C25:K:856,knowledge,nearest_ancestor,"{""x"":137.0,""y"":24.2258,""width"":260.0,""height"":44.4516}"
C25:IMG:883,C25,数字图像处理,883,rId33,media/image33.png,media/C25/883_image33.png,16918,ccd68050c9f8ba3d1678e7d27457a653c8188291e28fe093d592fe4290f49bb0,C25:K:879,knowledge,nearest_ancestor,"{""x"":137.0,""y"":19.2202,""width"":260.0,""height"":34.4403}"
C25:IMG:890,C25,数字图像处理,890,rId34,media/image34.png,media/C25/890_image34.png,17543,8caf8e6e9c8aeb131f10960dd168e86ae790b4b27e917ab0377a54e20ceab90a,C25:K:886,knowledge,nearest_ancestor,"{""x"":182.5,""y"":18.0,""width"":351.0,""height"":32.0}"
C25:IMG:895,C25,数字图像处理,895,rId35,media/image35.png,media/C25/895_image35.png,9895,2f91fbdd5e85c64de63f60a410246914ae2e7bf6ed6760154e621b467aac8c92,C25:K:891,knowledge,nearest_ancestor,"{""x"":138.5,""y"":17.0,""width"":263.0,""height"":30.0}"
C25:IMG:906,C25,数字图像处理,906,rId36,media/image36.png,media/C25/906_image36.png,7408,92398b76e2b93a80bc7b55408b4acae5c393a5c2d80e0f2dbd27c9b117da2359,C25:K:898,knowledge,nearest_ancestor,"{""x"":87.5,""y"":32.0,""width"":161.0,""height"":60.0}"
C25:IMG:917,C25,数字图像处理,917,rId37,media/image37.png,media/C25/917_image37.png,11098,f9638f6b997d33246f42ccfef1a608ee45a6e00f70d60f4791b169b1fb574d11,C25:K:913,knowledge,nearest_ancestor,"{""x"":137.0,""y"":60.453,""width"":260.0,""height"":116.906}"
C25:IMG:934,C25,数字图像处理,934,rId38,media/image38.png,media/C25/934_image38.png,10141,005efbce4daff1bd0123bdeec4f5de9d7b1121c950492e3288c98855740b5eb7,C25:K:930,knowledge,nearest_ancestor,"{""x"":137.0,""y"":35.5335,""width"":260.0,""height"":67.0671}"
C25:IMG:941,C25,数字图像处理,941,rId39,media/image39.png,media/C25/941_image39.png,10470,59a29a106fca06d0d3e6625621c9c8a556fbfd2394399bdd40eb77534975c35c,C25:K:937,knowledge,nearest_ancestor,"{""x"":134.0,""y"":48.5,""width"":254.0,""height"":93.0}"
C25:IMG:948,C25,数字图像处理,948,rId40,media/image40.png,media/C25/948_image40.png,10583,2d9dec7a4725eee34a05630e810749090bdf1b9f1932adcb156da88ab235bdf8,C25:K:944,knowledge,nearest_ancestor,"{""x"":130.5,""y"":56.5,""width"":247.0,""height"":109.0}"
C25:IMG:963,C25,数字图像处理,963,rId41,media/image41.png,media/C25/963_image41.png,12128,ae3a56f9cd5967085809192af980ff27dbaf79911fc168b940e87d847df9e0da,C25:K:959,knowledge,nearest_ancestor,"{""x"":119.0,""y"":56.0,""width"":224.0,""height"":108.0}"
C25:IMG:974,C25,数字图像处理,974,rId42,media/image42.png,media/C25/974_image42.png,15687,0abe8e2ebc9d78d3afe2a96c958948aff87ed104776be02b437ea569e74e6303,C25:K:970,knowledge,nearest_ancestor,"{""x"":142.0,""y"":42.0,""width"":270.0,""height"":80.0}"
C25:IMG:981,C25,数字图像处理,981,rId43,media/image43.png,media/C25/981_image43.png,15052,fb9dc30f340cc12ff7f3ecf9d760f0b9fd14458cdde22327db37781bb976711b,C25:K:977,knowledge,nearest_ancestor,"{""x"":137.0,""y"":27.927,""width"":260.0,""height"":51.8539}"
C25:IMG:988,C25,数字图像处理,988,rId44,media/image44.png,media/C25/988_image44.png,9972,089d23078767d37236a06315f50165ce9ff21cb64372c729ca187878acfa5ffd,C25:K:984,knowledge,nearest_ancestor,"{""x"":137.0,""y"":30.3333,""width"":260.0,""height"":56.6667}"
C25:IMG:1015,C25,数字图像处理,1015,rId45,media/image45.png,media/C25/1015_image45.png,22805,27a447ac7c1518a320bcff7b25542198e6b151a78d76bd5407edffc16882ac04,C25:K:1011,knowledge,nearest_ancestor,"{""x"":137.0,""y"":27.25,""width"":260.0,""height"":50.5}"
C25:IMG:1034,C25,数字图像处理,1034,rId46,media/image46.png,media/C25/1034_image46.png,18123,1db61584248874086c7dbca25d6c900e4c7a153cef83973562a034c007ab18c0,C25:K:1030,knowledge,nearest_ancestor,"{""x"":132.0,""y"":44.0,""width"":250.0,""height"":84.0}"
C25:IMG:1041,C25,数字图像处理,1041,rId47,media/image47.png,media/C25/1041_image47.png,10394,abe4d8035d3e5ba87760a08aedc5cdf2519bd3b95b212cd78ff6264fe96a6d8f,C25:K:1037,knowledge,nearest_ancestor,"{""x"":137.0,""y"":51.0391,""width"":260.0,""height"":98.0783}"
C25:IMG:1048,C25,数字图像处理,1048,rId48,media/image48.png,media/C25/1048_image48.png,10752,a8a8b0a005b73c3ee50d9e39e29dabfc259a4c5ba6678f9911e95cb4fe85424e,C25:K:1044,knowledge,nearest_ancestor,"{""x"":137.0,""y"":40.681,""width"":260.0,""height"":77.362}"
C25:IMG:1059,C25,数字图像处理,1059,rId49,media/image49.png,media/C25/1059_image49.png,9599,1de76b8c7b5d0acc56c83a4bfa408bd5cea37a33ee12eda1cd2c134aece5aa45,C25:K:1055,knowledge,nearest_ancestor,"{""x"":137.0,""y"":20.0292,""width"":260.0,""height"":36.0584}"
C25:IMG:1094,C25,数字图像处理,1094,rId50,media/image50.png,media/C25/1094_image50.png,14917,6a61dc91c6094b52faa863df53b2aa09ef0a5fd3d24f6f42b58b70228c68632a,C25:ANCH:1092,structural_anchor,direct,"{""x"":137.0,""y"":36.4669,""width"":260.0,""height"":68.9337}"
C25:IMG:1097,C25,数字图像处理,1097,rId51,media/image51.png,media/C25/1097_image51.png,7934,7060e1940d0e97025962821fa599421e0718b10d8ae7b41ac78f47276195e5b2,C25:ANCH:1095,structural_anchor,direct,"{""x"":137.0,""y"":18.0389,""width"":260.0,""height"":32.0779}"
C25:IMG:1100,C25,数字图像处理,1100,rId52,media/image52.png,media/C25/1100_image52.png,13519,5f99cba63ea432f854202453b70a5c62c91c41748c637bab62656693d4f36cd5,C25:ANCH:1098,structural_anchor,direct,"{""x"":118.5,""y"":14.0,""width"":223.0,""height"":24.0}"
C25:IMG:1115,C25,数字图像处理,1115,rId53,media/image53.png,media/C25/1115_image53.png,15256,43f02cc5b57fb62280314b85823947f7f236e22bc8dbf4a13dac679e1d895e87,C25:K:1111,knowledge,nearest_ancestor,"{""x"":137.0,""y"":29.417,""width"":260.0,""height"":54.8341}"
C25:IMG:1148,C25,数字图像处理,1148,rId54,media/image54.png,media/C25/1148_image54.png,6501,7b76f77af204f8c9e27ce6faf7da77aad6410f1f060c6b4649eb67e298ef4831,C25:K:1144,knowledge,nearest_ancestor,"{""x"":86.0,""y"":21.5,""width"":158.0,""height"":39.0}"
C25:IMG:1153,C25,数字图像处理,1153,rId55,media/image55.png,media/C25/1153_image55.png,10879,55beb7d13118daf0c28e3773bdb9bd1f3ee709e3d4ffb9eb3624eb2f81691724,C25:K:1149,knowledge,nearest_ancestor,"{""x"":137.0,""y"":28.079,""width"":260.0,""height"":52.1581}"
C25:IMG:1158,C25,数字图像处理,1158,rId56,media/image56.png,media/C25/1158_image56.png,16373,f6e013e842388fdef585c57ad2c948172271ca8bf7068b4f743de43a26145463,C25:K:1154,knowledge,nearest_ancestor,"{""x"":137.0,""y"":56.026,""width"":260.0,""height"":108.052}"
C25:IMG:1271,C25,数字图像处理,1271,rId57,media/image57.png,media/C25/1271_image57.png,4060,dda99083e5231960d481bebde337f7ec2c9c3e173063a69524d5faeee23f4c08,C25:ANCH:1269,structural_anchor,direct,"{""x"":59.0,""y"":29.0,""width"":104.0,""height"":54.0}"
C25:IMG:1294,C25,数字图像处理,1294,rId58,media/image58.png,media/C25/1294_image58.png,14559,86ec9224a69747c0f9b2ac3e002c06bd09d0dc79b0bb3245576968e01f098ccd,C25:K:1290,knowledge,nearest_ancestor,"{""x"":124.0,""y"":10.0,""width"":234.0,""height"":16.0}"
C25:IMG:1299,C25,数字图像处理,1299,rId59,media/image59.png,media/C25/1299_image59.png,14469,42f12603636c05679bbe849dab58a52285b9cb960fc9affc74fe7b8fdb54bdf2,C25:K:1295,knowledge,nearest_ancestor,"{""x"":137.0,""y"":26.5669,""width"":260.0,""height"":49.1339}"
C25:IMG:1316,C25,数字图像处理,1316,rId60,media/image60.png,media/C25/1316_image60.png,13389,c18a1582486e45da5832767f7e756c1b3a7bead3cb3dee7165a76fc68b274485,C25:K:1312,knowledge,nearest_ancestor,"{""x"":137.0,""y"":29.1331,""width"":260.0,""height"":54.2661}"
C25:IMG:1331,C25,数字图像处理,1331,rId61,media/image61.png,media/C25/1331_image61.png,21766,b42d8bca087123f9364e6b6af412a9bb76c5aa072b977c04dff833af2799a7aa,C25:ANCH:1329,structural_anchor,direct,"{""x"":80.0,""y"":24.5,""width"":146.0,""height"":45.0}"
C25:IMG:1626,C25,数字图像处理,1626,rId62,media/image62.png,media/C25/1626_image62.png,23363,6be71d4bce1b429c3d9f1bc029457da05a29f898c5c29d0315697ff17dd07d3b,C25:K:1622,knowledge,nearest_ancestor,"{""x"":137.0,""y"":25.7593,""width"":260.0,""height"":47.5186}"
C25:IMG:1633,C25,数字图像处理,1633,rId63,media/image63.png,media/C25/1633_image63.png,9905,75fce1f664bf605337d522893f37fb2ca1640ce8c81413924e0c4f25edef3940,C25:K:1629,knowledge,nearest_ancestor,"{""x"":137.0,""y"":22.0868,""width"":260.0,""height"":40.1736}"
C25:IMG:1686,C25,数字图像处理,1686,rId64,media/image64.png,media/C25/1686_image64.png,25934,84bc01c385ecb31dcc63e39db19f1d0061f637c991b05c55046ace914689b6f2,C25:K:1682,knowledge,nearest_ancestor,"{""x"":141.5,""y"":24.5,""width"":269.0,""height"":45.0}"
C25:IMG:1807,C25,数字图像处理,1807,rId65,media/image65.png,media/C25/1807_image65.png,17003,842f017f35c76fd0404ac666fd20d4326ce7e0e88ec519e341b9f8dee0309eaa,C25:K:1803,knowledge,nearest_ancestor,"{""x"":79.0,""y"":45.0,""width"":144.0,""height"":86.0}"
C25:IMG:1848,C25,数字图像处理,1848,rId66,media/image66.png,media/C25/1848_image66.png,3753,85e0f01dad4ba5ec0382eb00ff316486a48a7195047083a4aa352b76bf55b905,C25:K:1844,knowledge,nearest_ancestor,"{""x"":48.5,""y"":33.5,""width"":83.0,""height"":63.0}"
C25:IMG:1867,C25,数字图像处理,1867,rId67,media/image67.png,media/C25/1867_image67.png,8366,6ccec1603fb0ffd5a7b80691e7fe18e3ad12e27ad9cf33b762fa5c3e127476e4,C25:K:1863,knowledge,nearest_ancestor,"{""x"":87.5,""y"":25.0,""width"":161.0,""height"":46.0}"
C25:IMG:1874,C25,数字图像处理,1874,rId68,media/image68.png,media/C25/1874_image68.png,16014,1e99e2e25ded802f86eb03bfb3d47485f320caf1c61ddbf00a03294a68f2a566,C25:K:1870,knowledge,nearest_ancestor,"{""x"":119.5,""y"":16.0,""width"":225.0,""height"":28.0}"
C25:IMG:1881,C25,数字图像处理,1881,rId69,media/image69.png,media/C25/1881_image69.png,11406,7ce56beff7fdce6927bcfa31942ed80508d0c88cbd1644f180bc7ece6725f826,C25:K:1877,knowledge,nearest_ancestor,"{""x"":137.0,""y"":28.0537,""width"":260.0,""height"":52.1074}"
C25:IMG:1888,C25,数字图像处理,1888,rId70,media/image70.png,media/C25/1888_image70.png,11078,eff93c8afe591967515b15762e77bc3a7625e0fcc92e396cb3efade81ca8c97e,C25:FI:1884,floating_item,nearest_ancestor,"{""x"":87.5,""y"":20.0,""width"":161.0,""height"":36.0}"
C25:IMG:1965,C25,数字图像处理,1965,rId71,media/image71.png,media/C25/1965_image71.png,7417,7ab8159fbee47a53c465a8de2bec59b75233661b33b06a961f55219fa1ab2ac6,C25:FI:1961,floating_item,nearest_ancestor,"{""x"":137.0,""y"":19.58,""width"":260.0,""height"":35.1601}"
C25:IMG:1972,C25,数字图像处理,1972,rId72,media/image72.png,media/C25/1972_image72.png,6571,f9fd423a93c42be1601af5a2a1d42bff8915bf0522c07fb5a564214abc929c7c,C25:FI:1968,floating_item,nearest_ancestor,"{""x"":135.0,""y"":21.5,""width"":256.0,""height"":39.0}"
C25:IMG:1976,C25,数字图像处理,1976,rId73,media/image73.png,media/C25/1976_image73.png,14678,d4cbc688bb8c9b7add0ab300d3b2b0ae50d3182879ddff76a68d59fff40c4e0a,C25:ANCH:1975,structural_anchor,anchor,"{""x"":207.0,""y"":64.1,""width"":377.0,""height"":111.0}"
C26:IMG:205,C26,计算机图形学,205,rId2,media/image2.png,media/C26/205_image2.png,2880,ffd30695c0dcb1bfc5d6868477375f4e142b5fcca34b2e3115b54d4ea0f6a0ce,C26:K:203,knowledge,direct,"{""x"":137.0,""y"":20.9321,""width"":260.0,""height"":37.8641}"
C26:IMG:212,C26,计算机图形学,212,rId3,media/image3.png,media/C26/212_image3.png,3082,1d0308189b9289ff038ebb361f4ca0506c440f193df3d65912c5573095287070,C26:K:210,knowledge,direct,"{""x"":137.0,""y"":16.2336,""width"":260.0,""height"":28.4672}"
C26:IMG:215,C26,计算机图形学,215,rId4,media/image4.png,media/C26/215_image4.png,3568,0e17bfc31c9094b78fe1f0cb264026de3aff7d9d4d7870b3cdd9bf661d9cd795,C26:K:213,knowledge,direct,"{""x"":137.0,""y"":15.0892,""width"":260.0,""height"":26.1785}"
C26:IMG:220,C26,计算机图形学,220,rId5,media/image5.png,media/C26/220_image5.png,3343,fe5dfcf8375b9effd12842d44ad04a3ea65f4a02e73fc47dd291b60d4fe17349,C26:K:218,knowledge,direct,"{""x"":137.0,""y"":17.0109,""width"":260.0,""height"":30.0218}"
C26:IMG:225,C26,计算机图形学,225,rId6,media/image6.png,media/C26/225_image6.png,2064,7791383d119efa26e8a40b15278728da5ac211179e55d6094003a61c81fb6683,C26:K:221,knowledge,nearest_ancestor,"{""x"":62.0,""y"":20.0,""width"":110.0,""height"":36.0}"
C26:IMG:228,C26,计算机图形学,228,rId7,media/image7.png,media/C26/228_image7.png,4608,331da6e3d4fb38e5e2dc645307bbceac3aaaee8308cf800b71e0527391802fde,C26:K:226,knowledge,direct,"{""x"":135.5,""y"":16.0,""width"":257.0,""height"":28.0}"
C26:IMG:231,C26,计算机图形学,231,rId8,media/image8.png,media/C26/231_image8.png,1167,0b0ae5cc2db3d537ef53809294fc77e39bda3cd62e5aeeda56cd8c8dfa695207,C26:K:229,knowledge,direct,"{""x"":59.4,""y"":17.0,""width"":94.0,""height"":30.0}"
C26:IMG:234,C26,计算机图形学,234,rId9,media/image9.png,media/C26/234_image9.png,2130,79e8e0827d691fedb568b14952b13afef566fc729698292f9af1067a5fadbd8c,C26:K:232,knowledge,direct,"{""x"":137.0,""y"":19.6655,""width"":260.0,""height"":35.331}"
C26:IMG:237,C26,计算机图形学,237,rId10,media/image10.png,media/C26/237_image10.png,5435,190d98f3a601c0e0d335f88cb739d8a454f69dfa61be362915a082377077125b,C26:K:235,knowledge,direct,"{""x"":137.0,""y"":38.2585,""width"":260.0,""height"":72.517}"
C26:IMG:252,C26,计算机图形学,252,rId11,media/image11.png,media/C26/252_image11.png,4439,8ffb1e5dc1717455becdcbb13107c59a39c14564e7f5a6eb1d51d00e640472fd,C26:K:248,knowledge,nearest_ancestor,"{""x"":134.5,""y"":20.5,""width"":255.0,""height"":37.0}"
C26:IMG:262,C26,计算机图形学,262,rId12,media/image12.png,media/C26/262_image12.png,2825,7052014af590efa5fde80964f52a6f0b792d30ba90dbda5d332b169285908ba3,C26:K:260,knowledge,direct,"{""x"":70.0,""y"":28.0,""width"":126.0,""height"":52.0}"
C26:IMG:265,C26,计算机图形学,265,rId13,media/image13.png,media/C26/265_image13.png,4789,77085ed422584882e315cbf92ebb7caa497bbea3b8776fce00ff35b12c317006,C26:K:263,knowledge,direct,"{""x"":137.0,""y"":40.5564,""width"":260.0,""height"":77.1129}"
C26:IMG:303,C26,计算机图形学,303,rId14,media/image14.png,media/C26/303_image14.png,5522,c84ad5c7945f53c63db025330ba0358604ff926b774293c869aca9df0bc7d6c8,C26:K:301,knowledge,direct,"{""x"":137.0,""y"":24.6368,""width"":260.0,""height"":45.2736}"
C26:IMG:306,C26,计算机图形学,306,rId15,media/image15.png,media/C26/306_image15.png,8626,f235ea3d40bc8ff70856b2655f61d64bfb8c6ed5ab823aeb93ecc666f924b3e3,C26:K:304,knowledge,direct,"{""x"":137.0,""y"":36.3093,""width"":260.0,""height"":68.6186}"
C26:IMG:313,C26,计算机图形学,313,rId16,media/image16.png,media/C26/313_image16.png,3354,f1e808843932684a1ea47b59e57fc8740420b676ece5427c138e32d2b349dbd7,C26:K:309,knowledge,nearest_ancestor,"{""x"":200.84,""y"":28.0029,""width"":387.68,""height"":52.0059}"
C26:IMG:330,C26,计算机图形学,330,rId17,media/image17.png,media/C26/330_image17.png,9023,3808e735ca0c27f17f9a518f4aad1fe8f12caed0b9e4fc00eb78199a0d243738,C26:K:326,knowledge,nearest_ancestor,"{""x"":137.0,""y"":57.051,""width"":260.0,""height"":110.102}"
C26:IMG:343,C26,计算机图形学,343,rId18,media/image18.png,media/C26/343_image18.png,1946,5645ef473b743cbb7f40132abcf7f2cf72025e3451ea5a98ee7c4f57a612cf42,C26:K:339,knowledge,nearest_ancestor,"{""x"":51.5,""y"":22.5,""width"":89.0,""height"":41.0}"
C26:IMG:376,C26,计算机图形学,376,rId19,media/image19.png,media/C26/376_image19.png,5546,ff1c9b4c5432495cec1b8e65d928cc15ee98e21a048069301b03eb944e639ea8,C26:K:372,knowledge,nearest_ancestor,"{""x"":137.0,""y"":22.2045,""width"":260.0,""height"":40.409}"
C26:IMG:415,C26,计算机图形学,415,rId20,media/image20.png,media/C26/415_image20.png,1064,891eb88c4d7b4ffd474662ccd51e2238c9c10fd5fe2c9e8bb09ec769e264037d,C26:ANCH:413,structural_anchor,direct,"{""x"":72.0,""y"":14.5,""width"":130.0,""height"":25.0}"
C26:IMG:436,C26,计算机图形学,436,rId21,media/image21.png,media/C26/436_image21.png,16372,293179d1cd83693d8fc4fbcc784904d3260d5970cb4ef2a4ff7bda3af2040d37,C26:K:426,knowledge,nearest_ancestor,"{""x"":125.0,""y"":32.5,""width"":236.0,""height"":61.0}"
C26:IMG:787,C26,计算机图形学,787,rId22,media/image22.png,media/C26/787_image22.png,2844,d3703053810df8b37a0990d719eb71366eee380d6f16fefb48999537259f45cd,C26:K:783,knowledge,nearest_ancestor,"{""x"":137.0,""y"":20.6826,""width"":260.0,""height"":37.3653}"
C26:IMG:796,C26,计算机图形学,796,rId23,media/image23.png,media/C26/796_image23.png,2927,3f5f034ad0bd0c46a7f1efff04758e40dfdf07b1e6d002fe71f5d7b59694efdf,C26:K:788,knowledge,nearest_ancestor,"{""x"":137.0,""y"":19.0746,""width"":260.0,""height"":34.1493}"
C26:IMG:804,C26,计算机图形学,804,rId24,media/image24.png,media/C26/804_image24.png,79946,7421a6eb9aef30d1367a4f4ced56368ca0a01a3b6290a6f1022400d23e6108df,C26:K:800,knowledge,nearest_ancestor,"{""x"":137.0,""y"":70.7535,""width"":260.0,""height"":137.507}"
C26:IMG:899,C26,计算机图形学,899,rId25,media/image25.png,media/C26/899_image25.png,23762,ac4ff7ce657fde584c2646534e13cacaba8ba65980f7f423423bd9bac8d5c8af,C26:ANCH:897,structural_anchor,direct,"{""x"":137.0,""y"":71.0345,""width"":260.0,""height"":138.069}"
C26:IMG:1079,C26,计算机图形学,1079,rId26,media/image26.png,media/C26/1079_image26.png,3644,43fa455da2b1cd772af1969679f232aea385a9ca142f219899f443de13fbfb56,C26:K:1077,knowledge,direct,"{""x"":85.5,""y"":60.5,""width"":157.0,""height"":117.0}"
C26:IMG:1094,C26,计算机图形学,1094,rId27,media/image27.png,media/C26/1094_image27.png,7210,63f36cccdfcf2c2c38128163e6f7ea4693f8175afe44155d0ae78290c31e03f6,C26:K:1092,knowledge,direct,"{""x"":137.0,""y"":71.6035,""width"":260.0,""height"":139.207}"
C26:IMG:1097,C26,计算机图形学,1097,rId28,media/image28.png,media/C26/1097_image28.png,3967,ae6a3cf88bc91fcfcc96b3f5d9e7086eb0b30bf8b505eb8b919fa5e215729d13,C26:K:1092,knowledge,nearest_ancestor,"{""x"":137.0,""y"":57.852,""width"":260.0,""height"":111.704}"
C26:IMG:1102,C26,计算机图形学,1102,rId29,media/image29.png,media/C26/1102_image29.png,1611,fc6108c1899ae2e77008ed950f917c06faeafcb6d37dd908afbdfcfb1ae4af74,C26:K:1092,knowledge,nearest_ancestor,"{""x"":124.0,""y"":25.0,""width"":234.0,""height"":46.0}"
C26:IMG:1107,C26,计算机图形学,1107,rId30,media/image30.png,media/C26/1107_image30.png,2324,d1aef5a129048a601391bb3ab244e8a72132d0ee2209950ece476656f6f23811,C26:ANCH:1105,structural_anchor,direct,"{""x"":67.5,""y"":53.0,""width"":121.0,""height"":102.0}"
C26:IMG:1112,C26,计算机图形学,1112,rId31,media/image31.png,media/C26/1112_image31.png,1174,f5669494c9a8d63d7dcbc4a0932544757b153f1a3640c5bd1ba350c4d0a0c3f8,C26:K:1092,knowledge,nearest_ancestor,"{""x"":65.0,""y"":23.5,""width"":116.0,""height"":43.0}"
C26:IMG:2023,C26,计算机图形学,2023,rId32,media/image32.png,media/C26/2023_image32.png,5982,c0c450c7c1adf8af993d535decf5720f15442133cea11762b68e40e87c9d763b,C26:K:2009,knowledge,nearest_ancestor,"{""x"":102.134,""y"":34.2381,""width"":190.268,""height"":62.9761}"
C26:IMG:2032,C26,计算机图形学,2032,rId33,media/image33.png,media/C26/2032_image33.png,5028,3c15f9649c770ded59d074b9114b6f82fa15ade2578821397d5a10320e3a4e43,C26:K:2030,knowledge,direct,"{""x"":86.4282,""y"":25.7976,""width"":158.856,""height"":47.5951}"
C26:IMG:2020,C26,计算机图形学,2020,rId35,media/image35.png,media/C26/2020_image35.png,38678,af54fbae84b2576573f1c9d9ed7e6617e2eb547095cb307ee8f835b581a9592f,C26:K:331,knowledge,nearest_ancestor,"{""x"":224.089,""y"":51.7356,""width"":434.178,""height"":97.9712}"
C26:IMG:2232,C26,计算机图形学,2232,rId39,media/image39.png,media/C26/2232_image39.png,25822,af9401caa8dbda35eb869c2e989c8dfc46614ce8a27cb0cd1a2f73f6dcb859dd,C26:K:2228,knowledge,nearest_ancestor,"{""x"":194.669,""y"":57.2835,""width"":375.337,""height"":109.067}"
