id,course_id,course_name,source_id,label,source_summary_id,covered_source_ids,covered_entity_ids,covered_labels,covered_entities,items,image_ids
C01:SUM:1455,C01,高等数学,1455,单侧极限,1454,"[""195"",""191""]","[""C01:K:195"",""C01:K:191""]","[""左极限"",""右极限""]","[{""source_id"":""195"",""entity_id"":""C01:K:195"",""label"":""左极限"",""resolution"":""direct""},{""source_id"":""191"",""entity_id"":""C01:K:191"",""label"":""右极限"",""resolution"":""direct""}]",[],[]
C01:SUM:1512,C01,高等数学,1512,单侧导数,1511,"[""291"",""293""]","[""C01:K:291"",""C01:K:293""]","[""左导数"",""右导数""]","[{""source_id"":""291"",""entity_id"":""C01:K:291"",""label"":""左导数"",""resolution"":""direct""},{""source_id"":""293"",""entity_id"":""C01:K:293"",""label"":""右导数"",""resolution"":""direct""}]",[],[]
C05:SUM:1165,C05,离散数学,1165,逻辑(真值)连接词,1164,"[""114"",""116"",""118"",""120"",""122""]","[""C05:K:114"",""C05:K:116"",""C05:K:118"",""C05:K:120"",""C05:K:122""]","[""否定式(否定联结词)"",""合取式(合取联结词)"",""析取式(析取联结词)"",""蕴涵式(蕴涵联结词)"",""等价式(等价联结词)""]","[{""source_id"":""114"",""entity_id"":""C05:K:114"",""label"":""否定式(否定联结词)"",""resolution"":""direct""},{""source_id"":""116"",""entity_id"":""C05:K:116"",""label"":""合取式(合取联结词)"",""resolution"":""direct""},{""source_id"":""118"",""entity_id"":""C05:K:118"",""label"":""析取式(析取联结词)"",""resolution"":""direct""},{""source_id"":""120"",""entity_id"":""C05:K:120"",""label"":""蕴涵式(蕴涵联结词)"",""resolution"":""direct""},{""source_id"":""122"",""entity_id"":""C05:K:122"",""label"":""等价式(等价联结词)"",""resolution"":""direct""}]",[],[]
C09:SUM:1053,C09,操作系统,1053,作业调度为进程活动做准备，进程调度使进程正常活动起来，内存掉的将暂时不能运行的进程挂起,1052,"[""317"",""1012"",""321"",""1016""]","[""C09:K:317"",""C09:K:1012"",""C09:K:321"",""C09:K:1016""]","[""作业调度"",""按照一定规则从外存上处于后备队列的作业中挑选一个或多个作业，分配给它们内存等必要资源，并建立相应的PCB，使之获得竞争处理机的权利"",""进程调度"",""决定就绪队列中的哪个进程获得处理机""]","[{""source_id"":""317"",""entity_id"":""C09:K:317"",""label"":""作业调度"",""resolution"":""direct""},{""source_id"":""1012"",""entity_id"":""C09:K:1012"",""label"":""按照一定规则从外存上处于后备队列的作业中挑选一个或多个作业，分配给它们内存等必要资源，并建立相应的PCB，使之获得竞争处理机的权利"",""resolution"":""direct""},{""source_id"":""321"",""entity_id"":""C09:K:321"",""label"":""进程调度"",""resolution"":""direct""},{""source_id"":""1016"",""entity_id"":""C09:K:1016"",""label"":""决定就绪队列中的哪个进程获得处理机"",""resolution"":""direct""}]",[],[]
C09:SUM:1176,C09,操作系统,1176,基本概念,1175,"[""202"",""208"",""218"",""220"",""210"",""222"",""1132"",""224"",""1134"",""226"",""1136"",""228"",""1138"",""230"",""1140"",""212"",""995"",""997"",""999"",""1002"",""248"",""250"",""252"",""254"",""1004"",""1006"",""256"",""260"",""262"",""258"",""204"",""264"",""266"",""268"",""279"",""270"",""277"",""272"",""285"",""281"",""283"",""274"",""287"",""289"",""291"",""293"",""295"",""1008"",""299"",""1010"",""297"",""301"",""303"",""305"",""307""]","[""C09:K:202"",""C09:K:208"",""C09:K:218"",""C09:K:220"",""C09:K:210"",""C09:K:222"",""C09:K:1132"",""C09:K:224"",""C09:K:1134"",""C09:K:226"",""C09:K:1136"",""C09:K:228"",""C09:K:1138"",""C09:K:230"",""C09:K:1140"",""C09:K:212"",""C09:K:995"",""C09:K:997"",""C09:K:999"",""C09:K:1002"",""C09:K:248"",""C09:K:250"",""C09:K:252"",""C09:K:254"",""C09:K:1004"",""C09:K:1006"",""C09:K:256"",""C09:K:260"",""C09:K:262"",""C09:K:258"",""C09:K:204"",""C09:K:264"",""C09:K:266"",""C09:K:268"",""C09:K:279"",""C09:K:270"",""C09:K:277"",""C09:K:272"",""C09:K:285"",""C09:K:281"",""C09:K:283"",""C09:K:274"",""C09:K:287"",""C09:K:289"",""C09:K:291"",""C09:K:293"",""C09:K:295"",""C09:K:1008"",""C09:K:299"",""C09:K:1010"",""C09:K:297"",""C09:K:301"",""C09:K:303"",""C09:K:305"",""C09:K:307""]","[""进程"",""进程与进程实体"",""进程是指程序的一次执行过程"",""进程实体=PCB+程序段+数据段"",""进程特征"",""动态性"",""进程是程序的一次执行，是动态的产生、变化和消亡的"",""并发性"",""多个进程实体同时存在与内存中，能在一段时间内同时运行"",""独立性"",""进程实体是一个能独立运行、独立获得资源和独立接受调度的基本单位"",""异步性"",""进程按各自独立的、不可预知的速度向前推进"",""结构性"",""从结构上看，进程实体是由程序段、数据段、进程控制块组成"",""进程状态"",""基本状态"",""运行、就绪、阻塞"",""其他状态"",""创建、结束"",""进程控制"",""创建、终止、阻塞和唤醒、切换"",""进程通信"",""共享存储"",""基于数据结构的共享"",""基于存储区的共享"",""消息传递"",""直接通信方式"",""间接通信方式"",""管道通信"",""线程"",""线程就是“轻量级进程”，是一个基本的cpu执行单元"",""与进程比较"",""调度"",""线程是独立调度的基本单位"",""拥有资源"",""线程是独立调度的基本单位，进程是拥有资源的基本单位"",""并发性"",""引入线程后，提高了并发性"",""系统开销"",""引入线程后，系统切换时开销减小"",""地址空间"",""进程之间地址空间相互独立"",""通信方面"",""线程间可以直接读写数据段进行通信"",""实现方式"",""用户级方式"",""用户级线程只存在于用户级，线程的创建、撤销以及切换都不利用系统调用实现，内核不知道该线程的存在"",""内核级方式"",""有关线程管理的工作都是由内核完成"",""组合方式"",""多线程模型"",""多对一"",""一对一"",""多对多""]","[{""source_id"":""202"",""entity_id"":""C09:K:202"",""label"":""进程"",""resolution"":""direct""},{""source_id"":""208"",""entity_id"":""C09:K:208"",""label"":""进程与进程实体"",""resolution"":""direct""},{""source_id"":""218"",""entity_id"":""C09:K:218"",""label"":""进程是指程序的一次执行过程"",""resolution"":""direct""},{""source_id"":""220"",""entity_id"":""C09:K:220"",""label"":""进程实体=PCB+程序段+数据段"",""resolution"":""direct""},{""source_id"":""210"",""entity_id"":""C09:K:210"",""label"":""进程特征"",""resolution"":""direct""},{""source_id"":""222"",""entity_id"":""C09:K:222"",""label"":""动态性"",""resolution"":""direct""},{""source_id"":""1132"",""entity_id"":""C09:K:1132"",""label"":""进程是程序的一次执行，是动态的产生、变化和消亡的"",""resolution"":""direct""},{""source_id"":""224"",""entity_id"":""C09:K:224"",""label"":""并发性"",""resolution"":""direct""},{""source_id"":""1134"",""entity_id"":""C09:K:1134"",""label"":""多个进程实体同时存在与内存中，能在一段时间内同时运行"",""resolution"":""direct""},{""source_id"":""226"",""entity_id"":""C09:K:226"",""label"":""独立性"",""resolution"":""direct""},{""source_id"":""1136"",""entity_id"":""C09:K:1136"",""label"":""进程实体是一个能独立运行、独立获得资源和独立接受调度的基本单位"",""resolution"":""direct""},{""source_id"":""228"",""entity_id"":""C09:K:228"",""label"":""异步性"",""resolution"":""direct""},{""source_id"":""1138"",""entity_id"":""C09:K:1138"",""label"":""进程按各自独立的、不可预知的速度向前推进"",""resolution"":""direct""},{""source_id"":""230"",""entity_id"":""C09:K:230"",""label"":""结构性"",""resolution"":""direct""},{""source_id"":""1140"",""entity_id"":""C09:K:1140"",""label"":""从结构上看，进程实体是由程序段、数据段、进程控制块组成"",""resolution"":""direct""},{""source_id"":""212"",""entity_id"":""C09:K:212"",""label"":""进程状态"",""resolution"":""direct""},{""source_id"":""995"",""entity_id"":""C09:K:995"",""label"":""基本状态"",""resolution"":""direct""},{""source_id"":""997"",""entity_id"":""C09:K:997"",""label"":""运行、就绪、阻塞"",""resolution"":""direct""},{""source_id"":""999"",""entity_id"":""C09:K:999"",""label"":""其他状态"",""resolution"":""direct""},{""source_id"":""1002"",""entity_id"":""C09:K:1002"",""label"":""创建、结束"",""resolution"":""direct""},{""source_id"":""248"",""entity_id"":""C09:K:248"",""label"":""进程控制"",""resolution"":""direct""},{""source_id"":""250"",""entity_id"":""C09:K:250"",""label"":""创建、终止、阻塞和唤醒、切换"",""resolution"":""direct""},{""source_id"":""252"",""entity_id"":""C09:K:252"",""label"":""进程通信"",""resolution"":""direct""},{""source_id"":""254"",""entity_id"":""C09:K:254"",""label"":""共享存储"",""resolution"":""direct""},{""source_id"":""1004"",""entity_id"":""C09:K:1004"",""label"":""基于数据结构的共享"",""resolution"":""direct""},{""source_id"":""1006"",""entity_id"":""C09:K:1006"",""label"":""基于存储区的共享"",""resolution"":""direct""},{""source_id"":""256"",""entity_id"":""C09:K:256"",""label"":""消息传递"",""resolution"":""direct""},{""source_id"":""260"",""entity_id"":""C09:K:260"",""label"":""直接通信方式"",""resolution"":""direct""},{""source_id"":""262"",""entity_id"":""C09:K:262"",""label"":""间接通信方式"",""resolution"":""direct""},{""source_id"":""258"",""entity_id"":""C09:K:258"",""label"":""管道通信"",""resolution"":""direct""},{""source_id"":""204"",""entity_id"":""C09:K:204"",""label"":""线程"",""resolution"":""direct""},{""source_id"":""264"",""entity_id"":""C09:K:264"",""label"":""线程就是“轻量级进程”，是一个基本的cpu执行单元"",""resolution"":""direct""},{""source_id"":""266"",""entity_id"":""C09:K:266"",""label"":""与进程比较"",""resolution"":""direct""},{""source_id"":""268"",""entity_id"":""C09:K:268"",""label"":""调度"",""resolution"":""direct""},{""source_id"":""279"",""entity_id"":""C09:K:279"",""label"":""线程是独立调度的基本单位"",""resolution"":""direct""},{""source_id"":""270"",""entity_id"":""C09:K:270"",""label"":""拥有资源"",""resolution"":""direct""},{""source_id"":""277"",""entity_id"":""C09:K:277"",""label"":""线程是独立调度的基本单位，进程是拥有资源的基本单位"",""resolution"":""direct""},{""source_id"":""272"",""entity_id"":""C09:K:272"",""label"":""并发性"",""resolution"":""direct""},{""source_id"":""285"",""entity_id"":""C09:K:285"",""label"":""引入线程后，提高了并发性"",""resolution"":""direct""},{""source_id"":""281"",""entity_id"":""C09:K:281"",""label"":""系统开销"",""resolution"":""direct""},{""source_id"":""283"",""entity_id"":""C09:K:283"",""label"":""引入线程后，系统切换时开销减小"",""resolution"":""direct""},{""source_id"":""274"",""entity_id"":""C09:K:274"",""label"":""地址空间"",""resolution"":""direct""},{""source_id"":""287"",""entity_id"":""C09:K:287"",""label"":""进程之间地址空间相互独立"",""resolution"":""direct""},{""source_id"":""289"",""entity_id"":""C09:K:289"",""label"":""通信方面"",""resolution"":""direct""},{""source_id"":""291"",""entity_id"":""C09:K:291"",""label"":""线程间可以直接读写数据段进行通信"",""resolution"":""direct""},{""source_id"":""293"",""entity_id"":""C09:K:293"",""label"":""实现方式"",""resolution"":""direct""},{""source_id"":""295"",""entity_id"":""C09:K:295"",""label"":""用户级方式"",""resolution"":""direct""},{""source_id"":""1008"",""entity_id"":""C09:K:1008"",""label"":""用户级线程只存在于用户级，线程的创建、撤销以及切换都不利用系统调用实现，内核不知道该线程的存在"",""resolution"":""direct""},{""source_id"":""299"",""entity_id"":""C09:K:299"",""label"":""内核级方式"",""resolution"":""direct""},{""source_id"":""1010"",""entity_id"":""C09:K:1010"",""label"":""有关线程管理的工作都是由内核完成"",""resolution"":""direct""},{""source_id"":""297"",""entity_id"":""C09:K:297"",""label"":""组合方式"",""resolution"":""direct""},{""source_id"":""301"",""entity_id"":""C09:K:301"",""label"":""多线程模型"",""resolution"":""direct""},{""source_id"":""303"",""entity_id"":""C09:K:303"",""label"":""多对一"",""resolution"":""direct""},{""source_id"":""305"",""entity_id"":""C09:K:305"",""label"":""一对一"",""resolution"":""direct""},{""source_id"":""307"",""entity_id"":""C09:K:307"",""label"":""多对多"",""resolution"":""direct""}]",[],[]
C10:SUM:260,C10,计算机网络,260,主要用于家庭网络,259,"[""223"",""235"",""237"",""239"",""241"",""243"",""225"",""246"",""252"",""257"",""250"",""254""]","[""C10:K:223"",""C10:K:235"",""C10:K:237"",""C10:K:239"",""C10:K:241"",""C10:K:225"",""C10:K:246"",""C10:K:252"",""C10:K:257"",""C10:K:250""]","[""数字用户线路 (DSL)特点：FDM，独占ADSL：上行和下行速率不同"",""利用已有的电话线连接中心局的DSLAM"",""数据通信通过DSL电话线接入Internet"",""语音（电话）通过DSL电话线接入电话网"",""图示"",""电缆网络特点：FDM，共享"",""HFC:混合光纤同轴电缆"",""各家庭（设备）通过电缆网络→光纤接入ISP路由器"",""利用已有的电视网络"",""图示""]","[{""source_id"":""223"",""entity_id"":""C10:K:223"",""label"":""数字用户线路 (DSL)特点：FDM，独占ADSL：上行和下行速率不同"",""resolution"":""direct""},{""source_id"":""235"",""entity_id"":""C10:K:235"",""label"":""利用已有的电话线连接中心局的DSLAM"",""resolution"":""direct""},{""source_id"":""237"",""entity_id"":""C10:K:237"",""label"":""数据通信通过DSL电话线接入Internet"",""resolution"":""direct""},{""source_id"":""239"",""entity_id"":""C10:K:239"",""label"":""语音（电话）通过DSL电话线接入电话网"",""resolution"":""direct""},{""source_id"":""241"",""entity_id"":""C10:K:241"",""label"":""图示"",""resolution"":""direct""},{""source_id"":""243"",""entity_id"":""C10:K:241"",""label"":""图示"",""resolution"":""nearest_ancestor""},{""source_id"":""225"",""entity_id"":""C10:K:225"",""label"":""电缆网络特点：FDM，共享"",""resolution"":""direct""},{""source_id"":""246"",""entity_id"":""C10:K:246"",""label"":""HFC:混合光纤同轴电缆"",""resolution"":""direct""},{""source_id"":""252"",""entity_id"":""C10:K:252"",""label"":""各家庭（设备）通过电缆网络→光纤接入ISP路由器"",""resolution"":""direct""},{""source_id"":""257"",""entity_id"":""C10:K:257"",""label"":""利用已有的电视网络"",""resolution"":""direct""},{""source_id"":""250"",""entity_id"":""C10:K:250"",""label"":""图示"",""resolution"":""direct""},{""source_id"":""254"",""entity_id"":""C10:K:250"",""label"":""图示"",""resolution"":""nearest_ancestor""}]",[],[]
C10:SUM:5692,C10,计算机网络,5692,关键词,5691,"[""4233"",""4231"",""4592"",""4593"",""4594"",""4595"",""4596"",""4597"",""4598"",""4232"",""4599"",""4600"",""4601"",""4234"",""4602"",""4610"",""4611"",""4603"",""4613"",""4604"",""4615"",""4616"",""4617"",""4605"",""4619"",""4606"",""4621"",""4622"",""4623"",""4607"",""4625"",""4626"",""4627"",""4628"",""4629"",""4608"",""4631"",""4632"",""4633"",""4634"",""4635"",""4636"",""4637"",""4638"",""4644"",""4639"",""4640"",""4641"",""4642"",""4643"",""4646"",""4609"",""4648"",""4649"",""4650""]","[""C10:K:4233"",""C10:K:4231"",""C10:K:4592"",""C10:K:4593"",""C10:K:4594"",""C10:K:4595"",""C10:K:4596"",""C10:K:4597"",""C10:K:4598"",""C10:K:4232"",""C10:K:4599"",""C10:K:4600"",""C10:K:4601"",""C10:K:4234"",""C10:K:4602"",""C10:K:4610"",""C10:K:4603"",""C10:K:4604"",""C10:K:4615"",""C10:K:4616"",""C10:K:4605"",""C10:K:4606"",""C10:K:4621"",""C10:K:4622"",""C10:K:4607"",""C10:K:4625"",""C10:K:4626"",""C10:K:4627"",""C10:K:4628"",""C10:K:4608"",""C10:K:4631"",""C10:K:4632"",""C10:K:4633"",""C10:K:4634"",""C10:K:4635"",""C10:K:4636"",""C10:K:4637"",""C10:K:4638"",""C10:K:4639"",""C10:K:4640"",""C10:K:4641"",""C10:K:4642"",""C10:K:4643"",""C10:K:4609"",""C10:K:4648"",""C10:K:4649"",""C10:K:4650""]","[""基带传输基础"",""基带传输"",""信源发出的原始电信号是基带信号"",""模拟信源→模拟基带信号"",""数字信源→数字基带信号"",""基带信号往往包含有较多的低频成分，甚至有直流成分"",""直接在信道中传送基带信号称为基带传输"",""实现基带传输的系统称为基带传输系统"",""在信道中直接传输数字基带信号，称为数字基带传输，相应的系统称为数字基带传输系统"",""数字基带传输系统"",""基带信号比较适合在具有低通特性的有线信道中传输，通常不适合在无线信道中直接传输"",""信道的传输特性会引起波形失真，并会受噪声的"",""信道中的信号传播一定距离后，信号质量就会有所下降，甚至出现传输误码现象"",""典型数字基带信号码型"",""单极不归零码（Not Return to Zero-NRZ）"",""这种码型易于产生，但不适合长距离传输"",""双极不归零码"",""单极归零码（Return to Zero-RZ）"",""码元不为零的时间占一个码元周期的百分比称为占空比"",""若码元不为零时间为Tb/2，码元周期为Tb，则该单极归零码的占空比为50%"",""双极归零码"",""差分码"",""差分码又称为相对码"",""例如：相邻脉冲有电平跳变表示1，无跳变表示0"",""AMI码"",""AMI（Alternative Mark Inversion）码的全称是信号交替反转码"",""编码规则"",""信息码中的0编码为AMI传输码中的0（零电平）"",""信号码中的1交替编码为AMI传输码中的+1（正脉冲）和-1(负脉冲)"",""双相码"",""双相码（Biphase Code）又称为曼彻斯特（Manchester）码"",""双相码只有正、负两种电平"",""每个比特持续时间的中间时刻要进行电平跳变"",""正（高）电平跳到负（低）电平表示1"",""负电平跳到正电平表示0"",""双相码在每个比特周期中间时刻都会有电平跳变，因此便于提取定时信息"",""双相码利用了两个脉冲编码信息码中的一个比特，相当于双极码中的两个比特"",""10Mbps的以太网采用曼彻斯特码"",""双相码的另一种码型是差分双相码，也称为差分曼彻斯特码"",""差分双相码的每个比特周期的中间时刻也要进行电平跳变，但该跳变仅用于同步"",""利用每个比特开始处是否存在电平跳变编码信息"",""开始处有跳变表示1"",""无跳变表示0"",""nBmB"",""nBmB码将n位二进制信息码作为一组，映射成m位二进制新码组，其中m>n"",""由于m>n，因此2^m个码的新码组中只会用到2^n个，多出（2^m-2^n）个码"",""可以从2m个码中优选出2n个码作为有效码，已获得良好的编码性能，其余码则作为禁用码，可以用于检错""]","[{""source_id"":""4233"",""entity_id"":""C10:K:4233"",""label"":""基带传输基础"",""resolution"":""direct""},{""source_id"":""4231"",""entity_id"":""C10:K:4231"",""label"":""基带传输"",""resolution"":""direct""},{""source_id"":""4592"",""entity_id"":""C10:K:4592"",""label"":""信源发出的原始电信号是基带信号"",""resolution"":""direct""},{""source_id"":""4593"",""entity_id"":""C10:K:4593"",""label"":""模拟信源→模拟基带信号"",""resolution"":""direct""},{""source_id"":""4594"",""entity_id"":""C10:K:4594"",""label"":""数字信源→数字基带信号"",""resolution"":""direct""},{""source_id"":""4595"",""entity_id"":""C10:K:4595"",""label"":""基带信号往往包含有较多的低频成分，甚至有直流成分"",""resolution"":""direct""},{""source_id"":""4596"",""entity_id"":""C10:K:4596"",""label"":""直接在信道中传送基带信号称为基带传输"",""resolution"":""direct""},{""source_id"":""4597"",""entity_id"":""C10:K:4597"",""label"":""实现基带传输的系统称为基带传输系统"",""resolution"":""direct""},{""source_id"":""4598"",""entity_id"":""C10:K:4598"",""label"":""在信道中直接传输数字基带信号，称为数字基带传输，相应的系统称为数字基带传输系统"",""resolution"":""direct""},{""source_id"":""4232"",""entity_id"":""C10:K:4232"",""label"":""数字基带传输系统"",""resolution"":""direct""},{""source_id"":""4599"",""entity_id"":""C10:K:4599"",""label"":""基带信号比较适合在具有低通特性的有线信道中传输，通常不适合在无线信道中直接传输"",""resolution"":""direct""},{""source_id"":""4600"",""entity_id"":""C10:K:4600"",""label"":""信道的传输特性会引起波形失真，并会受噪声的"",""resolution"":""direct""},{""source_id"":""4601"",""entity_id"":""C10:K:4601"",""label"":""信道中的信号传播一定距离后，信号质量就会有所下降，甚至出现传输误码现象"",""resolution"":""direct""},{""source_id"":""4234"",""entity_id"":""C10:K:4234"",""label"":""典型数字基带信号码型"",""resolution"":""direct""},{""source_id"":""4602"",""entity_id"":""C10:K:4602"",""label"":""单极不归零码（Not Return to Zero-NRZ）"",""resolution"":""direct""},{""source_id"":""4610"",""entity_id"":""C10:K:4610"",""label"":""这种码型易于产生，但不适合长距离传输"",""resolution"":""direct""},{""source_id"":""4611"",""entity_id"":""C10:K:4602"",""label"":""单极不归零码（Not Return to Zero-NRZ）"",""resolution"":""nearest_ancestor""},{""source_id"":""4603"",""entity_id"":""C10:K:4603"",""label"":""双极不归零码"",""resolution"":""direct""},{""source_id"":""4613"",""entity_id"":""C10:K:4603"",""label"":""双极不归零码"",""resolution"":""nearest_ancestor""},{""source_id"":""4604"",""entity_id"":""C10:K:4604"",""label"":""单极归零码（Return to Zero-RZ）"",""resolution"":""direct""},{""source_id"":""4615"",""entity_id"":""C10:K:4615"",""label"":""码元不为零的时间占一个码元周期的百分比称为占空比"",""resolution"":""direct""},{""source_id"":""4616"",""entity_id"":""C10:K:4616"",""label"":""若码元不为零时间为Tb/2，码元周期为Tb，则该单极归零码的占空比为50%"",""resolution"":""direct""},{""source_id"":""4617"",""entity_id"":""C10:K:4604"",""label"":""单极归零码（Return to Zero-RZ）"",""resolution"":""nearest_ancestor""},{""source_id"":""4605"",""entity_id"":""C10:K:4605"",""label"":""双极归零码"",""resolution"":""direct""},{""source_id"":""4619"",""entity_id"":""C10:K:4605"",""label"":""双极归零码"",""resolution"":""nearest_ancestor""},{""source_id"":""4606"",""entity_id"":""C10:K:4606"",""label"":""差分码"",""resolution"":""direct""},{""source_id"":""4621"",""entity_id"":""C10:K:4621"",""label"":""差分码又称为相对码"",""resolution"":""direct""},{""source_id"":""4622"",""entity_id"":""C10:K:4622"",""label"":""例如：相邻脉冲有电平跳变表示1，无跳变表示0"",""resolution"":""direct""},{""source_id"":""4623"",""entity_id"":""C10:K:4606"",""label"":""差分码"",""resolution"":""nearest_ancestor""},{""source_id"":""4607"",""entity_id"":""C10:K:4607"",""label"":""AMI码"",""resolution"":""direct""},{""source_id"":""4625"",""entity_id"":""C10:K:4625"",""label"":""AMI（Alternative Mark Inversion）码的全称是信号交替反转码"",""resolution"":""direct""},{""source_id"":""4626"",""entity_id"":""C10:K:4626"",""label"":""编码规则"",""resolution"":""direct""},{""source_id"":""4627"",""entity_id"":""C10:K:4627"",""label"":""信息码中的0编码为AMI传输码中的0（零电平）"",""resolution"":""direct""},{""source_id"":""4628"",""entity_id"":""C10:K:4628"",""label"":""信号码中的1交替编码为AMI传输码中的+1（正脉冲）和-1(负脉冲)"",""resolution"":""direct""},{""source_id"":""4629"",""entity_id"":""C10:K:4607"",""label"":""AMI码"",""resolution"":""nearest_ancestor""},{""source_id"":""4608"",""entity_id"":""C10:K:4608"",""label"":""双相码"",""resolution"":""direct""},{""source_id"":""4631"",""entity_id"":""C10:K:4631"",""label"":""双相码（Biphase Code）又称为曼彻斯特（Manchester）码"",""resolution"":""direct""},{""source_id"":""4632"",""entity_id"":""C10:K:4632"",""label"":""双相码只有正、负两种电平"",""resolution"":""direct""},{""source_id"":""4633"",""entity_id"":""C10:K:4633"",""label"":""每个比特持续时间的中间时刻要进行电平跳变"",""resolution"":""direct""},{""source_id"":""4634"",""entity_id"":""C10:K:4634"",""label"":""正（高）电平跳到负（低）电平表示1"",""resolution"":""direct""},{""source_id"":""4635"",""entity_id"":""C10:K:4635"",""label"":""负电平跳到正电平表示0"",""resolution"":""direct""},{""source_id"":""4636"",""entity_id"":""C10:K:4636"",""label"":""双相码在每个比特周期中间时刻都会有电平跳变，因此便于提取定时信息"",""resolution"":""direct""},{""source_id"":""4637"",""entity_id"":""C10:K:4637"",""label"":""双相码利用了两个脉冲编码信息码中的一个比特，相当于双极码中的两个比特"",""resolution"":""direct""},{""source_id"":""4638"",""entity_id"":""C10:K:4638"",""label"":""10Mbps的以太网采用曼彻斯特码"",""resolution"":""direct""},{""source_id"":""4644"",""entity_id"":""C10:K:4608"",""label"":""双相码"",""resolution"":""nearest_ancestor""},{""source_id"":""4639"",""entity_id"":""C10:K:4639"",""label"":""双相码的另一种码型是差分双相码，也称为差分曼彻斯特码"",""resolution"":""direct""},{""source_id"":""4640"",""entity_id"":""C10:K:4640"",""label"":""差分双相码的每个比特周期的中间时刻也要进行电平跳变，但该跳变仅用于同步"",""resolution"":""direct""},{""source_id"":""4641"",""entity_id"":""C10:K:4641"",""label"":""利用每个比特开始处是否存在电平跳变编码信息"",""resolution"":""direct""},{""source_id"":""4642"",""entity_id"":""C10:K:4642"",""label"":""开始处有跳变表示1"",""resolution"":""direct""},{""source_id"":""4643"",""entity_id"":""C10:K:4643"",""label"":""无跳变表示0"",""resolution"":""direct""},{""source_id"":""4646"",""entity_id"":""C10:K:4639"",""label"":""双相码的另一种码型是差分双相码，也称为差分曼彻斯特码"",""resolution"":""nearest_ancestor""},{""source_id"":""4609"",""entity_id"":""C10:K:4609"",""label"":""nBmB"",""resolution"":""direct""},{""source_id"":""4648"",""entity_id"":""C10:K:4648"",""label"":""nBmB码将n位二进制信息码作为一组，映射成m位二进制新码组，其中m>n"",""resolution"":""direct""},{""source_id"":""4649"",""entity_id"":""C10:K:4649"",""label"":""由于m>n，因此2^m个码的新码组中只会用到2^n个，多出（2^m-2^n）个码"",""resolution"":""direct""},{""source_id"":""4650"",""entity_id"":""C10:K:4650"",""label"":""可以从2m个码中优选出2n个码作为有效码，已获得良好的编码性能，其余码则作为禁用码，可以用于检错"",""resolution"":""direct""}]","[{""id"":""C10:SI:5693"",""label"":""数字信号"",""source_id"":""5693"",""children"":[]},{""id"":""C10:SI:5695"",""label"":""编码"",""source_id"":""5695"",""children"":[]}]",[]
C10:SUM:5698,C10,计算机网络,5698,关键词,5697,"[""4236"",""4235"",""4651"",""4652"",""4237"",""4653"",""4660"",""4654"",""4655"",""4656"",""4657"",""4658"",""4659"",""4662""]","[""C10:K:4236"",""C10:K:4235"",""C10:K:4651"",""C10:K:4652"",""C10:K:4237"",""C10:K:4653"",""C10:K:4654"",""C10:K:4655"",""C10:K:4656"",""C10:K:4657"",""C10:K:4658"",""C10:K:4659""]","[""频带传输"",""概念"",""频带传输是将基带信号经过调制在公用电话网上以模拟信号传输，在接收端，再将模拟信号变换成原来的基带信号"",""这种把基带信号经过调制后传送到接收端又解调还原成基带信号的传输方式，称为频带传输"",""基本调制解调方法"",""表达式"",""A表示振幅，w表示频率，φ表示相位"",""三种基本的调制解调方法"",""（1）幅度调制"",""（2）频率调制"",""（3）相位调制"",""三种调制方法的示意图""]","[{""source_id"":""4236"",""entity_id"":""C10:K:4236"",""label"":""频带传输"",""resolution"":""direct""},{""source_id"":""4235"",""entity_id"":""C10:K:4235"",""label"":""概念"",""resolution"":""direct""},{""source_id"":""4651"",""entity_id"":""C10:K:4651"",""label"":""频带传输是将基带信号经过调制在公用电话网上以模拟信号传输，在接收端，再将模拟信号变换成原来的基带信号"",""resolution"":""direct""},{""source_id"":""4652"",""entity_id"":""C10:K:4652"",""label"":""这种把基带信号经过调制后传送到接收端又解调还原成基带信号的传输方式，称为频带传输"",""resolution"":""direct""},{""source_id"":""4237"",""entity_id"":""C10:K:4237"",""label"":""基本调制解调方法"",""resolution"":""direct""},{""source_id"":""4653"",""entity_id"":""C10:K:4653"",""label"":""表达式"",""resolution"":""direct""},{""source_id"":""4660"",""entity_id"":""C10:K:4653"",""label"":""表达式"",""resolution"":""nearest_ancestor""},{""source_id"":""4654"",""entity_id"":""C10:K:4654"",""label"":""A表示振幅，w表示频率，φ表示相位"",""resolution"":""direct""},{""source_id"":""4655"",""entity_id"":""C10:K:4655"",""label"":""三种基本的调制解调方法"",""resolution"":""direct""},{""source_id"":""4656"",""entity_id"":""C10:K:4656"",""label"":""（1）幅度调制"",""resolution"":""direct""},{""source_id"":""4657"",""entity_id"":""C10:K:4657"",""label"":""（2）频率调制"",""resolution"":""direct""},{""source_id"":""4658"",""entity_id"":""C10:K:4658"",""label"":""（3）相位调制"",""resolution"":""direct""},{""source_id"":""4659"",""entity_id"":""C10:K:4659"",""label"":""三种调制方法的示意图"",""resolution"":""direct""},{""source_id"":""4662"",""entity_id"":""C10:K:4659"",""label"":""三种调制方法的示意图"",""resolution"":""nearest_ancestor""}]","[{""id"":""C10:SI:5699"",""label"":""模拟信号"",""source_id"":""5699"",""children"":[]},{""id"":""C10:SI:5701"",""label"":""调制"",""source_id"":""5701"",""children"":[]}]",[]
C11:SUM:2133,C11,编译原理,2133,等价,2132,"[""2087"",""2105"",""2107"",""2110"",""2112""]","[""C11:K:2087"",""C11:K:2105"",""C11:K:2110""]","[""3型(正规文法，有限自动机)"",""右线性文法"",""左线性文法""]","[{""source_id"":""2087"",""entity_id"":""C11:K:2087"",""label"":""3型(正规文法，有限自动机)"",""resolution"":""direct""},{""source_id"":""2105"",""entity_id"":""C11:K:2105"",""label"":""右线性文法"",""resolution"":""direct""},{""source_id"":""2107"",""entity_id"":""C11:K:2105"",""label"":""右线性文法"",""resolution"":""nearest_ancestor""},{""source_id"":""2110"",""entity_id"":""C11:K:2110"",""label"":""左线性文法"",""resolution"":""direct""},{""source_id"":""2112"",""entity_id"":""C11:K:2110"",""label"":""左线性文法"",""resolution"":""nearest_ancestor""}]",[],[]
C11:SUM:2515,C11,编译原理,2515,总结,2514,"[""2150"",""2152"",""2262"",""2264"",""2267"",""2269"",""2279"",""2281"",""2272"",""2274"",""2276"",""2154"",""2283"",""2292"",""2285"",""2287"",""2294"",""2300"",""2296"",""2302"",""2306"",""2308"",""2298"",""2311"",""2313"",""2315"",""2318"",""2320"",""2322"",""2324"",""2326"",""2156"",""2329"",""2345"",""2333"",""2335"",""2337"",""2339"",""2342"",""2347"",""2349"",""2351"",""2353"",""2331"",""2356"",""2360"",""2362"",""2367"",""2369"",""2158"",""2372"",""2374"",""2376"",""2380"",""2378"",""2383"",""2385"",""2387"",""2390"",""2393"",""2395"",""2397"",""2401"",""2404"",""2406"",""2408"",""2411"",""2414"",""2416"",""2430"",""2418"",""2432"",""2422"",""2434"",""2424"",""2436"",""2426"",""2438"",""2428"",""2440"",""2442"",""2452"",""2444"",""2454"",""2446"",""2456"",""2448"",""2458"",""2460"",""2462"",""2465"",""2468"",""2474"",""2477"",""2480"",""2483"",""2485"",""2487"",""2489"",""2492"",""2495""]","[""C11:K:2150"",""C11:K:2152"",""C11:K:2262"",""C11:K:2267"",""C11:K:2279"",""C11:K:2281"",""C11:K:2272"",""C11:K:2274"",""C11:K:2154"",""C11:K:2283"",""C11:K:2292"",""C11:K:2285"",""C11:K:2294"",""C11:K:2300"",""C11:K:2296"",""C11:K:2302"",""C11:K:2306"",""C11:K:2298"",""C11:K:2311"",""C11:K:2313"",""C11:K:2318"",""C11:K:2320"",""C11:K:2322"",""C11:K:2324"",""C11:K:2156"",""C11:K:2329"",""C11:K:2345"",""C11:K:2333"",""C11:K:2335"",""C11:K:2337"",""C11:K:2339"",""C11:K:2347"",""C11:K:2349"",""C11:K:2351"",""C11:K:2331"",""C11:K:2356"",""C11:K:2360"",""C11:K:2367"",""C11:K:2158"",""C11:K:2372"",""C11:K:2374"",""C11:K:2376"",""C11:K:2378"",""C11:K:2383"",""C11:K:2385"",""C11:K:2393"",""C11:K:2395"",""C11:K:2404"",""C11:K:2406"",""C11:K:2414"",""C11:K:2416"",""C11:K:2430"",""C11:K:2418"",""C11:K:2432"",""C11:K:2422"",""C11:K:2434"",""C11:K:2424"",""C11:K:2436"",""C11:K:2426"",""C11:K:2438"",""C11:K:2428"",""C11:K:2440"",""C11:K:2442"",""C11:K:2452"",""C11:K:2444"",""C11:K:2454"",""C11:K:2446"",""C11:K:2456"",""C11:K:2448"",""C11:K:2458"",""C11:K:2460"",""C11:K:2483"",""C11:K:2485"",""C11:K:2487"",""C11:K:2495""]","[""词法分析器的设计"",""词法分析器的结构"",""图示"",""扫描缓冲区"",""起点指示器指向单词首部"",""搜索指示器指向单词尾部"",""两个半区互补使用"",""例子"",""超前搜索"",""基本字识别"",""需要超前搜索才能确定哪些是基本字"",""例如"",""标识符识别"",""字母开头的字母数字串，后跟界符或算符"",""常数识别"",""识别出算术常数并将其转变为二进制内码表示"",""例如"",""算符和界符的识别"",""把多字符组成的算符和界符拼合成一个单词符号"",""例如"",""几点限制——不必使用超前搜索"",""所有基本字都是保留字;用户不能用它们作自己的标识符"",""基本字作为特殊的标识符来处理，使用保留字表"",""如果基本字、标识符和常数(或标号)之间没有确定的运算符或界符作间隔，则必须使用一个空白符作间隔"",""状态转换图"",""状态转换图"",""状态转换图是一张有限方向图"",""结点代表状态，用圆圈表示"",""状态之间用箭弧连结，箭弧上的标记(字符)代表射出结状态下可能出现的输入字符或字符类"",""一张转换图只包含有限个状态，其中有一个为初态，至少要有一个终态"",""例子"",""状态转换图可用于识别(或接受)一定的字符串"",""若存在一条从初态到某一终态的道路，且这条路上所有弧上的标记符连接成的字等于α，则称α被该状态转换图所识别(接受）"",""例子"",""词法分析器的设计示例"",""一个简单的程序设计语言"",""单词表"",""设计状态转换图"",""状态转换图的实现"",""词法分析器的设计示例"",""状态转换图的代码实现"",""每个状态结点对应一小段程序"",""状态转换图的实现"",""不含回路的分叉结点"",""可用一个CASE语句或一组IF-THEN-ELSE语句实现"",""含回路的状态结点"",""对应一段由WHILE结构和IF语句构成的程序"",""终态结点"",""表示识别出某种单词符号，对应返回语句"",""全局变量与过程"",""ch字符变量"",""存放最新读入的源程序字符"",""strToken字符数组"",""存放构成单词符号的字符串"",""GetChar子程序过程"",""把下一个字符读入到 ch 中"",""GetBC子程序过程"",""跳过空白符，直至 ch 中读入一非空白符"",""Concat子程序"",""把ch中的字符连接到 strToken"",""IsLetter和IsDisgital布尔函数"",""判断ch中字符是否为字母和数字"",""Reserve整型函数"",""对于strToken中的字符串查找保留字表，若它是保留字则给出它的编码，否则回送0"",""Retract子程序"",""把搜索指针回调一个字符位置"",""InsertId整型函数"",""将strToken中的标识符插入符号表，返回符号表指针"",""InsertConst整型函数过程"",""将strToken中的常数 插入常数表，返回常数表指针"",""词法分析器的实现"",""将状态图的代码一般化"",""变量curState用于保存现有的状态"",""用二维数组表示状态图：stateTrans[state][ch]"",""只是个框架，还有很多细节需要考虑""]","[{""source_id"":""2150"",""entity_id"":""C11:K:2150"",""label"":""词法分析器的设计"",""resolution"":""direct""},{""source_id"":""2152"",""entity_id"":""C11:K:2152"",""label"":""词法分析器的结构"",""resolution"":""direct""},{""source_id"":""2262"",""entity_id"":""C11:K:2262"",""label"":""图示"",""resolution"":""direct""},{""source_id"":""2264"",""entity_id"":""C11:K:2262"",""label"":""图示"",""resolution"":""nearest_ancestor""},{""source_id"":""2267"",""entity_id"":""C11:K:2267"",""label"":""扫描缓冲区"",""resolution"":""direct""},{""source_id"":""2269"",""entity_id"":""C11:K:2267"",""label"":""扫描缓冲区"",""resolution"":""nearest_ancestor""},{""source_id"":""2279"",""entity_id"":""C11:K:2279"",""label"":""起点指示器指向单词首部"",""resolution"":""direct""},{""source_id"":""2281"",""entity_id"":""C11:K:2281"",""label"":""搜索指示器指向单词尾部"",""resolution"":""direct""},{""source_id"":""2272"",""entity_id"":""C11:K:2272"",""label"":""两个半区互补使用"",""resolution"":""direct""},{""source_id"":""2274"",""entity_id"":""C11:K:2274"",""label"":""例子"",""resolution"":""direct""},{""source_id"":""2276"",""entity_id"":""C11:K:2274"",""label"":""例子"",""resolution"":""nearest_ancestor""},{""source_id"":""2154"",""entity_id"":""C11:K:2154"",""label"":""超前搜索"",""resolution"":""direct""},{""source_id"":""2283"",""entity_id"":""C11:K:2283"",""label"":""基本字识别"",""resolution"":""direct""},{""source_id"":""2292"",""entity_id"":""C11:K:2292"",""label"":""需要超前搜索才能确定哪些是基本字"",""resolution"":""direct""},{""source_id"":""2285"",""entity_id"":""C11:K:2285"",""label"":""例如"",""resolution"":""direct""},{""source_id"":""2287"",""entity_id"":""C11:K:2285"",""label"":""例如"",""resolution"":""nearest_ancestor""},{""source_id"":""2294"",""entity_id"":""C11:K:2294"",""label"":""标识符识别"",""resolution"":""direct""},{""source_id"":""2300"",""entity_id"":""C11:K:2300"",""label"":""字母开头的字母数字串，后跟界符或算符"",""resolution"":""direct""},{""source_id"":""2296"",""entity_id"":""C11:K:2296"",""label"":""常数识别"",""resolution"":""direct""},{""source_id"":""2302"",""entity_id"":""C11:K:2302"",""label"":""识别出算术常数并将其转变为二进制内码表示"",""resolution"":""direct""},{""source_id"":""2306"",""entity_id"":""C11:K:2306"",""label"":""例如"",""resolution"":""direct""},{""source_id"":""2308"",""entity_id"":""C11:K:2306"",""label"":""例如"",""resolution"":""nearest_ancestor""},{""source_id"":""2298"",""entity_id"":""C11:K:2298"",""label"":""算符和界符的识别"",""resolution"":""direct""},{""source_id"":""2311"",""entity_id"":""C11:K:2311"",""label"":""把多字符组成的算符和界符拼合成一个单词符号"",""resolution"":""direct""},{""source_id"":""2313"",""entity_id"":""C11:K:2313"",""label"":""例如"",""resolution"":""direct""},{""source_id"":""2315"",""entity_id"":""C11:K:2313"",""label"":""例如"",""resolution"":""nearest_ancestor""},{""source_id"":""2318"",""entity_id"":""C11:K:2318"",""label"":""几点限制——不必使用超前搜索"",""resolution"":""direct""},{""source_id"":""2320"",""entity_id"":""C11:K:2320"",""label"":""所有基本字都是保留字;用户不能用它们作自己的标识符"",""resolution"":""direct""},{""source_id"":""2322"",""entity_id"":""C11:K:2322"",""label"":""基本字作为特殊的标识符来处理，使用保留字表"",""resolution"":""direct""},{""source_id"":""2324"",""entity_id"":""C11:K:2324"",""label"":""如果基本字、标识符和常数(或标号)之间没有确定的运算符或界符作间隔，则必须使用一个空白符作间隔"",""resolution"":""direct""},{""source_id"":""2326"",""entity_id"":""C11:K:2324"",""label"":""如果基本字、标识符和常数(或标号)之间没有确定的运算符或界符作间隔，则必须使用一个空白符作间隔"",""resolution"":""nearest_ancestor""},{""source_id"":""2156"",""entity_id"":""C11:K:2156"",""label"":""状态转换图"",""resolution"":""direct""},{""source_id"":""2329"",""entity_id"":""C11:K:2329"",""label"":""状态转换图"",""resolution"":""direct""},{""source_id"":""2345"",""entity_id"":""C11:K:2345"",""label"":""状态转换图是一张有限方向图"",""resolution"":""direct""},{""source_id"":""2333"",""entity_id"":""C11:K:2333"",""label"":""结点代表状态，用圆圈表示"",""resolution"":""direct""},{""source_id"":""2335"",""entity_id"":""C11:K:2335"",""label"":""状态之间用箭弧连结，箭弧上的标记(字符)代表射出结状态下可能出现的输入字符或字符类"",""resolution"":""direct""},{""source_id"":""2337"",""entity_id"":""C11:K:2337"",""label"":""一张转换图只包含有限个状态，其中有一个为初态，至少要有一个终态"",""resolution"":""direct""},{""source_id"":""2339"",""entity_id"":""C11:K:2339"",""label"":""例子"",""resolution"":""direct""},{""source_id"":""2342"",""entity_id"":""C11:K:2339"",""label"":""例子"",""resolution"":""nearest_ancestor""},{""source_id"":""2347"",""entity_id"":""C11:K:2347"",""label"":""状态转换图可用于识别(或接受)一定的字符串"",""resolution"":""direct""},{""source_id"":""2349"",""entity_id"":""C11:K:2349"",""label"":""若存在一条从初态到某一终态的道路，且这条路上所有弧上的标记符连接成的字等于α，则称α被该状态转换图所识别(接受）"",""resolution"":""direct""},{""source_id"":""2351"",""entity_id"":""C11:K:2351"",""label"":""例子"",""resolution"":""direct""},{""source_id"":""2353"",""entity_id"":""C11:K:2351"",""label"":""例子"",""resolution"":""nearest_ancestor""},{""source_id"":""2331"",""entity_id"":""C11:K:2331"",""label"":""词法分析器的设计示例"",""resolution"":""direct""},{""source_id"":""2356"",""entity_id"":""C11:K:2356"",""label"":""一个简单的程序设计语言"",""resolution"":""direct""},{""source_id"":""2360"",""entity_id"":""C11:K:2360"",""label"":""单词表"",""resolution"":""direct""},{""source_id"":""2362"",""entity_id"":""C11:K:2360"",""label"":""单词表"",""resolution"":""nearest_ancestor""},{""source_id"":""2367"",""entity_id"":""C11:K:2367"",""label"":""设计状态转换图"",""resolution"":""direct""},{""source_id"":""2369"",""entity_id"":""C11:K:2367"",""label"":""设计状态转换图"",""resolution"":""nearest_ancestor""},{""source_id"":""2158"",""entity_id"":""C11:K:2158"",""label"":""状态转换图的实现"",""resolution"":""direct""},{""source_id"":""2372"",""entity_id"":""C11:K:2372"",""label"":""词法分析器的设计示例"",""resolution"":""direct""},{""source_id"":""2374"",""entity_id"":""C11:K:2374"",""label"":""状态转换图的代码实现"",""resolution"":""direct""},{""source_id"":""2376"",""entity_id"":""C11:K:2376"",""label"":""每个状态结点对应一小段程序"",""resolution"":""direct""},{""source_id"":""2380"",""entity_id"":""C11:K:2372"",""label"":""词法分析器的设计示例"",""resolution"":""nearest_ancestor""},{""source_id"":""2378"",""entity_id"":""C11:K:2378"",""label"":""状态转换图的实现"",""resolution"":""direct""},{""source_id"":""2383"",""entity_id"":""C11:K:2383"",""label"":""不含回路的分叉结点"",""resolution"":""direct""},{""source_id"":""2385"",""entity_id"":""C11:K:2385"",""label"":""可用一个CASE语句或一组IF-THEN-ELSE语句实现"",""resolution"":""direct""},{""source_id"":""2387"",""entity_id"":""C11:K:2383"",""label"":""不含回路的分叉结点"",""resolution"":""nearest_ancestor""},{""source_id"":""2390"",""entity_id"":""C11:K:2383"",""label"":""不含回路的分叉结点"",""resolution"":""nearest_ancestor""},{""source_id"":""2393"",""entity_id"":""C11:K:2393"",""label"":""含回路的状态结点"",""resolution"":""direct""},{""source_id"":""2395"",""entity_id"":""C11:K:2395"",""label"":""对应一段由WHILE结构和IF语句构成的程序"",""resolution"":""direct""},{""source_id"":""2397"",""entity_id"":""C11:K:2393"",""label"":""含回路的状态结点"",""resolution"":""nearest_ancestor""},{""source_id"":""2401"",""entity_id"":""C11:K:2393"",""label"":""含回路的状态结点"",""resolution"":""nearest_ancestor""},{""source_id"":""2404"",""entity_id"":""C11:K:2404"",""label"":""终态结点"",""resolution"":""direct""},{""source_id"":""2406"",""entity_id"":""C11:K:2406"",""label"":""表示识别出某种单词符号，对应返回语句"",""resolution"":""direct""},{""source_id"":""2408"",""entity_id"":""C11:K:2404"",""label"":""终态结点"",""resolution"":""nearest_ancestor""},{""source_id"":""2411"",""entity_id"":""C11:K:2404"",""label"":""终态结点"",""resolution"":""nearest_ancestor""},{""source_id"":""2414"",""entity_id"":""C11:K:2414"",""label"":""全局变量与过程"",""resolution"":""direct""},{""source_id"":""2416"",""entity_id"":""C11:K:2416"",""label"":""ch字符变量"",""resolution"":""direct""},{""source_id"":""2430"",""entity_id"":""C11:K:2430"",""label"":""存放最新读入的源程序字符"",""resolution"":""direct""},{""source_id"":""2418"",""entity_id"":""C11:K:2418"",""label"":""strToken字符数组"",""resolution"":""direct""},{""source_id"":""2432"",""entity_id"":""C11:K:2432"",""label"":""存放构成单词符号的字符串"",""resolution"":""direct""},{""source_id"":""2422"",""entity_id"":""C11:K:2422"",""label"":""GetChar子程序过程"",""resolution"":""direct""},{""source_id"":""2434"",""entity_id"":""C11:K:2434"",""label"":""把下一个字符读入到 ch 中"",""resolution"":""direct""},{""source_id"":""2424"",""entity_id"":""C11:K:2424"",""label"":""GetBC子程序过程"",""resolution"":""direct""},{""source_id"":""2436"",""entity_id"":""C11:K:2436"",""label"":""跳过空白符，直至 ch 中读入一非空白符"",""resolution"":""direct""},{""source_id"":""2426"",""entity_id"":""C11:K:2426"",""label"":""Concat子程序"",""resolution"":""direct""},{""source_id"":""2438"",""entity_id"":""C11:K:2438"",""label"":""把ch中的字符连接到 strToken"",""resolution"":""direct""},{""source_id"":""2428"",""entity_id"":""C11:K:2428"",""label"":""IsLetter和IsDisgital布尔函数"",""resolution"":""direct""},{""source_id"":""2440"",""entity_id"":""C11:K:2440"",""label"":""判断ch中字符是否为字母和数字"",""resolution"":""direct""},{""source_id"":""2442"",""entity_id"":""C11:K:2442"",""label"":""Reserve整型函数"",""resolution"":""direct""},{""source_id"":""2452"",""entity_id"":""C11:K:2452"",""label"":""对于strToken中的字符串查找保留字表，若它是保留字则给出它的编码，否则回送0"",""resolution"":""direct""},{""source_id"":""2444"",""entity_id"":""C11:K:2444"",""label"":""Retract子程序"",""resolution"":""direct""},{""source_id"":""2454"",""entity_id"":""C11:K:2454"",""label"":""把搜索指针回调一个字符位置"",""resolution"":""direct""},{""source_id"":""2446"",""entity_id"":""C11:K:2446"",""label"":""InsertId整型函数"",""resolution"":""direct""},{""source_id"":""2456"",""entity_id"":""C11:K:2456"",""label"":""将strToken中的标识符插入符号表，返回符号表指针"",""resolution"":""direct""},{""source_id"":""2448"",""entity_id"":""C11:K:2448"",""label"":""InsertConst整型函数过程"",""resolution"":""direct""},{""source_id"":""2458"",""entity_id"":""C11:K:2458"",""label"":""将strToken中的常数 插入常数表，返回常数表指针"",""resolution"":""direct""},{""source_id"":""2460"",""entity_id"":""C11:K:2460"",""label"":""词法分析器的实现"",""resolution"":""direct""},{""source_id"":""2462"",""entity_id"":""C11:K:2460"",""label"":""词法分析器的实现"",""resolution"":""nearest_ancestor""},{""source_id"":""2465"",""entity_id"":""C11:K:2460"",""label"":""词法分析器的实现"",""resolution"":""nearest_ancestor""},{""source_id"":""2468"",""entity_id"":""C11:K:2460"",""label"":""词法分析器的实现"",""resolution"":""nearest_ancestor""},{""source_id"":""2474"",""entity_id"":""C11:K:2460"",""label"":""词法分析器的实现"",""resolution"":""nearest_ancestor""},{""source_id"":""2477"",""entity_id"":""C11:K:2460"",""label"":""词法分析器的实现"",""resolution"":""nearest_ancestor""},{""source_id"":""2480"",""entity_id"":""C11:K:2460"",""label"":""词法分析器的实现"",""resolution"":""nearest_ancestor""},{""source_id"":""2483"",""entity_id"":""C11:K:2483"",""label"":""将状态图的代码一般化"",""resolution"":""direct""},{""source_id"":""2485"",""entity_id"":""C11:K:2485"",""label"":""变量curState用于保存现有的状态"",""resolution"":""direct""},{""source_id"":""2487"",""entity_id"":""C11:K:2487"",""label"":""用二维数组表示状态图：stateTrans[state][ch]"",""resolution"":""direct""},{""source_id"":""2489"",""entity_id"":""C11:K:2483"",""label"":""将状态图的代码一般化"",""resolution"":""nearest_ancestor""},{""source_id"":""2492"",""entity_id"":""C11:K:2483"",""label"":""将状态图的代码一般化"",""resolution"":""nearest_ancestor""},{""source_id"":""2495"",""entity_id"":""C11:K:2495"",""label"":""只是个框架，还有很多细节需要考虑"",""resolution"":""direct""}]","[{""id"":""C11:SI:2516"",""label"":""给出程序设计语言的单词规范——单词表"",""source_id"":""2516"",""children"":[]},{""id"":""C11:SI:2518"",""label"":""对照单词表设计识别该语言所有单词的状态转换图"",""source_id"":""2518"",""children"":[]},{""id"":""C11:SI:2520"",""label"":""根据状态转换图编写词法分析程序"",""source_id"":""2520"",""children"":[]}]",[]
C11:SUM:3143,C11,编译原理,3143,ε-closure(I)=I∪{s’|从某个s∈I出发经过任意条ε弧能到达s’},3065,"[""3140"",""3141"",""3142""]","[""C11:K:3140"",""C11:K:3141"",""C11:K:3142""]","[""设I是的状态集的一个子集，定义I的ε-闭包 ε-closure(I)为"",""①若s∈I，则s∈ε-closure(I)"",""②若s∈I，则从s出发经过任意条ε弧而能到达的任何状态s’都属于ε-closure(I)""]","[{""source_id"":""3140"",""entity_id"":""C11:K:3140"",""label"":""设I是的状态集的一个子集，定义I的ε-闭包 ε-closure(I)为"",""resolution"":""direct""},{""source_id"":""3141"",""entity_id"":""C11:K:3141"",""label"":""①若s∈I，则s∈ε-closure(I)"",""resolution"":""direct""},{""source_id"":""3142"",""entity_id"":""C11:K:3142"",""label"":""②若s∈I，则从s出发经过任意条ε弧而能到达的任何状态s’都属于ε-closure(I)"",""resolution"":""direct""}]",[],[]
C11:SUM:4395,C11,编译原理,4395,本质相同,4394,"[""4386"",""4388"",""4390""]","[""C11:K:4386"",""C11:K:4388"",""C11:K:4390""]","[""两种构造识别活前缀的DFA的方法"",""1.项目→ NFA → DFA"",""2. Closure → GO → DFA""]","[{""source_id"":""4386"",""entity_id"":""C11:K:4386"",""label"":""两种构造识别活前缀的DFA的方法"",""resolution"":""direct""},{""source_id"":""4388"",""entity_id"":""C11:K:4388"",""label"":""1.项目→ NFA → DFA"",""resolution"":""direct""},{""source_id"":""4390"",""entity_id"":""C11:K:4390"",""label"":""2. Closure → GO → DFA"",""resolution"":""direct""}]",[],[]
C11:SUM:4694,C11,编译原理,4694,多遍扫描,4693,"[""4662"",""4664""]","[""C11:K:4662"",""C11:K:4664""]","[""依赖图"",""树遍历""]","[{""source_id"":""4662"",""entity_id"":""C11:K:4662"",""label"":""依赖图"",""resolution"":""direct""},{""source_id"":""4664"",""entity_id"":""C11:K:4664"",""label"":""树遍历"",""resolution"":""direct""}]",[],[]
C11:SUM:8137,C11,编译原理,8137,区别,8136,"[""1370"",""1376"",""1378"",""1380"",""1406"",""1382"",""1386"",""1390"",""1392"",""1394"",""1396"",""1384"",""1388"",""1398"",""1400"",""1402"",""1372"",""1414"",""1416"",""1418"",""1420"",""1424"",""1422"",""1426"",""1428"",""1430""]","[""C11:K:1370"",""C11:K:1376"",""C11:K:1378"",""C11:K:1380"",""C11:K:1406"",""C11:K:1382"",""C11:K:1386"",""C11:K:1392"",""C11:K:1394"",""C11:K:1396"",""C11:K:1384"",""C11:K:1388"",""C11:K:1400"",""C11:K:1402"",""C11:K:1372"",""C11:K:1414"",""C11:K:1416"",""C11:K:1418"",""C11:K:1420"",""C11:K:1424"",""C11:K:1422"",""C11:K:1426"",""C11:K:1428"",""C11:K:1430""]","[""语法"",""内涵"",""程序本质上是一定字符集上的字符串"",""一组规则，用它可以形成和产生一个合式(well-formed)的程序"",""包括"",""词法规则"",""单词符号的形成规则"",""单词符号是语言中具有独立意义的最基本结构"",""一般包括：常数、标识符、基本字、算符、界符等"",""描述工具：有限自动机"",""语法规则"",""语法单位的形成规则"",""语法单位通常包括：表达式、语句、分程序、过程、函数、程序等"",""描述工具：上下文无关文法"",""语义"",""内涵"",""一组规则，用它可以定义一个程序的意义"",""描述方法"",""自然语言描述"",""二义性、隐藏错误和不完整性"",""形式描述"",""操作语义"",""指称语义"",""代数语义""]","[{""source_id"":""1370"",""entity_id"":""C11:K:1370"",""label"":""语法"",""resolution"":""direct""},{""source_id"":""1376"",""entity_id"":""C11:K:1376"",""label"":""内涵"",""resolution"":""direct""},{""source_id"":""1378"",""entity_id"":""C11:K:1378"",""label"":""程序本质上是一定字符集上的字符串"",""resolution"":""direct""},{""source_id"":""1380"",""entity_id"":""C11:K:1380"",""label"":""一组规则，用它可以形成和产生一个合式(well-formed)的程序"",""resolution"":""direct""},{""source_id"":""1406"",""entity_id"":""C11:K:1406"",""label"":""包括"",""resolution"":""direct""},{""source_id"":""1382"",""entity_id"":""C11:K:1382"",""label"":""词法规则"",""resolution"":""direct""},{""source_id"":""1386"",""entity_id"":""C11:K:1386"",""label"":""单词符号的形成规则"",""resolution"":""direct""},{""source_id"":""1390"",""entity_id"":""C11:K:1382"",""label"":""词法规则"",""resolution"":""nearest_ancestor""},{""source_id"":""1392"",""entity_id"":""C11:K:1392"",""label"":""单词符号是语言中具有独立意义的最基本结构"",""resolution"":""direct""},{""source_id"":""1394"",""entity_id"":""C11:K:1394"",""label"":""一般包括：常数、标识符、基本字、算符、界符等"",""resolution"":""direct""},{""source_id"":""1396"",""entity_id"":""C11:K:1396"",""label"":""描述工具：有限自动机"",""resolution"":""direct""},{""source_id"":""1384"",""entity_id"":""C11:K:1384"",""label"":""语法规则"",""resolution"":""direct""},{""source_id"":""1388"",""entity_id"":""C11:K:1388"",""label"":""语法单位的形成规则"",""resolution"":""direct""},{""source_id"":""1398"",""entity_id"":""C11:K:1384"",""label"":""语法规则"",""resolution"":""nearest_ancestor""},{""source_id"":""1400"",""entity_id"":""C11:K:1400"",""label"":""语法单位通常包括：表达式、语句、分程序、过程、函数、程序等"",""resolution"":""direct""},{""source_id"":""1402"",""entity_id"":""C11:K:1402"",""label"":""描述工具：上下文无关文法"",""resolution"":""direct""},{""source_id"":""1372"",""entity_id"":""C11:K:1372"",""label"":""语义"",""resolution"":""direct""},{""source_id"":""1414"",""entity_id"":""C11:K:1414"",""label"":""内涵"",""resolution"":""direct""},{""source_id"":""1416"",""entity_id"":""C11:K:1416"",""label"":""一组规则，用它可以定义一个程序的意义"",""resolution"":""direct""},{""source_id"":""1418"",""entity_id"":""C11:K:1418"",""label"":""描述方法"",""resolution"":""direct""},{""source_id"":""1420"",""entity_id"":""C11:K:1420"",""label"":""自然语言描述"",""resolution"":""direct""},{""source_id"":""1424"",""entity_id"":""C11:K:1424"",""label"":""二义性、隐藏错误和不完整性"",""resolution"":""direct""},{""source_id"":""1422"",""entity_id"":""C11:K:1422"",""label"":""形式描述"",""resolution"":""direct""},{""source_id"":""1426"",""entity_id"":""C11:K:1426"",""label"":""操作语义"",""resolution"":""direct""},{""source_id"":""1428"",""entity_id"":""C11:K:1428"",""label"":""指称语义"",""resolution"":""direct""},{""source_id"":""1430"",""entity_id"":""C11:K:1430"",""label"":""代数语义"",""resolution"":""direct""}]","[{""id"":""C11:SI:1408"",""label"":""语法定义了程序的形式结构"",""source_id"":""1408"",""children"":[]},{""id"":""C11:SI:1412"",""label"":""语义定义了语法单位的意义"",""source_id"":""1412"",""children"":[]}]",[]
C11:SUM:8144,C11,编译原理,8144,区别,8143,"[""1576"",""1578"",""1580"",""1582"",""1584"",""1586"",""1588"",""1590"",""1592"",""1594"",""1596"",""1598"",""1600"",""1602"",""1604"",""1606"",""1608"",""1610"",""1612"",""8145"",""8146""]","[""C11:K:1576"",""C11:K:1578"",""C11:K:1580"",""C11:K:1582"",""C11:K:1584"",""C11:K:1586"",""C11:K:1588"",""C11:K:1590"",""C11:K:1592"",""C11:K:1594"",""C11:K:1596"",""C11:K:1598"",""C11:K:1600"",""C11:K:1602"",""C11:K:1604"",""C11:K:1606"",""C11:K:1608"",""C11:K:1610"",""C11:K:1612"",""C11:CALL:8145"",""C11:CALL:8146""]","[""标识符"",""以字母开头的，由字母数字组成的字符串"",""名字"",""标识程序中的对象"",""名字的意义和属性"",""值：单元中的内容"",""属性：类型和作用域"",""名字的说明方式"",""由说明语句来明确规定的"",""int score"",""隐含说明"",""FORTRAN 以I,J,K,…N为首的名字代表整型,否则为实型"",""动态确定"",""走到哪里，是什么，算什么"",""名字的绑定"",""名字的绑定(binding)是指将标识符与所代表的程序数据或代码进行关联"",""包括"",""静态绑定"",""动态绑定"",""语法"",""语义""]","[{""source_id"":""1576"",""entity_id"":""C11:K:1576"",""label"":""标识符"",""resolution"":""direct""},{""source_id"":""1578"",""entity_id"":""C11:K:1578"",""label"":""以字母开头的，由字母数字组成的字符串"",""resolution"":""direct""},{""source_id"":""1580"",""entity_id"":""C11:K:1580"",""label"":""名字"",""resolution"":""direct""},{""source_id"":""1582"",""entity_id"":""C11:K:1582"",""label"":""标识程序中的对象"",""resolution"":""direct""},{""source_id"":""1584"",""entity_id"":""C11:K:1584"",""label"":""名字的意义和属性"",""resolution"":""direct""},{""source_id"":""1586"",""entity_id"":""C11:K:1586"",""label"":""值：单元中的内容"",""resolution"":""direct""},{""source_id"":""1588"",""entity_id"":""C11:K:1588"",""label"":""属性：类型和作用域"",""resolution"":""direct""},{""source_id"":""1590"",""entity_id"":""C11:K:1590"",""label"":""名字的说明方式"",""resolution"":""direct""},{""source_id"":""1592"",""entity_id"":""C11:K:1592"",""label"":""由说明语句来明确规定的"",""resolution"":""direct""},{""source_id"":""1594"",""entity_id"":""C11:K:1594"",""label"":""int score"",""resolution"":""direct""},{""source_id"":""1596"",""entity_id"":""C11:K:1596"",""label"":""隐含说明"",""resolution"":""direct""},{""source_id"":""1598"",""entity_id"":""C11:K:1598"",""label"":""FORTRAN 以I,J,K,…N为首的名字代表整型,否则为实型"",""resolution"":""direct""},{""source_id"":""1600"",""entity_id"":""C11:K:1600"",""label"":""动态确定"",""resolution"":""direct""},{""source_id"":""1602"",""entity_id"":""C11:K:1602"",""label"":""走到哪里，是什么，算什么"",""resolution"":""direct""},{""source_id"":""1604"",""entity_id"":""C11:K:1604"",""label"":""名字的绑定"",""resolution"":""direct""},{""source_id"":""1606"",""entity_id"":""C11:K:1606"",""label"":""名字的绑定(binding)是指将标识符与所代表的程序数据或代码进行关联"",""resolution"":""direct""},{""source_id"":""1608"",""entity_id"":""C11:K:1608"",""label"":""包括"",""resolution"":""direct""},{""source_id"":""1610"",""entity_id"":""C11:K:1610"",""label"":""静态绑定"",""resolution"":""direct""},{""source_id"":""1612"",""entity_id"":""C11:K:1612"",""label"":""动态绑定"",""resolution"":""direct""},{""source_id"":""8145"",""entity_id"":""C11:CALL:8145"",""label"":""语法"",""resolution"":""direct""},{""source_id"":""8146"",""entity_id"":""C11:CALL:8146"",""label"":""语义"",""resolution"":""direct""}]","[{""id"":""C11:SI:1616"",""label"":""标识符是语法概念"",""source_id"":""1616"",""children"":[]},{""id"":""C11:SI:1618"",""label"":""名字有确切的意义和属性"",""source_id"":""1618"",""children"":[]}]",[]
C12:SUM:1065,C12,数据库,1065,模型,1060,"[""1061"",""1063""]","[""C12:K:1061"",""C12:K:1063""]","[""指明什么事件发生和满足什么条件执行触发器"",""指明触发器执行什么样的动作""]","[{""source_id"":""1061"",""entity_id"":""C12:K:1061"",""label"":""指明什么事件发生和满足什么条件执行触发器"",""resolution"":""direct""},{""source_id"":""1063"",""entity_id"":""C12:K:1063"",""label"":""指明触发器执行什么样的动作"",""resolution"":""direct""}]","[{""id"":""C12:SI:1066"",""label"":""事件-条件-动作模型"",""source_id"":""1066"",""children"":[]}]",[]
C12:SUM:1466,C12,数据库,1466,检查,1457,"[""1458"",""1460"",""1462"",""1464""]","[""C12:K:1458"",""C12:K:1460"",""C12:K:1462"",""C12:K:1464""]","[""有效性检查"",""视图转换"",""安全性检查"",""完整性检查""]","[{""source_id"":""1458"",""entity_id"":""C12:K:1458"",""label"":""有效性检查"",""resolution"":""direct""},{""source_id"":""1460"",""entity_id"":""C12:K:1460"",""label"":""视图转换"",""resolution"":""direct""},{""source_id"":""1462"",""entity_id"":""C12:K:1462"",""label"":""安全性检查"",""resolution"":""direct""},{""source_id"":""1464"",""entity_id"":""C12:K:1464"",""label"":""完整性检查"",""resolution"":""direct""}]",[],[]
C12:SUM:1614,C12,数据库,1614,建立冗余数据,1559,"[""1560"",""1562"",""1564"",""1566"",""1568"",""1570"",""1572"",""1574"",""1576"",""1578"",""1580"",""1582"",""1584"",""1586"",""1588"",""1590"",""1592"",""1594"",""1596"",""1598"",""1600"",""1602"",""1604"",""1606"",""1608"",""1610"",""1612""]","[""C12:K:1560"",""C12:K:1562"",""C12:K:1564"",""C12:K:1566"",""C12:K:1568"",""C12:K:1570"",""C12:K:1572"",""C12:K:1574"",""C12:K:1576"",""C12:K:1578"",""C12:K:1580"",""C12:K:1582"",""C12:K:1584"",""C12:K:1586"",""C12:K:1588"",""C12:K:1590"",""C12:K:1592"",""C12:K:1594"",""C12:K:1596"",""C12:K:1598"",""C12:K:1600"",""C12:K:1602"",""C12:K:1604"",""C12:K:1606"",""C12:K:1608"",""C12:K:1610"",""C12:K:1612""]","[""数据转储"",""转储的概念"",""数据库管理员定期的将数据库复制到其他存储介质上保存的过程"",""转储方法"",""分类"",""静态转储"",""优点"",""简单"",""缺点"",""降低数据库的可用性"",""动态转储"",""优点"",""不会影响新事务的运行，不用等待正在运行的用户事务结束"",""缺点"",""不能保证副本数据正确有效"",""增量转储"",""每次转储全部数据库"",""海量转储"",""只转储上次转储后更新过的数据"",""登记日志文件"",""日志文件是用来记录事务对数据库的更新操作的文件"",""格式"",""以记录为单位的日志文件"",""以数据块为单位的日志文件"",""原则"",""登记的次序严格按照并发事务执行的时间次序"",""必须先写日志文件，后写数据库""]","[{""source_id"":""1560"",""entity_id"":""C12:K:1560"",""label"":""数据转储"",""resolution"":""direct""},{""source_id"":""1562"",""entity_id"":""C12:K:1562"",""label"":""转储的概念"",""resolution"":""direct""},{""source_id"":""1564"",""entity_id"":""C12:K:1564"",""label"":""数据库管理员定期的将数据库复制到其他存储介质上保存的过程"",""resolution"":""direct""},{""source_id"":""1566"",""entity_id"":""C12:K:1566"",""label"":""转储方法"",""resolution"":""direct""},{""source_id"":""1568"",""entity_id"":""C12:K:1568"",""label"":""分类"",""resolution"":""direct""},{""source_id"":""1570"",""entity_id"":""C12:K:1570"",""label"":""静态转储"",""resolution"":""direct""},{""source_id"":""1572"",""entity_id"":""C12:K:1572"",""label"":""优点"",""resolution"":""direct""},{""source_id"":""1574"",""entity_id"":""C12:K:1574"",""label"":""简单"",""resolution"":""direct""},{""source_id"":""1576"",""entity_id"":""C12:K:1576"",""label"":""缺点"",""resolution"":""direct""},{""source_id"":""1578"",""entity_id"":""C12:K:1578"",""label"":""降低数据库的可用性"",""resolution"":""direct""},{""source_id"":""1580"",""entity_id"":""C12:K:1580"",""label"":""动态转储"",""resolution"":""direct""},{""source_id"":""1582"",""entity_id"":""C12:K:1582"",""label"":""优点"",""resolution"":""direct""},{""source_id"":""1584"",""entity_id"":""C12:K:1584"",""label"":""不会影响新事务的运行，不用等待正在运行的用户事务结束"",""resolution"":""direct""},{""source_id"":""1586"",""entity_id"":""C12:K:1586"",""label"":""缺点"",""resolution"":""direct""},{""source_id"":""1588"",""entity_id"":""C12:K:1588"",""label"":""不能保证副本数据正确有效"",""resolution"":""direct""},{""source_id"":""1590"",""entity_id"":""C12:K:1590"",""label"":""增量转储"",""resolution"":""direct""},{""source_id"":""1592"",""entity_id"":""C12:K:1592"",""label"":""每次转储全部数据库"",""resolution"":""direct""},{""source_id"":""1594"",""entity_id"":""C12:K:1594"",""label"":""海量转储"",""resolution"":""direct""},{""source_id"":""1596"",""entity_id"":""C12:K:1596"",""label"":""只转储上次转储后更新过的数据"",""resolution"":""direct""},{""source_id"":""1598"",""entity_id"":""C12:K:1598"",""label"":""登记日志文件"",""resolution"":""direct""},{""source_id"":""1600"",""entity_id"":""C12:K:1600"",""label"":""日志文件是用来记录事务对数据库的更新操作的文件"",""resolution"":""direct""},{""source_id"":""1602"",""entity_id"":""C12:K:1602"",""label"":""格式"",""resolution"":""direct""},{""source_id"":""1604"",""entity_id"":""C12:K:1604"",""label"":""以记录为单位的日志文件"",""resolution"":""direct""},{""source_id"":""1606"",""entity_id"":""C12:K:1606"",""label"":""以数据块为单位的日志文件"",""resolution"":""direct""},{""source_id"":""1608"",""entity_id"":""C12:K:1608"",""label"":""原则"",""resolution"":""direct""},{""source_id"":""1610"",""entity_id"":""C12:K:1610"",""label"":""登记的次序严格按照并发事务执行的时间次序"",""resolution"":""direct""},{""source_id"":""1612"",""entity_id"":""C12:K:1612"",""label"":""必须先写日志文件，后写数据库"",""resolution"":""direct""}]",[],[]
C12:SUM:1678,C12,数据库,1678,防止,1641,"[""1646"",""1648"",""1650"",""1652"",""1654"",""1656"",""1658"",""1660"",""1662"",""1664"",""1666"",""1668"",""1670"",""1672"",""1674"",""1676""]","[""C12:K:1646"",""C12:K:1648"",""C12:K:1650"",""C12:K:1652"",""C12:K:1654"",""C12:K:1656"",""C12:K:1658"",""C12:K:1660"",""C12:K:1662"",""C12:K:1664"",""C12:K:1666"",""C12:K:1668"",""C12:K:1670"",""C12:K:1672"",""C12:K:1674"",""C12:K:1676""]","[""包含"",""一级封锁协议"",""定义"",""事务T在更新数据对象Q之前必须先对其加X锁，直到事务结束才释放"",""作用"",""防止丢失修改"",""二级封锁协议"",""定义"",""在一级封锁协议的基础上，进一步要求事务T在读取数据对象Q之前必须先对其加S锁，但是读完后可以立即释放S锁"",""作用"",""进一步防止读脏数据"",""三级封锁协议"",""定义"",""在一级封锁协议的基础上，进一步要求事务T在读取数据对象Q之前必须先对其加S锁，并且直到事务结束才能释放S锁"",""作用"",""进一步防止不可重复读""]","[{""source_id"":""1646"",""entity_id"":""C12:K:1646"",""label"":""包含"",""resolution"":""direct""},{""source_id"":""1648"",""entity_id"":""C12:K:1648"",""label"":""一级封锁协议"",""resolution"":""direct""},{""source_id"":""1650"",""entity_id"":""C12:K:1650"",""label"":""定义"",""resolution"":""direct""},{""source_id"":""1652"",""entity_id"":""C12:K:1652"",""label"":""事务T在更新数据对象Q之前必须先对其加X锁，直到事务结束才释放"",""resolution"":""direct""},{""source_id"":""1654"",""entity_id"":""C12:K:1654"",""label"":""作用"",""resolution"":""direct""},{""source_id"":""1656"",""entity_id"":""C12:K:1656"",""label"":""防止丢失修改"",""resolution"":""direct""},{""source_id"":""1658"",""entity_id"":""C12:K:1658"",""label"":""二级封锁协议"",""resolution"":""direct""},{""source_id"":""1660"",""entity_id"":""C12:K:1660"",""label"":""定义"",""resolution"":""direct""},{""source_id"":""1662"",""entity_id"":""C12:K:1662"",""label"":""在一级封锁协议的基础上，进一步要求事务T在读取数据对象Q之前必须先对其加S锁，但是读完后可以立即释放S锁"",""resolution"":""direct""},{""source_id"":""1664"",""entity_id"":""C12:K:1664"",""label"":""作用"",""resolution"":""direct""},{""source_id"":""1666"",""entity_id"":""C12:K:1666"",""label"":""进一步防止读脏数据"",""resolution"":""direct""},{""source_id"":""1668"",""entity_id"":""C12:K:1668"",""label"":""三级封锁协议"",""resolution"":""direct""},{""source_id"":""1670"",""entity_id"":""C12:K:1670"",""label"":""定义"",""resolution"":""direct""},{""source_id"":""1672"",""entity_id"":""C12:K:1672"",""label"":""在一级封锁协议的基础上，进一步要求事务T在读取数据对象Q之前必须先对其加S锁，并且直到事务结束才能释放S锁"",""resolution"":""direct""},{""source_id"":""1674"",""entity_id"":""C12:K:1674"",""label"":""作用"",""resolution"":""direct""},{""source_id"":""1676"",""entity_id"":""C12:K:1676"",""label"":""进一步防止不可重复读"",""resolution"":""direct""}]",[],[]
C12:SUM:1974,C12,数据库,1974,数据结构,1969,"[""1970"",""1972""]","[""C12:K:1970"",""C12:K:1972""]","[""B+树索引存取"",""哈希索引存取""]","[{""source_id"":""1970"",""entity_id"":""C12:K:1970"",""label"":""B+树索引存取"",""resolution"":""direct""},{""source_id"":""1972"",""entity_id"":""C12:K:1972"",""label"":""哈希索引存取"",""resolution"":""direct""}]",[],[]
C12:SUM:2384,C12,数据库,2384,类似高级语言(如C语言),2361,"[""2362"",""2364"",""2366"",""2368"",""2370"",""2372"",""2374"",""2376"",""2378"",""2380"",""2382""]","[""C12:K:2362"",""C12:K:2364"",""C12:K:2366"",""C12:K:2368"",""C12:K:2370"",""C12:K:2372"",""C12:K:2374"",""C12:K:2376"",""C12:K:2378"",""C12:K:2380"",""C12:K:2382""]","[""条件控制语句"",""包含"",""IF语句"",""IF-THEN语句"",""嵌套的IF语句"",""循环控制语句"",""包含"",""LOOP语句"",""WHILE-LOOP语句"",""FOR-LOOP语句"",""错误处理""]","[{""source_id"":""2362"",""entity_id"":""C12:K:2362"",""label"":""条件控制语句"",""resolution"":""direct""},{""source_id"":""2364"",""entity_id"":""C12:K:2364"",""label"":""包含"",""resolution"":""direct""},{""source_id"":""2366"",""entity_id"":""C12:K:2366"",""label"":""IF语句"",""resolution"":""direct""},{""source_id"":""2368"",""entity_id"":""C12:K:2368"",""label"":""IF-THEN语句"",""resolution"":""direct""},{""source_id"":""2370"",""entity_id"":""C12:K:2370"",""label"":""嵌套的IF语句"",""resolution"":""direct""},{""source_id"":""2372"",""entity_id"":""C12:K:2372"",""label"":""循环控制语句"",""resolution"":""direct""},{""source_id"":""2374"",""entity_id"":""C12:K:2374"",""label"":""包含"",""resolution"":""direct""},{""source_id"":""2376"",""entity_id"":""C12:K:2376"",""label"":""LOOP语句"",""resolution"":""direct""},{""source_id"":""2378"",""entity_id"":""C12:K:2378"",""label"":""WHILE-LOOP语句"",""resolution"":""direct""},{""source_id"":""2380"",""entity_id"":""C12:K:2380"",""label"":""FOR-LOOP语句"",""resolution"":""direct""},{""source_id"":""2382"",""entity_id"":""C12:K:2382"",""label"":""错误处理"",""resolution"":""direct""}]",[],[]
C12:SUM:2389,C12,数据库,2389,命名块,2346,"[""2385""]","[""C12:K:2385""]","[""存储过程与函数""]","[{""source_id"":""2385"",""entity_id"":""C12:K:2385"",""label"":""存储过程与函数"",""resolution"":""direct""}]",[],[]
C12:SUM:3648,C12,数据库,3648,目录包含模式，模式包含SQL对象,3647,"[""3644"",""567"",""571"",""575"",""3650"",""3652"",""3654""]","[""C12:K:3644"",""C12:K:567"",""C12:K:571"",""C12:K:575"",""C12:K:3650"",""C12:K:3652"",""C12:K:3654""]","[""分为"",""目录"",""模式"",""SQL对象"",""视图和基本表"",""基本表"",""内模式""]","[{""source_id"":""3644"",""entity_id"":""C12:K:3644"",""label"":""分为"",""resolution"":""direct""},{""source_id"":""567"",""entity_id"":""C12:K:567"",""label"":""目录"",""resolution"":""direct""},{""source_id"":""571"",""entity_id"":""C12:K:571"",""label"":""模式"",""resolution"":""direct""},{""source_id"":""575"",""entity_id"":""C12:K:575"",""label"":""SQL对象"",""resolution"":""direct""},{""source_id"":""3650"",""entity_id"":""C12:K:3650"",""label"":""视图和基本表"",""resolution"":""direct""},{""source_id"":""3652"",""entity_id"":""C12:K:3652"",""label"":""基本表"",""resolution"":""direct""},{""source_id"":""3654"",""entity_id"":""C12:K:3654"",""label"":""内模式"",""resolution"":""direct""}]",[],[]
C12:SUM:3797,C12,数据库,3797,关联,3796,"[""2069"",""2071"",""2073"",""2075"",""2077"",""2079"",""2081"",""2083"",""2085"",""2087"",""2089"",""2091"",""2093"",""2095"",""2097"",""2099""]","[""C12:K:2069"",""C12:K:2071"",""C12:K:2073"",""C12:K:2075"",""C12:K:2077"",""C12:K:2079"",""C12:K:2081"",""C12:K:2083"",""C12:K:2085"",""C12:K:2087"",""C12:K:2089"",""C12:K:2091"",""C12:K:2093"",""C12:K:2095"",""C12:K:2097"",""C12:K:2099""]","[""关系模式的范式"",""关系模式的规范化形式的简称"",""2NF、3NF、BCNF都利用函数依赖定义"",""1NF"",""要求关系的所有属性值都是原子的"",""2NF"",""对于任意的非平凡函数依赖X→A∈F+"",""只有A是主属性"",""X不是R的任何码的真子集"",""3NF"",""对于任意的非平凡函数依赖X→A∈F+"",""A是主属性"",""X是R的码"",""BCNF"",""对于任意的非平凡函数依赖X→A∈F+,就有X是R的码"",""BCNF限制R中成立的所有函数依赖要么是平凡的，要么是对码的依赖""]","[{""source_id"":""2069"",""entity_id"":""C12:K:2069"",""label"":""关系模式的范式"",""resolution"":""direct""},{""source_id"":""2071"",""entity_id"":""C12:K:2071"",""label"":""关系模式的规范化形式的简称"",""resolution"":""direct""},{""source_id"":""2073"",""entity_id"":""C12:K:2073"",""label"":""2NF、3NF、BCNF都利用函数依赖定义"",""resolution"":""direct""},{""source_id"":""2075"",""entity_id"":""C12:K:2075"",""label"":""1NF"",""resolution"":""direct""},{""source_id"":""2077"",""entity_id"":""C12:K:2077"",""label"":""要求关系的所有属性值都是原子的"",""resolution"":""direct""},{""source_id"":""2079"",""entity_id"":""C12:K:2079"",""label"":""2NF"",""resolution"":""direct""},{""source_id"":""2081"",""entity_id"":""C12:K:2081"",""label"":""对于任意的非平凡函数依赖X→A∈F+"",""resolution"":""direct""},{""source_id"":""2083"",""entity_id"":""C12:K:2083"",""label"":""只有A是主属性"",""resolution"":""direct""},{""source_id"":""2085"",""entity_id"":""C12:K:2085"",""label"":""X不是R的任何码的真子集"",""resolution"":""direct""},{""source_id"":""2087"",""entity_id"":""C12:K:2087"",""label"":""3NF"",""resolution"":""direct""},{""source_id"":""2089"",""entity_id"":""C12:K:2089"",""label"":""对于任意的非平凡函数依赖X→A∈F+"",""resolution"":""direct""},{""source_id"":""2091"",""entity_id"":""C12:K:2091"",""label"":""A是主属性"",""resolution"":""direct""},{""source_id"":""2093"",""entity_id"":""C12:K:2093"",""label"":""X是R的码"",""resolution"":""direct""},{""source_id"":""2095"",""entity_id"":""C12:K:2095"",""label"":""BCNF"",""resolution"":""direct""},{""source_id"":""2097"",""entity_id"":""C12:K:2097"",""label"":""对于任意的非平凡函数依赖X→A∈F+,就有X是R的码"",""resolution"":""direct""},{""source_id"":""2099"",""entity_id"":""C12:K:2099"",""label"":""BCNF限制R中成立的所有函数依赖要么是平凡的，要么是对码的依赖"",""resolution"":""direct""}]","[{""id"":""C12:SI:3820"",""label"":""2NF属于1NF,且每一个非主属性完全函数依赖与任何一个候选码"",""source_id"":""3820"",""children"":[]},{""id"":""C12:SI:3822"",""label"":""3NF属于2NF，消除非主属性对码的传递函数依赖"",""source_id"":""3822"",""children"":[]},{""id"":""C12:SI:3824"",""label"":""BCNF是对3NF的修正，消除主属性之间的部分函数依赖和传递函数依赖"",""source_id"":""3824"",""children"":[]}]",[]
C15:SUM:1995,C15,数据挖掘,1995,概率论与数理统计（数字特征）,1994,"[""372"",""374"",""376"",""378"",""380"",""382"",""384"",""386"",""388"",""390"",""392"",""394"",""396"",""398"",""400"",""402"",""404"",""406"",""408"",""410"",""412"",""414"",""416"",""418"",""420""]","[""C15:K:372"",""C15:K:374"",""C15:K:376"",""C15:K:378"",""C15:K:380"",""C15:K:382"",""C15:K:384"",""C15:K:386"",""C15:K:390"",""C15:K:392"",""C15:K:394"",""C15:K:396"",""C15:K:398"",""C15:K:400"",""C15:K:402"",""C15:K:404"",""C15:K:406"",""C15:K:408"",""C15:K:410"",""C15:K:414"",""C15:K:416"",""C15:K:418"",""C15:K:420""]","[""中心趋势度量使用的关系"",""均值这三个都是均值形式 属于的关系"",""截尾均值"",""特性"",""是指在一个数列中去掉两端的极端之后，所计算的算术平均数也称为切尾均值。"",""加权算术平均数"",""对于集合中的每个值xi都有一个权重wi。权重反映它们所依附的对应值的意义"",""instance"",""中位数"",""众数"",""中列数"",""定义"",""数据集中最大值和最小值的算术平均值"",""数据分散度量"",""极差"",""最大值和最小值的差距"",""分位数"",""取自数据分布的，每隔一定间隔上的点，把数据划分成基本上大小相等的连贯集合。"",""instance"",""方差"",""特性"",""方差用来计算每一个变量与总体均数之间的差异。"",""标准差""]","[{""source_id"":""372"",""entity_id"":""C15:K:372"",""label"":""中心趋势度量使用的关系"",""resolution"":""direct""},{""source_id"":""374"",""entity_id"":""C15:K:374"",""label"":""均值这三个都是均值形式 属于的关系"",""resolution"":""direct""},{""source_id"":""376"",""entity_id"":""C15:K:376"",""label"":""截尾均值"",""resolution"":""direct""},{""source_id"":""378"",""entity_id"":""C15:K:378"",""label"":""特性"",""resolution"":""direct""},{""source_id"":""380"",""entity_id"":""C15:K:380"",""label"":""是指在一个数列中去掉两端的极端之后，所计算的算术平均数也称为切尾均值。"",""resolution"":""direct""},{""source_id"":""382"",""entity_id"":""C15:K:382"",""label"":""加权算术平均数"",""resolution"":""direct""},{""source_id"":""384"",""entity_id"":""C15:K:384"",""label"":""对于集合中的每个值xi都有一个权重wi。权重反映它们所依附的对应值的意义"",""resolution"":""direct""},{""source_id"":""386"",""entity_id"":""C15:K:386"",""label"":""instance"",""resolution"":""direct""},{""source_id"":""388"",""entity_id"":""C15:K:386"",""label"":""instance"",""resolution"":""nearest_ancestor""},{""source_id"":""390"",""entity_id"":""C15:K:390"",""label"":""中位数"",""resolution"":""direct""},{""source_id"":""392"",""entity_id"":""C15:K:392"",""label"":""众数"",""resolution"":""direct""},{""source_id"":""394"",""entity_id"":""C15:K:394"",""label"":""中列数"",""resolution"":""direct""},{""source_id"":""396"",""entity_id"":""C15:K:396"",""label"":""定义"",""resolution"":""direct""},{""source_id"":""398"",""entity_id"":""C15:K:398"",""label"":""数据集中最大值和最小值的算术平均值"",""resolution"":""direct""},{""source_id"":""400"",""entity_id"":""C15:K:400"",""label"":""数据分散度量"",""resolution"":""direct""},{""source_id"":""402"",""entity_id"":""C15:K:402"",""label"":""极差"",""resolution"":""direct""},{""source_id"":""404"",""entity_id"":""C15:K:404"",""label"":""最大值和最小值的差距"",""resolution"":""direct""},{""source_id"":""406"",""entity_id"":""C15:K:406"",""label"":""分位数"",""resolution"":""direct""},{""source_id"":""408"",""entity_id"":""C15:K:408"",""label"":""取自数据分布的，每隔一定间隔上的点，把数据划分成基本上大小相等的连贯集合。"",""resolution"":""direct""},{""source_id"":""410"",""entity_id"":""C15:K:410"",""label"":""instance"",""resolution"":""direct""},{""source_id"":""412"",""entity_id"":""C15:K:410"",""label"":""instance"",""resolution"":""nearest_ancestor""},{""source_id"":""414"",""entity_id"":""C15:K:414"",""label"":""方差"",""resolution"":""direct""},{""source_id"":""416"",""entity_id"":""C15:K:416"",""label"":""特性"",""resolution"":""direct""},{""source_id"":""418"",""entity_id"":""C15:K:418"",""label"":""方差用来计算每一个变量与总体均数之间的差异。"",""resolution"":""direct""},{""source_id"":""420"",""entity_id"":""C15:K:420"",""label"":""标准差"",""resolution"":""direct""}]",[],[]
C15:SUM:1997,C15,数据挖掘,1997,概率论与数理统计（数字特征）,1996,"[""588"",""590"",""592"",""594"",""596"",""598"",""600"",""602"",""604"",""606"",""608"",""610"",""612"",""614""]","[""C15:K:588"",""C15:K:590"",""C15:K:594"",""C15:K:596"",""C15:K:598"",""C15:K:600"",""C15:K:602"",""C15:K:604"",""C15:K:608"",""C15:K:610"",""C15:K:612"",""C15:K:614""]","[""相关系数判定结果是相似的"",""instance"",""特性"",""若结果大于0，则二者正相关"",""小于0，负相关"",""=0，互相独立，互不相关"",""协方差"",""instance"",""特性"",""若结果大于0，则二者正相关"",""小于0，负相关"",""=0，互不相关""]","[{""source_id"":""588"",""entity_id"":""C15:K:588"",""label"":""相关系数判定结果是相似的"",""resolution"":""direct""},{""source_id"":""590"",""entity_id"":""C15:K:590"",""label"":""instance"",""resolution"":""direct""},{""source_id"":""592"",""entity_id"":""C15:K:590"",""label"":""instance"",""resolution"":""nearest_ancestor""},{""source_id"":""594"",""entity_id"":""C15:K:594"",""label"":""特性"",""resolution"":""direct""},{""source_id"":""596"",""entity_id"":""C15:K:596"",""label"":""若结果大于0，则二者正相关"",""resolution"":""direct""},{""source_id"":""598"",""entity_id"":""C15:K:598"",""label"":""小于0，负相关"",""resolution"":""direct""},{""source_id"":""600"",""entity_id"":""C15:K:600"",""label"":""=0，互相独立，互不相关"",""resolution"":""direct""},{""source_id"":""602"",""entity_id"":""C15:K:602"",""label"":""协方差"",""resolution"":""direct""},{""source_id"":""604"",""entity_id"":""C15:K:604"",""label"":""instance"",""resolution"":""direct""},{""source_id"":""606"",""entity_id"":""C15:K:604"",""label"":""instance"",""resolution"":""nearest_ancestor""},{""source_id"":""608"",""entity_id"":""C15:K:608"",""label"":""特性"",""resolution"":""direct""},{""source_id"":""610"",""entity_id"":""C15:K:610"",""label"":""若结果大于0，则二者正相关"",""resolution"":""direct""},{""source_id"":""612"",""entity_id"":""C15:K:612"",""label"":""小于0，负相关"",""resolution"":""direct""},{""source_id"":""614"",""entity_id"":""C15:K:614"",""label"":""=0，互不相关"",""resolution"":""direct""}]",[],[]
C15:SUM:1999,C15,数据挖掘,1999,概率论与数理统计,1998,"[""696"",""698"",""700"",""702"",""704"",""706"",""708"",""710"",""712"",""714"",""716""]","[""C15:K:696"",""C15:K:698"",""C15:K:700"",""C15:K:702"",""C15:K:704"",""C15:K:706"",""C15:K:708"",""C15:K:712"",""C15:K:714""]","[""规范化"",""把属性数据按比例缩放，使之落入一个特定的小区间"",""方法（分类）"",""小数定标规范化"",""通过移动属性的小数点位置进行规范化"",""最小最大规范化"",""instance"",""零-均值规范化"",""instance""]","[{""source_id"":""696"",""entity_id"":""C15:K:696"",""label"":""规范化"",""resolution"":""direct""},{""source_id"":""698"",""entity_id"":""C15:K:698"",""label"":""把属性数据按比例缩放，使之落入一个特定的小区间"",""resolution"":""direct""},{""source_id"":""700"",""entity_id"":""C15:K:700"",""label"":""方法（分类）"",""resolution"":""direct""},{""source_id"":""702"",""entity_id"":""C15:K:702"",""label"":""小数定标规范化"",""resolution"":""direct""},{""source_id"":""704"",""entity_id"":""C15:K:704"",""label"":""通过移动属性的小数点位置进行规范化"",""resolution"":""direct""},{""source_id"":""706"",""entity_id"":""C15:K:706"",""label"":""最小最大规范化"",""resolution"":""direct""},{""source_id"":""708"",""entity_id"":""C15:K:708"",""label"":""instance"",""resolution"":""direct""},{""source_id"":""710"",""entity_id"":""C15:K:708"",""label"":""instance"",""resolution"":""nearest_ancestor""},{""source_id"":""712"",""entity_id"":""C15:K:712"",""label"":""零-均值规范化"",""resolution"":""direct""},{""source_id"":""714"",""entity_id"":""C15:K:714"",""label"":""instance"",""resolution"":""direct""},{""source_id"":""716"",""entity_id"":""C15:K:714"",""label"":""instance"",""resolution"":""nearest_ancestor""}]",[],[]
C15:SUM:1954,C15,数据挖掘,1954,概率论与数理统计,1953,"[""836"",""838"",""840"",""842"",""844"",""846"",""848"",""850"",""852"",""854"",""856"",""858"",""860""]","[""C15:K:836"",""C15:K:838"",""C15:K:842"",""C15:K:844"",""C15:K:846"",""C15:K:848"",""C15:K:850"",""C15:K:852"",""C15:K:858"",""C15:K:860""]","[""线性关系的显著性检验（F检验）"",""表示"",""n为样本总量  k为自由度"",""特性"",""用来度量一个或多个变量同因变量之间的线性关系是否显著"",""F越大说明自变量和因变量之间在总体上的线性关系越显著"",""回归参数的显著性检验（t检验）"",""表示"",""特性"",""检测自变量是否是因变量的一个显著性的影响因素""]","[{""source_id"":""836"",""entity_id"":""C15:K:836"",""label"":""线性关系的显著性检验（F检验）"",""resolution"":""direct""},{""source_id"":""838"",""entity_id"":""C15:K:838"",""label"":""表示"",""resolution"":""direct""},{""source_id"":""840"",""entity_id"":""C15:K:838"",""label"":""表示"",""resolution"":""nearest_ancestor""},{""source_id"":""842"",""entity_id"":""C15:K:842"",""label"":""n为样本总量  k为自由度"",""resolution"":""direct""},{""source_id"":""844"",""entity_id"":""C15:K:844"",""label"":""特性"",""resolution"":""direct""},{""source_id"":""846"",""entity_id"":""C15:K:846"",""label"":""用来度量一个或多个变量同因变量之间的线性关系是否显著"",""resolution"":""direct""},{""source_id"":""848"",""entity_id"":""C15:K:848"",""label"":""F越大说明自变量和因变量之间在总体上的线性关系越显著"",""resolution"":""direct""},{""source_id"":""850"",""entity_id"":""C15:K:850"",""label"":""回归参数的显著性检验（t检验）"",""resolution"":""direct""},{""source_id"":""852"",""entity_id"":""C15:K:852"",""label"":""表示"",""resolution"":""direct""},{""source_id"":""854"",""entity_id"":""C15:K:852"",""label"":""表示"",""resolution"":""nearest_ancestor""},{""source_id"":""856"",""entity_id"":""C15:K:852"",""label"":""表示"",""resolution"":""nearest_ancestor""},{""source_id"":""858"",""entity_id"":""C15:K:858"",""label"":""特性"",""resolution"":""direct""},{""source_id"":""860"",""entity_id"":""C15:K:860"",""label"":""检测自变量是否是因变量的一个显著性的影响因素"",""resolution"":""direct""}]",[],[]
C15:SUM:1956,C15,数据挖掘,1956,概率论与数理统计（贝叶斯公式）,1955,"[""1046""]","[""C15:K:1036""]","[""朴素贝叶斯分类""]","[{""source_id"":""1046"",""entity_id"":""C15:K:1036"",""label"":""朴素贝叶斯分类"",""resolution"":""nearest_ancestor""}]",[],[]
C15:SUM:1958,C15,数据挖掘,1958,概率论与数理统计（抽样）,1957,"[""658"",""660"",""662"",""664""]","[""C15:K:658"",""C15:K:660"",""C15:K:662"",""C15:K:664""]","[""不放回简单随机抽样"",""放回简单随机抽样"",""聚类抽样"",""分层抽样""]","[{""source_id"":""658"",""entity_id"":""C15:K:658"",""label"":""不放回简单随机抽样"",""resolution"":""direct""},{""source_id"":""660"",""entity_id"":""C15:K:660"",""label"":""放回简单随机抽样"",""resolution"":""direct""},{""source_id"":""662"",""entity_id"":""C15:K:662"",""label"":""聚类抽样"",""resolution"":""direct""},{""source_id"":""664"",""entity_id"":""C15:K:664"",""label"":""分层抽样"",""resolution"":""direct""}]",[],[]
C18:SUM:160,C18,物联网技术,160,连接机器→连接人→连接物计算空间互联→信息物理融合,159,"[""151"",""153"",""155"",""157""]","[""C18:K:151"",""C18:K:153"",""C18:K:155"",""C18:K:157""]","[""物联网与互联网的区别和联系"",""二者都是信息载体"",""物联网是互联网的进一步发展"",""物联网在互联网的基础上，拓展了网络连接对象的范围和类型""]","[{""source_id"":""151"",""entity_id"":""C18:K:151"",""label"":""物联网与互联网的区别和联系"",""resolution"":""direct""},{""source_id"":""153"",""entity_id"":""C18:K:153"",""label"":""二者都是信息载体"",""resolution"":""direct""},{""source_id"":""155"",""entity_id"":""C18:K:155"",""label"":""物联网是互联网的进一步发展"",""resolution"":""direct""},{""source_id"":""157"",""entity_id"":""C18:K:157"",""label"":""物联网在互联网的基础上，拓展了网络连接对象的范围和类型"",""resolution"":""direct""}]",[],[]
C18:SUM:2205,C18,物联网技术,2205,区别传统传感器p,2204,"[""368"",""370""]","[""C18:K:368"",""C18:K:370""]","[""微处理器（计算）"",""无线通信芯片（通信）""]","[{""source_id"":""368"",""entity_id"":""C18:K:368"",""label"":""微处理器（计算）"",""resolution"":""direct""},{""source_id"":""370"",""entity_id"":""C18:K:370"",""label"":""无线通信芯片（通信）"",""resolution"":""direct""}]","[{""id"":""C18:SI:381"",""label"":""能够对感知信息进行分析处理和网络传输"",""source_id"":""381"",""children"":[]}]",[]
C21:SUM:1785,C21,微机原理,1785,物理地址=段基地址X16+偏移地址,1782,"[""1769"",""1771""]","[""C21:K:1769"",""C21:K:1771""]","[""段（基）地址"",""段内地址（相对地址/偏移地址）""]","[{""source_id"":""1769"",""entity_id"":""C21:K:1769"",""label"":""段（基）地址"",""resolution"":""direct""},{""source_id"":""1771"",""entity_id"":""C21:K:1771"",""label"":""段内地址（相对地址/偏移地址）"",""resolution"":""direct""}]",[],[]
C21:SUM:1942,C21,微机原理,1942,OPRD代表16位寄存器或存储器两单元,1941,"[""381"",""1931"",""1935"",""383"",""1937"",""1939""]","[""C21:K:381"",""C21:K:1931"",""C21:K:1935"",""C21:K:383"",""C21:K:1937"",""C21:K:1939""]","[""压栈指令"",""格式"",""PUSH  OPRD"",""出栈指令"",""格式"",""POP  OPRD""]","[{""source_id"":""381"",""entity_id"":""C21:K:381"",""label"":""压栈指令"",""resolution"":""direct""},{""source_id"":""1931"",""entity_id"":""C21:K:1931"",""label"":""格式"",""resolution"":""direct""},{""source_id"":""1935"",""entity_id"":""C21:K:1935"",""label"":""PUSH  OPRD"",""resolution"":""direct""},{""source_id"":""383"",""entity_id"":""C21:K:383"",""label"":""出栈指令"",""resolution"":""direct""},{""source_id"":""1937"",""entity_id"":""C21:K:1937"",""label"":""格式"",""resolution"":""direct""},{""source_id"":""1939"",""entity_id"":""C21:K:1939"",""label"":""POP  OPRD"",""resolution"":""direct""}]",[],[]
C21:SUM:2006,C21,微机原理,2006,LDS和LES均用于将一个32位远地址指针写入到目标寄存器。,2005,"[""427"",""429"",""2001"",""431"",""433"",""2003""]","[""C21:K:427"",""C21:K:429"",""C21:K:2001"",""C21:K:431"",""C21:K:433"",""C21:K:2003""]","[""*LDS指令"",""格式"",""LDS 通用寄存器，存储器操作数（将源操作数的偏移地址送到目标寄存器，将源操作数的段地址送DS）"",""*LES指令"",""格式"",""LES 通用寄存器，存储器操作数（将源操作数的偏移地址送到目标寄存器，将源操作数的段地址送到ES）""]","[{""source_id"":""427"",""entity_id"":""C21:K:427"",""label"":""*LDS指令"",""resolution"":""direct""},{""source_id"":""429"",""entity_id"":""C21:K:429"",""label"":""格式"",""resolution"":""direct""},{""source_id"":""2001"",""entity_id"":""C21:K:2001"",""label"":""LDS 通用寄存器，存储器操作数（将源操作数的偏移地址送到目标寄存器，将源操作数的段地址送DS）"",""resolution"":""direct""},{""source_id"":""431"",""entity_id"":""C21:K:431"",""label"":""*LES指令"",""resolution"":""direct""},{""source_id"":""433"",""entity_id"":""C21:K:433"",""label"":""格式"",""resolution"":""direct""},{""source_id"":""2003"",""entity_id"":""C21:K:2003"",""label"":""LES 通用寄存器，存储器操作数（将源操作数的偏移地址送到目标寄存器，将源操作数的段地址送到ES）"",""resolution"":""direct""}]",[],[]
C21:SUM:2008,C21,微机原理,2008,隐含操作数AH,2007,"[""441"",""443""]","[""C21:K:441"",""C21:K:443""]","[""LAHF"",""SAHF""]","[{""source_id"":""441"",""entity_id"":""C21:K:441"",""label"":""LAHF"",""resolution"":""direct""},{""source_id"":""443"",""entity_id"":""C21:K:443"",""label"":""SAHF"",""resolution"":""direct""}]",[],[]
C21:SUM:2010,C21,微机原理,2010,隐含操作数FLAGS,2009,"[""449"",""451""]","[""C21:K:449"",""C21:K:451""]","[""PUSHF"",""POPF""]","[{""source_id"":""449"",""entity_id"":""C21:K:449"",""label"":""PUSHF"",""resolution"":""direct""},{""source_id"":""451"",""entity_id"":""C21:K:451"",""label"":""POPF"",""resolution"":""direct""}]",[],[]
C21:SUM:2231,C21,微机原理,2231,无符号数,2230,"[""661"",""663""]","[""C21:K:661"",""C21:K:663""]","[""SHL OPRD,1"",""SHL OPRD,CL""]","[{""source_id"":""661"",""entity_id"":""C21:K:661"",""label"":""SHL OPRD,1"",""resolution"":""direct""},{""source_id"":""663"",""entity_id"":""C21:K:663"",""label"":""SHL OPRD,CL"",""resolution"":""direct""}]",[],[]
C21:SUM:2233,C21,微机原理,2233,有符号数,2232,"[""669"",""671""]","[""C21:K:669"",""C21:K:671""]","[""SAL OPRD,1"",""SAL OPRD,CL""]","[{""source_id"":""669"",""entity_id"":""C21:K:669"",""label"":""SAL OPRD,1"",""resolution"":""direct""},{""source_id"":""671"",""entity_id"":""C21:K:671"",""label"":""SAL OPRD,CL"",""resolution"":""direct""}]",[],[]
C21:SUM:2237,C21,微机原理,2237,无符号数​,2236,"[""677"",""679""]","[""C21:K:677"",""C21:K:679""]","[""SHR OPRD,1"",""SHR OPRD,CL""]","[{""source_id"":""677"",""entity_id"":""C21:K:677"",""label"":""SHR OPRD,1"",""resolution"":""direct""},{""source_id"":""679"",""entity_id"":""C21:K:679"",""label"":""SHR OPRD,CL"",""resolution"":""direct""}]",[],[]
C21:SUM:2239,C21,微机原理,2239,有符号数,2238,"[""685"",""687""]","[""C21:K:685"",""C21:K:687""]","[""SAR OPRD,1"",""SAR OPRD,CL""]","[{""source_id"":""685"",""entity_id"":""C21:K:685"",""label"":""SAR OPRD,1"",""resolution"":""direct""},{""source_id"":""687"",""entity_id"":""C21:K:687"",""label"":""SAR OPRD,CL"",""resolution"":""direct""}]",[],[]
C21:SUM:2407,C21,微机原理,2407,CS、IP是决定程序执行方向的因素,2406,"[""2395"",""2397""]","[""C21:FI:2395"",""C21:FI:2397""]","[""CS：代码段寄存器"",""IP：指令指针寄存器""]","[{""source_id"":""2395"",""entity_id"":""C21:FI:2395"",""label"":""CS：代码段寄存器"",""resolution"":""direct""},{""source_id"":""2397"",""entity_id"":""C21:FI:2397"",""label"":""IP：指令指针寄存器"",""resolution"":""direct""}]",[],[]
C21:SUM:3482,C21,微机原理,3482,共性,3481,"[""3419"",""3427"",""3429"",""3431"",""3433"",""3435"",""3437"",""3421"",""3439"",""3441"",""3443"",""3445"",""3447"",""3449"",""3451"",""3453"",""3455"",""3461"",""3463"",""3423"",""3465"",""3475"",""3471"",""3477"",""3473"",""3479""]","[""C21:K:3419"",""C21:K:3427"",""C21:K:3429"",""C21:K:3431"",""C21:K:3433"",""C21:K:3435"",""C21:K:3437"",""C21:K:3421"",""C21:K:3439"",""C21:K:3441"",""C21:K:3443"",""C21:K:3445"",""C21:K:3447"",""C21:K:3449"",""C21:K:3451"",""C21:K:3453"",""C21:K:3455"",""C21:K:3461"",""C21:K:3463"",""C21:K:3423"",""C21:K:3465"",""C21:K:3475"",""C21:K:3471"",""C21:K:3477"",""C21:K:3473"",""C21:K:3479""]","[""无条件传送"",""特点"",""要求外设总是处于准备好状态"",""优点"",""软件及接口硬件简单"",""缺点"",""只适用于简单外设，适应范围较窄"",""查询式传送"",""特点"",""仅当条件满足时才能进行数据传送"",""每满足一次条件只能进行一次数据传送"",""适用场合"",""外设并不总是准备好/对传送速率和效率要求不高"",""工作条件"",""外设应提供设备状态信息/接口应具备状态端口"",""优点"",""软硬件比较简单"",""缺点"",""CPU效率低，数据传送的实时性差，速度较慢"",""中断方式传送"",""特点"",""外设在需要时向CPU提出请求，CPU再去为它服务。服务结束后或在外设不需要时，CPU可执行自己的程序"","" 优点"",""CPU效率高，实时性好，速度快"","" 缺点"",""程序编制相对较为复杂""]","[{""source_id"":""3419"",""entity_id"":""C21:K:3419"",""label"":""无条件传送"",""resolution"":""direct""},{""source_id"":""3427"",""entity_id"":""C21:K:3427"",""label"":""特点"",""resolution"":""direct""},{""source_id"":""3429"",""entity_id"":""C21:K:3429"",""label"":""要求外设总是处于准备好状态"",""resolution"":""direct""},{""source_id"":""3431"",""entity_id"":""C21:K:3431"",""label"":""优点"",""resolution"":""direct""},{""source_id"":""3433"",""entity_id"":""C21:K:3433"",""label"":""软件及接口硬件简单"",""resolution"":""direct""},{""source_id"":""3435"",""entity_id"":""C21:K:3435"",""label"":""缺点"",""resolution"":""direct""},{""source_id"":""3437"",""entity_id"":""C21:K:3437"",""label"":""只适用于简单外设，适应范围较窄"",""resolution"":""direct""},{""source_id"":""3421"",""entity_id"":""C21:K:3421"",""label"":""查询式传送"",""resolution"":""direct""},{""source_id"":""3439"",""entity_id"":""C21:K:3439"",""label"":""特点"",""resolution"":""direct""},{""source_id"":""3441"",""entity_id"":""C21:K:3441"",""label"":""仅当条件满足时才能进行数据传送"",""resolution"":""direct""},{""source_id"":""3443"",""entity_id"":""C21:K:3443"",""label"":""每满足一次条件只能进行一次数据传送"",""resolution"":""direct""},{""source_id"":""3445"",""entity_id"":""C21:K:3445"",""label"":""适用场合"",""resolution"":""direct""},{""source_id"":""3447"",""entity_id"":""C21:K:3447"",""label"":""外设并不总是准备好/对传送速率和效率要求不高"",""resolution"":""direct""},{""source_id"":""3449"",""entity_id"":""C21:K:3449"",""label"":""工作条件"",""resolution"":""direct""},{""source_id"":""3451"",""entity_id"":""C21:K:3451"",""label"":""外设应提供设备状态信息/接口应具备状态端口"",""resolution"":""direct""},{""source_id"":""3453"",""entity_id"":""C21:K:3453"",""label"":""优点"",""resolution"":""direct""},{""source_id"":""3455"",""entity_id"":""C21:K:3455"",""label"":""软硬件比较简单"",""resolution"":""direct""},{""source_id"":""3461"",""entity_id"":""C21:K:3461"",""label"":""缺点"",""resolution"":""direct""},{""source_id"":""3463"",""entity_id"":""C21:K:3463"",""label"":""CPU效率低，数据传送的实时性差，速度较慢"",""resolution"":""direct""},{""source_id"":""3423"",""entity_id"":""C21:K:3423"",""label"":""中断方式传送"",""resolution"":""direct""},{""source_id"":""3465"",""entity_id"":""C21:K:3465"",""label"":""特点"",""resolution"":""direct""},{""source_id"":""3475"",""entity_id"":""C21:K:3475"",""label"":""外设在需要时向CPU提出请求，CPU再去为它服务。服务结束后或在外设不需要时，CPU可执行自己的程序"",""resolution"":""direct""},{""source_id"":""3471"",""entity_id"":""C21:K:3471"",""label"":"" 优点"",""resolution"":""direct""},{""source_id"":""3477"",""entity_id"":""C21:K:3477"",""label"":""CPU效率高，实时性好，速度快"",""resolution"":""direct""},{""source_id"":""3473"",""entity_id"":""C21:K:3473"",""label"":"" 缺点"",""resolution"":""direct""},{""source_id"":""3479"",""entity_id"":""C21:K:3479"",""label"":""程序编制相对较为复杂"",""resolution"":""direct""}]","[{""id"":""C21:SI:3483"",""label"":""信息传送均需通过CPU"",""source_id"":""3483"",""children"":[]}]",[]
C22:SUM:1186,C22,汇编语言,1186,如何编写程序,1185,"[""108"",""339"",""345"",""347"",""349"",""343"",""470"",""478"",""480"",""482"",""472"",""484"",""486"",""488"",""490"",""492"",""474"",""503"",""496"",""498"",""507"",""505"",""1236"",""354"",""358"",""362"",""360"",""364"",""366"",""368"",""356"",""438"",""440"",""442"",""444"",""446"",""448"",""452"",""454"",""456"",""458"",""460"",""464"",""466"",""1312"",""112"",""569"",""575"",""579"",""581"",""577"",""583"",""585"",""589"",""587"",""593"",""595"",""597"",""571"",""603"",""611"",""573"",""613"",""615"",""619""]","[""C22:K:108"",""C22:K:339"",""C22:K:345"",""C22:K:347"",""C22:K:349"",""C22:K:343"",""C22:K:470"",""C22:K:478"",""C22:K:480"",""C22:K:482"",""C22:K:472"",""C22:K:484"",""C22:K:486"",""C22:K:488"",""C22:K:490"",""C22:K:492"",""C22:K:474"",""C22:K:503"",""C22:K:496"",""C22:K:498"",""C22:K:507"",""C22:K:505"",""C22:K:1236"",""C22:K:354"",""C22:K:358"",""C22:K:362"",""C22:K:360"",""C22:K:364"",""C22:K:366"",""C22:K:368"",""C22:K:356"",""C22:K:438"",""C22:K:440"",""C22:K:442"",""C22:K:444"",""C22:K:446"",""C22:K:448"",""C22:K:452"",""C22:K:454"",""C22:K:456"",""C22:K:458"",""C22:K:460"",""C22:K:464"",""C22:K:466"",""C22:K:1312"",""C22:K:112"",""C22:K:569"",""C22:K:575"",""C22:K:579"",""C22:K:581"",""C22:K:577"",""C22:K:583"",""C22:K:585"",""C22:K:589"",""C22:K:587"",""C22:K:593"",""C22:K:595"",""C22:K:597"",""C22:K:571"",""C22:K:603"",""C22:K:611"",""C22:K:573"",""C22:K:613"",""C22:K:615"",""C22:K:619""]","[""4.第一个程序如何编写一个汇编程序以及程序从编写到执行结束的流程"",""编写过程"",""编写汇编源程序"",""对源程序进行编译链接"",""执行可执行文件中的程序"",""具体流程"",""编写源程序"",""进入DOS方式，运行Edit"",""编辑程序"",""将程序保存为C：\\1.asm"",""编译"",""进入C：\\masm，运行masm.exe"",""输入要编译的文件名，按回车"",""生成列表文件（可略过）"",""生成交叉引用文件（可略过）"",""编译结束"",""链接"",""进入C：\\masm，运行link.exe"",""输入要链接的文件名，按回车，生成可执行文件"",""生成映像文件（可略过）"",""链接库文件（可略过）"",""链接完成"",""基本概念"",""伪指令"",""XXX segment...XXX ends"",""定义一个段，segment表示段的开始，ends表示段的结束，XXX为该段名称"",""end"",""结束对源程序的编译"",""assume"",""将某一段寄存器和一段程序关联起来"",""标号"",""汇编源程序中除了汇编指令和伪指令外，还有一些标号，如“codesg segment”中的codesg，它代表了该段的首地址"",""程序的结构"",""定义一个段，名为abc"",""向段中写入汇编指令"",""指出程序在何处结束（end）"",""abc是代码段，应与cs关联（assume）"",""执行"",""一个程序P2在可执行文件中，则必须有一个正在运行的程序P1, 将P2从可执行文件中加载入内存后，将CPU的控制权交给P2，P2才能得以运行。"",""程序的返回"",""而当P2运行完毕后，应该将CPU的控制权交还给使它得以运行的程序P1,此后,P1继续运行。"",""实现返回的程序段"",""mov ax，4c00H"",""int 21H"",""assume cs:abcabc segment    mov ax,2    add ax,ax    add ax,axabc endsend"",""5.包含多个段的程序前面的程序都只有一个代码段，段中只含代码，这一章介绍如何同时使用代码和访问数据"",""在代码段中使用数据"",""程序申请空间的方法"",""在加载程序时为程序分配"",""程序在执行过程中向系统申请"",""使用dw定义字型数据，由于定义在代码段中，所以可以从cs（存放代码段首地址）中得到这些数据的段地址，即：（cs：0）、（cs：2）等"",""程序执行时的区别"",""debug"",""程序开始的16个字节存储数据，因此指令从第17个字节开始。在debug中，可以将IP设为10h，从而使cs：ip指向第一条指令"",""系统"",""end"",""通知编译器程序结束"",""通知编译器程序（代码段）的入口在什么地方"",""在代码段中使用栈"",""我们首先要有一段可当作栈的内存空间，这段空间应该由系统来分配。可以在程序中通过定义数据来取得一段空间，然后将这段空间当作栈空间来用"",""将ss：sp指向栈底，然后将数据挨个存入；出栈时，ss：sp指向栈顶，从栈顶依次取出数据"",""将数据、代码、栈放入不同的段"",""定义多个段"",""对每个段的段地址的引用"",""通过多个寄存器的关联""]","[{""source_id"":""108"",""entity_id"":""C22:K:108"",""label"":""4.第一个程序如何编写一个汇编程序以及程序从编写到执行结束的流程"",""resolution"":""direct""},{""source_id"":""339"",""entity_id"":""C22:K:339"",""label"":""编写过程"",""resolution"":""direct""},{""source_id"":""345"",""entity_id"":""C22:K:345"",""label"":""编写汇编源程序"",""resolution"":""direct""},{""source_id"":""347"",""entity_id"":""C22:K:347"",""label"":""对源程序进行编译链接"",""resolution"":""direct""},{""source_id"":""349"",""entity_id"":""C22:K:349"",""label"":""执行可执行文件中的程序"",""resolution"":""direct""},{""source_id"":""343"",""entity_id"":""C22:K:343"",""label"":""具体流程"",""resolution"":""direct""},{""source_id"":""470"",""entity_id"":""C22:K:470"",""label"":""编写源程序"",""resolution"":""direct""},{""source_id"":""478"",""entity_id"":""C22:K:478"",""label"":""进入DOS方式，运行Edit"",""resolution"":""direct""},{""source_id"":""480"",""entity_id"":""C22:K:480"",""label"":""编辑程序"",""resolution"":""direct""},{""source_id"":""482"",""entity_id"":""C22:K:482"",""label"":""将程序保存为C：\\1.asm"",""resolution"":""direct""},{""source_id"":""472"",""entity_id"":""C22:K:472"",""label"":""编译"",""resolution"":""direct""},{""source_id"":""484"",""entity_id"":""C22:K:484"",""label"":""进入C：\\masm，运行masm.exe"",""resolution"":""direct""},{""source_id"":""486"",""entity_id"":""C22:K:486"",""label"":""输入要编译的文件名，按回车"",""resolution"":""direct""},{""source_id"":""488"",""entity_id"":""C22:K:488"",""label"":""生成列表文件（可略过）"",""resolution"":""direct""},{""source_id"":""490"",""entity_id"":""C22:K:490"",""label"":""生成交叉引用文件（可略过）"",""resolution"":""direct""},{""source_id"":""492"",""entity_id"":""C22:K:492"",""label"":""编译结束"",""resolution"":""direct""},{""source_id"":""474"",""entity_id"":""C22:K:474"",""label"":""链接"",""resolution"":""direct""},{""source_id"":""503"",""entity_id"":""C22:K:503"",""label"":""进入C：\\masm，运行link.exe"",""resolution"":""direct""},{""source_id"":""496"",""entity_id"":""C22:K:496"",""label"":""输入要链接的文件名，按回车，生成可执行文件"",""resolution"":""direct""},{""source_id"":""498"",""entity_id"":""C22:K:498"",""label"":""生成映像文件（可略过）"",""resolution"":""direct""},{""source_id"":""507"",""entity_id"":""C22:K:507"",""label"":""链接库文件（可略过）"",""resolution"":""direct""},{""source_id"":""505"",""entity_id"":""C22:K:505"",""label"":""链接完成"",""resolution"":""direct""},{""source_id"":""1236"",""entity_id"":""C22:K:1236"",""label"":""基本概念"",""resolution"":""direct""},{""source_id"":""354"",""entity_id"":""C22:K:354"",""label"":""伪指令"",""resolution"":""direct""},{""source_id"":""358"",""entity_id"":""C22:K:358"",""label"":""XXX segment...XXX ends"",""resolution"":""direct""},{""source_id"":""362"",""entity_id"":""C22:K:362"",""label"":""定义一个段，segment表示段的开始，ends表示段的结束，XXX为该段名称"",""resolution"":""direct""},{""source_id"":""360"",""entity_id"":""C22:K:360"",""label"":""end"",""resolution"":""direct""},{""source_id"":""364"",""entity_id"":""C22:K:364"",""label"":""结束对源程序的编译"",""resolution"":""direct""},{""source_id"":""366"",""entity_id"":""C22:K:366"",""label"":""assume"",""resolution"":""direct""},{""source_id"":""368"",""entity_id"":""C22:K:368"",""label"":""将某一段寄存器和一段程序关联起来"",""resolution"":""direct""},{""source_id"":""356"",""entity_id"":""C22:K:356"",""label"":""标号"",""resolution"":""direct""},{""source_id"":""438"",""entity_id"":""C22:K:438"",""label"":""汇编源程序中除了汇编指令和伪指令外，还有一些标号，如“codesg segment”中的codesg，它代表了该段的首地址"",""resolution"":""direct""},{""source_id"":""440"",""entity_id"":""C22:K:440"",""label"":""程序的结构"",""resolution"":""direct""},{""source_id"":""442"",""entity_id"":""C22:K:442"",""label"":""定义一个段，名为abc"",""resolution"":""direct""},{""source_id"":""444"",""entity_id"":""C22:K:444"",""label"":""向段中写入汇编指令"",""resolution"":""direct""},{""source_id"":""446"",""entity_id"":""C22:K:446"",""label"":""指出程序在何处结束（end）"",""resolution"":""direct""},{""source_id"":""448"",""entity_id"":""C22:K:448"",""label"":""abc是代码段，应与cs关联（assume）"",""resolution"":""direct""},{""source_id"":""452"",""entity_id"":""C22:K:452"",""label"":""执行"",""resolution"":""direct""},{""source_id"":""454"",""entity_id"":""C22:K:454"",""label"":""一个程序P2在可执行文件中，则必须有一个正在运行的程序P1, 将P2从可执行文件中加载入内存后，将CPU的控制权交给P2，P2才能得以运行。"",""resolution"":""direct""},{""source_id"":""456"",""entity_id"":""C22:K:456"",""label"":""程序的返回"",""resolution"":""direct""},{""source_id"":""458"",""entity_id"":""C22:K:458"",""label"":""而当P2运行完毕后，应该将CPU的控制权交还给使它得以运行的程序P1,此后,P1继续运行。"",""resolution"":""direct""},{""source_id"":""460"",""entity_id"":""C22:K:460"",""label"":""实现返回的程序段"",""resolution"":""direct""},{""source_id"":""464"",""entity_id"":""C22:K:464"",""label"":""mov ax，4c00H"",""resolution"":""direct""},{""source_id"":""466"",""entity_id"":""C22:K:466"",""label"":""int 21H"",""resolution"":""direct""},{""source_id"":""1312"",""entity_id"":""C22:K:1312"",""label"":""assume cs:abcabc segment    mov ax,2    add ax,ax    add ax,axabc endsend"",""resolution"":""direct""},{""source_id"":""112"",""entity_id"":""C22:K:112"",""label"":""5.包含多个段的程序前面的程序都只有一个代码段，段中只含代码，这一章介绍如何同时使用代码和访问数据"",""resolution"":""direct""},{""source_id"":""569"",""entity_id"":""C22:K:569"",""label"":""在代码段中使用数据"",""resolution"":""direct""},{""source_id"":""575"",""entity_id"":""C22:K:575"",""label"":""程序申请空间的方法"",""resolution"":""direct""},{""source_id"":""579"",""entity_id"":""C22:K:579"",""label"":""在加载程序时为程序分配"",""resolution"":""direct""},{""source_id"":""581"",""entity_id"":""C22:K:581"",""label"":""程序在执行过程中向系统申请"",""resolution"":""direct""},{""source_id"":""577"",""entity_id"":""C22:K:577"",""label"":""使用dw定义字型数据，由于定义在代码段中，所以可以从cs（存放代码段首地址）中得到这些数据的段地址，即：（cs：0）、（cs：2）等"",""resolution"":""direct""},{""source_id"":""583"",""entity_id"":""C22:K:583"",""label"":""程序执行时的区别"",""resolution"":""direct""},{""source_id"":""585"",""entity_id"":""C22:K:585"",""label"":""debug"",""resolution"":""direct""},{""source_id"":""589"",""entity_id"":""C22:K:589"",""label"":""程序开始的16个字节存储数据，因此指令从第17个字节开始。在debug中，可以将IP设为10h，从而使cs：ip指向第一条指令"",""resolution"":""direct""},{""source_id"":""587"",""entity_id"":""C22:K:587"",""label"":""系统"",""resolution"":""direct""},{""source_id"":""593"",""entity_id"":""C22:K:593"",""label"":""end"",""resolution"":""direct""},{""source_id"":""595"",""entity_id"":""C22:K:595"",""label"":""通知编译器程序结束"",""resolution"":""direct""},{""source_id"":""597"",""entity_id"":""C22:K:597"",""label"":""通知编译器程序（代码段）的入口在什么地方"",""resolution"":""direct""},{""source_id"":""571"",""entity_id"":""C22:K:571"",""label"":""在代码段中使用栈"",""resolution"":""direct""},{""source_id"":""603"",""entity_id"":""C22:K:603"",""label"":""我们首先要有一段可当作栈的内存空间，这段空间应该由系统来分配。可以在程序中通过定义数据来取得一段空间，然后将这段空间当作栈空间来用"",""resolution"":""direct""},{""source_id"":""611"",""entity_id"":""C22:K:611"",""label"":""将ss：sp指向栈底，然后将数据挨个存入；出栈时，ss：sp指向栈顶，从栈顶依次取出数据"",""resolution"":""direct""},{""source_id"":""573"",""entity_id"":""C22:K:573"",""label"":""将数据、代码、栈放入不同的段"",""resolution"":""direct""},{""source_id"":""613"",""entity_id"":""C22:K:613"",""label"":""定义多个段"",""resolution"":""direct""},{""source_id"":""615"",""entity_id"":""C22:K:615"",""label"":""对每个段的段地址的引用"",""resolution"":""direct""},{""source_id"":""619"",""entity_id"":""C22:K:619"",""label"":""通过多个寄存器的关联"",""resolution"":""direct""}]",[],[]
C22:SUM:1188,C22,汇编语言,1188,内存定址为后面转移指令做铺垫,1187,"[""114"",""635"",""641"",""643"",""645"",""653"",""655"",""657"",""659"",""661"",""663"",""110"",""509"",""515"",""521"",""531"",""545"",""547"",""551"",""549"",""553"",""557"",""559"",""561"",""511"",""523"",""535"",""537"",""539"",""543"",""563"",""565"",""1291""]","[""C22:K:114"",""C22:K:635"",""C22:K:641"",""C22:K:643"",""C22:K:645"",""C22:K:653"",""C22:K:655"",""C22:K:657"",""C22:K:659"",""C22:K:661"",""C22:K:663"",""C22:K:110"",""C22:K:509"",""C22:K:515"",""C22:K:521"",""C22:K:531"",""C22:K:545"",""C22:K:547"",""C22:K:551"",""C22:K:549"",""C22:K:553"",""C22:K:557"",""C22:K:559"",""C22:K:561"",""C22:K:511"",""C22:K:523"",""C22:K:535"",""C22:K:537"",""C22:K:539"",""C22:K:543"",""C22:K:563"",""C22:K:565"",""C22:K:1291""]","[""7.更灵活的定位内存地址的方法前面讲了[bx]这样的定址方式，这里介绍更灵活的内存定址方式，可以方便一些数据结构的处理"",""[bx+idata]"",""表示一个内存单元，它的偏移地址为（bx）+idata"",""应用：数组处理"",""si和di相当于变量"",""与bx功能相近，但不能分成两个八位寄存器"",""[bx+si]"",""[bx+di]"",""[bx+si+idata]和[bx+di+idata]"",""mov ax，[bx+si+idata]"",""数学化描述：（ax）=（（ds）*16+（bx）+（si）+idata）"",""6.[BX]和loop指令这里介绍一个寄存器和一个指令"",""[BX]通用寄存器"",""[BX]表示一个内存单元，偏移地址在bx寄存器中，段地址默认在ds中"",""mov ax，[bx]"",""将一个内存单元的内容（一个字）送入ax"",""debug与masm对指令的不同处理"",""debug"",""[idata]看做内存单元，idata是偏移量"",""masm"",""[idata]看做具体的数值"",""解决方法"",""将偏移地址放入bx中，用[bx]的方式访问"",""通过“ds：偏移地址”的方式访问（ds：称为段前缀）"",""loop循环指令"",""格式：loop 标号标号代表一个地址"",""执行步骤"",""（cx）=（cx）-1"",""判断cx中的值，不为0则转移至标号处执行程序，如果为0则向下执行"",""通常，cx中存放要循环的次数"",""内存空间的安全操作系统"",""随意向一个内存单元写入数据，可能会导致某些重要的数据或代码被改写，从而导致一些严重的后果"",""使用操作系统分配的空间""]","[{""source_id"":""114"",""entity_id"":""C22:K:114"",""label"":""7.更灵活的定位内存地址的方法前面讲了[bx]这样的定址方式，这里介绍更灵活的内存定址方式，可以方便一些数据结构的处理"",""resolution"":""direct""},{""source_id"":""635"",""entity_id"":""C22:K:635"",""label"":""[bx+idata]"",""resolution"":""direct""},{""source_id"":""641"",""entity_id"":""C22:K:641"",""label"":""表示一个内存单元，它的偏移地址为（bx）+idata"",""resolution"":""direct""},{""source_id"":""643"",""entity_id"":""C22:K:643"",""label"":""应用：数组处理"",""resolution"":""direct""},{""source_id"":""645"",""entity_id"":""C22:K:645"",""label"":""si和di相当于变量"",""resolution"":""direct""},{""source_id"":""653"",""entity_id"":""C22:K:653"",""label"":""与bx功能相近，但不能分成两个八位寄存器"",""resolution"":""direct""},{""source_id"":""655"",""entity_id"":""C22:K:655"",""label"":""[bx+si]"",""resolution"":""direct""},{""source_id"":""657"",""entity_id"":""C22:K:657"",""label"":""[bx+di]"",""resolution"":""direct""},{""source_id"":""659"",""entity_id"":""C22:K:659"",""label"":""[bx+si+idata]和[bx+di+idata]"",""resolution"":""direct""},{""source_id"":""661"",""entity_id"":""C22:K:661"",""label"":""mov ax，[bx+si+idata]"",""resolution"":""direct""},{""source_id"":""663"",""entity_id"":""C22:K:663"",""label"":""数学化描述：（ax）=（（ds）*16+（bx）+（si）+idata）"",""resolution"":""direct""},{""source_id"":""110"",""entity_id"":""C22:K:110"",""label"":""6.[BX]和loop指令这里介绍一个寄存器和一个指令"",""resolution"":""direct""},{""source_id"":""509"",""entity_id"":""C22:K:509"",""label"":""[BX]通用寄存器"",""resolution"":""direct""},{""source_id"":""515"",""entity_id"":""C22:K:515"",""label"":""[BX]表示一个内存单元，偏移地址在bx寄存器中，段地址默认在ds中"",""resolution"":""direct""},{""source_id"":""521"",""entity_id"":""C22:K:521"",""label"":""mov ax，[bx]"",""resolution"":""direct""},{""source_id"":""531"",""entity_id"":""C22:K:531"",""label"":""将一个内存单元的内容（一个字）送入ax"",""resolution"":""direct""},{""source_id"":""545"",""entity_id"":""C22:K:545"",""label"":""debug与masm对指令的不同处理"",""resolution"":""direct""},{""source_id"":""547"",""entity_id"":""C22:K:547"",""label"":""debug"",""resolution"":""direct""},{""source_id"":""551"",""entity_id"":""C22:K:551"",""label"":""[idata]看做内存单元，idata是偏移量"",""resolution"":""direct""},{""source_id"":""549"",""entity_id"":""C22:K:549"",""label"":""masm"",""resolution"":""direct""},{""source_id"":""553"",""entity_id"":""C22:K:553"",""label"":""[idata]看做具体的数值"",""resolution"":""direct""},{""source_id"":""557"",""entity_id"":""C22:K:557"",""label"":""解决方法"",""resolution"":""direct""},{""source_id"":""559"",""entity_id"":""C22:K:559"",""label"":""将偏移地址放入bx中，用[bx]的方式访问"",""resolution"":""direct""},{""source_id"":""561"",""entity_id"":""C22:K:561"",""label"":""通过“ds：偏移地址”的方式访问（ds：称为段前缀）"",""resolution"":""direct""},{""source_id"":""511"",""entity_id"":""C22:K:511"",""label"":""loop循环指令"",""resolution"":""direct""},{""source_id"":""523"",""entity_id"":""C22:K:523"",""label"":""格式：loop 标号标号代表一个地址"",""resolution"":""direct""},{""source_id"":""535"",""entity_id"":""C22:K:535"",""label"":""执行步骤"",""resolution"":""direct""},{""source_id"":""537"",""entity_id"":""C22:K:537"",""label"":""（cx）=（cx）-1"",""resolution"":""direct""},{""source_id"":""539"",""entity_id"":""C22:K:539"",""label"":""判断cx中的值，不为0则转移至标号处执行程序，如果为0则向下执行"",""resolution"":""direct""},{""source_id"":""543"",""entity_id"":""C22:K:543"",""label"":""通常，cx中存放要循环的次数"",""resolution"":""direct""},{""source_id"":""563"",""entity_id"":""C22:K:563"",""label"":""内存空间的安全操作系统"",""resolution"":""direct""},{""source_id"":""565"",""entity_id"":""C22:K:565"",""label"":""随意向一个内存单元写入数据，可能会导致某些重要的数据或代码被改写，从而导致一些严重的后果"",""resolution"":""direct""},{""source_id"":""1291"",""entity_id"":""C22:K:1291"",""label"":""使用操作系统分配的空间"",""resolution"":""direct""}]",[],[]
C22:SUM:1190,C22,汇编语言,1190,转移指令,1189,"[""118"",""708"",""710"",""714"",""720"",""724"",""726"",""722"",""716"",""728"",""730"",""732"",""734"",""736"",""712"",""738"",""750"",""746"",""740"",""742"",""748"",""760"",""752"",""754"",""762"",""756"",""764"",""766"",""768"",""770"",""772"",""774"",""786"",""788"",""790"",""792"",""794"",""796"",""798"",""120"",""800"",""807"",""809"",""802"",""811"",""819"",""821"",""877"",""879"",""885"",""881"",""887"",""883"",""889"",""891"",""893"",""897"",""905"",""1269"",""909"",""907"",""1271"",""1273""]","[""C22:K:118"",""C22:K:708"",""C22:K:710"",""C22:K:714"",""C22:K:720"",""C22:K:724"",""C22:K:726"",""C22:K:722"",""C22:K:716"",""C22:K:728"",""C22:K:730"",""C22:K:732"",""C22:K:734"",""C22:K:736"",""C22:K:712"",""C22:K:738"",""C22:K:750"",""C22:K:746"",""C22:K:740"",""C22:K:742"",""C22:K:748"",""C22:K:760"",""C22:K:752"",""C22:K:754"",""C22:K:762"",""C22:K:756"",""C22:K:764"",""C22:K:766"",""C22:K:768"",""C22:K:770"",""C22:K:772"",""C22:K:774"",""C22:K:786"",""C22:K:788"",""C22:K:790"",""C22:K:792"",""C22:K:794"",""C22:K:796"",""C22:K:798"",""C22:K:120"",""C22:K:800"",""C22:K:807"",""C22:K:809"",""C22:K:802"",""C22:K:811"",""C22:K:819"",""C22:K:821"",""C22:K:877"",""C22:K:879"",""C22:K:885"",""C22:K:881"",""C22:K:887"",""C22:K:883"",""C22:K:889"",""C22:K:891"",""C22:K:893"",""C22:K:897"",""C22:K:905"",""C22:K:1269"",""C22:K:909"",""C22:K:907"",""C22:K:1271"",""C22:K:1273""]","[""9.转移指令的原理在执行转移指令时，具体做了什么"",""可以修改IP，或同时修改CS和IP的指令统称为转移指令"",""分类"",""转移行为"",""只修改IP，称为段内转移"",""短转移"",""近转移"",""同时修改IP和CS，称为段间转移"",""转移条件"",""无条件转移指令"",""条件转移指令"",""循环指令"",""过程"",""中断"",""offset"",""取得标号的偏移地址"",""格式"",""offset  标号"",""jmp"",""无条件转移指令，可以只修改IP，也可以同时修改IP和CS"",""格式"",""依据位移转移（计算需要移动的距离）"",""jmp short 标号（段内短转移）"",""jmp near ptr 标号（段内近转移）"",""转移目的地址在指令中（修改CS：IP）"",""jmp far ptr 标号（段间转移）"",""转移地址在内存中"",""jmp word ptr 内存单元地址（段内转移）"",""jmp dword ptr 内存单元地址（段间转移）"",""jcxz"",""有条件转移指令（所有有条件转移指令都是短转移）"",""格式"",""jcxz 标号"",""如果（cx）=0，则转移到标号处执行"",""loop"",""循环指令（所有循环指令都是短转移）"",""格式"",""loop 标号"",""（cx）=（cx）-1，如果（cx）≠0，转移到标号处执行"",""10.call和ret指令上面都是普通的转移指令，这两个是设计子程序的指令"",""ret和retf"",""ret指令用栈中的数据，修改IP的内容，从而实现近转移"",""retf指令使用栈中的数据，修改CS和IP的内容，从而实现远转移"",""call调用"",""CPU执行call指令时，进行两步操作"",""将当前的IP或CS和IP压入栈中"",""进行转移"",""格式"",""依据位移转移"",""call 标号（将当前IP压栈后转移）"",""转移的目的地址在指令中"",""call far ptr 标号（将CS和IP先后压栈后转移）"",""转移地址在寄存器中"",""call 16位reg"",""转移地址在内存中"",""call word ptr 内存单元地址"",""call dword ptr 内存单元地址"",""参数与结果的传递"",""少量数据"",""通过栈"",""通过寄存器"",""批量数据"",""将数据存放在内存，然后将它们所在内存空间你的首地址放在寄存器中，传递给需要的子程序""]","[{""source_id"":""118"",""entity_id"":""C22:K:118"",""label"":""9.转移指令的原理在执行转移指令时，具体做了什么"",""resolution"":""direct""},{""source_id"":""708"",""entity_id"":""C22:K:708"",""label"":""可以修改IP，或同时修改CS和IP的指令统称为转移指令"",""resolution"":""direct""},{""source_id"":""710"",""entity_id"":""C22:K:710"",""label"":""分类"",""resolution"":""direct""},{""source_id"":""714"",""entity_id"":""C22:K:714"",""label"":""转移行为"",""resolution"":""direct""},{""source_id"":""720"",""entity_id"":""C22:K:720"",""label"":""只修改IP，称为段内转移"",""resolution"":""direct""},{""source_id"":""724"",""entity_id"":""C22:K:724"",""label"":""短转移"",""resolution"":""direct""},{""source_id"":""726"",""entity_id"":""C22:K:726"",""label"":""近转移"",""resolution"":""direct""},{""source_id"":""722"",""entity_id"":""C22:K:722"",""label"":""同时修改IP和CS，称为段间转移"",""resolution"":""direct""},{""source_id"":""716"",""entity_id"":""C22:K:716"",""label"":""转移条件"",""resolution"":""direct""},{""source_id"":""728"",""entity_id"":""C22:K:728"",""label"":""无条件转移指令"",""resolution"":""direct""},{""source_id"":""730"",""entity_id"":""C22:K:730"",""label"":""条件转移指令"",""resolution"":""direct""},{""source_id"":""732"",""entity_id"":""C22:K:732"",""label"":""循环指令"",""resolution"":""direct""},{""source_id"":""734"",""entity_id"":""C22:K:734"",""label"":""过程"",""resolution"":""direct""},{""source_id"":""736"",""entity_id"":""C22:K:736"",""label"":""中断"",""resolution"":""direct""},{""source_id"":""712"",""entity_id"":""C22:K:712"",""label"":""offset"",""resolution"":""direct""},{""source_id"":""738"",""entity_id"":""C22:K:738"",""label"":""取得标号的偏移地址"",""resolution"":""direct""},{""source_id"":""750"",""entity_id"":""C22:K:750"",""label"":""格式"",""resolution"":""direct""},{""source_id"":""746"",""entity_id"":""C22:K:746"",""label"":""offset  标号"",""resolution"":""direct""},{""source_id"":""740"",""entity_id"":""C22:K:740"",""label"":""jmp"",""resolution"":""direct""},{""source_id"":""742"",""entity_id"":""C22:K:742"",""label"":""无条件转移指令，可以只修改IP，也可以同时修改IP和CS"",""resolution"":""direct""},{""source_id"":""748"",""entity_id"":""C22:K:748"",""label"":""格式"",""resolution"":""direct""},{""source_id"":""760"",""entity_id"":""C22:K:760"",""label"":""依据位移转移（计算需要移动的距离）"",""resolution"":""direct""},{""source_id"":""752"",""entity_id"":""C22:K:752"",""label"":""jmp short 标号（段内短转移）"",""resolution"":""direct""},{""source_id"":""754"",""entity_id"":""C22:K:754"",""label"":""jmp near ptr 标号（段内近转移）"",""resolution"":""direct""},{""source_id"":""762"",""entity_id"":""C22:K:762"",""label"":""转移目的地址在指令中（修改CS：IP）"",""resolution"":""direct""},{""source_id"":""756"",""entity_id"":""C22:K:756"",""label"":""jmp far ptr 标号（段间转移）"",""resolution"":""direct""},{""source_id"":""764"",""entity_id"":""C22:K:764"",""label"":""转移地址在内存中"",""resolution"":""direct""},{""source_id"":""766"",""entity_id"":""C22:K:766"",""label"":""jmp word ptr 内存单元地址（段内转移）"",""resolution"":""direct""},{""source_id"":""768"",""entity_id"":""C22:K:768"",""label"":""jmp dword ptr 内存单元地址（段间转移）"",""resolution"":""direct""},{""source_id"":""770"",""entity_id"":""C22:K:770"",""label"":""jcxz"",""resolution"":""direct""},{""source_id"":""772"",""entity_id"":""C22:K:772"",""label"":""有条件转移指令（所有有条件转移指令都是短转移）"",""resolution"":""direct""},{""source_id"":""774"",""entity_id"":""C22:K:774"",""label"":""格式"",""resolution"":""direct""},{""source_id"":""786"",""entity_id"":""C22:K:786"",""label"":""jcxz 标号"",""resolution"":""direct""},{""source_id"":""788"",""entity_id"":""C22:K:788"",""label"":""如果（cx）=0，则转移到标号处执行"",""resolution"":""direct""},{""source_id"":""790"",""entity_id"":""C22:K:790"",""label"":""loop"",""resolution"":""direct""},{""source_id"":""792"",""entity_id"":""C22:K:792"",""label"":""循环指令（所有循环指令都是短转移）"",""resolution"":""direct""},{""source_id"":""794"",""entity_id"":""C22:K:794"",""label"":""格式"",""resolution"":""direct""},{""source_id"":""796"",""entity_id"":""C22:K:796"",""label"":""loop 标号"",""resolution"":""direct""},{""source_id"":""798"",""entity_id"":""C22:K:798"",""label"":""（cx）=（cx）-1，如果（cx）≠0，转移到标号处执行"",""resolution"":""direct""},{""source_id"":""120"",""entity_id"":""C22:K:120"",""label"":""10.call和ret指令上面都是普通的转移指令，这两个是设计子程序的指令"",""resolution"":""direct""},{""source_id"":""800"",""entity_id"":""C22:K:800"",""label"":""ret和retf"",""resolution"":""direct""},{""source_id"":""807"",""entity_id"":""C22:K:807"",""label"":""ret指令用栈中的数据，修改IP的内容，从而实现近转移"",""resolution"":""direct""},{""source_id"":""809"",""entity_id"":""C22:K:809"",""label"":""retf指令使用栈中的数据，修改CS和IP的内容，从而实现远转移"",""resolution"":""direct""},{""source_id"":""802"",""entity_id"":""C22:K:802"",""label"":""call调用"",""resolution"":""direct""},{""source_id"":""811"",""entity_id"":""C22:K:811"",""label"":""CPU执行call指令时，进行两步操作"",""resolution"":""direct""},{""source_id"":""819"",""entity_id"":""C22:K:819"",""label"":""将当前的IP或CS和IP压入栈中"",""resolution"":""direct""},{""source_id"":""821"",""entity_id"":""C22:K:821"",""label"":""进行转移"",""resolution"":""direct""},{""source_id"":""877"",""entity_id"":""C22:K:877"",""label"":""格式"",""resolution"":""direct""},{""source_id"":""879"",""entity_id"":""C22:K:879"",""label"":""依据位移转移"",""resolution"":""direct""},{""source_id"":""885"",""entity_id"":""C22:K:885"",""label"":""call 标号（将当前IP压栈后转移）"",""resolution"":""direct""},{""source_id"":""881"",""entity_id"":""C22:K:881"",""label"":""转移的目的地址在指令中"",""resolution"":""direct""},{""source_id"":""887"",""entity_id"":""C22:K:887"",""label"":""call far ptr 标号（将CS和IP先后压栈后转移）"",""resolution"":""direct""},{""source_id"":""883"",""entity_id"":""C22:K:883"",""label"":""转移地址在寄存器中"",""resolution"":""direct""},{""source_id"":""889"",""entity_id"":""C22:K:889"",""label"":""call 16位reg"",""resolution"":""direct""},{""source_id"":""891"",""entity_id"":""C22:K:891"",""label"":""转移地址在内存中"",""resolution"":""direct""},{""source_id"":""893"",""entity_id"":""C22:K:893"",""label"":""call word ptr 内存单元地址"",""resolution"":""direct""},{""source_id"":""897"",""entity_id"":""C22:K:897"",""label"":""call dword ptr 内存单元地址"",""resolution"":""direct""},{""source_id"":""905"",""entity_id"":""C22:K:905"",""label"":""参数与结果的传递"",""resolution"":""direct""},{""source_id"":""1269"",""entity_id"":""C22:K:1269"",""label"":""少量数据"",""resolution"":""direct""},{""source_id"":""909"",""entity_id"":""C22:K:909"",""label"":""通过栈"",""resolution"":""direct""},{""source_id"":""907"",""entity_id"":""C22:K:907"",""label"":""通过寄存器"",""resolution"":""direct""},{""source_id"":""1271"",""entity_id"":""C22:K:1271"",""label"":""批量数据"",""resolution"":""direct""},{""source_id"":""1273"",""entity_id"":""C22:K:1273"",""label"":""将数据存放在内存，然后将它们所在内存空间你的首地址放在寄存器中，传递给需要的子程序"",""resolution"":""direct""}]",[],[]
C22:SUM:1192,C22,汇编语言,1192,中断处理从物理层面介绍了中断处理,1191,"[""122"",""865"",""911"",""913"",""915"",""875"",""867"",""917"",""919"",""921"",""923"",""869"",""925"",""927"",""929"",""931"",""871"",""933"",""935"",""937"",""939"",""873"",""953"",""955"",""945"",""947"",""949"",""961"",""963"",""981"",""983"",""985"",""987"",""989"",""965"",""967"",""975"",""969"",""977"",""971"",""979"",""991"",""993"",""995"",""997"",""1007"",""999"",""1001"",""1003"",""1005"",""778"",""835"",""837"",""1009"",""1011"",""1013"",""1015"",""1041"",""839"",""1019"",""1021"",""841"",""1023"",""1025"",""1027"",""843"",""1029"",""1031"",""1035"",""1037"",""1039"",""1033"",""1049"",""1051"",""1053"",""1063"",""1065"",""1067"",""1069"",""1073"",""780"",""1101"",""1103"",""1107"",""1109"",""1111"",""1113"",""1105"",""845"",""1075"",""1081"",""1077"",""1083"",""1085"",""1087"",""847"",""1089"",""1095"",""1097"",""1099"",""1091"",""782"",""855"",""857"",""1119"",""1123"",""1127"",""1125"",""1129"",""1121"",""1131"",""1133"",""859"",""1135"",""1137"",""1139"",""1194"",""1277"",""1043"",""1045"",""1047""]","[""C22:K:122"",""C22:K:865"",""C22:K:911"",""C22:K:913"",""C22:K:915"",""C22:K:875"",""C22:K:867"",""C22:K:917"",""C22:K:919"",""C22:K:921"",""C22:K:923"",""C22:K:869"",""C22:K:925"",""C22:K:927"",""C22:K:929"",""C22:K:931"",""C22:K:871"",""C22:K:933"",""C22:K:935"",""C22:K:937"",""C22:K:939"",""C22:K:873"",""C22:K:953"",""C22:K:955"",""C22:K:945"",""C22:K:947"",""C22:K:949"",""C22:K:961"",""C22:K:963"",""C22:K:981"",""C22:K:983"",""C22:K:985"",""C22:K:987"",""C22:K:989"",""C22:K:965"",""C22:K:967"",""C22:K:975"",""C22:K:969"",""C22:K:977"",""C22:K:971"",""C22:K:979"",""C22:K:991"",""C22:K:993"",""C22:K:995"",""C22:K:997"",""C22:K:1007"",""C22:K:999"",""C22:K:1001"",""C22:K:1003"",""C22:K:1005"",""C22:K:778"",""C22:K:835"",""C22:K:837"",""C22:K:1009"",""C22:K:1011"",""C22:K:1013"",""C22:K:1015"",""C22:K:1041"",""C22:K:839"",""C22:K:1019"",""C22:K:1021"",""C22:K:841"",""C22:K:1023"",""C22:K:1025"",""C22:K:1027"",""C22:K:843"",""C22:K:1029"",""C22:K:1031"",""C22:K:1035"",""C22:K:1037"",""C22:K:1039"",""C22:K:1033"",""C22:K:1049"",""C22:K:1051"",""C22:K:1053"",""C22:K:1063"",""C22:K:1065"",""C22:K:1067"",""C22:K:1069"",""C22:K:1073"",""C22:K:780"",""C22:K:1101"",""C22:K:1103"",""C22:K:1107"",""C22:K:1109"",""C22:K:1111"",""C22:K:1113"",""C22:K:1105"",""C22:K:845"",""C22:K:1075"",""C22:K:1081"",""C22:K:1077"",""C22:K:1083"",""C22:K:1085"",""C22:K:1087"",""C22:K:847"",""C22:K:1089"",""C22:K:1095"",""C22:K:1097"",""C22:K:1099"",""C22:K:1091"",""C22:K:782"",""C22:K:855"",""C22:K:857"",""C22:K:1119"",""C22:K:1123"",""C22:K:1127"",""C22:K:1125"",""C22:K:1129"",""C22:K:1121"",""C22:K:1131"",""C22:K:1133"",""C22:K:859"",""C22:K:1135"",""C22:K:1137"",""C22:K:1139"",""C22:SUM:1194"",""C22:K:1277"",""C22:K:1043"",""C22:K:1045"",""C22:K:1047""]","[""11.标志寄存器"",""作用"",""用来存储相关指令的某些执行结果"",""用来为CPU执行相关指令提供行为依据"",""用来控制CPU的相关工作方式"",""标志位计算机根据标志位 的信息决定下一步应该做什么"",""ZF"",""flag中的第六位，是零标志位"",""记录相关指令执行后，其结果是否为零"",""为零，则zf=1"",""不为零，则zf=0"",""PF"",""flag中的第二位，奇偶标志位"",""记录相关指令执行后，其结果的所有bit位中1的个数是否为偶数"",""为偶数，则pf=1"",""为奇数，则pf=0"",""SF"",""flag中的第七位，符号标志位"",""记录相关指令执行后，其结果是否为负数"",""为负数，sf=1"",""为正数，sf=0"",""CF"",""flag中的第0位，进位标志位"",""记录最高有效位向更高位的进位值"",""OF"",""flag中的11位，溢出标志位"",""记录有符号数运算的结果是否发生了溢出"",""溢出，则of=1"",""否则of=0"",""DF"",""flag的第十位，方向标志位"",""在串处理命令中，控制每次操作后si、di的递减"",""df=0，则si、di递增"",""df=1，则si、di递减"",""指令"",""abc"",""带进位加法指令"",""sbb"",""带借位减法指令"",""cmp"",""比较指令，相当于减法，只是不保存结果，仅影响flag的相关位"",""movsb"",""串传送指令（复制串）"",""1.（(es)*16+(di)）=（（ds）*16+（si））"",""2.若df=0，则di、si加一；若df=1，则di、si减一"",""将ds：si指向内存单元的字节送入es：di中，然后根据df的值，将si、di递增或递减"",""pushf"",""将标志寄存器的值压栈"",""popf"",""从栈中弹出数据，送入标志寄存器中"",""12.内中断"",""中断是指，CPU不再接着刚执行完的指令向下执行，而是转去处理中断信息；来自CPU内部的中断称为内中断"",""CPU内部产生中断信息的情况kinds of"",""除法错误"",""单步执行"",""执行into指令"",""执行int指令"",""中断处理"",""中断处理程序"",""用来处理中断信息的程序"",""CPU根据中断类型码定位中断处理程序，CPU设计者必须在终中断信息和其处理程序的入口地址之间建立某种联系"",""中断向量表"",""中断向量就是中断处理程序的入口地址"",""中断向量表在内存中保存，其中存放着256个中断源对应的中断处理程序的入口"",""入口地址包括段地址和偏移地址，一个表项占2个字"",""中断过程"",""取得中断类型码N"",""标志寄存器的值入栈（保护现场）"",""设置TF和IF的值为0"",""CS的内容入栈（保护现场）"",""IP的内容入栈（保护现场）"",""（IP）=（N*4）    CS=（N*4+2），执行中断处理程序"",""中断程序的安装"",""使用movsb指令将中断程序送入指定位置"",""单步中断"",""CPU在执行完一条指令后吗，如果检测到TF=1，则产生单步中断"",""cpu提供单步中断的原因：为单步跟踪程序的执行过程提供了实现机制"",""int指令"",""格式：int n"",""n为中断类型码"",""13.端口"",""基本概念"",""与CPU通过总线相连的芯片"",""各类存储器"",""各种接口卡上的接口芯片"",""主板上的接口芯片"",""其他芯片"",""这些芯片上都有一组可以由CPU读写的寄存器，称为端口"",""端口的读写"",""CPU通过端口地址来定位端口"",""每一个端口在地址空间都有一个地址"",""CPU对端口的访问过程"",""CPU通过地址总线将端口地址信息发出"",""cpu通过控制总线发出端口读/写命令，选中端口所在的芯片，并通知它要从中读/写数据"",""端口所在芯片通过数据线将数据送入CPU"",""shl和shr"",""shl是逻辑左移指令"",""将一个寄存器或内存单元中的数据向左移动"",""将移出的一位写入CF"",""最低位用0补充"",""shr是逻辑右移指令"",""14.外中断"",""由CPU外部器件引起的中断称为外中断"",""外中断信息"",""可屏蔽中断"",""IF=1，CPU响应中断"",""sti，设置IF=1"",""IF=0，CPU不响应中断"",""cli，设置IF=0"",""不可屏蔽中断"",""中断类型码固定为2"",""不需要取中断码"",""键盘输入的处理过程"",""键盘输入：按下和松开一个键时，都会产生一个扫描码，前者称为通码，后者称为断码，说明了按下和松开的键在键盘上的位置"",""引发9号中断"",""执行int 9中断例程"",""外中断"",""TF：机器进入单步工作方式，每条机器指令执行后，显示结果及寄存器状态，若TF=0，则机器处在连续工作方式。此标志为调试机器或调试程序发现故障而设置。"",""中断返回"",""iret指令"",""pop IP；pop CS；popf""]","[{""source_id"":""122"",""entity_id"":""C22:K:122"",""label"":""11.标志寄存器"",""resolution"":""direct""},{""source_id"":""865"",""entity_id"":""C22:K:865"",""label"":""作用"",""resolution"":""direct""},{""source_id"":""911"",""entity_id"":""C22:K:911"",""label"":""用来存储相关指令的某些执行结果"",""resolution"":""direct""},{""source_id"":""913"",""entity_id"":""C22:K:913"",""label"":""用来为CPU执行相关指令提供行为依据"",""resolution"":""direct""},{""source_id"":""915"",""entity_id"":""C22:K:915"",""label"":""用来控制CPU的相关工作方式"",""resolution"":""direct""},{""source_id"":""875"",""entity_id"":""C22:K:875"",""label"":""标志位计算机根据标志位 的信息决定下一步应该做什么"",""resolution"":""direct""},{""source_id"":""867"",""entity_id"":""C22:K:867"",""label"":""ZF"",""resolution"":""direct""},{""source_id"":""917"",""entity_id"":""C22:K:917"",""label"":""flag中的第六位，是零标志位"",""resolution"":""direct""},{""source_id"":""919"",""entity_id"":""C22:K:919"",""label"":""记录相关指令执行后，其结果是否为零"",""resolution"":""direct""},{""source_id"":""921"",""entity_id"":""C22:K:921"",""label"":""为零，则zf=1"",""resolution"":""direct""},{""source_id"":""923"",""entity_id"":""C22:K:923"",""label"":""不为零，则zf=0"",""resolution"":""direct""},{""source_id"":""869"",""entity_id"":""C22:K:869"",""label"":""PF"",""resolution"":""direct""},{""source_id"":""925"",""entity_id"":""C22:K:925"",""label"":""flag中的第二位，奇偶标志位"",""resolution"":""direct""},{""source_id"":""927"",""entity_id"":""C22:K:927"",""label"":""记录相关指令执行后，其结果的所有bit位中1的个数是否为偶数"",""resolution"":""direct""},{""source_id"":""929"",""entity_id"":""C22:K:929"",""label"":""为偶数，则pf=1"",""resolution"":""direct""},{""source_id"":""931"",""entity_id"":""C22:K:931"",""label"":""为奇数，则pf=0"",""resolution"":""direct""},{""source_id"":""871"",""entity_id"":""C22:K:871"",""label"":""SF"",""resolution"":""direct""},{""source_id"":""933"",""entity_id"":""C22:K:933"",""label"":""flag中的第七位，符号标志位"",""resolution"":""direct""},{""source_id"":""935"",""entity_id"":""C22:K:935"",""label"":""记录相关指令执行后，其结果是否为负数"",""resolution"":""direct""},{""source_id"":""937"",""entity_id"":""C22:K:937"",""label"":""为负数，sf=1"",""resolution"":""direct""},{""source_id"":""939"",""entity_id"":""C22:K:939"",""label"":""为正数，sf=0"",""resolution"":""direct""},{""source_id"":""873"",""entity_id"":""C22:K:873"",""label"":""CF"",""resolution"":""direct""},{""source_id"":""953"",""entity_id"":""C22:K:953"",""label"":""flag中的第0位，进位标志位"",""resolution"":""direct""},{""source_id"":""955"",""entity_id"":""C22:K:955"",""label"":""记录最高有效位向更高位的进位值"",""resolution"":""direct""},{""source_id"":""945"",""entity_id"":""C22:K:945"",""label"":""OF"",""resolution"":""direct""},{""source_id"":""947"",""entity_id"":""C22:K:947"",""label"":""flag中的11位，溢出标志位"",""resolution"":""direct""},{""source_id"":""949"",""entity_id"":""C22:K:949"",""label"":""记录有符号数运算的结果是否发生了溢出"",""resolution"":""direct""},{""source_id"":""961"",""entity_id"":""C22:K:961"",""label"":""溢出，则of=1"",""resolution"":""direct""},{""source_id"":""963"",""entity_id"":""C22:K:963"",""label"":""否则of=0"",""resolution"":""direct""},{""source_id"":""981"",""entity_id"":""C22:K:981"",""label"":""DF"",""resolution"":""direct""},{""source_id"":""983"",""entity_id"":""C22:K:983"",""label"":""flag的第十位，方向标志位"",""resolution"":""direct""},{""source_id"":""985"",""entity_id"":""C22:K:985"",""label"":""在串处理命令中，控制每次操作后si、di的递减"",""resolution"":""direct""},{""source_id"":""987"",""entity_id"":""C22:K:987"",""label"":""df=0，则si、di递增"",""resolution"":""direct""},{""source_id"":""989"",""entity_id"":""C22:K:989"",""label"":""df=1，则si、di递减"",""resolution"":""direct""},{""source_id"":""965"",""entity_id"":""C22:K:965"",""label"":""指令"",""resolution"":""direct""},{""source_id"":""967"",""entity_id"":""C22:K:967"",""label"":""abc"",""resolution"":""direct""},{""source_id"":""975"",""entity_id"":""C22:K:975"",""label"":""带进位加法指令"",""resolution"":""direct""},{""source_id"":""969"",""entity_id"":""C22:K:969"",""label"":""sbb"",""resolution"":""direct""},{""source_id"":""977"",""entity_id"":""C22:K:977"",""label"":""带借位减法指令"",""resolution"":""direct""},{""source_id"":""971"",""entity_id"":""C22:K:971"",""label"":""cmp"",""resolution"":""direct""},{""source_id"":""979"",""entity_id"":""C22:K:979"",""label"":""比较指令，相当于减法，只是不保存结果，仅影响flag的相关位"",""resolution"":""direct""},{""source_id"":""991"",""entity_id"":""C22:K:991"",""label"":""movsb"",""resolution"":""direct""},{""source_id"":""993"",""entity_id"":""C22:K:993"",""label"":""串传送指令（复制串）"",""resolution"":""direct""},{""source_id"":""995"",""entity_id"":""C22:K:995"",""label"":""1.（(es)*16+(di)）=（（ds）*16+（si））"",""resolution"":""direct""},{""source_id"":""997"",""entity_id"":""C22:K:997"",""label"":""2.若df=0，则di、si加一；若df=1，则di、si减一"",""resolution"":""direct""},{""source_id"":""1007"",""entity_id"":""C22:K:1007"",""label"":""将ds：si指向内存单元的字节送入es：di中，然后根据df的值，将si、di递增或递减"",""resolution"":""direct""},{""source_id"":""999"",""entity_id"":""C22:K:999"",""label"":""pushf"",""resolution"":""direct""},{""source_id"":""1001"",""entity_id"":""C22:K:1001"",""label"":""将标志寄存器的值压栈"",""resolution"":""direct""},{""source_id"":""1003"",""entity_id"":""C22:K:1003"",""label"":""popf"",""resolution"":""direct""},{""source_id"":""1005"",""entity_id"":""C22:K:1005"",""label"":""从栈中弹出数据，送入标志寄存器中"",""resolution"":""direct""},{""source_id"":""778"",""entity_id"":""C22:K:778"",""label"":""12.内中断"",""resolution"":""direct""},{""source_id"":""835"",""entity_id"":""C22:K:835"",""label"":""中断是指，CPU不再接着刚执行完的指令向下执行，而是转去处理中断信息；来自CPU内部的中断称为内中断"",""resolution"":""direct""},{""source_id"":""837"",""entity_id"":""C22:K:837"",""label"":""CPU内部产生中断信息的情况kinds of"",""resolution"":""direct""},{""source_id"":""1009"",""entity_id"":""C22:K:1009"",""label"":""除法错误"",""resolution"":""direct""},{""source_id"":""1011"",""entity_id"":""C22:K:1011"",""label"":""单步执行"",""resolution"":""direct""},{""source_id"":""1013"",""entity_id"":""C22:K:1013"",""label"":""执行into指令"",""resolution"":""direct""},{""source_id"":""1015"",""entity_id"":""C22:K:1015"",""label"":""执行int指令"",""resolution"":""direct""},{""source_id"":""1041"",""entity_id"":""C22:K:1041"",""label"":""中断处理"",""resolution"":""direct""},{""source_id"":""839"",""entity_id"":""C22:K:839"",""label"":""中断处理程序"",""resolution"":""direct""},{""source_id"":""1019"",""entity_id"":""C22:K:1019"",""label"":""用来处理中断信息的程序"",""resolution"":""direct""},{""source_id"":""1021"",""entity_id"":""C22:K:1021"",""label"":""CPU根据中断类型码定位中断处理程序，CPU设计者必须在终中断信息和其处理程序的入口地址之间建立某种联系"",""resolution"":""direct""},{""source_id"":""841"",""entity_id"":""C22:K:841"",""label"":""中断向量表"",""resolution"":""direct""},{""source_id"":""1023"",""entity_id"":""C22:K:1023"",""label"":""中断向量就是中断处理程序的入口地址"",""resolution"":""direct""},{""source_id"":""1025"",""entity_id"":""C22:K:1025"",""label"":""中断向量表在内存中保存，其中存放着256个中断源对应的中断处理程序的入口"",""resolution"":""direct""},{""source_id"":""1027"",""entity_id"":""C22:K:1027"",""label"":""入口地址包括段地址和偏移地址，一个表项占2个字"",""resolution"":""direct""},{""source_id"":""843"",""entity_id"":""C22:K:843"",""label"":""中断过程"",""resolution"":""direct""},{""source_id"":""1029"",""entity_id"":""C22:K:1029"",""label"":""取得中断类型码N"",""resolution"":""direct""},{""source_id"":""1031"",""entity_id"":""C22:K:1031"",""label"":""标志寄存器的值入栈（保护现场）"",""resolution"":""direct""},{""source_id"":""1035"",""entity_id"":""C22:K:1035"",""label"":""设置TF和IF的值为0"",""resolution"":""direct""},{""source_id"":""1037"",""entity_id"":""C22:K:1037"",""label"":""CS的内容入栈（保护现场）"",""resolution"":""direct""},{""source_id"":""1039"",""entity_id"":""C22:K:1039"",""label"":""IP的内容入栈（保护现场）"",""resolution"":""direct""},{""source_id"":""1033"",""entity_id"":""C22:K:1033"",""label"":""（IP）=（N*4）    CS=（N*4+2），执行中断处理程序"",""resolution"":""direct""},{""source_id"":""1049"",""entity_id"":""C22:K:1049"",""label"":""中断程序的安装"",""resolution"":""direct""},{""source_id"":""1051"",""entity_id"":""C22:K:1051"",""label"":""使用movsb指令将中断程序送入指定位置"",""resolution"":""direct""},{""source_id"":""1053"",""entity_id"":""C22:K:1053"",""label"":""单步中断"",""resolution"":""direct""},{""source_id"":""1063"",""entity_id"":""C22:K:1063"",""label"":""CPU在执行完一条指令后吗，如果检测到TF=1，则产生单步中断"",""resolution"":""direct""},{""source_id"":""1065"",""entity_id"":""C22:K:1065"",""label"":""cpu提供单步中断的原因：为单步跟踪程序的执行过程提供了实现机制"",""resolution"":""direct""},{""source_id"":""1067"",""entity_id"":""C22:K:1067"",""label"":""int指令"",""resolution"":""direct""},{""source_id"":""1069"",""entity_id"":""C22:K:1069"",""label"":""格式：int n"",""resolution"":""direct""},{""source_id"":""1073"",""entity_id"":""C22:K:1073"",""label"":""n为中断类型码"",""resolution"":""direct""},{""source_id"":""780"",""entity_id"":""C22:K:780"",""label"":""13.端口"",""resolution"":""direct""},{""source_id"":""1101"",""entity_id"":""C22:K:1101"",""label"":""基本概念"",""resolution"":""direct""},{""source_id"":""1103"",""entity_id"":""C22:K:1103"",""label"":""与CPU通过总线相连的芯片"",""resolution"":""direct""},{""source_id"":""1107"",""entity_id"":""C22:K:1107"",""label"":""各类存储器"",""resolution"":""direct""},{""source_id"":""1109"",""entity_id"":""C22:K:1109"",""label"":""各种接口卡上的接口芯片"",""resolution"":""direct""},{""source_id"":""1111"",""entity_id"":""C22:K:1111"",""label"":""主板上的接口芯片"",""resolution"":""direct""},{""source_id"":""1113"",""entity_id"":""C22:K:1113"",""label"":""其他芯片"",""resolution"":""direct""},{""source_id"":""1105"",""entity_id"":""C22:K:1105"",""label"":""这些芯片上都有一组可以由CPU读写的寄存器，称为端口"",""resolution"":""direct""},{""source_id"":""845"",""entity_id"":""C22:K:845"",""label"":""端口的读写"",""resolution"":""direct""},{""source_id"":""1075"",""entity_id"":""C22:K:1075"",""label"":""CPU通过端口地址来定位端口"",""resolution"":""direct""},{""source_id"":""1081"",""entity_id"":""C22:K:1081"",""label"":""每一个端口在地址空间都有一个地址"",""resolution"":""direct""},{""source_id"":""1077"",""entity_id"":""C22:K:1077"",""label"":""CPU对端口的访问过程"",""resolution"":""direct""},{""source_id"":""1083"",""entity_id"":""C22:K:1083"",""label"":""CPU通过地址总线将端口地址信息发出"",""resolution"":""direct""},{""source_id"":""1085"",""entity_id"":""C22:K:1085"",""label"":""cpu通过控制总线发出端口读/写命令，选中端口所在的芯片，并通知它要从中读/写数据"",""resolution"":""direct""},{""source_id"":""1087"",""entity_id"":""C22:K:1087"",""label"":""端口所在芯片通过数据线将数据送入CPU"",""resolution"":""direct""},{""source_id"":""847"",""entity_id"":""C22:K:847"",""label"":""shl和shr"",""resolution"":""direct""},{""source_id"":""1089"",""entity_id"":""C22:K:1089"",""label"":""shl是逻辑左移指令"",""resolution"":""direct""},{""source_id"":""1095"",""entity_id"":""C22:K:1095"",""label"":""将一个寄存器或内存单元中的数据向左移动"",""resolution"":""direct""},{""source_id"":""1097"",""entity_id"":""C22:K:1097"",""label"":""将移出的一位写入CF"",""resolution"":""direct""},{""source_id"":""1099"",""entity_id"":""C22:K:1099"",""label"":""最低位用0补充"",""resolution"":""direct""},{""source_id"":""1091"",""entity_id"":""C22:K:1091"",""label"":""shr是逻辑右移指令"",""resolution"":""direct""},{""source_id"":""782"",""entity_id"":""C22:K:782"",""label"":""14.外中断"",""resolution"":""direct""},{""source_id"":""855"",""entity_id"":""C22:K:855"",""label"":""由CPU外部器件引起的中断称为外中断"",""resolution"":""direct""},{""source_id"":""857"",""entity_id"":""C22:K:857"",""label"":""外中断信息"",""resolution"":""direct""},{""source_id"":""1119"",""entity_id"":""C22:K:1119"",""label"":""可屏蔽中断"",""resolution"":""direct""},{""source_id"":""1123"",""entity_id"":""C22:K:1123"",""label"":""IF=1，CPU响应中断"",""resolution"":""direct""},{""source_id"":""1127"",""entity_id"":""C22:K:1127"",""label"":""sti，设置IF=1"",""resolution"":""direct""},{""source_id"":""1125"",""entity_id"":""C22:K:1125"",""label"":""IF=0，CPU不响应中断"",""resolution"":""direct""},{""source_id"":""1129"",""entity_id"":""C22:K:1129"",""label"":""cli，设置IF=0"",""resolution"":""direct""},{""source_id"":""1121"",""entity_id"":""C22:K:1121"",""label"":""不可屏蔽中断"",""resolution"":""direct""},{""source_id"":""1131"",""entity_id"":""C22:K:1131"",""label"":""中断类型码固定为2"",""resolution"":""direct""},{""source_id"":""1133"",""entity_id"":""C22:K:1133"",""label"":""不需要取中断码"",""resolution"":""direct""},{""source_id"":""859"",""entity_id"":""C22:K:859"",""label"":""键盘输入的处理过程"",""resolution"":""direct""},{""source_id"":""1135"",""entity_id"":""C22:K:1135"",""label"":""键盘输入：按下和松开一个键时，都会产生一个扫描码，前者称为通码，后者称为断码，说明了按下和松开的键在键盘上的位置"",""resolution"":""direct""},{""source_id"":""1137"",""entity_id"":""C22:K:1137"",""label"":""引发9号中断"",""resolution"":""direct""},{""source_id"":""1139"",""entity_id"":""C22:K:1139"",""label"":""执行int 9中断例程"",""resolution"":""direct""},{""source_id"":""1194"",""entity_id"":""C22:SUM:1194"",""label"":""外中断"",""resolution"":""direct""},{""source_id"":""1277"",""entity_id"":""C22:K:1277"",""label"":""TF：机器进入单步工作方式，每条机器指令执行后，显示结果及寄存器状态，若TF=0，则机器处在连续工作方式。此标志为调试机器或调试程序发现故障而设置。"",""resolution"":""direct""},{""source_id"":""1043"",""entity_id"":""C22:K:1043"",""label"":""中断返回"",""resolution"":""direct""},{""source_id"":""1045"",""entity_id"":""C22:K:1045"",""label"":""iret指令"",""resolution"":""direct""},{""source_id"":""1047"",""entity_id"":""C22:K:1047"",""label"":""pop IP；pop CS；popf"",""resolution"":""direct""}]",[],[]
C22:SUM:1194,C22,汇编语言,1194,外中断,1193,"[""780"",""1101"",""1103"",""1107"",""1109"",""1111"",""1113"",""1105"",""845"",""1075"",""1081"",""1077"",""1083"",""1085"",""1087"",""847"",""1089"",""1095"",""1097"",""1099"",""1091"",""782"",""855"",""857"",""1119"",""1123"",""1127"",""1125"",""1129"",""1121"",""1131"",""1133"",""859"",""1135"",""1137"",""1139""]","[""C22:K:780"",""C22:K:1101"",""C22:K:1103"",""C22:K:1107"",""C22:K:1109"",""C22:K:1111"",""C22:K:1113"",""C22:K:1105"",""C22:K:845"",""C22:K:1075"",""C22:K:1081"",""C22:K:1077"",""C22:K:1083"",""C22:K:1085"",""C22:K:1087"",""C22:K:847"",""C22:K:1089"",""C22:K:1095"",""C22:K:1097"",""C22:K:1099"",""C22:K:1091"",""C22:K:782"",""C22:K:855"",""C22:K:857"",""C22:K:1119"",""C22:K:1123"",""C22:K:1127"",""C22:K:1125"",""C22:K:1129"",""C22:K:1121"",""C22:K:1131"",""C22:K:1133"",""C22:K:859"",""C22:K:1135"",""C22:K:1137"",""C22:K:1139""]","[""13.端口"",""基本概念"",""与CPU通过总线相连的芯片"",""各类存储器"",""各种接口卡上的接口芯片"",""主板上的接口芯片"",""其他芯片"",""这些芯片上都有一组可以由CPU读写的寄存器，称为端口"",""端口的读写"",""CPU通过端口地址来定位端口"",""每一个端口在地址空间都有一个地址"",""CPU对端口的访问过程"",""CPU通过地址总线将端口地址信息发出"",""cpu通过控制总线发出端口读/写命令，选中端口所在的芯片，并通知它要从中读/写数据"",""端口所在芯片通过数据线将数据送入CPU"",""shl和shr"",""shl是逻辑左移指令"",""将一个寄存器或内存单元中的数据向左移动"",""将移出的一位写入CF"",""最低位用0补充"",""shr是逻辑右移指令"",""14.外中断"",""由CPU外部器件引起的中断称为外中断"",""外中断信息"",""可屏蔽中断"",""IF=1，CPU响应中断"",""sti，设置IF=1"",""IF=0，CPU不响应中断"",""cli，设置IF=0"",""不可屏蔽中断"",""中断类型码固定为2"",""不需要取中断码"",""键盘输入的处理过程"",""键盘输入：按下和松开一个键时，都会产生一个扫描码，前者称为通码，后者称为断码，说明了按下和松开的键在键盘上的位置"",""引发9号中断"",""执行int 9中断例程""]","[{""source_id"":""780"",""entity_id"":""C22:K:780"",""label"":""13.端口"",""resolution"":""direct""},{""source_id"":""1101"",""entity_id"":""C22:K:1101"",""label"":""基本概念"",""resolution"":""direct""},{""source_id"":""1103"",""entity_id"":""C22:K:1103"",""label"":""与CPU通过总线相连的芯片"",""resolution"":""direct""},{""source_id"":""1107"",""entity_id"":""C22:K:1107"",""label"":""各类存储器"",""resolution"":""direct""},{""source_id"":""1109"",""entity_id"":""C22:K:1109"",""label"":""各种接口卡上的接口芯片"",""resolution"":""direct""},{""source_id"":""1111"",""entity_id"":""C22:K:1111"",""label"":""主板上的接口芯片"",""resolution"":""direct""},{""source_id"":""1113"",""entity_id"":""C22:K:1113"",""label"":""其他芯片"",""resolution"":""direct""},{""source_id"":""1105"",""entity_id"":""C22:K:1105"",""label"":""这些芯片上都有一组可以由CPU读写的寄存器，称为端口"",""resolution"":""direct""},{""source_id"":""845"",""entity_id"":""C22:K:845"",""label"":""端口的读写"",""resolution"":""direct""},{""source_id"":""1075"",""entity_id"":""C22:K:1075"",""label"":""CPU通过端口地址来定位端口"",""resolution"":""direct""},{""source_id"":""1081"",""entity_id"":""C22:K:1081"",""label"":""每一个端口在地址空间都有一个地址"",""resolution"":""direct""},{""source_id"":""1077"",""entity_id"":""C22:K:1077"",""label"":""CPU对端口的访问过程"",""resolution"":""direct""},{""source_id"":""1083"",""entity_id"":""C22:K:1083"",""label"":""CPU通过地址总线将端口地址信息发出"",""resolution"":""direct""},{""source_id"":""1085"",""entity_id"":""C22:K:1085"",""label"":""cpu通过控制总线发出端口读/写命令，选中端口所在的芯片，并通知它要从中读/写数据"",""resolution"":""direct""},{""source_id"":""1087"",""entity_id"":""C22:K:1087"",""label"":""端口所在芯片通过数据线将数据送入CPU"",""resolution"":""direct""},{""source_id"":""847"",""entity_id"":""C22:K:847"",""label"":""shl和shr"",""resolution"":""direct""},{""source_id"":""1089"",""entity_id"":""C22:K:1089"",""label"":""shl是逻辑左移指令"",""resolution"":""direct""},{""source_id"":""1095"",""entity_id"":""C22:K:1095"",""label"":""将一个寄存器或内存单元中的数据向左移动"",""resolution"":""direct""},{""source_id"":""1097"",""entity_id"":""C22:K:1097"",""label"":""将移出的一位写入CF"",""resolution"":""direct""},{""source_id"":""1099"",""entity_id"":""C22:K:1099"",""label"":""最低位用0补充"",""resolution"":""direct""},{""source_id"":""1091"",""entity_id"":""C22:K:1091"",""label"":""shr是逻辑右移指令"",""resolution"":""direct""},{""source_id"":""782"",""entity_id"":""C22:K:782"",""label"":""14.外中断"",""resolution"":""direct""},{""source_id"":""855"",""entity_id"":""C22:K:855"",""label"":""由CPU外部器件引起的中断称为外中断"",""resolution"":""direct""},{""source_id"":""857"",""entity_id"":""C22:K:857"",""label"":""外中断信息"",""resolution"":""direct""},{""source_id"":""1119"",""entity_id"":""C22:K:1119"",""label"":""可屏蔽中断"",""resolution"":""direct""},{""source_id"":""1123"",""entity_id"":""C22:K:1123"",""label"":""IF=1，CPU响应中断"",""resolution"":""direct""},{""source_id"":""1127"",""entity_id"":""C22:K:1127"",""label"":""sti，设置IF=1"",""resolution"":""direct""},{""source_id"":""1125"",""entity_id"":""C22:K:1125"",""label"":""IF=0，CPU不响应中断"",""resolution"":""direct""},{""source_id"":""1129"",""entity_id"":""C22:K:1129"",""label"":""cli，设置IF=0"",""resolution"":""direct""},{""source_id"":""1121"",""entity_id"":""C22:K:1121"",""label"":""不可屏蔽中断"",""resolution"":""direct""},{""source_id"":""1131"",""entity_id"":""C22:K:1131"",""label"":""中断类型码固定为2"",""resolution"":""direct""},{""source_id"":""1133"",""entity_id"":""C22:K:1133"",""label"":""不需要取中断码"",""resolution"":""direct""},{""source_id"":""859"",""entity_id"":""C22:K:859"",""label"":""键盘输入的处理过程"",""resolution"":""direct""},{""source_id"":""1135"",""entity_id"":""C22:K:1135"",""label"":""键盘输入：按下和松开一个键时，都会产生一个扫描码，前者称为通码，后者称为断码，说明了按下和松开的键在键盘上的位置"",""resolution"":""direct""},{""source_id"":""1137"",""entity_id"":""C22:K:1137"",""label"":""引发9号中断"",""resolution"":""direct""},{""source_id"":""1139"",""entity_id"":""C22:K:1139"",""label"":""执行int 9中断例程"",""resolution"":""direct""}]",[],[]
C22:SUM:1317,C22,汇编语言,1317,寄存器简单介绍了寄存器的概念，在cpu工作过程中有什么作作用,1316,"[""104"",""204"",""212"",""228"",""1280"",""206"",""214"",""218"",""224"",""220"",""226"",""216"",""210"",""238"",""240"",""244"",""246"",""248"",""250"",""252"",""254"",""1200"",""1202"",""1204"",""1214"",""1216"",""1218"",""1220"",""1256"",""276"",""278"",""208"",""230"",""234"",""232"",""236"",""258"",""260"",""262"",""106"",""1223"",""266"",""272"",""1225"",""1227"",""1244"",""280"",""282"",""286"",""1248"",""1250"",""1286"",""300"",""302"",""304"",""1172"",""306"",""334"",""337"",""310"",""312"",""316"",""318"",""314"",""320"",""322"",""324"",""328"",""330"",""332"",""1318"",""1320"",""1322"",""1324"",""1326""]","[""C22:K:104"",""C22:K:204"",""C22:K:212"",""C22:K:228"",""C22:K:1280"",""C22:K:206"",""C22:K:214"",""C22:K:218"",""C22:K:224"",""C22:K:220"",""C22:K:226"",""C22:K:216"",""C22:K:210"",""C22:K:238"",""C22:K:240"",""C22:K:244"",""C22:K:246"",""C22:K:248"",""C22:K:250"",""C22:K:252"",""C22:K:254"",""C22:K:1200"",""C22:K:1202"",""C22:K:1204"",""C22:K:1214"",""C22:K:1216"",""C22:K:1218"",""C22:K:1220"",""C22:K:1256"",""C22:K:276"",""C22:K:278"",""C22:K:208"",""C22:K:230"",""C22:K:234"",""C22:K:232"",""C22:K:236"",""C22:K:258"",""C22:K:260"",""C22:K:262"",""C22:K:106"",""C22:K:1223"",""C22:K:266"",""C22:K:272"",""C22:K:1225"",""C22:K:1227"",""C22:K:1244"",""C22:K:280"",""C22:K:282"",""C22:K:286"",""C22:K:1248"",""C22:K:1250"",""C22:K:300"",""C22:K:302"",""C22:K:304"",""C22:K:1172"",""C22:K:306"",""C22:K:334"",""C22:K:337"",""C22:K:310"",""C22:K:312"",""C22:K:316"",""C22:K:318"",""C22:K:314"",""C22:K:320"",""C22:K:322"",""C22:K:324"",""C22:K:328"",""C22:K:330"",""C22:K:332"",""C22:K:1318"",""C22:K:1320"",""C22:K:1322"",""C22:K:1324"",""C22:K:1326""]","[""2.寄存器主要介绍了cpu的逻辑结构、形成物理地址的方法以及相关的寄存器"",""通用寄存器"",""用于存放一般性数据的寄存器称为通用寄存器"",""一个16位寄存器可以分为两个8位寄存器"",""包括AX、BX、CX、DX"",""字在寄存器中的存储"",""易混概念"",""字节"",""记为byte，一个字节有8个bit组成，可以存在8位寄存器中"",""字"",""记为Word，一个字（8086CPU）由两个字节组成，分别称为高位字节和低位字节"",""一个字可以存在一个16位寄存器中，这个字的高位字节和低位字节自然就存在寄存器的高8位和低8位"",""物理地址地址转换"",""每一个内存单元都有一个唯一的物理地址，CPU通过地址总线将物理地址送人存储器"",""eg：8086CPU读写内存的过程"",""CPU中的相关部件提供两个16位的地址，一个是段地址，另一个是偏移地址"",""段地址和偏移地址通过内部总线送入到地址加法器"",""地址加法器将两个地址合并为一个20位的物理地址"",""地址加法器通过内部总线将其送到输入输出电路"",""输入输出电路将物理地址送上地址总线"",""20位物理地址被地址总线送到存储器"",""段"",""内存并没有分段，段的划分来自于CPU，由于8086CPU以“段地址✖16+偏移地址”给出内存单元的物理地址，使我们可以用分段的方式来管理内存"",""段寄存器"",""CS"",""DS"",""ES"",""SS"",""代码段"",""CS：代码段寄存器"",""IP：指令指针寄存器"",""常用命令"",""mov ax，bx"",""将bx中的值放到ax中，bx不变"",""add ax，bx"",""将ax，bx相加后的结果放到ax中"",""jump 段地址：偏移量"",""功能：修改CS和IP两个寄存器中的值"",""应用场景：要让CPU执行代码段中的指令时，要将CS：IP指向代码段的首地址"",""3.内存访问介绍了寄存器与内存之间是如何进行数据交换的"",""字"",""字的存储"",""由于内存单元是字节单元，则一个字要用两个地址连续的内存单元来存放，我们成这两个存放一个字的内存单元为一个字单元"",""字的传送"",""使用mov指令进行传送，有多少条数据线就能一次传送多少位数据"",""内存单元地址在计算机中的表示"",""DS"",""DS通常用来存放数据段的段地址"",""8086CPU不支持直接将数据送入DS中，因此要将地址先存入bx，再使用mov ds，bx将数据送入ds中"",""[address]"",""[...]表示一个内存单元，address表示偏移地址"",""数据段"",""在8086pc机中，可以将一组长度为N（<64KB），地址连续，起始地址为16倍数的内存单元当做专门存放数据的内存空间，从而定义了一个数据段"",""栈栈是逻辑上规定的，这里的栈是从cpu和寄存器的角度出发是如何实现的"",""定义"",""栈是一种具有特殊的访问方式 的存储空间（LIFO）"",""栈段"",""在8086pc机中，可以将一组长度为N（<64KB），地址连续，起始地址为16倍数的内存单元当作栈空间使用，从而定义了一个栈段"",""cpu提供的栈机制"",""指令"",""PUSH：进栈"",""POP：出栈"",""8086的进栈和出栈操作都是以字为单位的"",""寄存器"",""SS：存放栈的段地址"",""SP：存放偏移地址"",""栈顶超界"",""当栈顶超界时，多出的数据会将其他内存单元原本的数据覆盖，会引发一连串错误"",""编程时要自己操心栈顶超界的问题"",""cpu的逻辑结构"",""运算器进行数据处理"",""寄存器进行数据存储"",""控制器控制各种器件进行工作"",""内部总线连接各种器件，在它们之间进行数据的传送""]","[{""source_id"":""104"",""entity_id"":""C22:K:104"",""label"":""2.寄存器主要介绍了cpu的逻辑结构、形成物理地址的方法以及相关的寄存器"",""resolution"":""direct""},{""source_id"":""204"",""entity_id"":""C22:K:204"",""label"":""通用寄存器"",""resolution"":""direct""},{""source_id"":""212"",""entity_id"":""C22:K:212"",""label"":""用于存放一般性数据的寄存器称为通用寄存器"",""resolution"":""direct""},{""source_id"":""228"",""entity_id"":""C22:K:228"",""label"":""一个16位寄存器可以分为两个8位寄存器"",""resolution"":""direct""},{""source_id"":""1280"",""entity_id"":""C22:K:1280"",""label"":""包括AX、BX、CX、DX"",""resolution"":""direct""},{""source_id"":""206"",""entity_id"":""C22:K:206"",""label"":""字在寄存器中的存储"",""resolution"":""direct""},{""source_id"":""214"",""entity_id"":""C22:K:214"",""label"":""易混概念"",""resolution"":""direct""},{""source_id"":""218"",""entity_id"":""C22:K:218"",""label"":""字节"",""resolution"":""direct""},{""source_id"":""224"",""entity_id"":""C22:K:224"",""label"":""记为byte，一个字节有8个bit组成，可以存在8位寄存器中"",""resolution"":""direct""},{""source_id"":""220"",""entity_id"":""C22:K:220"",""label"":""字"",""resolution"":""direct""},{""source_id"":""226"",""entity_id"":""C22:K:226"",""label"":""记为Word，一个字（8086CPU）由两个字节组成，分别称为高位字节和低位字节"",""resolution"":""direct""},{""source_id"":""216"",""entity_id"":""C22:K:216"",""label"":""一个字可以存在一个16位寄存器中，这个字的高位字节和低位字节自然就存在寄存器的高8位和低8位"",""resolution"":""direct""},{""source_id"":""210"",""entity_id"":""C22:K:210"",""label"":""物理地址地址转换"",""resolution"":""direct""},{""source_id"":""238"",""entity_id"":""C22:K:238"",""label"":""每一个内存单元都有一个唯一的物理地址，CPU通过地址总线将物理地址送人存储器"",""resolution"":""direct""},{""source_id"":""240"",""entity_id"":""C22:K:240"",""label"":""eg：8086CPU读写内存的过程"",""resolution"":""direct""},{""source_id"":""244"",""entity_id"":""C22:K:244"",""label"":""CPU中的相关部件提供两个16位的地址，一个是段地址，另一个是偏移地址"",""resolution"":""direct""},{""source_id"":""246"",""entity_id"":""C22:K:246"",""label"":""段地址和偏移地址通过内部总线送入到地址加法器"",""resolution"":""direct""},{""source_id"":""248"",""entity_id"":""C22:K:248"",""label"":""地址加法器将两个地址合并为一个20位的物理地址"",""resolution"":""direct""},{""source_id"":""250"",""entity_id"":""C22:K:250"",""label"":""地址加法器通过内部总线将其送到输入输出电路"",""resolution"":""direct""},{""source_id"":""252"",""entity_id"":""C22:K:252"",""label"":""输入输出电路将物理地址送上地址总线"",""resolution"":""direct""},{""source_id"":""254"",""entity_id"":""C22:K:254"",""label"":""20位物理地址被地址总线送到存储器"",""resolution"":""direct""},{""source_id"":""1200"",""entity_id"":""C22:K:1200"",""label"":""段"",""resolution"":""direct""},{""source_id"":""1202"",""entity_id"":""C22:K:1202"",""label"":""内存并没有分段，段的划分来自于CPU，由于8086CPU以“段地址✖16+偏移地址”给出内存单元的物理地址，使我们可以用分段的方式来管理内存"",""resolution"":""direct""},{""source_id"":""1204"",""entity_id"":""C22:K:1204"",""label"":""段寄存器"",""resolution"":""direct""},{""source_id"":""1214"",""entity_id"":""C22:K:1214"",""label"":""CS"",""resolution"":""direct""},{""source_id"":""1216"",""entity_id"":""C22:K:1216"",""label"":""DS"",""resolution"":""direct""},{""source_id"":""1218"",""entity_id"":""C22:K:1218"",""label"":""ES"",""resolution"":""direct""},{""source_id"":""1220"",""entity_id"":""C22:K:1220"",""label"":""SS"",""resolution"":""direct""},{""source_id"":""1256"",""entity_id"":""C22:K:1256"",""label"":""代码段"",""resolution"":""direct""},{""source_id"":""276"",""entity_id"":""C22:K:276"",""label"":""CS：代码段寄存器"",""resolution"":""direct""},{""source_id"":""278"",""entity_id"":""C22:K:278"",""label"":""IP：指令指针寄存器"",""resolution"":""direct""},{""source_id"":""208"",""entity_id"":""C22:K:208"",""label"":""常用命令"",""resolution"":""direct""},{""source_id"":""230"",""entity_id"":""C22:K:230"",""label"":""mov ax，bx"",""resolution"":""direct""},{""source_id"":""234"",""entity_id"":""C22:K:234"",""label"":""将bx中的值放到ax中，bx不变"",""resolution"":""direct""},{""source_id"":""232"",""entity_id"":""C22:K:232"",""label"":""add ax，bx"",""resolution"":""direct""},{""source_id"":""236"",""entity_id"":""C22:K:236"",""label"":""将ax，bx相加后的结果放到ax中"",""resolution"":""direct""},{""source_id"":""258"",""entity_id"":""C22:K:258"",""label"":""jump 段地址：偏移量"",""resolution"":""direct""},{""source_id"":""260"",""entity_id"":""C22:K:260"",""label"":""功能：修改CS和IP两个寄存器中的值"",""resolution"":""direct""},{""source_id"":""262"",""entity_id"":""C22:K:262"",""label"":""应用场景：要让CPU执行代码段中的指令时，要将CS：IP指向代码段的首地址"",""resolution"":""direct""},{""source_id"":""106"",""entity_id"":""C22:K:106"",""label"":""3.内存访问介绍了寄存器与内存之间是如何进行数据交换的"",""resolution"":""direct""},{""source_id"":""1223"",""entity_id"":""C22:K:1223"",""label"":""字"",""resolution"":""direct""},{""source_id"":""266"",""entity_id"":""C22:K:266"",""label"":""字的存储"",""resolution"":""direct""},{""source_id"":""272"",""entity_id"":""C22:K:272"",""label"":""由于内存单元是字节单元，则一个字要用两个地址连续的内存单元来存放，我们成这两个存放一个字的内存单元为一个字单元"",""resolution"":""direct""},{""source_id"":""1225"",""entity_id"":""C22:K:1225"",""label"":""字的传送"",""resolution"":""direct""},{""source_id"":""1227"",""entity_id"":""C22:K:1227"",""label"":""使用mov指令进行传送，有多少条数据线就能一次传送多少位数据"",""resolution"":""direct""},{""source_id"":""1244"",""entity_id"":""C22:K:1244"",""label"":""内存单元地址在计算机中的表示"",""resolution"":""direct""},{""source_id"":""280"",""entity_id"":""C22:K:280"",""label"":""DS"",""resolution"":""direct""},{""source_id"":""282"",""entity_id"":""C22:K:282"",""label"":""DS通常用来存放数据段的段地址"",""resolution"":""direct""},{""source_id"":""286"",""entity_id"":""C22:K:286"",""label"":""8086CPU不支持直接将数据送入DS中，因此要将地址先存入bx，再使用mov ds，bx将数据送入ds中"",""resolution"":""direct""},{""source_id"":""1248"",""entity_id"":""C22:K:1248"",""label"":""[address]"",""resolution"":""direct""},{""source_id"":""1250"",""entity_id"":""C22:K:1250"",""label"":""[...]表示一个内存单元，address表示偏移地址"",""resolution"":""direct""},{""source_id"":""1286"",""entity_id"":""C22:K:1244"",""label"":""内存单元地址在计算机中的表示"",""resolution"":""nearest_ancestor""},{""source_id"":""300"",""entity_id"":""C22:K:300"",""label"":""数据段"",""resolution"":""direct""},{""source_id"":""302"",""entity_id"":""C22:K:302"",""label"":""在8086pc机中，可以将一组长度为N（<64KB），地址连续，起始地址为16倍数的内存单元当做专门存放数据的内存空间，从而定义了一个数据段"",""resolution"":""direct""},{""source_id"":""304"",""entity_id"":""C22:K:304"",""label"":""栈栈是逻辑上规定的，这里的栈是从cpu和寄存器的角度出发是如何实现的"",""resolution"":""direct""},{""source_id"":""1172"",""entity_id"":""C22:K:1172"",""label"":""定义"",""resolution"":""direct""},{""source_id"":""306"",""entity_id"":""C22:K:306"",""label"":""栈是一种具有特殊的访问方式 的存储空间（LIFO）"",""resolution"":""direct""},{""source_id"":""334"",""entity_id"":""C22:K:334"",""label"":""栈段"",""resolution"":""direct""},{""source_id"":""337"",""entity_id"":""C22:K:337"",""label"":""在8086pc机中，可以将一组长度为N（<64KB），地址连续，起始地址为16倍数的内存单元当作栈空间使用，从而定义了一个栈段"",""resolution"":""direct""},{""source_id"":""310"",""entity_id"":""C22:K:310"",""label"":""cpu提供的栈机制"",""resolution"":""direct""},{""source_id"":""312"",""entity_id"":""C22:K:312"",""label"":""指令"",""resolution"":""direct""},{""source_id"":""316"",""entity_id"":""C22:K:316"",""label"":""PUSH：进栈"",""resolution"":""direct""},{""source_id"":""318"",""entity_id"":""C22:K:318"",""label"":""POP：出栈"",""resolution"":""direct""},{""source_id"":""314"",""entity_id"":""C22:K:314"",""label"":""8086的进栈和出栈操作都是以字为单位的"",""resolution"":""direct""},{""source_id"":""320"",""entity_id"":""C22:K:320"",""label"":""寄存器"",""resolution"":""direct""},{""source_id"":""322"",""entity_id"":""C22:K:322"",""label"":""SS：存放栈的段地址"",""resolution"":""direct""},{""source_id"":""324"",""entity_id"":""C22:K:324"",""label"":""SP：存放偏移地址"",""resolution"":""direct""},{""source_id"":""328"",""entity_id"":""C22:K:328"",""label"":""栈顶超界"",""resolution"":""direct""},{""source_id"":""330"",""entity_id"":""C22:K:330"",""label"":""当栈顶超界时，多出的数据会将其他内存单元原本的数据覆盖，会引发一连串错误"",""resolution"":""direct""},{""source_id"":""332"",""entity_id"":""C22:K:332"",""label"":""编程时要自己操心栈顶超界的问题"",""resolution"":""direct""},{""source_id"":""1318"",""entity_id"":""C22:K:1318"",""label"":""cpu的逻辑结构"",""resolution"":""direct""},{""source_id"":""1320"",""entity_id"":""C22:K:1320"",""label"":""运算器进行数据处理"",""resolution"":""direct""},{""source_id"":""1322"",""entity_id"":""C22:K:1322"",""label"":""寄存器进行数据存储"",""resolution"":""direct""},{""source_id"":""1324"",""entity_id"":""C22:K:1324"",""label"":""控制器控制各种器件进行工作"",""resolution"":""direct""},{""source_id"":""1326"",""entity_id"":""C22:K:1326"",""label"":""内部总线连接各种器件，在它们之间进行数据的传送"",""resolution"":""direct""}]",[],[]
C24:SUM:1317,C24,模拟电子技术,1317,直流通路是解决静态工作点的问题，交流通路是研究动态参数的问题,1316,"[""1314"",""1312""]","[""C24:K:1314"",""C24:K:1312""]","[""交流通路是输入信号作用下交流信号流经的通路"",""直流通路是在直流电源作用下直流电流流经的通路""]","[{""source_id"":""1314"",""entity_id"":""C24:K:1314"",""label"":""交流通路是输入信号作用下交流信号流经的通路"",""resolution"":""direct""},{""source_id"":""1312"",""entity_id"":""C24:K:1312"",""label"":""直流通路是在直流电源作用下直流电流流经的通路"",""resolution"":""direct""}]",[],[]
C24:SUM:1377,C24,模拟电子技术,1377,放大电路的特性分析,1376,"[""1324"",""1346"",""1326"",""1332"",""1330"",""1336"",""1342"",""1338"",""1340"",""1334"",""1344"",""1348"",""1352"",""1358"",""1354"",""1372"",""1350"",""1374"",""110"",""701"",""713"",""728"",""715"",""717"",""720"",""722"",""724"",""726"",""730"",""732"",""738"",""734"",""740"",""736"",""742"",""703"",""744"",""750"",""752"",""754"",""756"",""758"",""760"",""766"",""762"",""768"",""770"",""772"",""774"",""786"",""790"",""792"",""788"",""794"",""796"",""776"",""778"",""1378"",""1380"",""1384"",""1390"",""1392"",""1394"",""1512"",""1396"",""1420"",""1514"",""1422"",""1516""]","[""C24:K:1324"",""C24:K:1346"",""C24:K:1326"",""C24:K:1332"",""C24:K:1330"",""C24:K:1336"",""C24:K:1342"",""C24:K:1338"",""C24:K:1340"",""C24:K:1334"",""C24:K:1344"",""C24:K:1348"",""C24:K:1352"",""C24:K:1358"",""C24:K:1354"",""C24:K:1372"",""C24:K:1350"",""C24:K:1374"",""C24:K:110"",""C24:K:701"",""C24:K:713"",""C24:K:728"",""C24:K:715"",""C24:K:717"",""C24:K:720"",""C24:K:722"",""C24:K:724"",""C24:K:726"",""C24:K:730"",""C24:K:732"",""C24:K:738"",""C24:K:734"",""C24:K:740"",""C24:K:736"",""C24:K:742"",""C24:K:703"",""C24:K:744"",""C24:K:750"",""C24:K:752"",""C24:K:754"",""C24:K:756"",""C24:K:758"",""C24:K:760"",""C24:K:766"",""C24:K:762"",""C24:K:768"",""C24:K:770"",""C24:K:772"",""C24:K:774"",""C24:K:786"",""C24:K:790"",""C24:K:792"",""C24:K:788"",""C24:K:794"",""C24:K:796"",""C24:K:776"",""C24:K:778"",""C24:K:1378"",""C24:K:1380"",""C24:K:1384"",""C24:K:1390"",""C24:K:1392"",""C24:K:1394"",""C24:K:1512"",""C24:K:1396"",""C24:K:1420"",""C24:K:1514"",""C24:K:1422"",""C24:K:1516""]","[""4.放大电路的频率响应"",""基本概念"",""频率响应"",""在放大电路中，由于电抗元件及半导体管极间电容的存在，当输入信号的频率过高或过低时，不但放大倍数的数值会减小，而且还将产生超前或滞后的相移，说明放大倍数是信号频率的函数，这种函数关系成为频率响应或频率特性"",""两种电路"",""高通电路"",""频率越低，衰减越大，相移越大"",""低通电路"",""频率越高，衰减越大，相移越大"",""波特图"",""在研究放大电路的频率响应时，输入信号(即加在放大电路输入端的测试信号)的频率范围常常设置在几赫到上百兆赫，甚至更宽；而放大电路的放大倍数可从几倍到上百万倍；为了在同一坐标系中表示如此宽的变化范围，在画频率特性曲线时常采用对数坐标，称为波特图"",""高频等效模型"",""晶体管"",""混合Π模型"",""场效应管"",""由于场效应管各级之间存在极间电容，因而高频响应与晶体管类似"",""单管放大电路的频率响应"",""多级放大电路的频率响应"",""5.放大电路中的反馈在实用放大电路中，几乎都要引入反馈，以改善放大电路某些方面的性能，比如受温度影响"",""反馈的基本概念"",""在电子电路中，将输出量的一部分或全部通过一定的电路形式作用到输入回路，用来影响其输入量的措施称为反馈"",""分类"",""正反馈与负反馈"",""使基本放大电路净输入量增大的反馈称为正反馈"",""使基本放大电路净输入量减小的反馈称为负反馈"",""直流反馈与交流反馈"",""反馈量只含有直流量，则称为直流反馈"",""反馈中只含有交流量，则称为交流反馈"",""判断"",""有无反馈的判断"",""若放大电路中存在将输入回路与输出回路相连接的通路，并由此影响放大电路的净输入，则表明电路引入了反馈；否则电路中便没有反馈"",""反馈极性的判断"",""若反馈信号使基本放大电路的净输入信号增大，则说明引入了正反馈；反之，则引入了负反馈"",""直流反馈与交流反馈的判断"",""通过反馈存在于放大电路的直流通路中还是交流通路中来判断电路引入的是直流反馈还是交流反馈"",""负反馈放大电路"",""四种基本组态反馈的引入方式主要有四种"",""电压串联负反馈电路"",""电流串联负反馈电路"",""电压并联负反馈电路"",""电流并联负反馈电路"",""判断"",""电压与电流"",""令负反馈放大电路的输出电压为0，若反馈量也随之为0，则说明电路中引入了电压负反馈，若反馈量依然存在，则为电流反馈"",""串联与并联"",""若反馈信号为电压量，与输入电压求差而获得净输入量，则为串联反馈；若反馈信号为电流量，与输入电流求差获得净输入电流，则为并联反馈"",""负反馈对放大电路性能的影响"",""稳定放大倍数"",""改变输入和输出电阻"",""对输入电阻的影响"",""串联负反馈增大输入电阻"",""并联负反馈减小输入电阻"",""对输出电阻的影响"",""电压负反馈减小输出电阻"",""电流负反馈增大输出电阻"",""展宽频带"",""减小非线性失真"",""单管共射放大电路"",""单管共源放大电路"",""多级放大电路的通频带比组成它的单级放大电路窄"",""低频电压放大倍数"",""高频电压放大倍数"",""中频电压放大倍数"",""高频信号作用下的物理模型，用于高频信号作用下的电流分析"",""截止频率因为组成多级放大电路的各级电路有差异，所以用通频带描述"",""下限频率"",""输入信号低于下限频率，放大倍数减小"",""上限频率"",""输入信号频率高于上限频率，放大倍数减小""]","[{""source_id"":""1324"",""entity_id"":""C24:K:1324"",""label"":""4.放大电路的频率响应"",""resolution"":""direct""},{""source_id"":""1346"",""entity_id"":""C24:K:1346"",""label"":""基本概念"",""resolution"":""direct""},{""source_id"":""1326"",""entity_id"":""C24:K:1326"",""label"":""频率响应"",""resolution"":""direct""},{""source_id"":""1332"",""entity_id"":""C24:K:1332"",""label"":""在放大电路中，由于电抗元件及半导体管极间电容的存在，当输入信号的频率过高或过低时，不但放大倍数的数值会减小，而且还将产生超前或滞后的相移，说明放大倍数是信号频率的函数，这种函数关系成为频率响应或频率特性"",""resolution"":""direct""},{""source_id"":""1330"",""entity_id"":""C24:K:1330"",""label"":""两种电路"",""resolution"":""direct""},{""source_id"":""1336"",""entity_id"":""C24:K:1336"",""label"":""高通电路"",""resolution"":""direct""},{""source_id"":""1342"",""entity_id"":""C24:K:1342"",""label"":""频率越低，衰减越大，相移越大"",""resolution"":""direct""},{""source_id"":""1338"",""entity_id"":""C24:K:1338"",""label"":""低通电路"",""resolution"":""direct""},{""source_id"":""1340"",""entity_id"":""C24:K:1340"",""label"":""频率越高，衰减越大，相移越大"",""resolution"":""direct""},{""source_id"":""1334"",""entity_id"":""C24:K:1334"",""label"":""波特图"",""resolution"":""direct""},{""source_id"":""1344"",""entity_id"":""C24:K:1344"",""label"":""在研究放大电路的频率响应时，输入信号(即加在放大电路输入端的测试信号)的频率范围常常设置在几赫到上百兆赫，甚至更宽；而放大电路的放大倍数可从几倍到上百万倍；为了在同一坐标系中表示如此宽的变化范围，在画频率特性曲线时常采用对数坐标，称为波特图"",""resolution"":""direct""},{""source_id"":""1348"",""entity_id"":""C24:K:1348"",""label"":""高频等效模型"",""resolution"":""direct""},{""source_id"":""1352"",""entity_id"":""C24:K:1352"",""label"":""晶体管"",""resolution"":""direct""},{""source_id"":""1358"",""entity_id"":""C24:K:1358"",""label"":""混合Π模型"",""resolution"":""direct""},{""source_id"":""1354"",""entity_id"":""C24:K:1354"",""label"":""场效应管"",""resolution"":""direct""},{""source_id"":""1372"",""entity_id"":""C24:K:1372"",""label"":""由于场效应管各级之间存在极间电容，因而高频响应与晶体管类似"",""resolution"":""direct""},{""source_id"":""1350"",""entity_id"":""C24:K:1350"",""label"":""单管放大电路的频率响应"",""resolution"":""direct""},{""source_id"":""1374"",""entity_id"":""C24:K:1374"",""label"":""多级放大电路的频率响应"",""resolution"":""direct""},{""source_id"":""110"",""entity_id"":""C24:K:110"",""label"":""5.放大电路中的反馈在实用放大电路中，几乎都要引入反馈，以改善放大电路某些方面的性能，比如受温度影响"",""resolution"":""direct""},{""source_id"":""701"",""entity_id"":""C24:K:701"",""label"":""反馈的基本概念"",""resolution"":""direct""},{""source_id"":""713"",""entity_id"":""C24:K:713"",""label"":""在电子电路中，将输出量的一部分或全部通过一定的电路形式作用到输入回路，用来影响其输入量的措施称为反馈"",""resolution"":""direct""},{""source_id"":""728"",""entity_id"":""C24:K:728"",""label"":""分类"",""resolution"":""direct""},{""source_id"":""715"",""entity_id"":""C24:K:715"",""label"":""正反馈与负反馈"",""resolution"":""direct""},{""source_id"":""717"",""entity_id"":""C24:K:717"",""label"":""使基本放大电路净输入量增大的反馈称为正反馈"",""resolution"":""direct""},{""source_id"":""720"",""entity_id"":""C24:K:720"",""label"":""使基本放大电路净输入量减小的反馈称为负反馈"",""resolution"":""direct""},{""source_id"":""722"",""entity_id"":""C24:K:722"",""label"":""直流反馈与交流反馈"",""resolution"":""direct""},{""source_id"":""724"",""entity_id"":""C24:K:724"",""label"":""反馈量只含有直流量，则称为直流反馈"",""resolution"":""direct""},{""source_id"":""726"",""entity_id"":""C24:K:726"",""label"":""反馈中只含有交流量，则称为交流反馈"",""resolution"":""direct""},{""source_id"":""730"",""entity_id"":""C24:K:730"",""label"":""判断"",""resolution"":""direct""},{""source_id"":""732"",""entity_id"":""C24:K:732"",""label"":""有无反馈的判断"",""resolution"":""direct""},{""source_id"":""738"",""entity_id"":""C24:K:738"",""label"":""若放大电路中存在将输入回路与输出回路相连接的通路，并由此影响放大电路的净输入，则表明电路引入了反馈；否则电路中便没有反馈"",""resolution"":""direct""},{""source_id"":""734"",""entity_id"":""C24:K:734"",""label"":""反馈极性的判断"",""resolution"":""direct""},{""source_id"":""740"",""entity_id"":""C24:K:740"",""label"":""若反馈信号使基本放大电路的净输入信号增大，则说明引入了正反馈；反之，则引入了负反馈"",""resolution"":""direct""},{""source_id"":""736"",""entity_id"":""C24:K:736"",""label"":""直流反馈与交流反馈的判断"",""resolution"":""direct""},{""source_id"":""742"",""entity_id"":""C24:K:742"",""label"":""通过反馈存在于放大电路的直流通路中还是交流通路中来判断电路引入的是直流反馈还是交流反馈"",""resolution"":""direct""},{""source_id"":""703"",""entity_id"":""C24:K:703"",""label"":""负反馈放大电路"",""resolution"":""direct""},{""source_id"":""744"",""entity_id"":""C24:K:744"",""label"":""四种基本组态反馈的引入方式主要有四种"",""resolution"":""direct""},{""source_id"":""750"",""entity_id"":""C24:K:750"",""label"":""电压串联负反馈电路"",""resolution"":""direct""},{""source_id"":""752"",""entity_id"":""C24:K:752"",""label"":""电流串联负反馈电路"",""resolution"":""direct""},{""source_id"":""754"",""entity_id"":""C24:K:754"",""label"":""电压并联负反馈电路"",""resolution"":""direct""},{""source_id"":""756"",""entity_id"":""C24:K:756"",""label"":""电流并联负反馈电路"",""resolution"":""direct""},{""source_id"":""758"",""entity_id"":""C24:K:758"",""label"":""判断"",""resolution"":""direct""},{""source_id"":""760"",""entity_id"":""C24:K:760"",""label"":""电压与电流"",""resolution"":""direct""},{""source_id"":""766"",""entity_id"":""C24:K:766"",""label"":""令负反馈放大电路的输出电压为0，若反馈量也随之为0，则说明电路中引入了电压负反馈，若反馈量依然存在，则为电流反馈"",""resolution"":""direct""},{""source_id"":""762"",""entity_id"":""C24:K:762"",""label"":""串联与并联"",""resolution"":""direct""},{""source_id"":""768"",""entity_id"":""C24:K:768"",""label"":""若反馈信号为电压量，与输入电压求差而获得净输入量，则为串联反馈；若反馈信号为电流量，与输入电流求差获得净输入电流，则为并联反馈"",""resolution"":""direct""},{""source_id"":""770"",""entity_id"":""C24:K:770"",""label"":""负反馈对放大电路性能的影响"",""resolution"":""direct""},{""source_id"":""772"",""entity_id"":""C24:K:772"",""label"":""稳定放大倍数"",""resolution"":""direct""},{""source_id"":""774"",""entity_id"":""C24:K:774"",""label"":""改变输入和输出电阻"",""resolution"":""direct""},{""source_id"":""786"",""entity_id"":""C24:K:786"",""label"":""对输入电阻的影响"",""resolution"":""direct""},{""source_id"":""790"",""entity_id"":""C24:K:790"",""label"":""串联负反馈增大输入电阻"",""resolution"":""direct""},{""source_id"":""792"",""entity_id"":""C24:K:792"",""label"":""并联负反馈减小输入电阻"",""resolution"":""direct""},{""source_id"":""788"",""entity_id"":""C24:K:788"",""label"":""对输出电阻的影响"",""resolution"":""direct""},{""source_id"":""794"",""entity_id"":""C24:K:794"",""label"":""电压负反馈减小输出电阻"",""resolution"":""direct""},{""source_id"":""796"",""entity_id"":""C24:K:796"",""label"":""电流负反馈增大输出电阻"",""resolution"":""direct""},{""source_id"":""776"",""entity_id"":""C24:K:776"",""label"":""展宽频带"",""resolution"":""direct""},{""source_id"":""778"",""entity_id"":""C24:K:778"",""label"":""减小非线性失真"",""resolution"":""direct""},{""source_id"":""1378"",""entity_id"":""C24:K:1378"",""label"":""单管共射放大电路"",""resolution"":""direct""},{""source_id"":""1380"",""entity_id"":""C24:K:1380"",""label"":""单管共源放大电路"",""resolution"":""direct""},{""source_id"":""1384"",""entity_id"":""C24:K:1384"",""label"":""多级放大电路的通频带比组成它的单级放大电路窄"",""resolution"":""direct""},{""source_id"":""1390"",""entity_id"":""C24:K:1390"",""label"":""低频电压放大倍数"",""resolution"":""direct""},{""source_id"":""1392"",""entity_id"":""C24:K:1392"",""label"":""高频电压放大倍数"",""resolution"":""direct""},{""source_id"":""1394"",""entity_id"":""C24:K:1394"",""label"":""中频电压放大倍数"",""resolution"":""direct""},{""source_id"":""1512"",""entity_id"":""C24:K:1512"",""label"":""高频信号作用下的物理模型，用于高频信号作用下的电流分析"",""resolution"":""direct""},{""source_id"":""1396"",""entity_id"":""C24:K:1396"",""label"":""截止频率因为组成多级放大电路的各级电路有差异，所以用通频带描述"",""resolution"":""direct""},{""source_id"":""1420"",""entity_id"":""C24:K:1420"",""label"":""下限频率"",""resolution"":""direct""},{""source_id"":""1514"",""entity_id"":""C24:K:1514"",""label"":""输入信号低于下限频率，放大倍数减小"",""resolution"":""direct""},{""source_id"":""1422"",""entity_id"":""C24:K:1422"",""label"":""上限频率"",""resolution"":""direct""},{""source_id"":""1516"",""entity_id"":""C24:K:1516"",""label"":""输入信号频率高于上限频率，放大倍数减小"",""resolution"":""direct""}]",[],[]
C24:SUM:1454,C24,模拟电子技术,1454,信号的波形和处理,1453,"[""695"",""809"",""811"",""865"",""869"",""873"",""871"",""875"",""877"",""879"",""885"",""893"",""897"",""911"",""901"",""903"",""907"",""909"",""914"",""916"",""918"",""697"",""934"",""980"",""1026"",""986"",""990"",""992"",""988"",""994"",""996"",""998"",""1000"",""1002"",""1004"",""1006"",""982"",""1008"",""1012"",""1040"",""1014"",""1016"",""1010"",""1018"",""1020"",""1022"",""1024"",""936"",""1028"",""1034"",""1036"",""1042"",""1044"",""1046"",""1030"",""1048"",""1032"",""1060"",""1062"",""1066"",""1068"",""932"",""1074"",""1085"",""1089"",""1076"",""1093"",""1078"",""1095"",""1080"",""1097"",""1103"",""1099"",""1105"",""1107"",""1083"",""1109"",""1532"",""1534"",""863"",""851"",""853"",""857"",""859"",""861"",""855"",""819"",""841"",""843"",""845"",""847"",""849"",""817"",""831"",""835"",""837"",""833"",""815"",""821"",""823"",""825"",""827"",""1538"",""1542"",""1544"",""1546"",""1548"",""1550"",""1552"",""1554"",""1556"",""1558"",""1560"",""1568"",""1570"",""1574"",""1576"",""1581"",""1583"",""1585"",""1587"",""1589"",""1052"",""1050"",""1591"",""1593"",""905"",""1572""]","[""C24:K:695"",""C24:K:809"",""C24:K:811"",""C24:K:865"",""C24:K:869"",""C24:K:873"",""C24:K:871"",""C24:K:875"",""C24:K:877"",""C24:K:879"",""C24:K:885"",""C24:K:893"",""C24:K:897"",""C24:K:911"",""C24:K:901"",""C24:K:903"",""C24:K:907"",""C24:K:909"",""C24:K:914"",""C24:K:916"",""C24:K:918"",""C24:K:697"",""C24:K:934"",""C24:K:980"",""C24:K:1026"",""C24:K:986"",""C24:K:990"",""C24:K:992"",""C24:K:988"",""C24:K:994"",""C24:K:996"",""C24:K:998"",""C24:K:1000"",""C24:K:1002"",""C24:K:1004"",""C24:K:1006"",""C24:K:982"",""C24:K:1008"",""C24:K:1012"",""C24:K:1040"",""C24:K:1014"",""C24:K:1016"",""C24:K:1010"",""C24:K:1018"",""C24:K:1020"",""C24:K:1022"",""C24:K:1024"",""C24:K:936"",""C24:K:1028"",""C24:K:1034"",""C24:K:1036"",""C24:K:1042"",""C24:K:1044"",""C24:K:1046"",""C24:K:1030"",""C24:K:1048"",""C24:K:1032"",""C24:K:1060"",""C24:K:1062"",""C24:K:1066"",""C24:K:1068"",""C24:K:932"",""C24:K:1074"",""C24:K:1085"",""C24:K:1089"",""C24:K:1076"",""C24:K:1093"",""C24:K:1078"",""C24:K:1095"",""C24:K:1080"",""C24:K:1097"",""C24:K:1103"",""C24:K:1099"",""C24:K:1105"",""C24:K:1107"",""C24:K:1083"",""C24:K:1109"",""C24:K:1532"",""C24:K:1534"",""C24:K:863"",""C24:K:851"",""C24:K:853"",""C24:K:857"",""C24:K:859"",""C24:K:861"",""C24:K:855"",""C24:K:819"",""C24:K:841"",""C24:K:843"",""C24:K:845"",""C24:K:847"",""C24:K:849"",""C24:K:817"",""C24:K:831"",""C24:K:835"",""C24:K:837"",""C24:K:833"",""C24:K:815"",""C24:K:821"",""C24:K:823"",""C24:K:825"",""C24:K:827"",""C24:K:1538"",""C24:K:1542"",""C24:K:1544"",""C24:K:1546"",""C24:K:1548"",""C24:K:1550"",""C24:K:1552"",""C24:K:1554"",""C24:K:1556"",""C24:K:1558"",""C24:K:1560"",""C24:K:1568"",""C24:K:1570"",""C24:K:1574"",""C24:K:1576"",""C24:K:1581"",""C24:K:1583"",""C24:K:1585"",""C24:K:1587"",""C24:K:1589"",""C24:K:1052"",""C24:K:1050"",""C24:K:1591"",""C24:K:1593"",""C24:K:905"",""C24:K:1572""]","[""6.信号的运算和处理集成运放的基本应用之一就是能构成各种运算电路"",""基本运算电路"",""模拟乘法器"",""模拟乘法器是实现两个模拟量相乘的非线性电子器件，有两个输入端、一个输出端，输入输出均对地而言，输入的两个模拟信号是互不相关的物理量，输出电压是它们的乘积"",""变跨导型模拟乘法器"",""利用一路输入电压控制差分放大电路差分管的发射极电路，使之跨导做相应编号，从而达到与另一路输入电压相乘的目的输出端电流的变化值与输入端电压的变化值之间的比值。"",""应用"",""乘方运算电路"",""除法运算电路"",""开方运算电路"",""滤波电路"",""对于信号的频率具有选择性的电路称为滤波电路"",""分类"",""按工作频带"",""低通滤波器"",""高通滤波器"",""带阻滤波器"",""全通滤波器"",""按元件种类"",""无源滤波电路"",""有源滤波电路"",""7.波形的发生和信号的转换"",""正弦波振荡电路"",""概述"",""正弦波振荡电路是在没有外加输入信号的情况下，依靠电路自激振荡而产生正弦波输出电压的电路自激震荡是指不外加激励信号而自行产生的恒稳和持续的振荡。"",""产生正弦波振荡的条件"",""引入正反馈以满足振荡条件"",""外加选频网络使振荡频率人为可控"",""平衡条件"",""幅值平衡条件"",""相位平衡条件"",""组成"",""放大电路"",""选频网络"",""正反馈网络"",""稳幅环节"",""分类"",""RC正弦波振荡电路"",""RC串并联选频网络"",""控制输入电压与输出电压相位相同"",""RC桥式正弦波振荡电路"",""为RC串并联电路匹配一个电压放大倍数大于3的电压串联负反馈电路"",""LC正弦波振荡电路"",""变压器反馈式振荡电路"",""电感反馈式振荡电路"",""电容反馈式振荡电路"",""石英晶体正弦波振荡电路"",""电压比较器"",""概述"",""电压比较器是对输入信号进行鉴幅与比较的电路，是组成非正弦波发生电路的基本单元电路，当输入电压超过一定阈值时，输出电压会产生跃变"",""种类"",""单限比较器"",""滞回比较器"",""窗口比较器"",""单限比较器"",""电路中只有一个阈值电压，输入电压在阈值电压附近的任何微小变化都将引起输出电压的跃变"",""滞回比较器"",""电路中有两个阈值电压，输入电压从小到大过程中使输出电压产生跃变的阈值电压不等于从大到小过程中使输出电压产生跃变的阈值电压，电路具有滞回特性，即具有惯性又称施密特触发器"",""具有一定抗干扰能力"",""窗口比较器"",""电路有两个阈值电压，输入电压从小变大或从大变小过程中使输出电压产生两次跃变"",""非正弦波发生电路"",""矩形波发生电路"",""矩形波发生电路是其他非正弦波发生电路的基础"",""由反相输入的滞回比较器和RC电路组成"",""三角波发生电路"",""将方波电压作为积分运算电路的输入，在其输出就得到三角波电压"",""锯齿波发生电路"",""若积分电路的正向积分的时间常数远大于或远小于负向积分的时间常数，那么输出电压上升和下降的斜率相差很大，就可以获得锯齿波"",""波形转换器"",""三角波变锯齿波"",""波形变换电路为比例运算电路"",""三角波变正弦波"",""滤波法"",""折线法"",""函数发生器"",""是一种可以同时产生方波、三角波和正弦波的专用集成器"",""基本运算电路时利用反馈网络和输入网络来实现各种数学运算的"",""种类"",""乘法运算电路与除法运算电路"",""对数运算电路和指数运算电路"",""对数运算电路"",""采用二极管的对数运算电路"",""利用晶体管的对数运算电路"",""集成对数运算电路"",""指数运算电路"",""积分运算电路和微分运算电路"",""积分运算电路"",""微分运算电路"",""基本微分运算电路"",""实用微分运算电路"",""逆函数型微分运算电路"",""加减运算电路"",""求和运算电路"",""反相求和运算电路"",""同相求和运算电路"",""加减运算电路"",""比例运算电路"",""反相比例运算电路"",""同相比例运算电路"",""电压跟随器"",""在同相比例运算电路中，若将输出电压全部反馈到输入端，就构成了电压跟随器"",""输入与输出反相"",""输入与输出同相"",""多个输入信号作用于反相输入端"",""多个信号作用于同相输入端"",""输入信号作用于不同输入端"",""电容上的电压等于其电流的积分"",""将积分运算电路中的电阻与电容互换"",""在输入端串联一个小组长的电阻"",""将积分运算电路作为负反馈回路"",""将晶体管与电阻互换"",""利用对数与指数运算电路实现"",""低于截止频率的信号可以通过"",""高于截止频率的信号可以通过"",""将输入电压同时作用于低通滤波器和高通滤波器，再将两个电路的输出电压求和，就可以得到带阻滤波器，它能够通过大多数频率分量，但某一范围的频率分量会衰弱到极致"",""改变信号的相位"",""保证电路能有从起振到幅值逐渐增大直至动态平衡的过程"",""确定电路的振荡频率，使电路产生单一振荡"",""使放大电路的输入信号等于反馈信号"",""使输出信号幅值稳定"",""种类"",""一般单限比较器"",""过零比较器"",""采用低通滤波器"",""将三角波分成若干段，按不同的比例衰减"",""带通滤波器"",""高通滤波器与低通滤波器串联，只有通频带内的信号可以通过""]","[{""source_id"":""695"",""entity_id"":""C24:K:695"",""label"":""6.信号的运算和处理集成运放的基本应用之一就是能构成各种运算电路"",""resolution"":""direct""},{""source_id"":""809"",""entity_id"":""C24:K:809"",""label"":""基本运算电路"",""resolution"":""direct""},{""source_id"":""811"",""entity_id"":""C24:K:811"",""label"":""模拟乘法器"",""resolution"":""direct""},{""source_id"":""865"",""entity_id"":""C24:K:865"",""label"":""模拟乘法器是实现两个模拟量相乘的非线性电子器件，有两个输入端、一个输出端，输入输出均对地而言，输入的两个模拟信号是互不相关的物理量，输出电压是它们的乘积"",""resolution"":""direct""},{""source_id"":""869"",""entity_id"":""C24:K:869"",""label"":""变跨导型模拟乘法器"",""resolution"":""direct""},{""source_id"":""873"",""entity_id"":""C24:K:873"",""label"":""利用一路输入电压控制差分放大电路差分管的发射极电路，使之跨导做相应编号，从而达到与另一路输入电压相乘的目的输出端电流的变化值与输入端电压的变化值之间的比值。"",""resolution"":""direct""},{""source_id"":""871"",""entity_id"":""C24:K:871"",""label"":""应用"",""resolution"":""direct""},{""source_id"":""875"",""entity_id"":""C24:K:875"",""label"":""乘方运算电路"",""resolution"":""direct""},{""source_id"":""877"",""entity_id"":""C24:K:877"",""label"":""除法运算电路"",""resolution"":""direct""},{""source_id"":""879"",""entity_id"":""C24:K:879"",""label"":""开方运算电路"",""resolution"":""direct""},{""source_id"":""885"",""entity_id"":""C24:K:885"",""label"":""滤波电路"",""resolution"":""direct""},{""source_id"":""893"",""entity_id"":""C24:K:893"",""label"":""对于信号的频率具有选择性的电路称为滤波电路"",""resolution"":""direct""},{""source_id"":""897"",""entity_id"":""C24:K:897"",""label"":""分类"",""resolution"":""direct""},{""source_id"":""911"",""entity_id"":""C24:K:911"",""label"":""按工作频带"",""resolution"":""direct""},{""source_id"":""901"",""entity_id"":""C24:K:901"",""label"":""低通滤波器"",""resolution"":""direct""},{""source_id"":""903"",""entity_id"":""C24:K:903"",""label"":""高通滤波器"",""resolution"":""direct""},{""source_id"":""907"",""entity_id"":""C24:K:907"",""label"":""带阻滤波器"",""resolution"":""direct""},{""source_id"":""909"",""entity_id"":""C24:K:909"",""label"":""全通滤波器"",""resolution"":""direct""},{""source_id"":""914"",""entity_id"":""C24:K:914"",""label"":""按元件种类"",""resolution"":""direct""},{""source_id"":""916"",""entity_id"":""C24:K:916"",""label"":""无源滤波电路"",""resolution"":""direct""},{""source_id"":""918"",""entity_id"":""C24:K:918"",""label"":""有源滤波电路"",""resolution"":""direct""},{""source_id"":""697"",""entity_id"":""C24:K:697"",""label"":""7.波形的发生和信号的转换"",""resolution"":""direct""},{""source_id"":""934"",""entity_id"":""C24:K:934"",""label"":""正弦波振荡电路"",""resolution"":""direct""},{""source_id"":""980"",""entity_id"":""C24:K:980"",""label"":""概述"",""resolution"":""direct""},{""source_id"":""1026"",""entity_id"":""C24:K:1026"",""label"":""正弦波振荡电路是在没有外加输入信号的情况下，依靠电路自激振荡而产生正弦波输出电压的电路自激震荡是指不外加激励信号而自行产生的恒稳和持续的振荡。"",""resolution"":""direct""},{""source_id"":""986"",""entity_id"":""C24:K:986"",""label"":""产生正弦波振荡的条件"",""resolution"":""direct""},{""source_id"":""990"",""entity_id"":""C24:K:990"",""label"":""引入正反馈以满足振荡条件"",""resolution"":""direct""},{""source_id"":""992"",""entity_id"":""C24:K:992"",""label"":""外加选频网络使振荡频率人为可控"",""resolution"":""direct""},{""source_id"":""988"",""entity_id"":""C24:K:988"",""label"":""平衡条件"",""resolution"":""direct""},{""source_id"":""994"",""entity_id"":""C24:K:994"",""label"":""幅值平衡条件"",""resolution"":""direct""},{""source_id"":""996"",""entity_id"":""C24:K:996"",""label"":""相位平衡条件"",""resolution"":""direct""},{""source_id"":""998"",""entity_id"":""C24:K:998"",""label"":""组成"",""resolution"":""direct""},{""source_id"":""1000"",""entity_id"":""C24:K:1000"",""label"":""放大电路"",""resolution"":""direct""},{""source_id"":""1002"",""entity_id"":""C24:K:1002"",""label"":""选频网络"",""resolution"":""direct""},{""source_id"":""1004"",""entity_id"":""C24:K:1004"",""label"":""正反馈网络"",""resolution"":""direct""},{""source_id"":""1006"",""entity_id"":""C24:K:1006"",""label"":""稳幅环节"",""resolution"":""direct""},{""source_id"":""982"",""entity_id"":""C24:K:982"",""label"":""分类"",""resolution"":""direct""},{""source_id"":""1008"",""entity_id"":""C24:K:1008"",""label"":""RC正弦波振荡电路"",""resolution"":""direct""},{""source_id"":""1012"",""entity_id"":""C24:K:1012"",""label"":""RC串并联选频网络"",""resolution"":""direct""},{""source_id"":""1040"",""entity_id"":""C24:K:1040"",""label"":""控制输入电压与输出电压相位相同"",""resolution"":""direct""},{""source_id"":""1014"",""entity_id"":""C24:K:1014"",""label"":""RC桥式正弦波振荡电路"",""resolution"":""direct""},{""source_id"":""1016"",""entity_id"":""C24:K:1016"",""label"":""为RC串并联电路匹配一个电压放大倍数大于3的电压串联负反馈电路"",""resolution"":""direct""},{""source_id"":""1010"",""entity_id"":""C24:K:1010"",""label"":""LC正弦波振荡电路"",""resolution"":""direct""},{""source_id"":""1018"",""entity_id"":""C24:K:1018"",""label"":""变压器反馈式振荡电路"",""resolution"":""direct""},{""source_id"":""1020"",""entity_id"":""C24:K:1020"",""label"":""电感反馈式振荡电路"",""resolution"":""direct""},{""source_id"":""1022"",""entity_id"":""C24:K:1022"",""label"":""电容反馈式振荡电路"",""resolution"":""direct""},{""source_id"":""1024"",""entity_id"":""C24:K:1024"",""label"":""石英晶体正弦波振荡电路"",""resolution"":""direct""},{""source_id"":""936"",""entity_id"":""C24:K:936"",""label"":""电压比较器"",""resolution"":""direct""},{""source_id"":""1028"",""entity_id"":""C24:K:1028"",""label"":""概述"",""resolution"":""direct""},{""source_id"":""1034"",""entity_id"":""C24:K:1034"",""label"":""电压比较器是对输入信号进行鉴幅与比较的电路，是组成非正弦波发生电路的基本单元电路，当输入电压超过一定阈值时，输出电压会产生跃变"",""resolution"":""direct""},{""source_id"":""1036"",""entity_id"":""C24:K:1036"",""label"":""种类"",""resolution"":""direct""},{""source_id"":""1042"",""entity_id"":""C24:K:1042"",""label"":""单限比较器"",""resolution"":""direct""},{""source_id"":""1044"",""entity_id"":""C24:K:1044"",""label"":""滞回比较器"",""resolution"":""direct""},{""source_id"":""1046"",""entity_id"":""C24:K:1046"",""label"":""窗口比较器"",""resolution"":""direct""},{""source_id"":""1030"",""entity_id"":""C24:K:1030"",""label"":""单限比较器"",""resolution"":""direct""},{""source_id"":""1048"",""entity_id"":""C24:K:1048"",""label"":""电路中只有一个阈值电压，输入电压在阈值电压附近的任何微小变化都将引起输出电压的跃变"",""resolution"":""direct""},{""source_id"":""1032"",""entity_id"":""C24:K:1032"",""label"":""滞回比较器"",""resolution"":""direct""},{""source_id"":""1060"",""entity_id"":""C24:K:1060"",""label"":""电路中有两个阈值电压，输入电压从小到大过程中使输出电压产生跃变的阈值电压不等于从大到小过程中使输出电压产生跃变的阈值电压，电路具有滞回特性，即具有惯性又称施密特触发器"",""resolution"":""direct""},{""source_id"":""1062"",""entity_id"":""C24:K:1062"",""label"":""具有一定抗干扰能力"",""resolution"":""direct""},{""source_id"":""1066"",""entity_id"":""C24:K:1066"",""label"":""窗口比较器"",""resolution"":""direct""},{""source_id"":""1068"",""entity_id"":""C24:K:1068"",""label"":""电路有两个阈值电压，输入电压从小变大或从大变小过程中使输出电压产生两次跃变"",""resolution"":""direct""},{""source_id"":""932"",""entity_id"":""C24:K:932"",""label"":""非正弦波发生电路"",""resolution"":""direct""},{""source_id"":""1074"",""entity_id"":""C24:K:1074"",""label"":""矩形波发生电路"",""resolution"":""direct""},{""source_id"":""1085"",""entity_id"":""C24:K:1085"",""label"":""矩形波发生电路是其他非正弦波发生电路的基础"",""resolution"":""direct""},{""source_id"":""1089"",""entity_id"":""C24:K:1089"",""label"":""由反相输入的滞回比较器和RC电路组成"",""resolution"":""direct""},{""source_id"":""1076"",""entity_id"":""C24:K:1076"",""label"":""三角波发生电路"",""resolution"":""direct""},{""source_id"":""1093"",""entity_id"":""C24:K:1093"",""label"":""将方波电压作为积分运算电路的输入，在其输出就得到三角波电压"",""resolution"":""direct""},{""source_id"":""1078"",""entity_id"":""C24:K:1078"",""label"":""锯齿波发生电路"",""resolution"":""direct""},{""source_id"":""1095"",""entity_id"":""C24:K:1095"",""label"":""若积分电路的正向积分的时间常数远大于或远小于负向积分的时间常数，那么输出电压上升和下降的斜率相差很大，就可以获得锯齿波"",""resolution"":""direct""},{""source_id"":""1080"",""entity_id"":""C24:K:1080"",""label"":""波形转换器"",""resolution"":""direct""},{""source_id"":""1097"",""entity_id"":""C24:K:1097"",""label"":""三角波变锯齿波"",""resolution"":""direct""},{""source_id"":""1103"",""entity_id"":""C24:K:1103"",""label"":""波形变换电路为比例运算电路"",""resolution"":""direct""},{""source_id"":""1099"",""entity_id"":""C24:K:1099"",""label"":""三角波变正弦波"",""resolution"":""direct""},{""source_id"":""1105"",""entity_id"":""C24:K:1105"",""label"":""滤波法"",""resolution"":""direct""},{""source_id"":""1107"",""entity_id"":""C24:K:1107"",""label"":""折线法"",""resolution"":""direct""},{""source_id"":""1083"",""entity_id"":""C24:K:1083"",""label"":""函数发生器"",""resolution"":""direct""},{""source_id"":""1109"",""entity_id"":""C24:K:1109"",""label"":""是一种可以同时产生方波、三角波和正弦波的专用集成器"",""resolution"":""direct""},{""source_id"":""1532"",""entity_id"":""C24:K:1532"",""label"":""基本运算电路时利用反馈网络和输入网络来实现各种数学运算的"",""resolution"":""direct""},{""source_id"":""1534"",""entity_id"":""C24:K:1534"",""label"":""种类"",""resolution"":""direct""},{""source_id"":""863"",""entity_id"":""C24:K:863"",""label"":""乘法运算电路与除法运算电路"",""resolution"":""direct""},{""source_id"":""851"",""entity_id"":""C24:K:851"",""label"":""对数运算电路和指数运算电路"",""resolution"":""direct""},{""source_id"":""853"",""entity_id"":""C24:K:853"",""label"":""对数运算电路"",""resolution"":""direct""},{""source_id"":""857"",""entity_id"":""C24:K:857"",""label"":""采用二极管的对数运算电路"",""resolution"":""direct""},{""source_id"":""859"",""entity_id"":""C24:K:859"",""label"":""利用晶体管的对数运算电路"",""resolution"":""direct""},{""source_id"":""861"",""entity_id"":""C24:K:861"",""label"":""集成对数运算电路"",""resolution"":""direct""},{""source_id"":""855"",""entity_id"":""C24:K:855"",""label"":""指数运算电路"",""resolution"":""direct""},{""source_id"":""819"",""entity_id"":""C24:K:819"",""label"":""积分运算电路和微分运算电路"",""resolution"":""direct""},{""source_id"":""841"",""entity_id"":""C24:K:841"",""label"":""积分运算电路"",""resolution"":""direct""},{""source_id"":""843"",""entity_id"":""C24:K:843"",""label"":""微分运算电路"",""resolution"":""direct""},{""source_id"":""845"",""entity_id"":""C24:K:845"",""label"":""基本微分运算电路"",""resolution"":""direct""},{""source_id"":""847"",""entity_id"":""C24:K:847"",""label"":""实用微分运算电路"",""resolution"":""direct""},{""source_id"":""849"",""entity_id"":""C24:K:849"",""label"":""逆函数型微分运算电路"",""resolution"":""direct""},{""source_id"":""817"",""entity_id"":""C24:K:817"",""label"":""加减运算电路"",""resolution"":""direct""},{""source_id"":""831"",""entity_id"":""C24:K:831"",""label"":""求和运算电路"",""resolution"":""direct""},{""source_id"":""835"",""entity_id"":""C24:K:835"",""label"":""反相求和运算电路"",""resolution"":""direct""},{""source_id"":""837"",""entity_id"":""C24:K:837"",""label"":""同相求和运算电路"",""resolution"":""direct""},{""source_id"":""833"",""entity_id"":""C24:K:833"",""label"":""加减运算电路"",""resolution"":""direct""},{""source_id"":""815"",""entity_id"":""C24:K:815"",""label"":""比例运算电路"",""resolution"":""direct""},{""source_id"":""821"",""entity_id"":""C24:K:821"",""label"":""反相比例运算电路"",""resolution"":""direct""},{""source_id"":""823"",""entity_id"":""C24:K:823"",""label"":""同相比例运算电路"",""resolution"":""direct""},{""source_id"":""825"",""entity_id"":""C24:K:825"",""label"":""电压跟随器"",""resolution"":""direct""},{""source_id"":""827"",""entity_id"":""C24:K:827"",""label"":""在同相比例运算电路中，若将输出电压全部反馈到输入端，就构成了电压跟随器"",""resolution"":""direct""},{""source_id"":""1538"",""entity_id"":""C24:K:1538"",""label"":""输入与输出反相"",""resolution"":""direct""},{""source_id"":""1542"",""entity_id"":""C24:K:1542"",""label"":""输入与输出同相"",""resolution"":""direct""},{""source_id"":""1544"",""entity_id"":""C24:K:1544"",""label"":""多个输入信号作用于反相输入端"",""resolution"":""direct""},{""source_id"":""1546"",""entity_id"":""C24:K:1546"",""label"":""多个信号作用于同相输入端"",""resolution"":""direct""},{""source_id"":""1548"",""entity_id"":""C24:K:1548"",""label"":""输入信号作用于不同输入端"",""resolution"":""direct""},{""source_id"":""1550"",""entity_id"":""C24:K:1550"",""label"":""电容上的电压等于其电流的积分"",""resolution"":""direct""},{""source_id"":""1552"",""entity_id"":""C24:K:1552"",""label"":""将积分运算电路中的电阻与电容互换"",""resolution"":""direct""},{""source_id"":""1554"",""entity_id"":""C24:K:1554"",""label"":""在输入端串联一个小组长的电阻"",""resolution"":""direct""},{""source_id"":""1556"",""entity_id"":""C24:K:1556"",""label"":""将积分运算电路作为负反馈回路"",""resolution"":""direct""},{""source_id"":""1558"",""entity_id"":""C24:K:1558"",""label"":""将晶体管与电阻互换"",""resolution"":""direct""},{""source_id"":""1560"",""entity_id"":""C24:K:1560"",""label"":""利用对数与指数运算电路实现"",""resolution"":""direct""},{""source_id"":""1568"",""entity_id"":""C24:K:1568"",""label"":""低于截止频率的信号可以通过"",""resolution"":""direct""},{""source_id"":""1570"",""entity_id"":""C24:K:1570"",""label"":""高于截止频率的信号可以通过"",""resolution"":""direct""},{""source_id"":""1574"",""entity_id"":""C24:K:1574"",""label"":""将输入电压同时作用于低通滤波器和高通滤波器，再将两个电路的输出电压求和，就可以得到带阻滤波器，它能够通过大多数频率分量，但某一范围的频率分量会衰弱到极致"",""resolution"":""direct""},{""source_id"":""1576"",""entity_id"":""C24:K:1576"",""label"":""改变信号的相位"",""resolution"":""direct""},{""source_id"":""1581"",""entity_id"":""C24:K:1581"",""label"":""保证电路能有从起振到幅值逐渐增大直至动态平衡的过程"",""resolution"":""direct""},{""source_id"":""1583"",""entity_id"":""C24:K:1583"",""label"":""确定电路的振荡频率，使电路产生单一振荡"",""resolution"":""direct""},{""source_id"":""1585"",""entity_id"":""C24:K:1585"",""label"":""使放大电路的输入信号等于反馈信号"",""resolution"":""direct""},{""source_id"":""1587"",""entity_id"":""C24:K:1587"",""label"":""使输出信号幅值稳定"",""resolution"":""direct""},{""source_id"":""1589"",""entity_id"":""C24:K:1589"",""label"":""种类"",""resolution"":""direct""},{""source_id"":""1052"",""entity_id"":""C24:K:1052"",""label"":""一般单限比较器"",""resolution"":""direct""},{""source_id"":""1050"",""entity_id"":""C24:K:1050"",""label"":""过零比较器"",""resolution"":""direct""},{""source_id"":""1591"",""entity_id"":""C24:K:1591"",""label"":""采用低通滤波器"",""resolution"":""direct""},{""source_id"":""1593"",""entity_id"":""C24:K:1593"",""label"":""将三角波分成若干段，按不同的比例衰减"",""resolution"":""direct""},{""source_id"":""905"",""entity_id"":""C24:K:905"",""label"":""带通滤波器"",""resolution"":""direct""},{""source_id"":""1572"",""entity_id"":""C24:K:1572"",""label"":""高通滤波器与低通滤波器串联，只有通频带内的信号可以通过"",""resolution"":""direct""}]",[],[]
C25:SUM:150,C25,数字图像处理,150,二者的有机结合,125,"[""126"",""128"",""130"",""132"",""134"",""136"",""138"",""140"",""142"",""144""]","[""C25:K:126"",""C25:K:128"",""C25:K:130"",""C25:K:132"",""C25:K:134"",""C25:K:136"",""C25:K:138"",""C25:K:140"",""C25:K:142"",""C25:K:144""]","[""模拟图像处理(光学图像处理)"",""优点"",""实时性强"",""速度快"",""处理信息量大"",""数字图像处理"",""优点"",""精度高"",""再现性好"",""通用性灵活性强""]","[{""source_id"":""126"",""entity_id"":""C25:K:126"",""label"":""模拟图像处理(光学图像处理)"",""resolution"":""direct""},{""source_id"":""128"",""entity_id"":""C25:K:128"",""label"":""优点"",""resolution"":""direct""},{""source_id"":""130"",""entity_id"":""C25:K:130"",""label"":""实时性强"",""resolution"":""direct""},{""source_id"":""132"",""entity_id"":""C25:K:132"",""label"":""速度快"",""resolution"":""direct""},{""source_id"":""134"",""entity_id"":""C25:K:134"",""label"":""处理信息量大"",""resolution"":""direct""},{""source_id"":""136"",""entity_id"":""C25:K:136"",""label"":""数字图像处理"",""resolution"":""direct""},{""source_id"":""138"",""entity_id"":""C25:K:138"",""label"":""优点"",""resolution"":""direct""},{""source_id"":""140"",""entity_id"":""C25:K:140"",""label"":""精度高"",""resolution"":""direct""},{""source_id"":""142"",""entity_id"":""C25:K:142"",""label"":""再现性好"",""resolution"":""direct""},{""source_id"":""144"",""entity_id"":""C25:K:144"",""label"":""通用性灵活性强"",""resolution"":""direct""}]",[],[]
C25:SUM:207,C25,数字图像处理,207,由高到低,192,"[""193"",""195"",""197"",""199"",""201"",""203"",""205""]","[""C25:K:193"",""C25:K:195"",""C25:K:197"",""C25:K:199"",""C25:K:201"",""C25:K:203"",""C25:K:205""]","[""无线电波"",""微波"",""红外线"",""可见光"",""紫外线"",""X射线"",""γ射线""]","[{""source_id"":""193"",""entity_id"":""C25:K:193"",""label"":""无线电波"",""resolution"":""direct""},{""source_id"":""195"",""entity_id"":""C25:K:195"",""label"":""微波"",""resolution"":""direct""},{""source_id"":""197"",""entity_id"":""C25:K:197"",""label"":""红外线"",""resolution"":""direct""},{""source_id"":""199"",""entity_id"":""C25:K:199"",""label"":""可见光"",""resolution"":""direct""},{""source_id"":""201"",""entity_id"":""C25:K:201"",""label"":""紫外线"",""resolution"":""direct""},{""source_id"":""203"",""entity_id"":""C25:K:203"",""label"":""X射线"",""resolution"":""direct""},{""source_id"":""205"",""entity_id"":""C25:K:205"",""label"":""γ射线"",""resolution"":""direct""}]",[],[]
C25:SUM:351,C25,数字图像处理,351,当4、8-连接同时存在时优先采用4-连接,344,"[""345"",""347""]","[""C25:K:345"",""C25:K:347""]","[""4-连接"",""8-连接""]","[{""source_id"":""345"",""entity_id"":""C25:K:345"",""label"":""4-连接"",""resolution"":""direct""},{""source_id"":""347"",""entity_id"":""C25:K:347"",""label"":""8-连接"",""resolution"":""direct""}]",[],[]
C25:SUM:462,C25,数字图像处理,462,指将两幅或多幅图像通过对应像素之间的加、减、乘、除运算或逻辑与、或、非运算得到输出图像的方法,391,"[""434"",""436""]","[""C25:K:434"",""C25:K:436""]","[""代数运算"",""逻辑运算""]","[{""source_id"":""434"",""entity_id"":""C25:K:434"",""label"":""代数运算"",""resolution"":""direct""},{""source_id"":""436"",""entity_id"":""C25:K:436"",""label"":""逻辑运算"",""resolution"":""direct""}]",[],[]
C25:SUM:562,C25,数字图像处理,562,高数,538,"[""554"",""556"",""558"",""560""]","[""C25:K:554"",""C25:K:556"",""C25:K:558"",""C25:K:560""]","[""可分离性"",""周期性"",""共轭对称性"",""平移性""]","[{""source_id"":""554"",""entity_id"":""C25:K:554"",""label"":""可分离性"",""resolution"":""direct""},{""source_id"":""556"",""entity_id"":""C25:K:556"",""label"":""周期性"",""resolution"":""direct""},{""source_id"":""558"",""entity_id"":""C25:K:558"",""label"":""共轭对称性"",""resolution"":""direct""},{""source_id"":""560"",""entity_id"":""C25:K:560"",""label"":""平移性"",""resolution"":""direct""}]","[{""id"":""C25:SI:563"",""label"":""傅里叶变换"",""source_id"":""563"",""children"":[]}]",[]
C25:SUM:640,C25,数字图像处理,640,点运算,632,"[""634"",""636""]","[""C25:K:634"",""C25:K:636""]","[""灰度变换"",""非线性变换""]","[{""source_id"":""634"",""entity_id"":""C25:K:634"",""label"":""灰度变换"",""resolution"":""direct""},{""source_id"":""636"",""entity_id"":""C25:K:636"",""label"":""非线性变换"",""resolution"":""direct""}]",[],[]
C25:SUM:641,C25,数字图像处理,641,局部运算,633,"[""638""]","[""C25:K:638""]","[""空间滤波增强""]","[{""source_id"":""638"",""entity_id"":""C25:K:638"",""label"":""空间滤波增强"",""resolution"":""direct""}]",[],[]
C25:SUM:1317,C25,数字图像处理,1317,基于一阶导数,1265,"[""1272"",""1274"",""1276"",""1278"",""1280"",""1282"",""1284"",""1286""]","[""C25:K:1272"",""C25:K:1274"",""C25:K:1276"",""C25:K:1278"",""C25:K:1280"",""C25:K:1282"",""C25:K:1284"",""C25:K:1286""]","[""Roberts算子"",""利用局部差分算子寻找边缘"",""适合具有陡峭边缘且噪声少的图像"",""Prewitt算子与Sobel算子"",""对图像加权平滑处理再差分运算"",""边缘定位效果不错，边缘容易出现多像素宽度"",""功能"",""检测对角边缘""]","[{""source_id"":""1272"",""entity_id"":""C25:K:1272"",""label"":""Roberts算子"",""resolution"":""direct""},{""source_id"":""1274"",""entity_id"":""C25:K:1274"",""label"":""利用局部差分算子寻找边缘"",""resolution"":""direct""},{""source_id"":""1276"",""entity_id"":""C25:K:1276"",""label"":""适合具有陡峭边缘且噪声少的图像"",""resolution"":""direct""},{""source_id"":""1278"",""entity_id"":""C25:K:1278"",""label"":""Prewitt算子与Sobel算子"",""resolution"":""direct""},{""source_id"":""1280"",""entity_id"":""C25:K:1280"",""label"":""对图像加权平滑处理再差分运算"",""resolution"":""direct""},{""source_id"":""1282"",""entity_id"":""C25:K:1282"",""label"":""边缘定位效果不错，边缘容易出现多像素宽度"",""resolution"":""direct""},{""source_id"":""1284"",""entity_id"":""C25:K:1284"",""label"":""功能"",""resolution"":""direct""},{""source_id"":""1286"",""entity_id"":""C25:K:1286"",""label"":""检测对角边缘"",""resolution"":""direct""}]",[],[]
C25:SUM:1320,C25,数字图像处理,1320,基于二阶导数,1266,"[""1288"",""1290"",""1292"",""1295"",""1297"",""1300"",""1302""]","[""C25:K:1288"",""C25:K:1290"",""C25:K:1295"",""C25:K:1300"",""C25:K:1302""]","[""拉普拉斯算子"",""差分"",""微分"",""特点"",""不以其原始形式用于边缘检测""]","[{""source_id"":""1288"",""entity_id"":""C25:K:1288"",""label"":""拉普拉斯算子"",""resolution"":""direct""},{""source_id"":""1290"",""entity_id"":""C25:K:1290"",""label"":""差分"",""resolution"":""direct""},{""source_id"":""1292"",""entity_id"":""C25:K:1290"",""label"":""差分"",""resolution"":""nearest_ancestor""},{""source_id"":""1295"",""entity_id"":""C25:K:1295"",""label"":""微分"",""resolution"":""direct""},{""source_id"":""1297"",""entity_id"":""C25:K:1295"",""label"":""微分"",""resolution"":""nearest_ancestor""},{""source_id"":""1300"",""entity_id"":""C25:K:1300"",""label"":""特点"",""resolution"":""direct""},{""source_id"":""1302"",""entity_id"":""C25:K:1302"",""label"":""不以其原始形式用于边缘检测"",""resolution"":""direct""}]",[],[]
C25:SUM:1511,C25,数字图像处理,1511,颜色用亮度和彩色表征,1501,"[""1502"",""1504""]","[""C25:K:1502"",""C25:K:1504""]","[""亮度"",""色调""]","[{""source_id"":""1502"",""entity_id"":""C25:K:1502"",""label"":""亮度"",""resolution"":""direct""},{""source_id"":""1504"",""entity_id"":""C25:K:1504"",""label"":""色调"",""resolution"":""direct""}]",[],[]
C25:SUM:1539,C25,数字图像处理,1539,彩色信息,1532,"[""1533"",""1535""]","[""C25:K:1533"",""C25:K:1535""]","[""H定义颜色的波长，称为色调"",""S表示颜色的深浅程度，称为饱和度""]","[{""source_id"":""1533"",""entity_id"":""C25:K:1533"",""label"":""H定义颜色的波长，称为色调"",""resolution"":""direct""},{""source_id"":""1535"",""entity_id"":""C25:K:1535"",""label"":""S表示颜色的深浅程度，称为饱和度"",""resolution"":""direct""}]",[],[]
C25:SUM:1589,C25,数字图像处理,1589,方法,1562,"[""1577"",""1579"",""1581""]","[""C25:K:1577"",""C25:K:1579"",""C25:K:1581""]","[""彩色图像增强"",""彩色图像平滑"",""彩色图像锐化""]","[{""source_id"":""1577"",""entity_id"":""C25:K:1577"",""label"":""彩色图像增强"",""resolution"":""direct""},{""source_id"":""1579"",""entity_id"":""C25:K:1579"",""label"":""彩色图像平滑"",""resolution"":""direct""},{""source_id"":""1581"",""entity_id"":""C25:K:1581"",""label"":""彩色图像锐化"",""resolution"":""direct""}]","[{""id"":""C25:SI:1590"",""label"":""对RGB三个分量分别处理"",""source_id"":""1590"",""children"":[]},{""id"":""C25:SI:1592"",""label"":""RGB→HSI，对HSI处理，再HSI→RGB"",""source_id"":""1592"",""children"":[]}]",[]
C25:SUM:1837,C25,数字图像处理,1837,E=C-H,1830,"[""1831"",""1833"",""1835""]","[""C25:K:1831"",""C25:K:1833"",""C25:K:1835""]","[""孔数H"",""连通成分C"",""欧拉数E""]","[{""source_id"":""1831"",""entity_id"":""C25:K:1831"",""label"":""孔数H"",""resolution"":""direct""},{""source_id"":""1833"",""entity_id"":""C25:K:1833"",""label"":""连通成分C"",""resolution"":""direct""},{""source_id"":""1835"",""entity_id"":""C25:K:1835"",""label"":""欧拉数E"",""resolution"":""direct""}]",[],[]
C26:SUM:797,C26,计算机图形学,797,避免求交运算,780,"[""781"",""783"",""785"",""788"",""790"",""792"",""794""]","[""C26:K:781"",""C26:K:783"",""C26:K:788"",""C26:K:790"",""C26:K:792""]","[""活性边表(AET)"",""结点内容"",""新边表(NET)"",""构造一个纵向链表，链表的长度为最大扫描线数"",""链表每个节点称为吊桶""]","[{""source_id"":""781"",""entity_id"":""C26:K:781"",""label"":""活性边表(AET)"",""resolution"":""direct""},{""source_id"":""783"",""entity_id"":""C26:K:783"",""label"":""结点内容"",""resolution"":""direct""},{""source_id"":""785"",""entity_id"":""C26:K:783"",""label"":""结点内容"",""resolution"":""nearest_ancestor""},{""source_id"":""788"",""entity_id"":""C26:K:788"",""label"":""新边表(NET)"",""resolution"":""direct""},{""source_id"":""790"",""entity_id"":""C26:K:790"",""label"":""构造一个纵向链表，链表的长度为最大扫描线数"",""resolution"":""direct""},{""source_id"":""792"",""entity_id"":""C26:K:792"",""label"":""链表每个节点称为吊桶"",""resolution"":""direct""},{""source_id"":""794"",""entity_id"":""C26:K:788"",""label"":""新边表(NET)"",""resolution"":""nearest_ancestor""}]",[],[]
C26:SUM:2211,C26,计算机图形学,2211,由高到低,2176,"[""2204"",""2205"",""2206"",""2207"",""2208"",""2209"",""2210""]","[""C26:K:2204"",""C26:K:2205"",""C26:K:2206"",""C26:K:2207"",""C26:K:2208"",""C26:K:2209"",""C26:K:2210""]","[""无线电波"",""微波"",""红外线"",""可见光"",""紫外线"",""X射线"",""γ射线""]","[{""source_id"":""2204"",""entity_id"":""C26:K:2204"",""label"":""无线电波"",""resolution"":""direct""},{""source_id"":""2205"",""entity_id"":""C26:K:2205"",""label"":""微波"",""resolution"":""direct""},{""source_id"":""2206"",""entity_id"":""C26:K:2206"",""label"":""红外线"",""resolution"":""direct""},{""source_id"":""2207"",""entity_id"":""C26:K:2207"",""label"":""可见光"",""resolution"":""direct""},{""source_id"":""2208"",""entity_id"":""C26:K:2208"",""label"":""紫外线"",""resolution"":""direct""},{""source_id"":""2209"",""entity_id"":""C26:K:2209"",""label"":""X射线"",""resolution"":""direct""},{""source_id"":""2210"",""entity_id"":""C26:K:2210"",""label"":""γ射线"",""resolution"":""direct""}]",[],[]
C26:SUM:2260,C26,计算机图形学,2260,彩色信息,2233,"[""2257"",""2258""]","[""C26:K:2257"",""C26:K:2258""]","[""H定义颜色的波长，称为色调"",""S表示颜色的深浅程度，称为饱和度""]","[{""source_id"":""2257"",""entity_id"":""C26:K:2257"",""label"":""H定义颜色的波长，称为色调"",""resolution"":""direct""},{""source_id"":""2258"",""entity_id"":""C26:K:2258"",""label"":""S表示颜色的深浅程度，称为饱和度"",""resolution"":""direct""}]",[],[]
