id,course_id,course_name,source_shape_id,source_id,source_entity_type,source_label,target_id,target_entity_type,target_label,relation_text,raw_relation_text,relation_status,direction,source_resolution,target_resolution
C01:R:168,C01,高等数学,168,C01:K:140,knowledge,映射,C01:K:102,knowledge,函数,特殊映射,特殊映射,named,forward,direct,direct
C01:R:275,C01,高等数学,275,C01:K:267,knowledge,左连续,C01:K:271,knowledge,闭区间连续,,标签,unlabeled,forward,direct,direct
C01:R:276,C01,高等数学,276,C01:K:269,knowledge,右连续,C01:K:271,knowledge,闭区间连续,同时满足,同时满足,named,forward,direct,direct
C01:R:296,C01,高等数学,296,C01:K:181,knowledge,函数极限,C01:K:243,knowledge,函数连续性,极限等于函数值,极限等于函数值,named,forward,direct,direct
C01:R:298,C01,高等数学,298,C01:K:181,knowledge,函数极限,C01:K:287,knowledge,导数,微小增量比的极限,微小增量比的极限,named,forward,direct,direct
C01:R:300,C01,高等数学,300,C01:K:243,knowledge,函数连续性,C01:K:287,knowledge,导数,可导必连续，反之不一定,可导必连续，反之不一定,named,forward,direct,direct
C01:R:317,C01,高等数学,317,C01:K:287,knowledge,导数,C01:K:315,knowledge,微分,增量计算,增量计算,named,forward,direct,direct
C01:R:469,C01,高等数学,469,C01:K:446,knowledge,原函数,C01:K:452,knowledge,不定积分,求导得,求导得,named,forward,direct,direct
C01:R:484,C01,高等数学,484,C01:K:482,knowledge,变上限积分,C01:K:446,knowledge,原函数,被积函数连续则积分为原函数,被积函数连续则积分为原函数,named,forward,direct,direct
C01:R:621,C01,高等数学,621,C01:K:587,knowledge,齐次方程,C01:K:585,knowledge,可分离变量的微分方程,令u=y/x,令u=y/x,named,forward,direct,direct
C01:R:842,C01,高等数学,842,C01:K:838,knowledge,二阶偏导数,C01:K:816,knowledge,二元函数连续性,混合偏导数相等,混合偏导数相等,named,forward,direct,direct
C01:R:853,C01,高等数学,853,C01:K:847,knowledge,必要条件,C01:K:830,knowledge,偏导数,可微存在,可微存在,named,forward,direct,direct
C01:R:855,C01,高等数学,855,C01:K:830,knowledge,偏导数,C01:K:849,knowledge,充分条件,存在连续,存在连续,named,forward,direct,direct
C01:R:1146,C01,高等数学,1146,C01:K:1112,knowledge,对坐标的曲线积分(第二类曲线积分),C01:K:1110,knowledge,对弧长的曲线积分(第一类曲线积分),函数坐标轴投影的积分,函数坐标轴投影的积分,named,forward,direct,direct
C01:R:1202,C01,高等数学,1202,C01:K:1180,knowledge,对坐标的曲面积分(第二类曲面积分),C01:K:1179,knowledge,对面积的曲面积分(第一类曲面积分),函数坐标面投影的积分,函数坐标面投影的积分,named,forward,direct,direct
C01:R:1320,C01,高等数学,1320,C01:K:1297,knowledge,收敛区间,C01:K:1316,knowledge,收敛域,加上端点,加上端点,named,forward,direct,direct
C01:R:1321,C01,高等数学,1321,C01:K:1295,knowledge,收敛半径,C01:K:1297,knowledge,收敛区间,加上幂底数,加上幂底数,named,forward,direct,direct
C01:R:1413,C01,高等数学,1413,C01:K:119,knowledge,逆映射,C01:K:151,knowledge,反函数,特例,特例,named,forward,direct,direct
C01:R:1416,C01,高等数学,1416,C01:K:164,knowledge,复合映射,C01:K:153,knowledge,复合函数,特例,特例,named,forward,direct,direct
C01:R:1448,C01,高等数学,1448,C01:K:1439,knowledge,基本初等函数,C01:K:1445,knowledge,初等函数,有限次运算和复合,有限次运算和复合,named,forward,direct,direct
C01:R:1569,C01,高等数学,1569,C01:K:1567,knowledge,求函数极值,C01:K:362,knowledge,费马定理,极值必要条件,极值必要条件,named,forward,direct,direct
C01:R:1579,C01,高等数学,1579,C01:B:1578,boundary_group,,C01:K:400,knowledge,判断函数单调性,研究函数单调性,研究函数单调性,named,forward,group,direct
C01:R:1652,C01,高等数学,1652,C01:K:487,knowledge,同不定积分(注意上下限变换),C01:K:454,knowledge,方法,,标签,unlabeled,forward,direct,direct
C01:R:1689,C01,高等数学,1689,C01:K:601,knowledge,(n)阶导型,C01:K:589,knowledge,一阶线性微分方程,逐次降阶,逐次降阶,named,forward,direct,direct
C01:R:1690,C01,高等数学,1690,C01:K:603,knowledge,不显含y型,C01:K:589,knowledge,一阶线性微分方程,,标签,unlabeled,forward,direct,direct
C01:R:1691,C01,高等数学,1691,C01:K:605,knowledge,不显含x型,C01:K:589,knowledge,一阶线性微分方程,令y'=p,令y'=p,named,forward,direct,direct
C01:R:1710,C01,高等数学,1710,C01:K:1708,knowledge,求通解-齐次通解+特解,C01:K:615,knowledge,通解公式,,标签,unlabeled,forward,direct,direct
C01:R:1711,C01,高等数学,1711,C01:K:1698,knowledge,非齐次的通解,C01:K:1708,knowledge,求通解-齐次通解+特解,,标签,unlabeled,forward,direct,direct
C01:R:1718,C01,高等数学,1718,C01:K:624,knowledge,向量,C01:CALL:1717,callout,线性空间的元素,线代,线代,named,forward,direct,direct
C01:R:1754,C01,高等数学,1754,C01:K:1752,knowledge,两点间距离,C01:K:1748,knowledge,向量坐标运算,运算公式,运算公式,named,forward,direct,direct
C01:R:1761,C01,高等数学,1761,C01:K:632,knowledge,投影,C01:K:1736,knowledge,基本运算,运算相同,运算相同,named,forward,direct,direct
C01:R:1799,C01,高等数学,1799,C01:K:784,knowledge,内点,C01:K:798,knowledge,开集,都是内点,都是内点,named,forward,direct,direct
C01:R:1800,C01,高等数学,1800,C01:K:794,knowledge,边界,C01:K:800,knowledge,闭集,包含边界,包含边界,named,forward,direct,direct
C01:R:1805,C01,高等数学,1805,C01:K:812,knowledge,二元函数,C01:CALL:1803,callout,R2到R的映射,与一元比较,与一元比较,named,forward,direct,direct
C01:R:1806,C01,高等数学,1806,C01:K:814,knowledge,二重极限,C01:CALL:1804,callout,点的邻域变为聚点的邻域,,标签,unlabeled,forward,direct,direct
C01:R:1808,C01,高等数学,1808,C01:K:814,knowledge,二重极限,C01:K:816,knowledge,二元函数连续性,极限等于函数值,极限等于函数值,named,forward,direct,direct
C01:R:1836,C01,高等数学,1836,C01:K:916,knowledge,方向导数,C01:K:843,knowledge,全微分,可微则存在,可微则存在,named,forward,direct,direct
C01:R:1849,C01,高等数学,1849,C01:B:1848,boundary_group,,C01:K:1027,knowledge,包含,类似,类似,named,forward,direct,direct
C01:R:1876,C01,高等数学,1876,C01:K:1149,knowledge,平面闭区域上的格林公式,C01:F:1213,floating_root,斯托克斯公式,,标签,unlabeled,forward,direct,direct
C01:R:1877,C01,高等数学,1877,C01:K:1207,knowledge,空间闭区域上的高斯公式,C01:F:1213,floating_root,斯托克斯公式,,标签,unlabeled,forward,direct,direct
C01:R:1892,C01,高等数学,1892,C01:K:1217,knowledge,常数项级数,C01:K:1891,knowledge,收敛,部分和数列极限存在,部分和数列极限存在,named,forward,direct,direct
C01:R:1900,C01,高等数学,1900,C01:K:1324,knowledge,泰勒级数(泰勒展开式),C01:K:1332,knowledge,麦克劳林级数(麦克劳林展开式),x=0,x=0,named,forward,direct,direct
C02:R:116,C02,线性代数,116,C02:K:108,knowledge,逆序数,C02:K:112,knowledge,奇排列,为奇,为奇,named,forward,direct,direct
C02:R:117,C02,线性代数,117,C02:K:108,knowledge,逆序数,C02:K:114,knowledge,偶排列,为偶,为偶,named,forward,direct,direct
C02:R:343,C02,线性代数,343,C02:K:337,knowledge,初等矩阵,C02:K:309,knowledge,初等行变换,行变换左乘初等,行变换左乘初等,named,forward,direct,direct
C02:R:347,C02,线性代数,347,C02:K:337,knowledge,初等矩阵,C02:K:311,knowledge,初等列变换,列变换右乘初等,列变换右乘初等,named,forward,direct,direct
C02:R:551,C02,线性代数,551,C02:K:525,knowledge,方阵的特征值与特征向量,C02:K:549,knowledge,矩阵对角化,求正交阵,求正交阵,named,forward,direct,direct
C02:R:690,C02,线性代数,690,C02:K:212,knowledge,矩阵转置,C02:K:214,knowledge,对称矩阵,转置等于本身,转置等于本身,named,forward,direct,direct
C02:R:701,C02,线性代数,701,C02:K:162,knowledge,代数余子式,C02:K:220,knowledge,伴随矩阵,行列式的代数余子式,行列式的代数余子式,named,forward,direct,direct
C02:R:744,C02,线性代数,744,C02:K:327,knowledge,矩阵等价,C02:K:305,knowledge,矩阵初等变换,可初等变换得,可初等变换得,named,forward,direct,direct
C02:R:800,C02,线性代数,800,C02:K:798,knowledge,"AB=C, 则R(C)<=min{R(A), R(B)}",C02:K:791,knowledge,有解充要条件,,标签,unlabeled,forward,direct,direct
C02:R:809,C02,线性代数,809,C02:K:801,knowledge,n维向量,C02:K:388,knowledge,向量组,组成的集合,组成的集合,named,forward,direct,direct
C02:R:819,C02,线性代数,819,C02:K:817,knowledge,向量组等价,C02:K:814,knowledge,向量组间线性表示,可相互线性表示,可相互线性表示,named,forward,direct,direct
C02:R:834,C02,线性代数,834,C02:K:827,knowledge,最大线性无关组,C02:K:412,knowledge,向量组的线性相关,,标签,unlabeled,forward,direct,direct
C02:R:835,C02,线性代数,835,C02:K:420,knowledge,向量组的秩,C02:K:398,knowledge,定理,可引申为向量组的秩,可引申为向量组的秩,named,forward,direct,direct
C02:R:837,C02,线性代数,837,C02:K:822,knowledge,向量组等价充要条件,C02:F:836,floating_root,矩阵的秩,,标签,unlabeled,forward,direct,direct
C02:R:838,C02,线性代数,838,C02:K:416,knowledge,向量组线性相关充要条件,C02:F:836,floating_root,矩阵的秩,,标签,unlabeled,forward,direct,direct
C02:R:839,C02,线性代数,839,C02:K:402,knowledge,向量组可由向量组线性表示充要条件,C02:F:836,floating_root,矩阵的秩,,标签,unlabeled,forward,direct,direct
C02:R:840,C02,线性代数,840,C02:K:410,knowledge,向量组可线性表示则秩小,C02:F:836,floating_root,矩阵的秩,,标签,unlabeled,forward,direct,direct
C02:R:844,C02,线性代数,844,C02:K:368,knowledge,线性方程组的解,C02:K:436,knowledge,线性方程组解的结构,,标签,unlabeled,forward,direct,direct
C02:R:853,C02,线性代数,853,C02:K:485,knowledge,基,C02:K:851,knowledge,维数,个数,个数,named,forward,direct,direct
C02:R:861,C02,线性代数,861,C02:K:487,knowledge,向量在基下的坐标,C02:K:859,knowledge,自然基,坐标为分量,坐标为分量,named,forward,direct,direct
C02:R:890,C02,线性代数,890,C02:CALL:889,callout,求出特征值与特征向量再正交化，最后按列排序,C02:K:513,knowledge,施密特(Schmidt)正交化,,标签,unlabeled,forward,direct,direct
C03:R:593,C03,概率论与数理统计,593,C03:K:577,knowledge,简单随机样本(样本),C03:K:591,knowledge,统计量,样本的函数,样本的函数,named,forward,direct,direct
C03:R:787,C03,概率论与数理统计,787,C03:K:114,knowledge,样本空间,C03:K:785,knowledge,样本点,元素,元素,named,forward,direct,direct
C03:R:797,C03,概率论与数理统计,797,C03:K:790,knowledge,基本事件,C03:K:785,knowledge,样本点,一个样本点,一个样本点,named,forward,direct,direct
C03:R:849,C03,概率论与数理统计,849,C03:K:836,knowledge,全概率公式,C03:K:847,knowledge,划分,,标签,unlabeled,forward,direct,direct
C03:R:842,C03,概率论与数理统计,842,C03:K:840,knowledge,泊松定理,C03:K:356,knowledge,二项分布,泊松分布逼近二项分布,泊松分布逼近二项分布,named,forward,direct,direct
C03:R:951,C03,概率论与数理统计,951,C03:K:466,knowledge,方差,C03:K:470,knowledge,标准差,开根号,开根号,named,forward,direct,direct
C03:R:959,C03,概率论与数理统计,959,C03:K:488,knowledge,相关系数,C03:K:957,knowledge,不相关,=0,=0,named,forward,direct,direct
C03:R:968,C03,概率论与数理统计,968,C03:K:966,knowledge,协方差矩阵(n维),C03:K:484,knowledge,协方差,两两按位置排列,两两按位置排列,named,forward,direct,direct
C03:R:971,C03,概率论与数理统计,971,C03:K:518,knowledge,辛钦大数定律,C03:K:969,knowledge,依概率收敛,极限形式,极限形式,named,forward,direct,direct
C03:R:984,C03,概率论与数理统计,984,C03:K:976,knowledge,容量,C03:K:980,knowledge,有限总体,有限个,有限个,named,forward,direct,direct
C03:R:985,C03,概率论与数理统计,985,C03:K:976,knowledge,容量,C03:K:982,knowledge,无限总体,无限个,无限个,named,forward,direct,direct
C03:R:1014,C03,概率论与数理统计,1014,C03:K:670,knowledge,有效性,C03:K:668,knowledge,估计量的无偏性,只对,只对,named,forward,direct,direct
C03:R:1066,C03,概率论与数理统计,1066,C03:K:1064,knowledge,单侧置信区间,C03:K:1025,knowledge,置信上限(下限),,标签,unlabeled,forward,direct,direct
C05:R:140,C05,离散数学,140,C05:K:130,knowledge,命题赋值(解释),C05:K:134,knowledge,重言式、永真式,均为真,均为真,named,forward,direct,direct
C05:R:141,C05,离散数学,141,C05:K:130,knowledge,命题赋值(解释),C05:K:136,knowledge,矛盾是、永假式,均为假,均为假,named,forward,direct,direct
C05:R:142,C05,离散数学,142,C05:K:130,knowledge,命题赋值(解释),C05:K:138,knowledge,可满足式,至少有一真,至少有一真,named,forward,direct,direct
C05:R:318,C05,离散数学,318,C05:K:311,knowledge,简单合取式,C05:K:228,knowledge,析取范式,有限个析取,有限个析取,named,forward,direct,direct
C05:R:330,C05,离散数学,330,C05:K:309,knowledge,简单析取式,C05:K:230,knowledge,合取范式,有限个合取,有限个合取,named,forward,direct,direct
C05:R:348,C05,离散数学,348,C05:K:246,knowledge,极小项(m),C05:K:250,knowledge,主析取范式,极小项析取,极小项析取,named,forward,direct,direct
C05:R:349,C05,离散数学,349,C05:K:265,knowledge,极大项(M),C05:K:274,knowledge,主合取范式,极大项合取,极大项合取,named,forward,direct,direct
C05:R:382,C05,离散数学,382,C05:K:380,knowledge,判断蕴含式是否为重言式,C05:K:301,knowledge,等值式,,标签,unlabeled,forward,direct,direct
C05:R:461,C05,离散数学,461,C05:K:455,knowledge,自由出现,C05:K:459,knowledge,闭式,无自由出现,无自由出现,named,forward,direct,direct
C05:R:477,C05,离散数学,477,C05:K:472,knowledge,赋值,C05:K:455,knowledge,自由出现,只对自由出现,只对自由出现,named,forward,direct,direct
C05:R:497,C05,离散数学,497,C05:K:492,knowledge,量词等值式,C05:K:486,knowledge,代换实例,推导方法,推导方法,named,forward,direct,direct
C05:R:514,C05,离散数学,514,C05:K:128,knowledge,命题(合式)公式,C05:K:224,knowledge,范式,标准型,标准型,named,forward,direct,direct
C05:R:515,C05,离散数学,515,C05:K:441,knowledge,一阶逻辑公式,C05:K:510,knowledge,前束范式,标准型,标准型,named,forward,direct,direct
C05:R:609,C05,离散数学,609,C05:K:607,knowledge,二元关系,C05:K:522,knowledge,集合,有序对的集合,有序对的集合,named,forward,direct,direct
C05:R:784,C05,离散数学,784,C05:K:778,knowledge,n阶图,C05:K:770,knowledge,顶点,n个顶点,n个顶点,named,forward,direct,direct
C05:R:787,C05,离散数学,787,C05:K:780,knowledge,零图,C05:K:774,knowledge,无向边/有向边,没有边,没有边,named,forward,direct,direct
C05:R:790,C05,离散数学,790,C05:K:782,knowledge,平凡图,C05:K:780,knowledge,零图,1阶零图,1阶零图,named,forward,direct,direct
C05:R:946,C05,离散数学,946,C05:K:944,knowledge,空图,C05:K:770,knowledge,顶点,没有顶点,没有顶点,named,forward,direct,direct
C05:R:997,C05,离散数学,997,C05:K:989,knowledge,简单图,C05:K:993,knowledge,平行边,不含平行边不含环,不含平行边不含环,named,forward,direct,direct
C05:R:1056,C05,离散数学,1056,C05:K:1036,knowledge,通路(回路),C05:K:1054,knowledge,连通,存在通路,存在通路,named,forward,direct,direct
C05:R:1180,C05,离散数学,1180,C05:K:352,knowledge,主范式,C05:K:250,knowledge,主析取范式,,标签,unlabeled,forward,direct,direct
C05:R:1181,C05,离散数学,1181,C05:K:352,knowledge,主范式,C05:K:274,knowledge,主合取范式,,标签,unlabeled,forward,direct,direct
C05:R:1201,C05,离散数学,1201,C05:K:356,knowledge,与非联结词,C05:K:1199,knowledge,常见联结词全功能集,,标签,unlabeled,forward,direct,direct
C05:R:1202,C05,离散数学,1202,C05:K:358,knowledge,或非联结词,C05:K:1199,knowledge,常见联结词全功能集,,标签,unlabeled,forward,direct,direct
C05:R:1242,C05,离散数学,1242,C05:K:520,knowledge,子集合(子集),C05:K:1240,knowledge,集合相等,互为子集,互为子集,named,forward,direct,direct
C05:R:1251,C05,离散数学,1251,C05:K:526,knowledge,n元集,C05:K:528,knowledge,m元子集,,标签,unlabeled,both,direct,direct
C05:R:1260,C05,离散数学,1260,C05:K:612,knowledge,A到B的二元关系,C05:K:622,knowledge,A上的二元关系,A=B,A=B,named,forward,direct,direct
C05:R:1297,C05,离散数学,1297,C05:F:1296,floating_root,饱和点,C05:K:1294,knowledge,完美匹配,引出,引出,named,forward,direct,direct
C06:R:1637,C06,高级语言程序设计（C语言）,1637,C06:K:106,knowledge,循环语句循环语句和分支语句都会进行判断，判断值为真或者假，所以二者跟关系运算符和逻辑与算符有关 他们呢的判断结果都与真假有关 使用的循环语句经常与数组在一起,C06:K:128,knowledge,分支语句,相互套用,相互套用,named,forward,direct,direct
C06:R:1638,C06,高级语言程序设计（C语言）,1638,C06:K:106,knowledge,循环语句循环语句和分支语句都会进行判断，判断值为真或者假，所以二者跟关系运算符和逻辑与算符有关 他们呢的判断结果都与真假有关 使用的循环语句经常与数组在一起,C06:K:144,knowledge,break和continue语句,利用,利用,named,forward,direct,direct
C06:R:1639,C06,高级语言程序设计（C语言）,1639,C06:K:136,knowledge,switch语句,C06:K:148,knowledge,break语句break语句和continue语句功能相似 都是退出循环的操作 但是二者的范围不同,依赖,依赖,named,forward,direct,direct
C06:R:1640,C06,高级语言程序设计（C语言）,1640,C06:K:184,knowledge,数据类型,C06:K:196,knowledge,类型限定符,依赖,依赖,named,forward,direct,direct
C06:R:1641,C06,高级语言程序设计（C语言）,1641,C06:K:188,knowledge,char（字符型）,C06:K:190,knowledge,int（整形）,对应,对应,named,forward,direct,direct
C06:R:1642,C06,高级语言程序设计（C语言）,1642,C06:K:332,knowledge,字符常量,C06:K:352,knowledge,字符串常量,组成,组成,named,forward,direct,direct
C06:R:1643,C06,高级语言程序设计（C语言）,1643,C06:K:358,knowledge,符号常量(宏定义),C06:K:286,knowledge,typedef相比起宏定义的直接替换，typedef是对类型的封装,区别,区别,named,forward,direct,direct
C06:R:1644,C06,高级语言程序设计（C语言）,1644,C06:K:470,knowledge,结构体类型内存空间占用的不同。 结构体 同一时间 所有的域都可以用。 联合体 只有一个域可用。,C06:K:504,knowledge,联合类型,对立,对立,named,forward,direct,direct
C06:R:1645,C06,高级语言程序设计（C语言）,1645,C06:K:576,knowledge,关系操作符运算的结果是布尔值 并且二者可以结合在一起写,C06:K:620,knowledge,逻辑操作符,相似,相似,named,forward,direct,direct
C06:R:1646,C06,高级语言程序设计（C语言）,1646,C06:K:816,knowledge,指针（数组）指针（数组）的运算里面指针指向的是数组的首地址，也就是第一个字符的地址； 数组指针里面指针是指向的整个数组的地址,C06:K:860,knowledge,数组指针,区别,区别,named,forward,direct,direct
C07:R:1887,C07,数据结构,1887,C07:K:646,knowledge,分治算法的时间复杂度计算,C07:K:354,knowledge,快速排序,快速排序是内部排序中平均性能最优的排序算法O（nlog2n）,快速排序是内部排序中平均性能最优的排序算法O（nlog2n）,named,forward,direct,direct
C07:R:1889,C07,数据结构,1889,C07:K:294,chapter,排序,C07:K:616,knowledge,算法的复杂度,复杂度是各种排序算法优劣的重要指标,复杂度是各种排序算法优劣的重要指标,named,forward,direct,direct
C07:R:1890,C07,数据结构,1890,C07:K:706,knowledge,递归的优缺点,C07:K:1036,knowledge,二叉树的遍历,二叉树可递归与非递归遍历，当树的层次较深时他们的优缺点将会体现,二叉树可递归与非递归遍历，当树的层次较深时他们的优缺点将会体现,named,forward,direct,direct
C07:R:1891,C07,数据结构,1891,C07:K:700,knowledge,回溯法,C07:K:460,knowledge,深度优先,回溯法是一种递归的方法，它的基本思想与图的深度优先遍历类似,回溯法是一种递归的方法，它的基本思想与图的深度优先遍历类似,named,forward,direct,direct
C07:R:1903,C07,数据结构,1903,C07:K:752,chapter,队列（在操作系统中运用也非常广泛，例如数据缓冲区、CPU资源竞争等）,C07:K:1861,chapter,线性表（C语言中学习了结构体变量，结点需要用结构体变量来表示其不同的数据，它们有内在联系并且成组出现）,一端插入数据，另一端删除数据的特殊的线性表,一端插入数据，另一端删除数据的特殊的线性表,named,forward,direct,direct
C07:R:1904,C07,数据结构,1904,C07:K:716,chapter,栈,C07:K:1861,chapter,线性表（C语言中学习了结构体变量，结点需要用结构体变量来表示其不同的数据，它们有内在联系并且成组出现）,只允许一端插入数据和删除数据的特殊线性表,只允许一端插入数据和删除数据的特殊线性表,named,forward,direct,direct
C07:R:1905,C07,数据结构,1905,C07:K:768,knowledge,多次入队列、出队列操作后出现的尚有存储空间但不能进行入队列操作的溢出,C07:K:774,knowledge,循环队列,为了解决假溢出浪费空间现象引出了循环队列,为了解决假溢出浪费空间现象引出了循环队列,named,forward,direct,direct
C07:R:1906,C07,数据结构,1906,C07:K:724,knowledge,顺序栈,C07:K:660,chapter,递归（虽然在数据结构中没有重点讲解递归，但是在这门课中非常重要）,在递归调用过程中，需要开辟递归调用栈来进行数据存储,在递归调用过程中，需要开辟递归调用栈来进行数据存储,named,forward,direct,direct
C07:R:1907,C07,数据结构,1907,C07:K:752,chapter,队列（在操作系统中运用也非常广泛，例如数据缓冲区、CPU资源竞争等）,C07:K:1044,knowledge,层序,队列在层序遍历中运用,队列在层序遍历中运用,named,forward,direct,direct
C07:R:1908,C07,数据结构,1908,C07:K:716,chapter,栈,C07:K:1036,knowledge,二叉树的遍历,二叉树的多种操作中要依靠栈来实现,二叉树的多种操作中要依靠栈来实现,named,forward,direct,direct
C07:R:1883,C07,数据结构,1883,C07:K:102,chapter,B树,C07:K:200,knowledge,树结构,多路平衡查找树,多路平衡查找树,named,forward,direct,direct
C07:R:1888,C07,数据结构,1888,C07:K:1198,knowledge,搜索,C07:K:182,knowledge,顺序表,最坏情况为单支树，实际相当于顺序查找,最坏情况为单支树，实际相当于顺序查找,named,forward,direct,direct
C07:R:1892,C07,数据结构,1892,C07:K:1198,knowledge,搜索,C07:K:198,knowledge,平衡二叉树,最好情况为平衡二叉树,最好情况为平衡二叉树,named,forward,direct,direct
C07:R:1894,C07,数据结构,1894,C07:K:1148,knowledge,堆的应用,C07:K:806,knowledge,优先级队列,用堆实现优先级队列,用堆实现优先级队列,named,forward,direct,direct
C07:R:1895,C07,数据结构,1895,C07:K:1148,knowledge,堆的应用,C07:K:340,knowledge,堆排序,运用堆进行排序,运用堆进行排序,named,forward,direct,direct
C07:R:1764,C07,数据结构,1764,C07:K:462,knowledge,广度优先,C07:K:752,chapter,队列（在操作系统中运用也非常广泛，例如数据缓冲区、CPU资源竞争等）,广度优先搜索用队列实现,广度优先搜索用队列实现,named,forward,direct,direct
C07:R:1752,C07,数据结构,1752,C07:K:652,knowledge,递归算法的时间复杂度计算,C07:K:660,chapter,递归（虽然在数据结构中没有重点讲解递归，但是在这门课中非常重要）,分析递归函数，将问题转化为一个递归方程来求解,分析递归函数，将问题转化为一个递归方程来求解,named,forward,direct,direct
C07:R:1761,C07,数据结构,1761,C07:K:990,knowledge,满二叉树,C07:K:994,knowledge,完全二叉树,当且仅当其每个节点都与满二叉树的编号一样时，成为完全二叉树,当且仅当其每个节点都与满二叉树的编号一样时，成为完全二叉树,named,forward,direct,direct
C07:R:1729,C07,数据结构,1729,C07:K:994,knowledge,完全二叉树,C07:K:1116,chapter,堆（内存中的堆栈和数据结构堆栈不是一个概念，可以说内存中的堆栈是真实存在的物理区，数据结构中的堆栈是抽象的数据存储结构。）,堆必须是完全二叉树,堆必须是完全二叉树,named,forward,direct,direct
C07:R:1898,C07,数据结构,1898,C07:K:1843,knowledge,顺序表,C07:K:1896,knowledge,产生原因：顺序表插入删除需要移动大量元素,,标签,unlabeled,forward,direct,direct
C07:R:1899,C07,数据结构,1899,C07:K:1833,knowledge,单链表,C07:K:1879,knowledge,产生原因：单链表访问前驱结点时只能从头开始遍历,,标签,unlabeled,forward,direct,direct
C07:R:1900,C07,数据结构,1900,C07:K:1833,knowledge,单链表,C07:K:1869,knowledge,产生原因：单链表只能从开头遍历，而它可以从任何位置,,标签,unlabeled,forward,direct,direct
C08:R:2312,C08,计算机组成原理,2312,C08:K:110,knowledge,硬件,C08:K:134,knowledge,软件,对立,对立,named,forward,direct,direct
C09:R:1056,C09,操作系统,1056,C09:K:202,knowledge,进程,C09:K:204,knowledge,线程,一个进程可以拥有多个线程,一个进程可以拥有多个线程,named,forward,direct,direct
C09:R:1059,C09,操作系统,1059,C09:K:429,knowledge,必要条件,C09:K:439,knowledge,死锁预防,破坏必要条件,破坏必要条件,named,forward,direct,direct
C09:R:1060,C09,操作系统,1060,C09:K:333,knowledge,调度准则,C09:K:347,knowledge,调度算法,不同算法侧重不同的评价标准,不同算法侧重不同的评价标准,named,forward,direct,direct
C09:R:1061,C09,操作系统,1061,C09:K:202,knowledge,进程,C09:K:266,knowledge,与进程比较,,标签,unlabeled,forward,direct,direct
C09:R:1063,C09,操作系统,1063,C09:K:176,knowledge,中断机制,C09:K:178,knowledge,系统调用,陷入指令（自愿中断）,陷入指令（自愿中断）,named,forward,direct,direct
C09:R:1064,C09,操作系统,1064,C09:K:311,knowledge,三级调度,C09:K:347,knowledge,调度算法,不同算法用于不同调度类型,不同算法用于不同调度类型,named,forward,direct,direct
C09:R:1067,C09,操作系统,1067,C09:K:254,knowledge,共享存储,C09:K:258,knowledge,管道通信,管道可以看作共享存储的优化与发展,管道可以看作共享存储的优化与发展,named,forward,direct,direct
C09:R:1069,C09,操作系统,1069,C09:K:534,knowledge,基本分页存储管理,C09:K:588,knowledge,请求分页管理,,标签,unlabeled,forward,direct,direct
C09:R:1070,C09,操作系统,1070,C09:K:534,knowledge,基本分页存储管理,C09:K:538,knowledge,段页式管理方式,,标签,unlabeled,forward,direct,direct
C09:R:1071,C09,操作系统,1071,C09:K:536,knowledge,基本分段存储管理,C09:K:538,knowledge,段页式管理方式,,标签,unlabeled,forward,direct,direct
C09:R:1096,C09,操作系统,1096,C09:K:779,knowledge,文件分配方式,C09:K:815,knowledge,磁盘的结构,,标签,unlabeled,forward,direct,direct
C09:R:1097,C09,操作系统,1097,C09:K:731,knowledge,索引结点,C09:K:743,knowledge,基于索引节点的共享（硬链接）,,标签,unlabeled,forward,direct,direct
C09:R:1100,C09,操作系统,1100,C09:K:709,knowledge,逻辑结构文件本身角度,C09:K:779,knowledge,文件分配方式,,标签,unlabeled,forward,direct,direct
C09:R:1118,C09,操作系统,1118,C09:K:421,knowledge,产生原因,C09:K:423,knowledge,处理策略,,标签,unlabeled,forward,direct,direct
C09:R:1119,C09,操作系统,1119,C09:K:111,chapter,文件管理,C09:K:667,chapter,I/O管理,I/O对设备文件进行读写,I/O对设备文件进行读写,named,forward,direct,direct
C09:R:1122,C09,操作系统,1122,C09:K:107,chapter,进程管理,C09:K:109,chapter,内存管理,进程在内存中运行,进程在内存中运行,named,forward,direct,direct
C09:R:1126,C09,操作系统,1126,C09:K:206,knowledge,处理机调度,C09:K:1072,knowledge,临界资源,处理机也是临界资源,处理机也是临界资源,named,forward,direct,direct
C09:R:1127,C09,操作系统,1127,C09:K:1072,knowledge,临界资源,C09:K:419,knowledge,所谓死锁是指多个进程因竞争资源而造成的一种僵局,,标签,unlabeled,forward,direct,direct
C09:R:1131,C09,操作系统,1131,C09:K:818,knowledge,磁盘调度算法,C09:K:1105,knowledge,I/O调度,,标签,unlabeled,forward,direct,direct
C09:R:1142,C09,操作系统,1142,C09:K:319,knowledge,内存调度,C09:K:624,knowledge,页面置换算法,,标签,unlabeled,forward,direct,direct
C09:R:1147,C09,操作系统,1147,C09:K:107,chapter,进程管理,C09:K:111,chapter,文件管理,进程对文件进行操作,进程对文件进行操作,named,forward,direct,direct
C09:R:1173,C09,操作系统,1173,C09:K:967,knowledge,输入进程与输出进程,C09:K:965,knowledge,输入缓冲区与输出缓冲区,控制,控制,named,forward,direct,direct
C09:R:1174,C09,操作系统,1174,C09:K:967,knowledge,输入进程与输出进程,C09:K:963,knowledge,输入井与输出井,控制,控制,named,forward,direct,direct
C09:R:1185,C09,操作系统,1185,C09:K:737,knowledge,多级目录结构,C09:K:558,knowledge,多级页表,,标签,unlabeled,forward,direct,direct
C09:R:1186,C09,操作系统,1186,C09:K:813,knowledge,成组链接法,C09:K:737,knowledge,多级目录结构,,标签,unlabeled,forward,direct,direct
C09:R:1188,C09,操作系统,1188,C09:K:584,knowledge,虚拟内存,C09:F:1187,floating_root,计算机组成原理,,标签,unlabeled,forward,direct,direct
C09:R:1190,C09,操作系统,1190,C09:K:669,knowledge,文件,C09:F:1189,floating_root,数据结构,,标签,unlabeled,forward,direct,direct
C09:R:1192,C09,操作系统,1192,C09:K:669,knowledge,文件,C09:F:1191,floating_root,C语言,,标签,unlabeled,forward,direct,direct
C09:R:1194,C09,操作系统,1194,C09:K:667,chapter,I/O管理,C09:F:1193,floating_root,计算机组成原理,,标签,unlabeled,forward,direct,direct
C09:R:1196,C09,操作系统,1196,C09:K:101,course_root,操作系统,C09:F:1195,floating_root,嵌入式,,标签,unlabeled,forward,direct,direct
C09:R:1204,C09,操作系统,1204,C09:K:417,knowledge,死锁,C09:F:1203,floating_root,数据库,,标签,unlabeled,forward,direct,direct
C09:R:1212,C09,操作系统,1212,C09:K:556,knowledge,有快表,C09:F:1211,floating_root,计算机组成原理,,标签,unlabeled,forward,direct,direct
C09:R:1220,C09,操作系统,1220,C09:K:673,knowledge,磁盘,C09:F:1219,floating_root,计算机组成原理,,标签,unlabeled,forward,direct,direct
C10:R:162,C10,计算机网络,162,C10:K:148,knowledge,组成,C10:K:134,knowledge,网络协议,仅靠硬件无法保证网络运行,仅靠硬件无法保证网络运行,named,forward,direct,direct
C10:R:215,C10,计算机网络,215,C10:K:195,knowledge,运行网络应用程序,C10:K:209,knowledge,应用通信模型,,标签,unlabeled,forward,direct,direct
C10:R:278,C10,计算机网络,278,C10:K:187,knowledge,网络边缘,C10:K:189,knowledge,接入网络,通过,通过,named,forward,direct,direct
C10:R:279,C10,计算机网络,279,C10:K:189,knowledge,接入网络,C10:K:191,knowledge,网络核心,接入,接入,named,forward,direct,direct
C10:R:292,C10,计算机网络,292,C10:K:191,knowledge,网络核心,C10:K:122,knowledge,数据交换技术,实现,实现,named,forward,direct,direct
C10:R:353,C10,计算机网络,353,C10:K:295,knowledge,报文交换,C10:K:297,knowledge,分组交换,分组交换效率更高,分组交换效率更高,named,forward,direct,direct
C10:R:354,C10,计算机网络,354,C10:K:293,knowledge,电路交换,C10:K:297,knowledge,分组交换,分组交换更适合突发数据传输,分组交换更适合突发数据传输,named,forward,direct,direct
C10:R:429,C10,计算机网络,429,C10:K:405,knowledge,分层结构,C10:K:422,knowledge,具体模型,具体实例,具体实例,named,forward,direct,direct
C10:R:580,C10,计算机网络,580,C10:K:430,knowledge,OSI参考模型,C10:K:576,knowledge,5层参考模型,功能清晰,功能清晰,named,forward,direct,direct
C10:R:581,C10,计算机网络,581,C10:K:432,knowledge,TCP/IP参考模型,C10:K:576,knowledge,5层参考模型,有实际应用,有实际应用,named,forward,direct,direct
C10:R:690,C10,计算机网络,690,C10:K:634,knowledge,客户机/服务器,C10:K:638,knowledge,混合结构,,标签,unlabeled,forward,direct,direct
C10:R:691,C10,计算机网络,691,C10:K:636,knowledge,P2P,C10:K:638,knowledge,混合结构,,标签,unlabeled,forward,direct,direct
C10:R:1007,C10,计算机网络,1007,C10:K:968,knowledge,无状态,C10:K:1005,knowledge,Cookie技术,,标签,unlabeled,forward,direct,direct
C10:R:1246,C10,计算机网络,1246,C10:K:1138,knowledge,树状结构的 DNS 域名服务器,C10:K:1139,knowledge,本地域名服务器,不包括,不包括,named,forward,direct,direct
C10:R:1951,C10,计算机网络,1951,C10:K:2473,knowledge,接口,C10:K:2474,knowledge,IP地址,对应,对应,named,forward,direct,direct
C10:R:2796,C10,计算机网络,2796,C10:K:2484,knowledge,网络号,C10:K:2481,knowledge,IP子网,,标签,unlabeled,forward,direct,direct
C10:R:2801,C10,计算机网络,2801,C10:K:1881,knowledge,有类IP地址,C10:K:1880,knowledge,IP子网划分与子网掩码,,标签,unlabeled,forward,direct,direct
C10:R:2802,C10,计算机网络,2802,C10:K:1880,knowledge,IP子网划分与子网掩码,C10:K:2536,knowledge,无类域间路由（CIDR）,,标签,unlabeled,forward,direct,direct
C10:R:2803,C10,计算机网络,2803,C10:K:2547,knowledge,路由聚合,C10:K:2548,knowledge,路由聚合,,标签,unlabeled,forward,direct,direct
C10:R:2805,C10,计算机网络,2805,C10:K:2514,knowledge,私有IP地址,C10:K:1943,knowledge,网络地址转换（NAT）,,标签,unlabeled,forward,direct,direct
C10:R:2806,C10,计算机网络,2806,C10:K:1909,knowledge,距离向量路由算法,C10:K:1946,knowledge,路由信息协议（RIP）,应用,应用,named,forward,direct,direct
C10:R:2807,C10,计算机网络,2807,C10:K:1944,knowledge,层次化路由,C10:K:1948,knowledge,Internet路由,应用,应用,named,forward,direct,direct
C10:R:2808,C10,计算机网络,2808,C10:K:1913,knowledge,链路状态路由算法,C10:K:1947,knowledge,开放最短路径优先（OSFP）,应用,应用,named,forward,direct,direct
C10:R:3237,C10,计算机网络,3237,C10:K:3128,knowledge,信道划分MAC协议,C10:K:3094,knowledge,轮转访问MAC协议,,标签,unlabeled,forward,direct,direct
C10:R:3240,C10,计算机网络,3240,C10:K:3093,knowledge,随机访问MAC协议,C10:K:3094,knowledge,轮转访问MAC协议,,标签,unlabeled,forward,direct,direct
C10:R:4669,C10,计算机网络,4669,C10:K:4233,knowledge,基带传输基础,C10:K:4236,knowledge,频带传输,调制,调制,named,forward,direct,direct
C10:R:4670,C10,计算机网络,4670,C10:K:3719,knowledge,地址解析协议（ARP）,C10:K:1908,chapter,4.网络层,,标签,unlabeled,forward,direct,direct
C10:R:5670,C10,计算机网络,5670,C10:F:5658,floating_root,操作系统,C10:K:5654,knowledge,套接字,套接字是一种API,套接字是一种API,named,forward,direct,direct
C11:R:4128,C11,编译原理,4128,C11:K:4103,knowledge,规范归约的关键问题是寻找句柄,C11:K:4119,knowledge,LR分析方法,,标签,unlabeled,forward,direct,direct
C11:R:4296,C11,编译原理,4296,C11:K:4248,knowledge,LR(0)项目,C11:K:4278,knowledge,构造识别文法所有活前缀的DFA,状态,状态,named,forward,direct,direct
C11:R:4297,C11,编译原理,4297,C11:K:4280,knowledge,①构造识别文法所有活前缀的NFA,C11:K:4282,knowledge,②把识别文法所有活前缀的NFA确定化,,标签,unlabeled,forward,direct,direct
C11:R:4326,C11,编译原理,4326,C11:K:4278,knowledge,构造识别文法所有活前缀的DFA,C11:K:4311,knowledge,LR(0)项目集规范族,,标签,unlabeled,forward,direct,direct
C11:R:4373,C11,编译原理,4373,C11:K:4352,knowledge,项目集的闭包CLOSURE,C11:K:4363,knowledge,状态转换函数,,标签,unlabeled,forward,direct,direct
C11:R:4436,C11,编译原理,4436,C11:K:4400,knowledge,LR(0)文法,C11:K:4425,knowledge,SLR(1)分析法,当有移进-归约冲突时,当有移进-归约冲突时,named,forward,direct,direct
C11:R:4453,C11,编译原理,4453,C11:K:4442,knowledge,p,C11:K:4447,knowledge,按上述方法构造出的ACTION与GOTO表如果不含多重入口，则称该文法为SLR(1)文法,,标签,unlabeled,forward,direct,direct
C11:R:4464,C11,编译原理,4464,C11:K:4445,knowledge,SLR(1)文法,C11:K:4459,knowledge,SLR冲突消解存在的问题,FOLLOW集合不够精确,FOLLOW集合不够精确,named,forward,direct,direct
C11:R:4489,C11,编译原理,4489,C11:K:4468,knowledge,LR(k)项目,C11:K:4484,knowledge,有效项目,,标签,unlabeled,forward,direct,direct
C11:R:4527,C11,编译原理,4527,C11:K:4520,knowledge,p,C11:K:4525,knowledge,按上述算法构造的分析表，若不存在多重定义的入口(即，动作冲突)的情形，则称它是文法G的一张规范的LR(1)分析表,,标签,unlabeled,forward,direct,direct
C11:R:4727,C11,编译原理,4727,C11:K:4711,knowledge,通过树遍历的方法计算属性的值p,C11:K:4716,knowledge,树遍历算法,,标签,unlabeled,forward,direct,direct
C11:R:4743,C11,编译原理,4743,C11:K:4737,knowledge,所采用的语法分析方法,C11:K:4739,knowledge,属性的计算次序,确定,确定,named,forward,direct,direct
C11:R:4825,C11,编译原理,4825,C11:ANCH:4819,structural_anchor,无文字结构节点 4819,C11:ANCH:4822,structural_anchor,无文字结构节点 4822,具体实现,具体实现,named,forward,anchor,anchor
C11:R:4826,C11,编译原理,4826,C11:ANCH:4822,structural_anchor,无文字结构节点 4822,C11:ANCH:4816,structural_anchor,无文字结构节点 4816,操作分析栈,操作分析栈,named,forward,direct,anchor
C11:R:4862,C11,编译原理,4862,C11:K:4733,knowledge,一遍扫描,C11:K:4787,knowledge,S-属性文法一遍扫描的自下而上分析,实现,实现,named,forward,direct,direct
C11:R:4863,C11,编译原理,4863,C11:K:4733,knowledge,一遍扫描,C11:K:4789,knowledge,L-属性文法一遍扫描的自上而下分析,实现,实现,named,forward,direct,direct
C11:R:4864,C11,编译原理,4864,C11:K:4789,knowledge,L-属性文法一遍扫描的自上而下分析,C11:K:4791,knowledge,翻译模式,,标签,unlabeled,forward,direct,direct
C11:R:4865,C11,编译原理,4865,C11:K:4791,knowledge,翻译模式,C11:K:4793,knowledge,递归下降翻译器的设计,,标签,unlabeled,forward,direct,direct
C11:R:4910,C11,编译原理,4910,C11:ANCH:4904,structural_anchor,无文字结构节点 4904,C11:ANCH:4907,structural_anchor,无文字结构节点 4907,转换,转换,named,forward,anchor,anchor
C11:R:5214,C11,编译原理,5214,C11:K:5169,knowledge,三地址语句——三元式,C11:K:5192,knowledge,三地址语句——间接三元式,改进,改进,named,forward,direct,direct
C11:R:5422,C11,编译原理,5422,C11:K:5215,knowledge,赋值语句的翻译,C11:K:5217,knowledge,数组元素引用的翻译,拓展,拓展,named,forward,direct,direct
C11:R:5423,C11,编译原理,5423,C11:K:5217,knowledge,数组元素引用的翻译,C11:K:5221,knowledge,类型转换,拓展,拓展,named,forward,direct,direct
C11:R:5499,C11,编译原理,5499,C11:K:5225,knowledge,按数值表示法翻译布尔表达式,C11:K:5227,knowledge,带优化翻译布尔表达式,计算部分即可得到结果,计算部分即可得到结果,named,forward,direct,direct
C11:R:5563,C11,编译原理,5563,C11:K:5561,knowledge,一遍扫描,C11:K:5430,knowledge,一遍扫描实现布尔表达式的翻译,,标签,unlabeled,forward,direct,direct
C11:R:5597,C11,编译原理,5597,C11:K:5587,knowledge,问题,C11:K:5595,knowledge,解决,,标签,unlabeled,forward,direct,direct
C11:R:5628,C11,编译原理,5628,C11:K:5621,knowledge,为了与自下而上分析的一遍扫描相结合,C11:ANCH:5623,structural_anchor,无文字结构节点 5623,改造,改造,named,forward,direct,anchor
C11:R:6417,C11,编译原理,6417,C11:K:6050,knowledge,嵌套过程语言的动态存储管理——静态链接法,C11:K:6052,knowledge,嵌套过程语言的动态存储管理——Display表方法,更高效,更高效,named,forward,direct,direct
C11:R:6823,C11,编译原理,6823,C11:K:6808,knowledge,删除归纳变量,C11:K:6798,knowledge,强度消弱,依赖,依赖,named,forward,direct,direct
C11:R:8135,C11,编译原理,8135,C11:K:1234,knowledge,编译程序总框,C11:K:1238,knowledge,编译前端与后端,划分,划分,named,forward,direct,direct
C11:R:8139,C11,编译原理,8139,C11:K:905,knowledge,编译程序的结构,C11:K:1124,knowledge,五个阶段,依据,依据,named,forward,direct,direct
C11:R:8140,C11,编译原理,8140,C11:K:1370,knowledge,语法,C11:K:1372,knowledge,语义,形式与内容,形式与内容,named,forward,direct,direct
C11:R:8147,C11,编译原理,8147,C11:K:1703,knowledge,表达式,C11:K:1747,knowledge,语句,构成,构成,named,forward,direct,direct
C11:R:8152,C11,编译原理,8152,C11:K:2024,knowledge,最左推导和最右推导,C11:K:2043,knowledge,语法树,抽象,抽象,named,forward,direct,direct
C11:R:8162,C11,编译原理,8162,C11:K:2378,knowledge,状态转换图的实现,C11:K:2460,knowledge,词法分析器的实现,依据,依据,named,forward,direct,direct
C11:R:8163,C11,编译原理,8163,C11:K:2460,knowledge,词法分析器的实现,C11:K:2483,knowledge,将状态图的代码一般化,一般化,一般化,named,forward,direct,direct
C11:R:8167,C11,编译原理,8167,C11:K:2503,knowledge,非确定有限自动机,C11:K:2577,knowledge,确定有限自动机,DFA是NFA的特例NFA可以转化为DFA,DFA是NFA的特例NFA可以转化为DFA,named,forward,direct,direct
C11:R:7407,C11,编译原理,7407,C11:K:3280,knowledge,间接左递归的消除,C11:K:3252,knowledge,直接左递归的消除,可以转换成,可以转换成,named,forward,direct,direct
C11:R:7408,C11,编译原理,7408,C11:K:3324,knowledge,FIRST集合,C11:K:3354,knowledge,FOLLOW集合,何时选择ε 候选,何时选择ε 候选,named,forward,direct,direct
C11:R:7412,C11,编译原理,7412,C11:K:3237,knowledge,自上而下分析面临的问题,C11:K:7409,knowledge,解决办法,,标签,unlabeled,forward,direct,direct
C11:R:7414,C11,编译原理,7414,C11:K:3345,knowledge,提取公共左因子,C11:K:3343,knowledge,作用,目的,目的,named,forward,direct,direct
C11:R:7415,C11,编译原理,7415,C11:K:3635,knowledge,语法图,C11:K:3640,knowledge,设计递归下降分析程序,依据,依据,named,forward,direct,direct
C11:R:7420,C11,编译原理,7420,C11:K:3841,knowledge,算符文法,C11:K:3843,knowledge,算符优先文法,引出,引出,named,forward,direct,direct
C11:R:7421,C11,编译原理,7421,C11:K:3830,knowledge,运算的优先级,C11:K:3832,knowledge,优先关系,抽象,抽象,named,forward,direct,direct
C11:R:7424,C11,编译原理,7424,C11:K:7422,knowledge,FIRSTVT和LASTVT集合,C11:K:3882,knowledge,构造优先关系表的算法,用途,用途,named,forward,direct,direct
C11:R:7425,C11,编译原理,7425,C11:K:3788,knowledge,识别可归约串,C11:K:3752,knowledge,短语与直接短语,可归约串首先是短语,可归约串首先是短语,named,forward,direct,direct
C11:R:7428,C11,编译原理,7428,C11:K:3978,knowledge,算符优先分析算法,C11:K:3961,knowledge,最左素短语定理,依据,依据,named,forward,direct,direct
C11:R:7430,C11,编译原理,7430,C11:K:3799,knowledge,算符优先分析算法,C11:K:3797,knowledge,构造优先关系表,基础,基础,named,forward,direct,direct
C11:R:7435,C11,编译原理,7435,C11:K:4072,knowledge,规范归约,C11:K:4067,knowledge,用句柄归约,每步都是,每步都是,named,forward,direct,direct
C11:R:7436,C11,编译原理,7436,C11:K:4129,knowledge,LR分析表,C11:K:4101,knowledge,LR文法,入口唯一,入口唯一,named,forward,direct,direct
C11:R:7437,C11,编译原理,7437,C11:K:4872,knowledge,语义规则,C11:K:4874,knowledge,翻译模式,细节,细节,named,forward,direct,direct
C11:R:7438,C11,编译原理,7438,C11:K:4789,knowledge,L-属性文法一遍扫描的自上而下分析,C11:K:4787,knowledge,S-属性文法一遍扫描的自下而上分析,特例,特例,named,forward,direct,direct
C11:R:7440,C11,编译原理,7440,C11:K:4971,knowledge,递归下降分析器的设计,C11:K:4980,knowledge,递归下降翻译器的设计,拓展,拓展,named,forward,direct,direct
C12:R:2466,C12,数据库,2466,C12:K:226,knowledge,网状模型,C12:K:208,knowledge,层次模型,克服层次模型非层次性联系的限制,克服层次模型非层次性联系的限制,named,forward,direct,direct
C12:R:2467,C12,数据库,2467,C12:K:393,knowledge,候选码,C12:K:387,knowledge,主码,从候选码中选出,从候选码中选出,named,forward,direct,direct
C12:R:2468,C12,数据库,2468,C12:K:451,knowledge,查询,C12:K:461,knowledge,包含,查询操作包含,查询操作包含,named,forward,direct,direct
C12:R:2469,C12,数据库,2469,C12:K:341,knowledge,关系数据库关系数据库，是建立在关系数据库模型基础上的数据库，借助于集合代数等概念和方法来处理数据库中的数据,C12:K:242,knowledge,关系模型,关系数据库系统采用关系模型作为数据的组织方式,关系数据库系统采用关系模型作为数据的组织方式,named,forward,direct,direct
C12:R:2472,C12,数据库,2472,C12:K:567,knowledge,目录,C12:K:577,knowledge,SQL环境,目录、模式是SQL环境的一部分,目录、模式是SQL环境的一部分,named,forward,direct,direct
C12:R:2474,C12,数据库,2474,C12:K:603,knowledge,CREATE SCHEMA [<模式名>] AUTHORIZATION <用户名>[<模式元素>…],C12:K:601,knowledge,CREATE SCHEMA <模式名> [<模式元素>…],区别： 前者未向任何用户授权 后者授权指定用户,区别： 前者未向任何用户授权 后者授权指定用户,named,forward,direct,direct
C12:R:2475,C12,数据库,2475,C12:K:693,knowledge,索引的删除,C12:K:673,knowledge,索引的创建,对应关系,对应关系,named,forward,direct,direct
C12:R:2476,C12,数据库,2476,C12:K:730,knowledge,WHERE子句常用查询条件,C12:K:758,knowledge,聚焦函数,WHERE子句不能用聚集函数作为条件表达式,WHERE子句不能用聚集函数作为条件表达式,named,forward,direct,direct
C12:R:2477,C12,数据库,2477,C12:K:880,knowledge,操作包含,C12:K:864,knowledge,WITH CHECK OPTION表示视图是可更新的,对视图进行UPDATE、INSERT、DELETE操作需要满足视图定义的谓词条件,对视图进行UPDATE、INSERT、DELETE操作需要满足视图定义的谓词条件,named,forward,direct,direct
C12:R:2478,C12,数据库,2478,C12:K:824,knowledge,基于派生表的查询,C12:K:856,knowledge,SQL视图,区别：派生表在语句执行时临时定义，语句执行后删除，视图定义永久保存在数据字典中,区别：派生表在语句执行时临时定义，语句执行后删除，视图定义永久保存在数据字典中,named,forward,direct,direct
C12:R:2479,C12,数据库,2479,C12:K:956,knowledge,实体完整性,C12:FI:2399,floating_item,进行违约处理,DBMS自动检查是否违反实体完整性约束,DBMS自动检查是否违反实体完整性约束,named,forward,direct,direct
C12:R:2482,C12,数据库,2482,C12:K:1243,knowledge,敏感度标记,C12:K:1227,knowledge,MAC中DBMS管理的实体,DBMS为主客体指派敏感度标记,DBMS为主客体指派敏感度标记,named,forward,direct,direct
C12:R:2483,C12,数据库,2483,C12:K:908,knowledge,完整性功能：防止数据库中存在不符合语义的数据，也就是防止数据库中存在不正确的数据防范对象：不合语义的、不正确的数据,C12:F:2392,floating_root,数据库管理系统DBMS,要求,要求,named,forward,direct,direct
C12:R:2484,C12,数据库,2484,C12:K:1843,knowledge,概念结构设计整个数据库设计的关键通过对用户需求进行综合、归纳与抽象，形成一个独立于具体DBMS的概念模型,C12:K:1895,knowledge,逻辑结构设计将概念结构转换为某个 DBMS 所支持的数据模型，对其进行优化,设计好的基本E-R图转换为适合的逻辑结构,设计好的基本E-R图转换为适合的逻辑结构,named,forward,direct,direct
C12:R:2485,C12,数据库,2485,C12:K:1895,knowledge,逻辑结构设计将概念结构转换为某个 DBMS 所支持的数据模型，对其进行优化,C12:K:1945,knowledge,物理结构设计运用 DBMS 提供的数据库语言（如 SQL ）及宿主语言，根据逻辑设计和物理设计的结果,为给定的逻辑数据模型选取最适合应用要求的物理结构,为给定的逻辑数据模型选取最适合应用要求的物理结构,named,forward,direct,direct
C12:R:2486,C12,数据库,2486,C12:K:1945,knowledge,物理结构设计运用 DBMS 提供的数据库语言（如 SQL ）及宿主语言，根据逻辑设计和物理设计的结果,C12:K:1999,knowledge,数据库的实施和维护在数据库系统运行过程中必须不断地对其进行评价、调整与修改,完成数据库物理设计后，对数据库进行编译调试，组织数据入库,完成数据库物理设计后，对数据库进行编译调试，组织数据入库,named,forward,direct,direct
C12:R:2487,C12,数据库,2487,C12:K:2051,knowledge,候选码,C12:K:2067,knowledge,主码,候选码多于一个时，选择其中一个为主码,候选码多于一个时，选择其中一个为主码,named,forward,direct,direct
C12:R:2488,C12,数据库,2488,C12:K:2015,knowledge,数据冗余,C12:K:2009,knowledge,数据依赖,依赖和冗余密不可分,依赖和冗余密不可分,named,forward,direct,direct
C12:R:2489,C12,数据库,2489,C12:SUM:2389,summary_block,命名块,C12:K:2355,knowledge,命名块,,,unlabeled,forward,direct,direct
C12:R:2490,C12,数据库,2490,C12:K:2344,knowledge,过程化SQL,C12:K:2225,knowledge,嵌入式SQLSQL语言是非过程性语言，事务处理应用需要高级语言，在程序设计的环境下SQL语句需要某些必要的扩充,嵌入式SQL将SQL语句嵌入程序语言设计，过程化SQL是对SQL的扩展，增加了过程化语句功能,嵌入式SQL将SQL语句嵌入程序语言设计，过程化SQL是对SQL的扩展，增加了过程化语句功能,named,forward,direct,direct
C12:R:2491,C12,数据库,2491,C12:K:2312,knowledge,游标,C12:K:2338,knowledge,使用游标的SQL语句,使用游标,使用游标,named,forward,direct,direct
C12:R:2492,C12,数据库,2492,C12:K:2308,knowledge,问题,C12:K:2312,knowledge,游标,一个SQL语句得到的结果可能是多个记录，而主语言没有办法一次处理多个记录,一个SQL语句得到的结果可能是多个记录，而主语言没有办法一次处理多个记录,named,forward,direct,direct
C12:R:2493,C12,数据库,2493,C12:K:2300,knowledge,SQL语句,C12:K:2306,knowledge,对输入主变量赋值,引用,引用,named,forward,direct,direct
C12:R:2494,C12,数据库,2494,C12:K:2302,knowledge,对输出主变量赋值或设置状态信息,C12:K:2304,knowledge,应用程序,返回,返回,named,forward,direct,direct
C12:R:2495,C12,数据库,2495,C12:K:2292,knowledge,指示变量,C12:K:2288,knowledge,主语言变量说明,指示所指主变量的值或条件,指示所指主变量的值或条件,named,forward,direct,direct
C12:R:2496,C12,数据库,2496,C12:K:1541,knowledge,故障的种类,C12:K:1615,knowledge,恢复策略,针对故障的恢复策略,针对故障的恢复策略,named,forward,direct,direct
C12:R:2497,C12,数据库,2497,C12:K:1615,knowledge,恢复策略,C12:K:1598,knowledge,登记日志文件,搜索日志，确定需要REDO、UNDO的事务,搜索日志，确定需要REDO、UNDO的事务,named,forward,direct,direct
C12:R:2498,C12,数据库,2498,C12:K:1615,knowledge,恢复策略,C12:K:1623,knowledge,具有检查点的恢复技术,提高恢复效率,提高恢复效率,named,forward,direct,direct
C12:R:2499,C12,数据库,2499,C12:K:1623,knowledge,具有检查点的恢复技术,C12:K:1598,knowledge,登记日志文件,在日志文件中增加新的记录——检查点记录,在日志文件中增加新的记录——检查点记录,named,forward,direct,direct
C12:R:2500,C12,数据库,2500,C12:K:1539,knowledge,数据库恢复概述,C12:F:2401,floating_root,数据库安全性、完整性,当数据库安全性完整性被破坏时，需要数据库恢复正确状态,当数据库安全性完整性被破坏时，需要数据库恢复正确状态,named,forward,direct,direct
C12:R:2501,C12,数据库,2501,C12:K:1513,knowledge,并发执行,C12:K:1529,knowledge,ACID特性,可能破坏事务ACID特性,可能破坏事务ACID特性,named,forward,direct,direct
C12:R:2506,C12,数据库,2506,C12:SUM:1678,summary_block,防止,C12:F:2408,floating_root,并发执行可能的问题,,,unlabeled,forward,direct,direct
C12:R:2507,C12,数据库,2507,C12:K:1631,knowledge,封锁,C12:K:1679,knowledge,活锁与死锁,封锁可能导致活锁或者死锁,封锁可能导致活锁或者死锁,named,forward,direct,direct
C12:R:2509,C12,数据库,2509,C12:K:1555,knowledge,冗余,C12:F:2416,floating_root,冗余,数据库中问题数据可以根据系统别处的冗余数据重建,数据库中问题数据可以根据系统别处的冗余数据重建,named,forward,direct,direct
C12:R:2510,C12,数据库,2510,C12:K:1723,knowledge,两段锁协议,C12:K:1709,knowledge,并发调度可串行性,实现并发调度的可串行性,实现并发调度的可串行性,named,forward,direct,direct
C12:R:2511,C12,数据库,2511,C12:K:1723,knowledge,两段锁协议,C12:F:2417,floating_root,事务,事务遵守两端锁协议是可串行化调度的充分条件,事务遵守两端锁协议是可串行化调度的充分条件,named,forward,direct,direct
C12:R:2512,C12,数据库,2512,C12:K:1745,knowledge,封锁粒度越大,C12:K:1739,knowledge,考虑因素,并发度和开销越小,并发度和开销越小,named,forward,direct,direct
C12:R:2513,C12,数据库,2513,C12:K:1747,knowledge,封锁粒度越小,C12:K:1739,knowledge,考虑因素,并发度和开销越大,并发度和开销越大,named,forward,direct,direct
C12:R:2517,C12,数据库,2517,C12:SUM:1466,summary_block,检查,C12:F:2426,floating_root,数据字典,,,unlabeled,forward,direct,direct
C12:R:4002,C12,数据库,4002,C12:K:4077,knowledge,实体,C12:K:4086,knowledge,实体集,实体集是具有相同属性的实体的集合,实体集是具有相同属性的实体的集合,named,forward,direct,direct
C12:R:4003,C12,数据库,4003,C12:K:4097,knowledge,超码,C12:K:4095,knowledge,码,超码是码的超集,超码是码的超集,named,forward,direct,direct
C12:R:4004,C12,数据库,4004,C12:K:4119,knowledge,联系集,C12:K:4112,knowledge,实体之间的联系,是相同类型联系的集合,是相同类型联系的集合,named,forward,direct,direct
C12:R:4005,C12,数据库,4005,C12:K:4140,knowledge,强实体集,C12:K:4130,knowledge,弱实体集,对应,对应,named,forward,direct,direct
C12:R:4006,C12,数据库,4006,C12:K:4143,knowledge,标识实体集,C12:K:4130,knowledge,弱实体集,标识性联系,标识性联系,named,forward,direct,direct
C12:R:3649,C12,数据库,3649,C12:K:597,knowledge,模式的定义,C12:K:605,knowledge,模式的删除,先后,先后,named,forward,direct,direct
C12:R:3656,C12,数据库,3656,C12:K:615,knowledge,基本表,C12:K:563,knowledge,模式,每个基本表属于一个模式，一个模式包含多个基本表,每个基本表属于一个模式，一个模式包含多个基本表,named,forward,direct,direct
C12:R:3676,C12,数据库,3676,C12:B:3675,boundary_group,,C12:FI:3931,floating_item,B+树,B+树索引将索引组织为B+树的形式,B+树索引将索引组织为B+树的形式,named,forward,group,direct
C12:R:3677,C12,数据库,3677,C12:K:491,knowledge,关系数据库标准语言SQL,C12:K:701,knowledge,数据字典,DBMS执行SQL数据定义语句时，实际更新数据字典表中相应信息,DBMS执行SQL数据定义语句时，实际更新数据字典表中相应信息,named,forward,direct,direct
C12:R:3701,C12,数据库,3701,C12:K:800,knowledge,内层查询/子查询,C12:K:824,knowledge,基于派生表的查询,子查询在FROM语句中时生成临时派生表,子查询在FROM语句中时生成临时派生表,named,forward,direct,direct
C12:R:3730,C12,数据库,3730,C12:K:1679,knowledge,活锁与死锁,C12:F:3727,floating_root,操作系统,类似,类似,named,forward,direct,direct
C12:R:3736,C12,数据库,3736,C12:K:1497,knowledge,事务基本概念,C12:K:1627,knowledge,并发控制,事务是并发控制的基本单位,事务是并发控制的基本单位,named,forward,direct,direct
C12:R:3741,C12,数据库,3741,C12:B:3739,boundary_group,,C12:F:3740,floating_root,数据库完整性,破坏,破坏,named,forward,group,direct
C12:R:3744,C12,数据库,3744,C12:B:3743,boundary_group,,C12:K:1852,knowledge,混合策略,包含自顶向下和自底向上,包含自顶向下和自底向上,named,forward,group,direct
C12:R:3751,C12,数据库,3751,C12:K:1455,knowledge,查询检查,C12:K:1467,knowledge,查询优化,查询树,查询树,named,forward,direct,direct
C12:R:3767,C12,数据库,3767,C12:K:1773,knowledge,数据库设计,C12:F:3754,floating_root,p,设计步骤,设计步骤,named,forward,direct,direct
C12:R:3783,C12,数据库,3783,C12:K:2189,knowledge,保持函数依赖的分解,C12:K:2177,knowledge,保持无损连接的分解,基本要求：无损连接性,基本要求：无损连接性,named,forward,direct,direct
C12:R:3818,C12,数据库,3818,C12:K:3810,knowledge,3NF的无损连接与依赖保持分解,C12:K:3802,knowledge,3NF的保持依赖性分解算法,先进行保持依赖性分解再进行无损连接分解,先进行保持依赖性分解再进行无损连接分解,named,forward,direct,direct
C12:R:3836,C12,数据库,3836,C12:K:3826,knowledge,关系模式存在的问题,C12:K:2009,knowledge,数据依赖,模式中的不合理的数据依赖导致问题,模式中的不合理的数据依赖导致问题,named,forward,direct,direct
C12:R:3613,C12,数据库,3613,C12:K:288,knowledge,数据库系统三级模式结构,C12:K:314,knowledge,数据库二级映像功能,三级模式是对数据三个抽象级别，二级映象在DBMS内部实现这三个 抽象层次的联系和转换,三级模式是对数据三个抽象级别，二级映象在DBMS内部实现这三个 抽象层次的联系和转换,named,forward,direct,direct
C12:R:3732,C12,数据库,3732,C12:K:908,knowledge,完整性功能：防止数据库中存在不符合语义的数据，也就是防止数据库中存在不正确的数据防范对象：不合语义的、不正确的数据,C12:K:1107,knowledge,安全性功能：保护数据库防止恶意的破坏和非法的存取防范对象：非法用户和非法操作,完整性和安全性属于SQL数据控制部分,完整性和安全性属于SQL数据控制部分,named,forward,direct,direct
C12:R:3745,C12,数据库,3745,C12:K:2007,knowledge,关系数据理论介绍关系数据库的基本概念、关系模型、关系数据库的标准语言SQL后，针对具体问题，构造合适的数据库模式，形成数据库逻辑设计的工具——关系数据库的规范化理论。,C12:K:1773,knowledge,数据库设计,规范化理论为数据库设计提供了理论的指南和工具,规范化理论为数据库设计提供了理论的指南和工具,named,forward,direct,direct
C12:R:3746,C12,数据库,3746,C12:K:1803,knowledge,需求分析准确了解与分析用户需求,C12:K:1843,knowledge,概念结构设计整个数据库设计的关键通过对用户需求进行综合、归纳与抽象，形成一个独立于具体DBMS的概念模型,将需求分析得到的用户需求抽象为信息结构即概念模型的过程就是概念结构设计,将需求分析得到的用户需求抽象为信息结构即概念模型的过程就是概念结构设计,named,forward,direct,direct
C12:R:3752,C12,数据库,3752,C12:K:1771,chapter,数据库设计与应用开发,C12:F:3750,floating_root,软件工程,数据库开发流程与软件开发周期紧密相关，数据库是存放数据的介子，而软件是功能和可视的界面。两者开发流程也有不同,数据库开发流程与软件开发周期紧密相关，数据库是存放数据的介子，而软件是功能和可视的界面。两者开发流程也有不同,named,forward,direct,direct
C12:R:3765,C12,数据库,3765,C12:K:2017,knowledge,规范化规范化基本思想是逐步消除依赖中不合适的部分，通过对关系模式分解，把低一级的关系模式分解为若干高一级的关系模式。,C12:F:3764,floating_root,离散数学,,标签,unlabeled,forward,direct,direct
C12:R:3923,C12,数据库,3923,C12:K:1147,knowledge,安全性保护手段,C12:F:3918,floating_root,网络安全,数据库中安全性与网络安全的身份认证相关，数据库审计与网络安全审计对象不同，安全性保护手段与网安中相近,数据库中安全性与网络安全的身份认证相关，数据库审计与网络安全审计对象不同，安全性保护手段与网安中相近,named,forward,direct,direct
C12:R:3924,C12,数据库,3924,C12:K:3665,knowledge,散列（HASH）索引,C12:FI:3927,floating_item,散列函数,散列索引建立若干个桶，将索引属性按照散列函数值映射到相应桶中,散列索引建立若干个桶，将索引属性按照散列函数值映射到相应桶中,named,forward,direct,direct
C12:R:3948,C12,数据库,3948,C12:K:459,knowledge,关系代数的运算,C12:F:3940,floating_root,离散数学,关系代数的运算中二目运算与关系运算与离散数学表示方法不同，且运算在数据库中有专有形式,关系代数的运算中二目运算与关系运算与离散数学表示方法不同，且运算在数据库中有专有形式,named,forward,direct,direct
C12:R:3954,C12,数据库,3954,C12:ANCH:338,structural_anchor,无文字结构节点 338,C12:F:3951,floating_root,分布式数据库,关系数据库系统结构三级模式二级映像与分布式数据库不同,关系数据库系统结构三级模式二级映像与分布式数据库不同,named,forward,anchor,direct
C12:R:3955,C12,数据库,3955,C12:K:208,knowledge,层次模型,C12:F:3600,floating_root,数据结构,层次模型的数据结构是树,层次模型的数据结构是树,named,forward,direct,direct
C12:R:3956,C12,数据库,3956,C12:K:226,knowledge,网状模型,C12:F:3600,floating_root,数据结构,网状模型的数据结构是图,网状模型的数据结构是图,named,forward,direct,direct
C12:R:3963,C12,数据库,3963,C12:K:2023,knowledge,函数依赖,C12:F:3959,floating_root,离散数学,函数依赖与离散数学映射概念相对应,函数依赖与离散数学映射概念相对应,named,forward,direct,direct
C12:R:3971,C12,数据库,3971,C12:K:1773,knowledge,数据库设计,C12:F:3964,floating_root,分布式数据库,分布式数据库在数据库设计的基础上添加分片和分布设计,分布式数据库在数据库设计的基础上添加分片和分布设计,named,forward,direct,direct
C12:R:3975,C12,数据库,3975,C12:K:2236,knowledge,C语言,C12:F:2406,floating_root,C语言程序设计,C语言可作为嵌入式SQL的主语言,C语言可作为嵌入式SQL的主语言,named,forward,direct,direct
C12:R:3976,C12,数据库,3976,C12:K:1449,knowledge,查询分析,C12:F:3702,floating_root,编译原理,两个科目内名字相同而实际方法不同，数据库识别语言符号、进行语法检查和语法分析,两个科目内名字相同而实际方法不同，数据库识别语言符号、进行语法检查和语法分析,named,forward,direct,direct
C12:R:3979,C12,数据库,3979,C12:K:1453,knowledge,语法分析,C12:K:491,knowledge,关系数据库标准语言SQL,检查SQL语法是否正确,检查SQL语法是否正确,named,forward,direct,direct
C12:R:3981,C12,数据库,3981,C12:K:1631,knowledge,封锁,C12:F:3980,floating_root,分布式数据库,分布式锁在关系数据库锁基础上，解决多个进程同时操作同一资源的问题（其余锁的知识相近）,分布式锁在关系数据库锁基础上，解决多个进程同时操作同一资源的问题（其余锁的知识相近）,named,forward,direct,direct
C12:R:3987,C12,数据库,3987,C12:K:1509,knowledge,事务的执行方式,C12:FI:3985,floating_item,分布式事务,分布式事务解决多个数据库的一致性问题，而关系数据库事务解决多张表一致性问题,分布式事务解决多个数据库的一致性问题，而关系数据库事务解决多张表一致性问题,named,forward,direct,direct
C12:R:3999,C12,数据库,3999,C12:K:1629,knowledge,实现并发控制技术,C12:F:3995,floating_root,分布式数据库,分布式数据库的加锁机制在关系数据库基础之上，并且拥有时标机制,分布式数据库的加锁机制在关系数据库基础之上，并且拥有时标机制,named,forward,direct,direct
C12:R:4154,C12,数据库,4154,C12:K:3870,knowledge,关系查询处理和查询优化,C12:F:4000,floating_root,分布式数据库,分布式数据库查询处理在关系数据库基础之上,分布式数据库查询处理在关系数据库基础之上,named,forward,direct,direct
C13:R:1147,C13,分布式数据库,1147,C13:K:104,knowledge,1.1分布式数据库的产生和定义,C13:K:116,knowledge,站点,组成,组成,named,forward,direct,direct
C13:R:1148,C13,分布式数据库,1148,C13:K:120,knowledge,本地用户、本地应用,C13:K:124,knowledge,全局用户、应用,对立,对立,named,forward,direct,direct
C13:R:1151,C13,分布式数据库,1151,C13:K:128,knowledge,全局数据库,C13:K:124,knowledge,全局用户、应用,对应,对应,named,forward,direct,direct
C13:R:1152,C13,分布式数据库,1152,C13:K:130,knowledge,局部数据库,C13:K:128,knowledge,全局数据库,组成,组成,named,forward,direct,direct
C13:R:1153,C13,分布式数据库,1153,C13:K:144,knowledge,数据的物理独立性丰富，增加了数据分布的透明性,C13:K:142,knowledge,数据分布透明性透明性依赖的是数据的物理独立性,依赖,依赖,named,forward,direct,direct
C13:R:1154,C13,分布式数据库,1154,C13:K:148,knowledge,局部数据共享,C13:K:146,knowledge,集中和自治兼备的数据库系统控制机制，实现了两个层次的数据共享,对应,对应,named,forward,direct,direct
C13:R:1155,C13,分布式数据库,1155,C13:K:150,knowledge,全局数据共享,C13:K:146,knowledge,集中和自治兼备的数据库系统控制机制，实现了两个层次的数据共享,对应,对应,named,forward,direct,direct
C13:R:1156,C13,分布式数据库,1156,C13:K:164,knowledge,同质同构数据模型相同且局部DBMS相同（可能都是oracle或者都是mysql）,C13:K:166,knowledge,异质异构,对立,对立,named,forward,direct,direct
C13:R:1157,C13,分布式数据库,1157,C13:K:162,knowledge,同构型主要是数据模型相同 有的是网状的 有的是层次的,C13:K:168,knowledge,异构型,对立,对立,named,forward,direct,direct
C13:R:1158,C13,分布式数据库,1158,C13:K:172,knowledge,全局控制集中DDBS,C13:K:176,knowledge,全局控制分散型DDBS,对立,对立,named,forward,direct,direct
C13:R:1159,C13,分布式数据库,1159,C13:K:188,knowledge,1.5分布式数据库的功能结构,C13:K:190,knowledge,集中式数据库的功能,区别（包含）,区别（包含）,named,forward,direct,direct
C13:R:1160,C13,分布式数据库,1160,C13:K:242,knowledge,全局模式设计,C13:K:244,knowledge,局部数据库设计,顺序,顺序,named,forward,direct,direct
C13:R:1161,C13,分布式数据库,1161,C13:K:246,knowledge,数据分片设计,C13:K:248,knowledge,片段的位置分配设计,顺序,顺序,named,forward,direct,direct
C13:R:1162,C13,分布式数据库,1162,C13:K:348,knowledge,冗余分配,C13:K:336,knowledge,非冗余分配（最佳适应分配）,关联,关联,named,forward,direct,direct
C13:R:1163,C13,分布式数据库,1163,C13:K:354,knowledge,所有得益站点法,C13:K:356,knowledge,对所有站点确定非冗余分配方案,依赖,依赖,named,forward,direct,direct
C13:R:1164,C13,分布式数据库,1164,C13:K:370,knowledge,数据分片所需的参数应用表格数据分片的参照技术表格,C13:K:372,knowledge,频率表,参照,参照,named,forward,direct,direct
C13:R:1165,C13,分布式数据库,1165,C13:K:496,knowledge,串行调度,C13:K:492,knowledge,并发调度,属于,属于,named,forward,direct,direct
C13:R:1166,C13,分布式数据库,1166,C13:K:574,knowledge,严格化的两阶段所锁议,C13:K:564,knowledge,两阶段锁协议遵循两阶段锁协议的并发控制算法产生的调度是冲突可串行调度,属于,属于,named,forward,direct,direct
C13:R:1167,C13,分布式数据库,1167,C13:K:574,knowledge,严格化的两阶段所锁议,C13:K:580,knowledge,级联回滚,解决,解决,named,forward,direct,direct
C13:R:1168,C13,分布式数据库,1168,C13:K:590,knowledge,锁转换机制,C13:K:588,knowledge,并行程度低,解决,解决,named,forward,direct,direct
C13:R:1172,C13,分布式数据库,1172,C13:K:612,knowledge,抢占与事务回滚技术,C13:K:618,knowledge,wait-die,包含,包含,named,forward,direct,direct
C13:R:1173,C13,分布式数据库,1173,C13:K:612,knowledge,抢占与事务回滚技术,C13:K:622,knowledge,wound-die,包含,包含,named,forward,direct,direct
C13:R:1179,C13,分布式数据库,1179,C13:K:650,knowledge,防止饿死，将回滚次数考虑在代价中不能频繁的回滚某个事务,C13:K:648,knowledge,回滚事务,解决,解决,named,forward,direct,direct
C13:R:1184,C13,分布式数据库,1184,C13:K:654,knowledge,全局事务,C13:K:656,knowledge,分布式数据库的事务。一个全局事务在执行时分解为由若若干与相应站点有关的操作序列组成的“子事务”,转换,转换,named,forward,direct,direct
C14:R:2383,C14,软件工程,2383,C14:K:112,knowledge,软件工程其实也可以是一种依赖的关系，依赖的是这几个重要的元素它们之间的配合,C14:K:106,knowledge,软件危机,解决,解决,named,forward,direct,direct
C14:R:2384,C14,软件工程,2384,C14:K:224,knowledge,需求规约的作用,C14:K:232,knowledge,需求与需求获取需求获取是软件开发的第一步,依赖,依赖,named,forward,direct,direct
C14:R:2385,C14,软件工程,2385,C14:K:286,knowledge,结构化需求分析,C14:K:334,knowledge,系统功能模型的表示方法,使用,使用,named,forward,direct,direct
C14:R:2386,C14,软件工程,2386,C14:K:362,knowledge,数据字典,C14:K:356,knowledge,数据流,约束,约束,named,forward,direct,direct
C14:R:2387,C14,软件工程,2387,C14:K:378,knowledge,数据加工逻辑判断,C14:K:358,knowledge,数据加工,约束,约束,named,forward,direct,direct
C14:R:2388,C14,软件工程,2388,C14:K:420,knowledge,总体设计,C14:K:600,knowledge,详细设计,顺序，依赖,顺序，依赖,named,forward,direct,direct
C14:R:2391,C14,软件工程,2391,C14:K:218,knowledge,非形式化的需求规约自然语言,C14:K:220,knowledge,半形式化的需求规约是二者的综合 依赖于二者,对立,对立,named,forward,direct,direct
C14:R:2392,C14,软件工程,2392,C14:K:254,knowledge,功能需求是整个需求的主体,C14:K:256,knowledge,非功能需求,对立,对立,named,forward,direct,direct
C14:R:2394,C14,软件工程,2394,C14:K:314,knowledge,信息,C14:K:312,knowledge,数据数据是信息的载体,依赖,依赖,named,forward,direct,direct
C14:R:2395,C14,软件工程,2395,C14:K:316,knowledge,数据流数据的流动,C14:K:312,knowledge,数据数据是信息的载体,依赖,依赖,named,forward,direct,direct
C14:R:2396,C14,软件工程,2396,C14:K:310,knowledge,包含（拥有）,C14:K:324,knowledge,术语表示方法,表示方法,表示方法,named,forward,direct,direct
C14:R:2397,C14,软件工程,2397,C14:K:334,knowledge,系统功能模型的表示方法,C14:K:308,knowledge,需求分析的基本术语,利用,利用,named,forward,direct,direct
C14:R:2398,C14,软件工程,2398,C14:K:440,knowledge,模块调用,C14:K:428,knowledge,模块,使用,使用,named,forward,direct,direct
C14:R:2399,C14,软件工程,2399,C14:K:618,knowledge,表示方法,C14:K:628,knowledge,详细设计工具,使用,使用,named,forward,direct,direct
C14:R:2400,C14,软件工程,2400,C14:K:736,knowledge,对象,C14:K:748,knowledge,类,实现,实现,named,forward,direct,direct
C14:R:2401,C14,软件工程,2401,C14:K:748,knowledge,类,C14:K:774,knowledge,接口,实现,实现,named,forward,direct,direct
C14:R:2404,C14,软件工程,2404,C14:K:1532,knowledge,增量模型,C14:K:1504,knowledge,瀑布模型,依赖,依赖,named,forward,direct,direct
C14:R:2405,C14,软件工程,2405,C14:K:1532,knowledge,增量模型,C14:K:1550,knowledge,演化模型都是迭代开发 增量模型与演化模型的相同点是：基本思想都是非整体开发，以渐增方式开发系统。他们的目的基本相同：使用户尽早得到部分软件这样能听取用户反馈。不同点：增量模型再需求设计阶段是整体进行的，在编码测试阶段是渐增进行的。演化模型全部系统是增量开发，增量提交。,相似,相似,named,forward,direct,direct
C15:R:1910,C15,数据挖掘,1910,C15:K:104,knowledge,数据分析数据分析的结果可以通过列表或者图来表示 所以结果的呈现是依赖于图或者是列表的,C15:K:110,knowledge,数据挖掘数据挖掘属于知识发现 数据分析 数据挖掘 处理的数据量不一定很大 海量 目标比较明确 不明确的 展现数据之间的关系 对未知的情况进行预测和评估,区别、对立,区别、对立,named,forward,direct,direct
C15:R:1911,C15,数据挖掘,1911,C15:K:316,knowledge,标称属性属于离散属性 二元属性是标称属性的一个特例,C15:K:326,knowledge,二元属性,属于,属于,named,forward,direct,direct
C15:R:1912,C15,数据挖掘,1912,C15:K:358,knowledge,区间标度属性区间标度属性，没有绝对的零点，不能评估倍数。 比率标度属性具有固定零点，有倍数之分。,C15:K:364,knowledge,比率标度属性,对立,对立,named,forward,direct,direct
C15:R:1914,C15,数据挖掘,1914,C15:K:158,knowledge,数据预处理,C15:K:166,knowledge,选择和变换,顺序,顺序,named,forward,direct,direct
C15:R:1915,C15,数据挖掘,1915,C15:K:166,knowledge,选择和变换,C15:K:168,knowledge,数据挖掘,顺序,顺序,named,forward,direct,direct
C15:R:1916,C15,数据挖掘,1916,C15:K:168,knowledge,数据挖掘,C15:K:170,knowledge,模式评估和知识表示,顺序,顺序,named,forward,direct,direct
C15:R:1917,C15,数据挖掘,1917,C15:K:188,knowledge,关系数据库,C15:K:180,knowledge,数据库系统,属于,属于,named,forward,direct,direct
C15:R:1918,C15,数据挖掘,1918,C15:K:212,knowledge,联机分析处理,C15:K:206,knowledge,数据立方体,使用,使用,named,forward,direct,direct
C15:R:1919,C15,数据挖掘,1919,C15:K:288,knowledge,分类一个是监督式学习 一个是无监督式学习,C15:K:294,knowledge,回归都是用来做预测的,相似,相似,named,forward,direct,direct
C15:R:1920,C15,数据挖掘,1920,C15:K:288,knowledge,分类一个是监督式学习 一个是无监督式学习,C15:K:300,knowledge,聚类,对立,对立,named,forward,direct,direct
C15:R:1921,C15,数据挖掘,1921,C15:K:406,knowledge,分位数,C15:K:424,knowledge,箱线图箱线图可以看到中位数 分位数 他是分位数的表示,依赖,依赖,named,forward,direct,direct
C15:R:1922,C15,数据挖掘,1922,C15:K:420,knowledge,标准差,C15:K:414,knowledge,方差,方差,方差,named,forward,direct,direct
C15:R:1923,C15,数据挖掘,1923,C15:K:464,knowledge,相似性,C15:K:468,knowledge,相异性,对立,对立,named,forward,direct,direct
C15:R:1924,C15,数据挖掘,1924,C15:K:450,knowledge,线性相关,C15:K:458,knowledge,非线性相关,对立,对立,named,forward,direct,direct
C15:R:1925,C15,数据挖掘,1925,C15:K:474,knowledge,相异性矩阵,C15:K:480,knowledge,对称矩阵,属于,属于,named,forward,direct,direct
C15:R:1926,C15,数据挖掘,1926,C15:K:522,knowledge,序数属性的邻近度计算,C15:K:508,knowledge,数值属性的相异性数值属性的相异性计算一般依赖于距离的计算,依赖,依赖,named,forward,direct,direct
C15:R:1927,C15,数据挖掘,1927,C15:K:518,knowledge,闵可夫斯基距离当h取1时，是曼哈顿距离 当h取2时，时欧几里得距离,C15:K:514,knowledge,曼哈顿距离,关联,关联,named,forward,direct,direct
C15:R:1928,C15,数据挖掘,1928,C15:K:518,knowledge,闵可夫斯基距离当h取1时，是曼哈顿距离 当h取2时，时欧几里得距离,C15:K:510,knowledge,欧几里得距离,关联,关联,named,forward,direct,direct
C15:R:1929,C15,数据挖掘,1929,C15:K:574,knowledge,实体识别问题（匹配来自不同数据源的现实世界的实体）,C15:K:578,knowledge,利用数据库的数据字典和数据仓库的元数据，可避免,依赖,依赖,named,forward,direct,direct
C15:R:1930,C15,数据挖掘,1930,C15:K:580,knowledge,冗余问题,C15:K:584,knowledge,相关性分析属性之间的相关性分析,依赖,依赖,named,forward,direct,direct
C15:R:1931,C15,数据挖掘,1931,C15:K:588,knowledge,相关系数判定结果是相似的,C15:K:602,knowledge,协方差,相似,相似,named,forward,direct,direct
C15:R:1932,C15,数据挖掘,1932,C15:K:670,knowledge,维度规约,C15:K:674,knowledge,数据立方体通过维度的减少来进行规约,属于,属于,named,forward,direct,direct
C15:R:1933,C15,数据挖掘,1933,C15:K:722,knowledge,离散化,C15:K:728,knowledge,数据分箱无监督的离散化 可以用箱内的数据的平均值来代替,实现,实现,named,forward,direct,direct
C15:R:1934,C15,数据挖掘,1934,C15:K:772,knowledge,一元线性回归,C15:K:786,knowledge,求解方法：最小二乘法,依赖,依赖,named,forward,direct,direct
C15:R:1936,C15,数据挖掘,1936,C15:K:910,knowledge,强关联规则,C15:K:906,knowledge,置信度,依赖,依赖,named,forward,direct,direct
C15:R:1937,C15,数据挖掘,1937,C15:K:910,knowledge,强关联规则,C15:K:902,knowledge,支持度,依赖,依赖,named,forward,direct,direct
C15:R:1938,C15,数据挖掘,1938,C15:K:914,knowledge,频繁模式集,C15:K:910,knowledge,强关联规则,顺序,顺序,named,forward,direct,direct
C15:R:1939,C15,数据挖掘,1939,C15:K:920,knowledge,Aprior算法属于穷举法 先找到所有的频繁项集 再从频繁项集里面寻找关联规则,C15:K:954,knowledge,FP-growth算法缺点就是占用大量的空间,解决,解决,named,forward,direct,direct
C15:R:1940,C15,数据挖掘,1940,C15:K:934,knowledge,连接,C15:K:938,knowledge,剪枝利用先验原理 两部剪枝的思路,顺序,顺序,named,forward,direct,direct
C15:R:1941,C15,数据挖掘,1941,C15:K:938,knowledge,剪枝利用先验原理 两部剪枝的思路,C15:K:942,knowledge,关联规则的生成,顺序,顺序,named,forward,direct,direct
C15:R:1942,C15,数据挖掘,1942,C15:K:1000,knowledge,信息增益信息增益偏向于特征值很多的属性，这样子得到的信息增益往往最大身份证号,C15:K:994,knowledge,信息熵,使用,使用,named,forward,direct,direct
C15:R:1943,C15,数据挖掘,1943,C15:K:1010,knowledge,信息增益率,C15:K:1000,knowledge,信息增益信息增益偏向于特征值很多的属性，这样子得到的信息增益往往最大身份证号,解决,解决,named,forward,direct,direct
C15:R:1944,C15,数据挖掘,1944,C15:K:1020,knowledge,ID3使用的关系 ID3使用最大信息增益 C4.5使用最大信息增益比,C15:K:1028,knowledge,C4.5ID3每次递归选择信息增益最大的属性 对于每个属性均为离散值属性，如果是连续值属性需先离散化 而C4.5每次选择的是信息增益率最大的属性作为属性分裂节点能够自动完成对连续属性的离散化处理,区别,区别,named,forward,direct,direct
C15:R:1945,C15,数据挖掘,1945,C15:K:1230,knowledge,DIANA算法,C15:K:1226,knowledge,分裂的层次聚类,属于,属于,named,forward,direct,direct
C15:R:1935,C15,数据挖掘,1935,C15:K:1222,knowledge,凝聚的层次聚类,C15:K:1226,knowledge,分裂的层次聚类,对立,对立,named,forward,direct,direct
C15:R:1946,C15,数据挖掘,1946,C15:K:1152,knowledge,离线学习,C15:K:1156,knowledge,在线学习,对立,对立,named,forward,direct,direct
C15:R:1947,C15,数据挖掘,1947,C15:K:976,chapter,7.分类,C15:K:988,knowledge,预测,关联,关联,named,forward,direct,direct
C15:R:1949,C15,数据挖掘,1949,C15:ANCH:238,structural_anchor,无文字结构节点 238,C15:F:1948,floating_root,线性代数（矩阵）,,标签,unlabeled,forward,anchor,direct
C16:R:5674,C16,人工智能,5674,C16:K:300,knowledge,1.命题逻辑,C16:K:302,knowledge,2.谓词逻辑,改进,改进,named,forward,direct,direct
C16:R:5679,C16,人工智能,5679,C16:K:103,chapter,2.一阶谓词逻辑  知识表示法,C16:F:5678,floating_root,离散数学,联系,联系,named,forward,direct,direct
C16:R:5685,C16,人工智能,5685,C16:K:125,chapter,5.不确定性推理,C16:F:5684,floating_root,概率论,联系,联系,named,forward,direct,direct
C16:R:5693,C16,人工智能,5693,C16:K:3962,knowledge,4.反应式体系结构,C16:K:4083,knowledge,6.复合式体系结构,,标签,unlabeled,forward,direct,direct
C16:R:5694,C16,人工智能,5694,C16:K:3964,knowledge,5.慎思式体系结构,C16:K:4083,knowledge,6.复合式体系结构,,标签,unlabeled,forward,direct,direct
C16:R:5696,C16,人工智能,5696,C16:K:521,knowledge,1.产生式表达式,C16:K:111,chapter,12.专家系统与机器学习,应用,应用,named,forward,direct,direct
C16:R:5698,C16,人工智能,5698,C16:K:5090,knowledge,2.自然演绎推理,C16:F:5697,floating_root,离散数学：演绎推理,联系,联系,named,forward,direct,direct
C16:R:5699,C16,人工智能,5699,C16:K:827,knowledge,4.谓词公式  化子句集,C16:K:680,knowledge,4.鲁宾逊归结原理,找空子句,找空子句,named,forward,direct,direct
C16:R:5706,C16,人工智能,5706,C16:K:5143,knowledge,2.1盲目式策略,C16:F:5705,floating_root,数据结构：图,,标签,unlabeled,forward,direct,direct
C16:R:5707,C16,人工智能,5707,C16:K:1391,knowledge,5.A搜索算法,C16:K:1393,knowledge,6.A*搜索算法,h(n)≤h*(n),h(n)≤h*(n),named,forward,direct,direct
C16:R:5711,C16,人工智能,5711,C16:K:2490,knowledge,4.离散Hopfield神经网络,C16:K:2492,knowledge,5.连续Hopfield神经网络,神经元的状态可以取0~1,神经元的状态可以取0~1,named,forward,direct,direct
C17:R:156,C17,云计算,156,C17:K:112,knowledge,云计算实现机制（与计组、操作系统、数据库、计算机网络等关联）,C17:ANCH:154,structural_anchor,无文字结构节点 154,,标签,unlabeled,forward,direct,anchor
C17:R:1719,C17,云计算,1719,C17:K:213,knowledge,分布式锁服务Chubbyp,C17:K:1338,knowledge,Paxos算法,内部一致性问题实现用到了Paxos算法,内部一致性问题实现用到了Paxos算法,named,forward,direct,direct
C17:R:1721,C17,云计算,1721,C17:K:217,knowledge,分布式存储系统Megastore,C17:F:1720,floating_root,"将关系型数据库和NoSQL的特点与优势进行了融合关系型数据库最典型的数据结构是表，由二维表及其之间的联系所组成的一个数据组织。优点：1、易于维护：都是使用表结构，格式一致；2、使用方便：SQL语言通用，可用于复杂查询；3、复杂操作：支持SQL，可用于一个表以及多个表之间非常复杂的查询。缺点：1、读写性能比较差，尤其是海量数据的高效率读写；2、固定的表结构，灵活度稍欠；3、高并发读写需求，传统关系型数据库来说，硬盘I/O是一个很大的瓶颈。非关系型数据库严格上不是一加粗样式种数据库，应该是一种数据结构化存储方法的集合，可以是文档或者键值对等优点：1、格式灵活：存储数据的格式可以是key,value形式、文档形式、图片形式等等，文档形式、图片形式等等，使用灵活，应用场景广泛，而关系型数据库则只支持基础类型。2、速度快：nosql可以使用硬盘或者随机存储器作为载体，而关系型数据库只能使用硬盘；3、高扩展性；4、成本低：nosql数据库部署简单，基本都是开源软件。缺点：1、不提供sql支持，学习和使用成本较高；2、无事务处理；3、数据结构相对复杂，复杂查询方面稍欠。",,标签,unlabeled,forward,direct,direct
C17:R:1722,C17,云计算,1722,C17:K:378,knowledge,核心技术——复制,C17:K:1338,knowledge,Paxos算法,,标签,unlabeled,forward,direct,direct
C17:R:1723,C17,云计算,1723,C17:K:217,knowledge,分布式存储系统Megastore,C17:K:215,knowledge,分布式结构化数据表Bigtable,底层数据存储依赖,底层数据存储依赖,named,forward,direct,direct
C17:R:1727,C17,云计算,1727,C17:K:211,knowledge,分布式数据处理MapReduce,C17:K:221,knowledge,海量数据的交互式分析工具Dremel,改进,改进,named,forward,direct,direct
C17:R:1728,C17,云计算,1728,C17:K:221,knowledge,海量数据的交互式分析工具Dremel,C17:K:223,knowledge,内存大数据分析系统PowerDrill,改进,改进,named,forward,direct,direct
C17:R:1724,C17,云计算,1724,C17:K:641,knowledge,EC2的通信机制p,C17:F:1718,floating_root,计算机网络：网络地址转换NAT、动态主机配置协议DHCPNAT：当在专用网内部的一些主机本来已经分配到了本地IP地址（即仅在本专用网内使用的专用地址），但又想和因特网上的主机通信（并不需要加密）时，可使用NAT方法。这种方法需要在专用网（私网IP）连接到因特网（公网IP）的路由器上安装NAT软件。装有NAT软件的路由器叫做NAT路由器，它至少有一个有效的外部全球IP地址（公网IP地址）。这样，所有使用本地地址（私网IP地址）的主机在和外界通信时，都要在NAT路由器上将其本地地址转换成全球IP地址，才能和因特网连接。DHCP：指的是由服务器控制一段IP地址范围，客户机登录服务器时就可以自动获得服务器分配的IP地址和子网掩码。,,标签,unlabeled,forward,direct,direct
C17:R:1725,C17,云计算,1725,C17:K:594,knowledge,基础存储架构Dynamo,C17:K:598,knowledge,简单存储服务S3,构建,构建,named,forward,direct,direct
C17:R:1729,C17,云计算,1729,C17:K:655,knowledge,S3的安全措施pppp,C17:F:1726,floating_root,网络安全：数字签名,,标签,unlabeled,forward,direct,direct
C17:R:1730,C17,云计算,1730,C17:K:598,knowledge,简单存储服务S3,C17:K:600,knowledge,非关系型数据库服务SimpleDB和DynamoDB,不同：非关系型数据库主要用于存储结构化数据,不同：非关系型数据库主要用于存储结构化数据,named,forward,direct,direct
C17:R:1731,C17,云计算,1731,C17:K:592,chapter,3.Amazon云计算AWS,C17:K:732,chapter,4.微软云计算Windows Azure,用户自己提供机器的虚拟映像到虚拟机，而微软能自动虚拟,用户自己提供机器的虚拟映像到虚拟机，而微软能自动虚拟,named,forward,direct,direct
C17:R:1733,C17,云计算,1733,C17:K:1148,knowledge,网络虚拟化,C17:F:1732,floating_root,计算机网络：虚拟局域网VLAN、虚拟专用网VPN,,标签,unlabeled,forward,direct,direct
C17:R:1735,C17,云计算,1735,C17:K:1166,knowledge,内存虚拟化p,C17:F:1734,floating_root,操作系统：虚拟内存管理,,标签,unlabeled,forward,direct,direct
C17:R:1737,C17,云计算,1737,C17:K:1146,knowledge,存储虚拟化p,C17:F:1736,floating_root,计算机组成原理：虚拟存储器,,标签,unlabeled,forward,direct,direct
C17:R:1745,C17,云计算,1745,C17:K:211,knowledge,分布式数据处理MapReduce,C17:ANCH:1743,structural_anchor,无文字结构节点 1743,,标签,unlabeled,forward,direct,anchor
C17:R:1748,C17,云计算,1748,C17:K:950,knowledge,分布式文件系统HDFS（对应Google GFS）,C17:K:952,knowledge,分布式操作系统Yarn,结合，为应用程序提供高吞吐量的数据访问,结合，为应用程序提供高吞吐量的数据访问,named,forward,direct,direct
C18:R:283,C18,物联网技术,283,C18:K:236,knowledge,电感耦合,C18:K:242,knowledge,低频(LF),,标签,unlabeled,forward,direct,direct
C18:R:284,C18,物联网技术,284,C18:K:238,knowledge,电磁耦合,C18:K:244,knowledge,高频(HF),,标签,unlabeled,forward,direct,direct
C18:R:285,C18,物联网技术,285,C18:K:238,knowledge,电磁耦合,C18:K:246,knowledge,超高频(UHF),,标签,unlabeled,forward,direct,direct
C18:R:286,C18,物联网技术,286,C18:K:246,knowledge,超高频(UHF),C18:K:278,knowledge,UHF RFID,,标签,unlabeled,forward,direct,direct
C18:R:351,C18,物联网技术,351,C18:K:308,knowledge,阅读器如何识别多个标签?p,C18:K:321,knowledge,EPC协议,,标签,unlabeled,forward,direct,direct
C18:R:477,C18,物联网技术,477,C18:K:433,knowledge,节点操作系统,C18:K:445,knowledge,TinyOS其他常用微型OS对比：p,示例,示例,named,forward,direct,direct
C18:R:544,C18,物联网技术,544,C18:K:536,knowledge,数据收集协议（CTP）p,C18:K:522,knowledge,链路ETX的计算,依据,依据,named,forward,direct,direct
C18:R:932,C18,物联网技术,932,C18:K:924,knowledge,隐藏终端p,C18:K:926,knowledge,RTS和CTS机制p,解决办法,解决办法,named,forward,direct,direct
C18:R:1213,C18,物联网技术,1213,C18:K:1209,knowledge,有限的频谱资源p,C18:K:1211,knowledge,可见光频段的优势p,解决,解决,named,forward,direct,direct
C18:R:1295,C18,物联网技术,1295,C18:K:1293,knowledge,问题,C18:K:1280,knowledge,边缘计算的定义pp,解决,解决,named,forward,direct,direct
C18:R:2214,C18,物联网技术,2214,C18:K:433,knowledge,节点操作系统,C18:F:2213,floating_root,嵌入式系统,联系,联系,named,forward,direct,direct
C18:R:2216,C18,物联网技术,2216,C18:K:509,knowledge,组网技术,C18:F:2215,floating_root,计算机网络中自组网络,联系,联系,named,forward,direct,direct
C18:R:2221,C18,物联网技术,2221,C18:K:185,knowledge,定位,C18:F:2220,floating_root,大学物理：电磁波,联系,联系,named,forward,direct,direct
C18:R:2224,C18,物联网技术,2224,C18:K:106,chapter,3.网络构建实现设备连接，采集数据,C18:F:2223,floating_root,计算机网络,联系,联系,named,forward,direct,direct
C18:R:2229,C18,物联网技术,2229,C18:K:1258,knowledge,边缘计算,C18:F:2227,floating_root,云计算,联系,联系,named,forward,direct,direct
C18:R:2231,C18,物联网技术,2231,C18:K:1260,knowledge,物联网安全与隐私保护,C18:F:2230,floating_root,网络安全,联系,联系,named,forward,direct,direct
C18:R:2203,C18,物联网技术,2203,C18:F:2200,floating_root,大学物理,C18:K:234,knowledge,耦合方式分类p,应用,应用,named,forward,direct,direct
C18:R:2225,C18,物联网技术,2225,C18:F:2209,floating_root,计算机网络,C18:K:280,knowledge,调制和编码方式,应用,应用,named,forward,direct,direct
C18:R:2235,C18,物联网技术,2235,C18:F:2226,floating_root,计算机网络,C18:K:329,knowledge,ALOHA防冲突算法p正常时隙下的通信流程:p冲突和空闲时隙下的通信流程:p,应用,应用,named,forward,direct,direct
C18:R:2237,C18,物联网技术,2237,C18:F:2236,floating_root,计算机组成原理,C18:K:403,knowledge,微处理器几种典型的微处理器及其关键特性：p,应用,应用,named,forward,direct,direct
C18:R:2241,C18,物联网技术,2241,C18:FI:2239,floating_item,机械振动,C18:K:680,knowledge,声波感知,应用,应用,named,forward,direct,direct
C18:R:2246,C18,物联网技术,2246,C18:FI:2244,floating_item,电磁波,C18:K:682,knowledge,毫米波感知,应用,应用,named,forward,direct,direct
C18:R:2252,C18,物联网技术,2252,C18:F:2247,floating_root,计算机网络,C18:K:933,knowledge,802.11调制解调技术——OFDMp,应用,应用,named,forward,direct,direct
C18:R:2253,C18,物联网技术,2253,C18:F:2247,floating_root,计算机网络,C18:K:965,knowledge,蓝牙的调制解调pp,应用,应用,named,forward,direct,direct
C18:R:2254,C18,物联网技术,2254,C18:F:2247,floating_root,计算机网络,C18:K:1024,knowledge,直接序列扩频p,应用,应用,named,forward,direct,direct
C18:R:2260,C18,物联网技术,2260,C18:F:2255,floating_root,计算机网络,C18:K:1033,knowledge,CSMA/CA,应用,应用,named,forward,direct,direct
C18:R:2261,C18,物联网技术,2261,C18:F:2255,floating_root,计算机网络,C18:K:908,knowledge,CSMA/CAp,应用,应用,named,forward,direct,direct
C19:R:1833,C19,嵌入式系统,1833,C19:K:101,course_root,嵌入式系统,C19:ANCH:1831,structural_anchor,无文字结构节点 1831,,标签,unlabeled,forward,direct,anchor
C19:R:1851,C19,嵌入式系统,1851,C19:K:1846,knowledge,链接器,C19:F:1848,floating_root,目标（嵌入式系统）,,标签,unlabeled,forward,direct,direct
C19:R:2323,C19,嵌入式系统,2323,C19:K:2305,knowledge,仲裁方案,C19:K:2317,knowledge,时序设计方案基于同步或异步总线时序设计的一种或多种组合方案,取决于,取决于,named,forward,direct,direct
C19:R:2619,C19,嵌入式系统,2619,C19:K:1914,knowledge,嵌入式系统板和冯诺依曼模型,C19:F:2618,floating_root,计算机组成原理,,标签,unlabeled,forward,direct,direct
C19:R:2622,C19,嵌入式系统,2622,C19:K:1932,knowledge,基础硬件材料,C19:F:2620,floating_root,模电,,标签,unlabeled,forward,direct,direct
C19:R:2625,C19,嵌入式系统,2625,C19:K:1948,knowledge,有源构建模块,C19:F:2624,floating_root,数电,,标签,unlabeled,forward,direct,direct
C19:R:2627,C19,嵌入式系统,2627,C19:K:1987,knowledge,ISA体系结构模型构建到体系结构中的指令集功能称为ISA。ISA将这些功能定义为不同的操作，程序员可以用这些操作为这个体系结构编写程序，体系结构可以接收并处理操作数，存储、寻址方式用来获取并处理操作数和中断。,C19:F:2626,floating_root,计算机组成原理：指令系统,,标签,unlabeled,forward,direct,direct
C19:R:2629,C19,嵌入式系统,2629,C19:K:2039,knowledge,中央处理单元他才是真正的CPU。负责执行取指、译码和执行等指令周期。这三步骤过程通常称为三级流水线。,C19:F:2628,floating_root,计算机组成原理：CPU的特性结构和功能,,标签,unlabeled,forward,direct,direct
C19:R:2630,C19,嵌入式系统,2630,C19:K:2049,knowledge,片上存储器（与板上存储器内容相似）,C19:K:2143,knowledge,板载存储器,,标签,unlabeled,forward,direct,direct
C19:R:2631,C19,嵌入式系统,2631,C19:K:2083,knowledge,处理器I/O（与板载I/O内容类似）,C19:K:2231,knowledge,板载I/O,,标签,unlabeled,forward,direct,direct
C19:R:2633,C19,嵌入式系统,2633,C19:K:2143,knowledge,板载存储器,C19:F:2632,floating_root,计算机组成原理：存储器,,标签,unlabeled,forward,direct,direct
C19:R:2635,C19,嵌入式系统,2635,C19:K:2231,knowledge,板载I/O,C19:F:2634,floating_root,计算机组成原理：输入输出系统,,标签,unlabeled,forward,direct,direct
C19:R:2637,C19,嵌入式系统,2637,C19:K:2293,knowledge,板载总线,C19:F:2636,floating_root,计算机组成原理：系统总线,,标签,unlabeled,forward,direct,direct
C19:R:2641,C19,嵌入式系统,2641,C19:K:2454,knowledge,板载I/O驱动程序示例,C19:F:2640,floating_root,操作系统：输入输出系统-设备驱动程序,,标签,unlabeled,forward,direct,direct
C19:R:2643,C19,嵌入式系统,2643,C19:K:2374,knowledge,示例1：中断处理的设备驱动程序,C19:F:2642,floating_root,操作系统：中断机构和中断处理程序,,标签,unlabeled,forward,direct,direct
C19:R:2645,C19,嵌入式系统,2645,C19:K:1436,knowledge,嵌入式操作系统,C19:F:2644,floating_root,操作系统,,标签,unlabeled,forward,direct,direct
C19:R:2647,C19,嵌入式系统,2647,C19:K:2564,knowledge,翻译工具,C19:F:2646,floating_root,C语言,,标签,unlabeled,forward,direct,direct
C19:R:2649,C19,嵌入式系统,2649,C19:K:2582,knowledge,对设计的质量保证和测试,C19:F:2648,floating_root,软件工程导论,,标签,unlabeled,forward,direct,direct
C19:R:2651,C19,嵌入式系统,2651,C19:K:1852,knowledge,标准与网络,C19:F:2650,floating_root,计算机网络,,标签,unlabeled,forward,direct,direct
C19:R:2653,C19,嵌入式系统,2653,C19:K:2508,knowledge,网络中间件驱动示例,C19:F:2652,floating_root,计算机网络,,标签,unlabeled,forward,direct,direct
C20:R:706,C20,网络与信息安全,706,C20:K:702,knowledge,PKI的组成PKI 是一个标准，下面以最常见的用户访问 HTTPS 网站场景来看看PKI 常见组成部分和交互流程。,C20:ANCH:704,structural_anchor,无文字结构节点 704,,标签,unlabeled,forward,direct,anchor
C20:R:751,C20,网络与信息安全,751,C20:K:737,knowledge,常见CA系统的部署结构,C20:ANCH:749,structural_anchor,无文字结构节点 749,,标签,unlabeled,forward,direct,anchor
C20:R:784,C20,网络与信息安全,784,C20:K:648,knowledge,公钥体系,C20:K:698,chapter,5.公钥基础设施PKI,应用,应用,named,forward,direct,direct
C20:R:825,C20,网络与信息安全,825,C20:K:823,knowledge,CA认证系统,C20:K:698,chapter,5.公钥基础设施PKI,应用,应用,named,forward,direct,direct
C20:R:828,C20,网络与信息安全,828,C20:K:826,knowledge,访问控制技术,C20:K:793,knowledge,身份认证技术概述,依赖于,依赖于,named,forward,direct,direct
C20:R:829,C20,网络与信息安全,829,C20:K:789,knowledge,访问控制PKI 提供了一套身份认证、安全传输的机制，最常见的应用就是各种 HTTPS 网站了。通过给合法的 HTTPS 域名颁发 CA 证书，浏览器便可以通过验证 CA 证书的有效性来确认所访问网站的真伪。PKI 还可以用于服务器的访问权限控制，HTTPS 域名的认证是单向的，只有浏览器客户端对网站的认证，反过来如果给允许访问服务器的客户端都发一份证书，在客户端访问服务器时，服务器对客户端证书进行验证，即可起到访问控制的作用。,C20:K:826,knowledge,访问控制技术,,标签,unlabeled,forward,direct,direct
C20:R:915,C20,网络与信息安全,915,C20:K:886,knowledge,安全审计,C20:K:793,knowledge,身份认证技术概述,依赖于,依赖于,named,forward,direct,direct
C20:R:1124,C20,网络与信息安全,1124,C20:K:1122,knowledge,数据加密算法,C20:K:104,chapter,3.密码学（核心内容）,,标签,unlabeled,forward,direct,direct
C20:R:1572,C20,网络与信息安全,1572,C20:K:285,knowledge,开放系统互联安全体系结构,C20:F:1571,floating_root,计算机网络七层模型,,标签,unlabeled,forward,direct,direct
C20:R:1574,C20,网络与信息安全,1574,C20:K:595,knowledge,Hill cipherpppp,C20:F:1573,floating_root,线性代数：矩阵线性变换,,标签,unlabeled,forward,direct,direct
C20:R:1575,C20,网络与信息安全,1575,C20:K:624,knowledge,DESp,C20:F:1573,floating_root,线性代数：矩阵线性变换,,标签,unlabeled,forward,direct,direct
C20:R:1581,C20,网络与信息安全,1581,C20:K:926,knowledge,通过Proxy隐藏技术作为攻击跳板；实际上很难真正实现隐藏,C20:K:1044,knowledge,应用代理技术代理服务器作为一个为用户保密或者突破访问限制的数据转发通道，在网络上应用广泛。我们都知道，一个完整的代理设备包含一个服务端和客户端，服务端接收来自用户的请求，调用自身的客户端模拟一个基于用户请求的连接到目标服务器，再把目标服务器返回的数据转发给用户，完成一次代理工作过程。那么，如果在一台代理设备的服务端和客户端之间连接一个过滤措施呢？这样的思想便造就了“应用代理”防火墙，这种防火墙实际上就是一台小型的带有数据检测过滤功能的透明代理服务器（Transparent Proxy），但是它并不是单纯的在一个代理设备中嵌入包过滤技术，而是一种被称为“应用协议分析”（Application Protocol Analysis）的新技术。,工作在应用层，特点是两次链接（browser与proxy之间，proxy与web server之间）,工作在应用层，特点是两次链接（browser与proxy之间，proxy与web server之间）,named,forward,direct,direct
C20:R:1582,C20,网络与信息安全,1582,C20:K:922,knowledge,IP地址欺骗或盗用技术源IP地址为假冒或虚假,C20:F:1580,floating_root,计算机网络,,标签,unlabeled,forward,direct,direct
C20:R:1583,C20,网络与信息安全,1583,C20:K:924,knowledge,MAC地址盗用技术修改注册表或使用ifconfig命令,C20:F:1580,floating_root,计算机网络,,标签,unlabeled,forward,direct,direct
C20:R:1584,C20,网络与信息安全,1584,C20:K:928,knowledge,网络地址转换技术私有IP地址可以隐藏内部网络拓扑结构,C20:F:1580,floating_root,计算机网络,,标签,unlabeled,forward,direct,direct
C20:R:1585,C20,网络与信息安全,1585,C20:K:936,knowledge,扫描技术,C20:F:1580,floating_root,计算机网络,,标签,unlabeled,forward,direct,direct
C20:R:1587,C20,网络与信息安全,1587,C20:K:936,knowledge,扫描技术,C20:F:1586,floating_root,网络编程技术：socket,,标签,unlabeled,forward,direct,direct
C20:R:1588,C20,网络与信息安全,1588,C20:K:956,knowledge,IP欺骗IP欺骗：通过伪造数据包源IP地址，伪装成被信任主机来骗取目标主机信任，从而实现攻击。,C20:F:1580,floating_root,计算机网络,,标签,unlabeled,forward,direct,direct
C20:R:1589,C20,网络与信息安全,1589,C20:K:958,knowledge,ARP欺骗ARP攻击就是通过伪造IP地址和MAC地址实现ARP欺骗，能够在网络中产生大量的ARP通信量使网络阻塞，攻击者只要持续不断的发出伪造的ARP响应包就能更改目标主机ARP缓存中的IP-MAC条目，造成网络中断或中间人攻击。,C20:F:1580,floating_root,计算机网络,,标签,unlabeled,forward,direct,direct
C20:R:1590,C20,网络与信息安全,1590,C20:K:960,knowledge,DNS欺骗DNS协议的缺陷：DNS服务器向另一个DNS服务器发送解析请求时并不认证被请求方，黑客可以冒充被请求方返回一个被篡改的IP地址。DNS服务器会缓存被黑客篡改的IP地址，以后对该服务器的同一域名的解析请求，在该条目被缓存的生存期内，得到的结果都将被篡改。与网络嗅探、ARP欺骗、IP欺骗和会话劫持有联系欺骗方法一：1）黑客控制本地域名服务器，在其数据库中增加一个条目：将被攻击主机请求解析的域名映射成一个不正确的IP地址。2）然后将在本地域名服务器上伪造的该条目“注射”到被攻击主机所在的域名服务器的Cache中。——原理上容易理解，但很难控制DNS服务器，实现起来难度很大。 欺骗方法二：黑客只能控制所在局域网的某台主机，并可进行嗅探。    这时黑客要对远程DNS服务器进行欺骗攻击，所采用手段很像IP欺骗：1）黑客要冒充某个域名服务器的IP地址；2）黑客要能预测某个目标域名服务器所发送DNS数据包的ID号。 欺骗方法三：建立在ARP欺骗基础上，只能在局域网中实现。当黑客主机至少与DNS服务器或目标主机的某一台处在同一局域网内，黑客可同时欺骗网关和目标主机（网关和DNS服务器/DNS服务器和目标主机）。,C20:F:1580,floating_root,计算机网络,,标签,unlabeled,forward,direct,direct
C20:R:1591,C20,网络与信息安全,1591,C20:K:962,knowledge,会话劫持1.（1）TCP会话劫持：结合嗅探和欺骗技术，在正常的通信过程中，黑客作为第三方参与其中：① 要么在数据流里注射额外的信息；② 或将双方的通信模式暗中改变，即从直接联系变成交由黑客中转。,C20:F:1580,floating_root,计算机网络,,标签,unlabeled,forward,direct,direct
C20:R:1592,C20,网络与信息安全,1592,C20:K:964,knowledge,拒绝服务（Dos）攻击的结果是服务器不能正常的对外界提供服务，可用性遭到破坏。TCP三次握手存在缺陷，可进行伪造源IP，能够掩盖攻击的来源、增强攻击的效果、用以欺骗第三方。Ping Of Death（死亡之Ping）Teardrop（泪滴/碎片攻击）UDP FloodLand AttackSYN FloodSmurf Attack分布式拒绝服务攻击DDoSp,C20:F:1580,floating_root,计算机网络,,标签,unlabeled,forward,direct,direct
C20:R:1594,C20,网络与信息安全,1594,C20:K:966,knowledge,缓冲区溢出缓冲区溢出攻击的原理:攻击者利用计算机指令系统弱点，分析有缺陷程序代码，向程序提交恶意超长的输入数据，破坏或改写内存中控制流程的关键信息，获得进程的控制权。根本原因：C/C++没有对数组引用进行边界检查：① 如果读取数组以外内容，会使程序得出错误结果② 如果是写入，可能破坏该进程内存的其它内容,C20:F:1593,floating_root,C语言：没有对数组引用进行边界检查,,标签,unlabeled,forward,direct,direct
C20:R:1596,C20,网络与信息安全,1596,C20:K:974,knowledge,攻击Web服务器样板文件和源代码泄露、缓冲区溢出攻击    资源解析和二次解码攻击（即同义异名攻击）    服务器功能扩展模块问题    服务器端包含（Server Side Include，SSI）问题    SQL注入（SQL Injection）攻击,C20:F:1595,floating_root,数据库：SQL注入,,标签,unlabeled,forward,direct,direct
C20:R:1597,C20,网络与信息安全,1597,C20:K:1106,knowledge,数字签名,C20:K:713,knowledge,核心算法PKI 标准建立在非对称密钥、散列算法的基础上非对称密钥是实现传输安全的基础，散列算法可以用来检测数据是否被篡改，可以用于身份认证。,,标签,unlabeled,forward,direct,direct
C20:R:1599,C20,网络与信息安全,1599,C20:K:1195,knowledge,禁用DHCP服务启用无线AP的DHCP时，黑客可自动获取IP地址接入无线网络。若禁用此功能，则黑客将只能以猜测破译IP地址、子网掩码、默认网关等，以增加其安全性。,C20:F:1598,floating_root,计算机网络,,标签,unlabeled,forward,direct,direct
C20:R:1601,C20,网络与信息安全,1601,C20:K:308,knowledge,安全服务安全服务就是加强数据处理系统和信息传输的安全性的一类服务，其目的在于利用一种或多种安全机制阻止安全攻击,C20:K:290,knowledge,安全机制安全机制是指用来保护系统免受侦听、阻止安全攻击及恢复系统的机制。,利用,利用,named,forward,direct,direct
C20:R:1602,C20,网络与信息安全,1602,C20:K:920,knowledge,隐藏攻击者的地址与身份,C20:K:964,knowledge,拒绝服务（Dos）攻击的结果是服务器不能正常的对外界提供服务，可用性遭到破坏。TCP三次握手存在缺陷，可进行伪造源IP，能够掩盖攻击的来源、增强攻击的效果、用以欺骗第三方。Ping Of Death（死亡之Ping）Teardrop（泪滴/碎片攻击）UDP FloodLand AttackSYN FloodSmurf Attack分布式拒绝服务攻击DDoSp,,标签,unlabeled,forward,direct,direct
C20:R:1603,C20,网络与信息安全,1603,C20:K:964,knowledge,拒绝服务（Dos）攻击的结果是服务器不能正常的对外界提供服务，可用性遭到破坏。TCP三次握手存在缺陷，可进行伪造源IP，能够掩盖攻击的来源、增强攻击的效果、用以欺骗第三方。Ping Of Death（死亡之Ping）Teardrop（泪滴/碎片攻击）UDP FloodLand AttackSYN FloodSmurf Attack分布式拒绝服务攻击DDoSp,C20:K:102,chapter,6.病毒,DDos攻击：可事先通过木马或蠕虫感染僵尸网络,DDos攻击：可事先通过木马或蠕虫感染僵尸网络,named,forward,direct,direct
C20:R:1604,C20,网络与信息安全,1604,C20:K:996,chapter,8.防火墙技术,C20:K:1125,chapter,10.入侵检测系统,补充,补充,named,forward,direct,direct
C20:R:1605,C20,网络与信息安全,1605,C20:K:104,chapter,3.密码学（核心内容）,C20:K:1249,knowledge,保证安全,,标签,unlabeled,forward,direct,direct
C21:R:1100,C21,微机原理,1100,C21:K:811,knowledge,CPU（微处理器）,C21:K:821,knowledge,输入输出接口,接口是CPU与外部设备间的桥梁,接口是CPU与外部设备间的桥梁,named,forward,direct,direct
C21:R:1102,C21,微机原理,1102,C21:K:106,knowledge,与运算，与门,C21:K:152,knowledge,非运算，非门,与非运算和与非门,与非运算和与非门,named,forward,direct,direct
C21:R:1103,C21,微机原理,1103,C21:K:128,knowledge,或运算，或门,C21:K:152,knowledge,非运算，非门,或非运算和或非门,或非运算和或非门,named,forward,direct,direct
C21:R:1104,C21,微机原理,1104,C21:ANCH:172,structural_anchor,无文字结构节点 172,C21:ANCH:183,structural_anchor,无文字结构节点 183,在异或基础上进行非运算,在异或基础上进行非运算,named,forward,anchor,anchor
C21:R:1704,C21,微机原理,1704,C21:K:210,knowledge,8421BCD码,C21:K:1692,knowledge,十进制,BCD码与十进制数之间存在直接对应,BCD码与十进制数之间存在直接对应,named,forward,direct,direct
C21:R:1735,C21,微机原理,1735,C21:K:1033,knowledge,BX（基址寄存器）在间接寻址中用于存放基地址,C21:K:1049,knowledge,BP：基址指针寄存器，常用于在访问内存时存放内存单元的偏移地址,BX与BP在应用上的区别：作为通用寄存器，二者均可用于存放数据；作为基址寄存器，用BX表示所寻找的数据在数据段；用BP则表示数据在堆栈段,BX与BP在应用上的区别：作为通用寄存器，二者均可用于存放数据；作为基址寄存器，用BX表示所寻找的数据在数据段；用BP则表示数据在堆栈段,named,forward,direct,direct
C21:R:1806,C21,微机原理,1806,C21:K:1798,knowledge,内存中一个特殊区域，用于存放暂时不用或需要保护的数据,C21:F:1801,floating_root,用处,,标签,unlabeled,forward,direct,direct
C21:R:2298,C21,微机原理,2298,C21:K:2296,knowledge,重复前缀,C21:K:2282,knowledge,串长度值由CX指定,对CX值的自动修改,对CX值的自动修改,named,forward,direct,direct
C21:R:2369,C21,微机原理,2369,C21:K:2301,knowledge,无条件重复,C21:K:707,knowledge,串传送指令MOVS,串传送指令常与无条件重复前缀连用,串传送指令常与无条件重复前缀连用,named,forward,direct,direct
C21:R:2370,C21,微机原理,2370,C21:K:2303,knowledge,条件重复,C21:K:715,knowledge,串比较指令CMPS,常与条件重复前缀连用,常与条件重复前缀连用,named,forward,direct,direct
C21:R:2410,C21,微机原理,2410,C21:FI:2395,floating_item,CS：代码段寄存器,C21:K:743,knowledge,程序控制类指令,修改IP使程序改变在当前代码段的执行顺序,修改IP使程序改变在当前代码段的执行顺序,named,forward,direct,direct
C21:R:2411,C21,微机原理,2411,C21:FI:2397,floating_item,IP：指令指针寄存器,C21:K:743,knowledge,程序控制类指令,同时修改CS，IP会使程序走向另外一个代码段,同时修改CS，IP会使程序走向另外一个代码段,named,forward,direct,direct
C21:R:2479,C21,微机原理,2479,C21:K:791,knowledge,中断控制,C21:K:771,knowledge,过程调用,区别：中断是随机事件或异常事件引起，调用是事先已在程序中安排好；调用指令在指令中直接给出子程序入口地址，中断指令只给出中断向量码，入口地址则在向量码指向的内存单元中。调用可以是近过程调用或远过程调用，中断处理程序均为远过程；响应中断请求不仅要保护断点地址，还要保护 FLAGS内容,区别：中断是随机事件或异常事件引起，调用是事先已在程序中安排好；调用指令在指令中直接给出子程序入口地址，中断指令只给出中断向量码，入口地址则在向量码指向的内存单元中。调用可以是近过程调用或远过程调用，中断处理程序均为远过程；响应中断请求不仅要保护断点地址，还要保护 FLAGS内容,named,forward,direct,direct
C21:R:2753,C21,微机原理,2753,C21:K:2681,knowledge,符号定义伪指令,C21:F:2752,floating_root,C语言,类似,类似,named,forward,direct,direct
C21:R:2798,C21,微机原理,2798,C21:K:791,knowledge,中断控制,C21:K:2784,knowledge,系统功能调用,DOS与BIOS功能都通过中断方式调用,DOS与BIOS功能都通过中断方式调用,named,forward,direct,direct
C21:R:2856,C21,微机原理,2856,C21:K:2842,knowledge,汇编语言程序结构,C21:K:307,chapter,8086/8088指令系统,循环结构使用LOOP指令或条件转移指令实现分支结构一般使用条件转移指令实现子程序结构用子程序的定义和调用,循环结构使用LOOP指令或条件转移指令实现分支结构一般使用条件转移指令实现子程序结构用子程序的定义和调用,named,forward,direct,direct
C21:R:2922,C21,微机原理,2922,C21:K:2917,knowledge,高速缓冲存储器CACHE,C21:K:2874,knowledge,静态存储器（SRAM）,常用SRAM,常用SRAM,named,forward,direct,direct
C21:R:3011,C21,微机原理,3011,C21:K:2981,knowledge,6264存储芯片,C21:K:1807,knowledge,8088系统总线,p,p,named,forward,direct,direct
C21:R:3020,C21,微机原理,3020,C21:K:2994,knowledge,地址线A0-A12,C21:K:3016,knowledge,找到芯片后，寻找该芯片上要访问的单元6264芯片上有8K个单元，每个单元在该芯片上有惟一的13位地址码每片6264芯片上第一个单元在该芯片上的地址：0每片6264芯片上最后一个单元在该芯片上的地址：8191,用芯片的13位地址码A0-A12寻址片内的每个单元,用芯片的13位地址码A0-A12寻址片内的每个单元,named,forward,direct,direct
C21:R:3054,C21,微机原理,3054,C21:F:3053,floating_root,计算机组成原理,C21:K:1602,chapter,微型计算机基础概论概论：介绍微型计算机发展历史、微机系统的组成及各部分的主要功能，以及计算机中基础知识——计算机数制及编码和运算,相关,相关,named,forward,direct,direct
C21:R:3063,C21,微机原理,3063,C21:K:3051,knowledge,p,C21:F:3062,floating_root,逻辑门,应用,应用,named,forward,direct,direct
C21:R:3077,C21,微机原理,3077,C21:K:104,knowledge,逻辑门与逻辑运算,C21:F:3076,floating_root,数字电路,数字电路偏硬件，微机偏应用,数字电路偏硬件，微机偏应用,named,forward,direct,direct
C21:R:3112,C21,微机原理,3112,C21:K:3106,knowledge,EPROM2764芯片,C21:K:2981,knowledge,6264存储芯片,引脚与SRAM6264完全兼容（都是双列直插）,引脚与SRAM6264完全兼容（都是双列直插）,named,forward,direct,direct
C21:R:3204,C21,微机原理,3204,C21:K:3195,knowledge,p,C21:K:3202,knowledge,通过程序实现对芯片的读写,当READY/#BUSY=1时写,当READY/#BUSY=1时写,named,forward,direct,direct
C21:R:3213,C21,微机原理,3213,C21:K:3205,knowledge,闪速储存器FLASH,C21:K:3159,knowledge,EEPROM,区别：通过读状态寄存器的内容确定是否可继续写入提高写命令字的方式控制其处于何种工作方式,区别：通过读状态寄存器的内容确定是否可继续写入提高写命令字的方式控制其处于何种工作方式,named,forward,direct,direct
C21:R:3215,C21,微机原理,3215,C21:K:3205,knowledge,闪速储存器FLASH,C21:K:3137,knowledge,静态存储器（SRAM）,区别：FLASH写入擦除时需要12V编程电压,区别：FLASH写入擦除时需要12V编程电压,named,forward,direct,direct
C21:R:3238,C21,微机原理,3238,C21:K:3163,knowledge,2164A芯片,C21:K:3161,knowledge,存储器扩展技术,位扩展,位扩展,named,forward,direct,direct
C21:R:3306,C21,微机原理,3306,C21:K:3283,knowledge,I/O端口及编址,C21:K:1729,chapter,微处理器与总线处理器是计算机系统核心部件，控制协调整个计算机的工作，总线是计算机系统各部件之间传输地址、数据和控制信息的公共通路。,8088/8086寻址端口能力：64K个端口,8088/8086寻址端口能力：64K个端口,named,forward,direct,direct
C21:R:3334,C21,微机原理,3334,C21:K:3313,knowledge,I/O地址译码,C21:K:3047,knowledge,部分地址译码用部分高位地址信号（而不是全部）作为译码信号，使得被选中存储器芯片占有几组不同的地址范围,采用部分地址译码,采用部分地址译码,named,forward,direct,direct
C21:R:3372,C21,微机原理,3372,C21:F:3369,floating_root,p,C21:F:3371,floating_root,数字电路,相关,相关,named,forward,direct,direct
C21:R:3391,C21,微机原理,3391,C21:K:3385,knowledge,74LS244芯片,C21:F:3369,floating_root,p,含8个三态门的集成电路,含8个三态门的集成电路,named,forward,direct,direct
C21:R:3727,C21,微机原理,3727,C21:K:3700,knowledge,GATE-门控信号输入,C21:K:3723,knowledge,计数启动方式,启动方式由GATE端信号的形式决定,启动方式由GATE端信号的形式决定,named,forward,direct,direct
C21:R:3772,C21,微机原理,3772,C21:K:3770,knowledge,控制字,C21:K:3732,knowledge,工作方式,设定各计数器工作方式,设定各计数器工作方式,named,forward,direct,direct
C21:R:3987,C21,微机原理,3987,C21:K:3858,chapter,模拟量的输入输出模拟量的输入和输出是工业生产的重要组成部分，通过将模拟量转变为计算机可识别的数字量进行处理，再将计算机的控制命令转化为相应的模拟信号。,C21:F:3986,floating_root,数字电路,,标签,unlabeled,forward,direct,direct
C21:R:3996,C21,微机原理,3996,C21:K:2840,chapter,半导体存储器存储器是计算机系统的记忆设备，存放计算机要执行的指令、处理的数据、运算结果和需要保存的信息。,C21:F:3991,floating_root,计算机组成原理,相关,相关,named,forward,direct,direct
C21:R:4011,C21,微机原理,4011,C21:F:3998,floating_root,微机原理,C21:F:3999,floating_root,计算机组成原理,微机原理是对计算机原理的具体实现,微机原理是对计算机原理的具体实现,named,forward,direct,direct
C21:R:4030,C21,微机原理,4030,C21:F:4000,floating_root,汇编语言,C21:F:3998,floating_root,微机原理,汇编语言,汇编语言,named,forward,direct,direct
C21:R:4126,C21,微机原理,4126,C21:K:1729,chapter,微处理器与总线处理器是计算机系统核心部件，控制协调整个计算机的工作，总线是计算机系统各部件之间传输地址、数据和控制信息的公共通路。,C21:K:307,chapter,8086/8088指令系统,每系列处理器都有自己的指令系统，以8086处理器的指令系统介绍指令的一般过程,每系列处理器都有自己的指令系统，以8086处理器的指令系统介绍指令的一般过程,named,forward,direct,direct
C21:R:4128,C21,微机原理,4128,C21:F:4127,floating_root,汇编语言,C21:K:307,chapter,8086/8088指令系统,相关,相关,named,forward,direct,direct
C21:R:4130,C21,微机原理,4130,C21:K:1729,chapter,微处理器与总线处理器是计算机系统核心部件，控制协调整个计算机的工作，总线是计算机系统各部件之间传输地址、数据和控制信息的公共通路。,C21:F:4129,floating_root,计算机组成原理,相关,相关,named,forward,direct,direct
C21:R:4135,C21,微机原理,4135,C21:K:2840,chapter,半导体存储器存储器是计算机系统的记忆设备，存放计算机要执行的指令、处理的数据、运算结果和需要保存的信息。,C21:K:1729,chapter,微处理器与总线处理器是计算机系统核心部件，控制协调整个计算机的工作，总线是计算机系统各部件之间传输地址、数据和控制信息的公共通路。,基于微处理器的系统都有存储器,基于微处理器的系统都有存储器,named,forward,direct,direct
C21:R:4137,C21,微机原理,4137,C21:F:4136,floating_root,数电,C21:K:2840,chapter,半导体存储器存储器是计算机系统的记忆设备，存放计算机要执行的指令、处理的数据、运算结果和需要保存的信息。,原理,原理,named,forward,direct,direct
C21:R:4138,C21,微机原理,4138,C21:K:3648,chapter,可编程数字接口CPU与外部设备之间信息交换通过接口电路来完成，通过接口接收外部设备送出的信息，又将信息发送给外设,C21:K:1729,chapter,微处理器与总线处理器是计算机系统核心部件，控制协调整个计算机的工作，总线是计算机系统各部件之间传输地址、数据和控制信息的公共通路。,CPU与外部设备之间信息交换通过接口电路完成,CPU与外部设备之间信息交换通过接口电路完成,named,forward,direct,direct
C21:R:4072,C21,微机原理,4072,C21:K:793,knowledge,处理器控制类指令,C21:F:2394,floating_root,8088寄存器,可以修改标志寄存器,可以修改标志寄存器,named,forward,direct,direct
C21:R:4074,C21,微机原理,4074,C21:F:4073,floating_root,汇编语言,C21:K:2523,chapter,汇编语言程序设计机器语言用二进制码来表示指令和数据，是硬件系统唯一能够直接理解和执行的语言，但不直观、不易理解和记忆，汇编语言弥补机器语言的缺点，使用指令助记符、伪指令、标号等书写程序。,包含,包含,named,forward,direct,direct
C21:R:4087,C21,微机原理,4087,C21:K:4085,knowledge,可编程中断控制器8259A,C21:K:3521,knowledge,8088/8086中断系统,对8086/8088系统中可屏蔽中断进行管理,对8086/8088系统中可屏蔽中断进行管理,named,forward,direct,direct
C22:R:1196,C22,汇编语言,1196,C22:K:128,knowledge,指令和数据,C22:K:190,knowledge,各类存储芯片,存储,存储,named,forward,direct,direct
C22:R:1197,C22,汇编语言,1197,C22:K:190,knowledge,各类存储芯片,C22:K:210,knowledge,物理地址地址转换,,标签,unlabeled,forward,direct,direct
C22:R:1199,C22,汇编语言,1199,C22:K:210,knowledge,物理地址地址转换,C22:K:198,knowledge,内存地址空间,所有物理地址构成内存地址空间,所有物理地址构成内存地址空间,named,forward,direct,direct
C22:R:1229,C22,汇编语言,1229,C22:K:300,knowledge,数据段,C22:K:1200,knowledge,段,段分为代码段和数据段,段分为代码段和数据段,named,forward,direct,direct
C22:R:1263,C22,汇编语言,1263,C22:K:304,knowledge,栈栈是逻辑上规定的，这里的栈是从cpu和寄存器的角度出发是如何实现的,C22:K:571,knowledge,在代码段中使用栈,,标签,unlabeled,forward,direct,direct
C22:R:1264,C22,汇编语言,1264,C22:K:669,knowledge,寻址方式,C22:K:671,knowledge,处理的数据在什么地方如何定址,,标签,unlabeled,forward,direct,direct
C22:R:1267,C22,汇编语言,1267,C22:K:714,knowledge,转移行为,C22:K:120,chapter,10.call和ret指令上面都是普通的转移指令，这两个是设计子程序的指令,,标签,unlabeled,forward,direct,direct
C22:R:1268,C22,汇编语言,1268,C22:K:304,knowledge,栈栈是逻辑上规定的，这里的栈是从cpu和寄存器的角度出发是如何实现的,C22:K:120,chapter,10.call和ret指令上面都是普通的转移指令，这两个是设计子程序的指令,,标签,unlabeled,forward,direct,direct
C22:R:1275,C22,汇编语言,1275,C22:K:1021,knowledge,CPU根据中断类型码定位中断处理程序，CPU设计者必须在终中断信息和其处理程序的入口地址之间建立某种联系,C22:K:841,knowledge,中断向量表,,标签,unlabeled,forward,direct,direct
C22:R:1276,C22,汇编语言,1276,C22:K:1045,knowledge,iret指令,C22:K:800,knowledge,ret和retf,ret为子程序返回指令，iret为中断服务子程序返回指令,ret为子程序返回指令，iret为中断服务子程序返回指令,named,forward,direct,direct
C22:R:1279,C22,汇编语言,1279,C22:K:855,knowledge,由CPU外部器件引起的中断称为外中断,C22:K:780,chapter,13.端口,CPU通过端口和外部设备联系,CPU通过端口和外部设备联系,named,forward,direct,direct
C22:R:1290,C22,汇编语言,1290,C22:K:509,knowledge,[BX]通用寄存器,C22:K:114,chapter,7.更灵活的定位内存地址的方法前面讲了[bx]这样的定址方式，这里介绍更灵活的内存定址方式，可以方便一些数据结构的处理,,标签,unlabeled,forward,direct,direct
C22:R:1296,C22,汇编语言,1296,C22:K:1291,knowledge,使用操作系统分配的空间,C22:F:1295,floating_root,操作系统,,标签,unlabeled,forward,direct,direct
C22:R:1308,C22,汇编语言,1308,C22:K:304,knowledge,栈栈是逻辑上规定的，这里的栈是从cpu和寄存器的角度出发是如何实现的,C22:F:1307,floating_root,数据结构主要介绍了栈的数据结构以及操作,,标签,unlabeled,forward,direct,direct
C22:R:1311,C22,汇编语言,1311,C22:SUM:1192,summary_block,中断处理从物理层面介绍了中断处理,C22:F:1310,floating_root,计算机组成原理主要从逻辑层面介绍了中断处理的实现方法,,标签,unlabeled,forward,direct,direct
C22:R:1329,C22,汇编语言,1329,C22:K:1318,knowledge,cpu的逻辑结构,C22:F:1328,floating_root,计算机组成原理,,标签,unlabeled,forward,direct,direct
C22:R:1331,C22,汇编语言,1331,C22:K:112,chapter,5.包含多个段的程序前面的程序都只有一个代码段，段中只含代码，这一章介绍如何同时使用代码和访问数据,C22:F:1330,floating_root,C语言,,标签,unlabeled,forward,direct,direct
C22:R:1333,C22,汇编语言,1333,C22:K:101,course_root,汇编语言,C22:F:1332,floating_root,微机原理,,标签,unlabeled,forward,direct,direct
C23:R:559,C23,数字电子技术,559,C23:K:308,knowledge,MOS管,C23:K:310,knowledge,CMOS反相器（非门）,构成,构成,named,forward,direct,direct
C23:R:560,C23,数字电子技术,560,C23:K:310,knowledge,CMOS反相器（非门）,C23:K:420,knowledge,CMOS集成电路,构成,构成,named,forward,direct,direct
C23:R:561,C23,数字电子技术,561,C23:K:430,knowledge,双极型三极管（晶体三极管）,C23:K:432,knowledge,TTL反相器,构成,构成,named,forward,direct,direct
C23:R:1251,C23,数字电子技术,1251,C23:K:308,knowledge,MOS管,C23:F:1250,floating_root,模拟电子技术,,标签,unlabeled,forward,direct,direct
C23:R:1262,C23,数字电子技术,1262,C23:K:104,chapter,逻辑代数,C23:F:1261,floating_root,离散数学,,标签,unlabeled,forward,direct,direct
C23:R:1283,C23,数字电子技术,1283,C23:K:418,knowledge,TTL门电路,C23:K:514,knowledge,不同类型数字集成电路间的接口,,标签,unlabeled,forward,direct,direct
C23:R:1284,C23,数字电子技术,1284,C23:K:286,knowledge,CMOS门电路,C23:K:514,knowledge,不同类型数字集成电路间的接口,,标签,unlabeled,forward,direct,direct
C23:R:1287,C23,数字电子技术,1287,C23:K:106,chapter,门电路实现基本逻辑运算的电路,C23:K:108,chapter,组合逻辑电路,组成,组成,named,forward,direct,direct
C23:R:1294,C23,数字电子技术,1294,C23:K:532,knowledge,分析方法给定一个的逻辑电路，如何分析出其功能,C23:K:628,knowledge,设计方法给定一个实际的逻辑问题，如何设计它的最简逻辑电路,互逆,互逆,named,forward,direct,direct
C23:R:1310,C23,数字电子技术,1310,C23:K:608,knowledge,加法器,C23:F:1309,floating_root,计算机组成原理,,标签,unlabeled,forward,direct,direct
C23:R:1314,C23,数字电子技术,1314,C23:K:630,knowledge,层次化和模块化的设计方法,C23:F:1313,floating_root,软件工程,,标签,unlabeled,forward,direct,direct
C23:R:1326,C23,数字电子技术,1326,C23:K:110,chapter,半导体存储电路,C23:F:1325,floating_root,计算机组成原理,,标签,unlabeled,forward,direct,direct
C23:R:1330,C23,数字电子技术,1330,C23:K:106,chapter,门电路实现基本逻辑运算的电路,C23:K:668,knowledge,SR锁存器,,标签,unlabeled,forward,direct,direct
C23:R:1332,C23,数字电子技术,1332,C23:K:670,knowledge,触发器,C23:F:1331,floating_root,数据库,区别,区别,named,forward,direct,direct
C23:R:1335,C23,数字电子技术,1335,C23:K:668,knowledge,SR锁存器,C23:K:670,knowledge,触发器,组成,组成,named,forward,direct,direct
C23:R:1348,C23,数字电子技术,1348,C23:K:670,knowledge,触发器,C23:K:1344,knowledge,寄存器,组成,组成,named,forward,direct,direct
C23:R:1356,C23,数字电子技术,1356,C23:F:1355,floating_root,汇编语言,C23:K:1344,knowledge,寄存器,物理结构,物理结构,named,forward,direct,direct
C23:R:1379,C23,数字电子技术,1379,C23:K:931,knowledge,移位寄存器,C23:F:1378,floating_root,计算机组成原理,,标签,unlabeled,forward,direct,direct
C23:R:1393,C23,数字电子技术,1393,C23:K:112,chapter,脉冲波形的产生和整形电路仅限于介绍矩形脉冲的产生和整形电路,C23:F:1392,floating_root,模拟电子技术,,标签,unlabeled,forward,direct,direct
C23:R:1417,C23,数字电子技术,1417,C23:K:1007,knowledge,多谐振荡电路,C23:FI:1415,floating_item,正弦波振荡电路,属于,属于,named,forward,direct,direct
C23:R:1418,C23,数字电子技术,1418,C23:FI:1405,floating_item,电压比较器,C23:K:1003,knowledge,施密特触发电路,构成,构成,named,forward,direct,direct
C23:R:1419,C23,数字电子技术,1419,C23:FI:1407,floating_item,基本运算电路,C23:K:1005,knowledge,单稳态电路,构成,构成,named,forward,direct,direct
C23:R:1421,C23,数字电子技术,1421,C23:K:108,chapter,组合逻辑电路,C23:K:110,chapter,半导体存储电路,半导体存储电路是一种组合逻辑电路,半导体存储电路是一种组合逻辑电路,named,forward,direct,direct
C23:R:1422,C23,数字电子技术,1422,C23:K:664,chapter,时序逻辑电路,C23:K:112,chapter,脉冲波形的产生和整形电路仅限于介绍矩形脉冲的产生和整形电路,应用,应用,named,forward,direct,direct
C23:R:1426,C23,数字电子技术,1426,C23:K:1123,knowledge,权电阻网络D/A转换器,C23:K:1125,knowledge,倒T形电阻网络D/A转换器,,标签,unlabeled,forward,direct,direct
C23:R:1427,C23,数字电子技术,1427,C23:K:1125,knowledge,倒T形电阻网络D/A转换器,C23:K:1127,knowledge,权电流型D/A转换器,,标签,unlabeled,forward,direct,direct
C23:R:1429,C23,数字电子技术,1429,C23:K:1064,knowledge,A/D转换器,C23:F:1428,floating_root,计算机网络,,标签,unlabeled,forward,direct,direct
C23:R:1435,C23,数字电子技术,1435,C23:K:114,chapter,数-模和模-数转换,C23:F:1434,floating_root,微机原理,,标签,unlabeled,forward,direct,direct
C23:R:1440,C23,数字电子技术,1440,C23:K:1169,knowledge,不同类型的转换器,C23:K:1171,knowledge,转换精度与转换速度,性能分析,性能分析,named,forward,direct,direct
C23:R:1441,C23,数字电子技术,1441,C23:K:1062,knowledge,D/A转换器,C23:K:1064,knowledge,A/D转换器,互逆,互逆,named,forward,direct,direct
C23:R:1443,C23,数字电子技术,1443,C23:K:664,chapter,时序逻辑电路,C23:F:1442,floating_root,嵌入式,,标签,unlabeled,forward,direct,direct
C23:R:1445,C23,数字电子技术,1445,C23:K:106,chapter,门电路实现基本逻辑运算的电路,C23:F:1444,floating_root,嵌入式,,标签,unlabeled,forward,direct,direct
C23:R:1447,C23,数字电子技术,1447,C23:K:102,chapter,数制与码制,C23:F:1446,floating_root,计算机组成原理,,标签,unlabeled,forward,direct,direct
C23:R:1449,C23,数字电子技术,1449,C23:K:102,chapter,数制与码制,C23:F:1448,floating_root,微机原理,,标签,unlabeled,forward,direct,direct
C23:R:1451,C23,数字电子技术,1451,C23:K:108,chapter,组合逻辑电路,C23:F:1450,floating_root,计算机组成原理,,标签,unlabeled,forward,direct,direct
C23:R:1455,C23,数字电子技术,1455,C23:K:110,chapter,半导体存储电路,C23:F:1454,floating_root,微机原理,,标签,unlabeled,forward,direct,direct
C23:R:1457,C23,数字电子技术,1457,C23:K:110,chapter,半导体存储电路,C23:F:1456,floating_root,嵌入式,,标签,unlabeled,forward,direct,direct
C23:R:1459,C23,数字电子技术,1459,C23:K:664,chapter,时序逻辑电路,C23:F:1458,floating_root,计算机组成原理,,标签,unlabeled,forward,direct,direct
C23:R:1463,C23,数字电子技术,1463,C23:K:933,knowledge,计数器,C23:F:1462,floating_root,计算机组成原理,,标签,unlabeled,forward,direct,direct
C24:R:1286,C24,模拟电子技术,1286,C24:K:104,chapter,2.基本放大电路,C24:K:106,chapter,3.集成运算放大电路,组成,组成,named,forward,direct,direct
C24:R:1287,C24,模拟电子技术,1287,C24:K:175,knowledge,PN结,C24:K:264,knowledge,二极管,组成,组成,named,forward,direct,direct
C24:R:1289,C24,模拟电子技术,1289,C24:K:175,knowledge,PN结,C24:K:262,knowledge,晶体三极管最主要的作用是放大电流,组成,组成,named,forward,direct,direct
C24:R:1290,C24,模拟电子技术,1290,C24:K:175,knowledge,PN结,C24:K:350,knowledge,场效应管,组成,组成,named,forward,direct,direct
C24:R:1291,C24,模拟电子技术,1291,C24:K:138,knowledge,本征半导体本征半导体掺杂后形成两种杂志半导体，两种杂质半导体构成PN结,C24:K:150,knowledge,杂质半导体,掺杂,掺杂,named,forward,direct,direct
C24:R:1292,C24,模拟电子技术,1292,C24:K:936,knowledge,电压比较器,C24:K:1074,knowledge,矩形波发生电路,基本单元电路,基本单元电路,named,forward,direct,direct
C24:R:1293,C24,模拟电子技术,1293,C24:K:162,knowledge,N型半导体,C24:K:164,knowledge,P型半导体,相反,相反,named,forward,direct,direct
C24:R:1301,C24,模拟电子技术,1301,C24:K:150,knowledge,杂质半导体,C24:K:175,knowledge,PN结,,标签,unlabeled,forward,direct,direct
C24:R:1308,C24,模拟电子技术,1308,C24:K:262,knowledge,晶体三极管最主要的作用是放大电流,C24:K:479,knowledge,晶体管单管放大电路的三种基本接法,,标签,unlabeled,forward,direct,direct
C24:R:1309,C24,模拟电子技术,1309,C24:K:350,knowledge,场效应管,C24:K:489,knowledge,场效应管放大电路,,标签,unlabeled,forward,direct,direct
C24:R:1310,C24,模拟电子技术,1310,C24:K:479,knowledge,晶体管单管放大电路的三种基本接法,C24:K:507,knowledge,多级放大电路实际应用中，单级放大电路往往不能满足我们的需求,,标签,unlabeled,forward,direct,direct
C24:R:1424,C24,模拟电子技术,1424,C24:K:106,chapter,3.集成运算放大电路,C24:K:744,knowledge,四种基本组态反馈的引入方式主要有四种,组成,组成,named,forward,direct,direct
C24:R:1450,C24,模拟电子技术,1450,C24:K:106,chapter,3.集成运算放大电路,C24:K:809,knowledge,基本运算电路,,标签,unlabeled,forward,direct,direct
C24:R:1451,C24,模拟电子技术,1451,C24:K:728,knowledge,分类,C24:K:730,knowledge,判断,,标签,unlabeled,forward,direct,direct
C24:R:1463,C24,模拟电子技术,1463,C24:K:819,knowledge,积分运算电路和微分运算电路,C24:K:932,knowledge,非正弦波发生电路,,标签,unlabeled,forward,direct,direct
C24:R:1464,C24,模拟电子技术,1464,C24:K:815,knowledge,比例运算电路,C24:K:932,knowledge,非正弦波发生电路,,标签,unlabeled,forward,direct,direct
C24:R:1465,C24,模拟电子技术,1465,C24:K:1074,knowledge,矩形波发生电路,C24:K:1076,knowledge,三角波发生电路,,标签,unlabeled,forward,direct,direct
C24:R:1466,C24,模拟电子技术,1466,C24:K:1074,knowledge,矩形波发生电路,C24:K:1078,knowledge,锯齿波发生电路,,标签,unlabeled,forward,direct,direct
C24:R:1473,C24,模拟电子技术,1473,C24:K:573,knowledge,零点漂移现象,C24:K:575,knowledge,差分放大电路,解决方法,解决方法,named,forward,direct,direct
C24:R:1518,C24,模拟电子技术,1518,C24:K:1155,knowledge,互补功率放大电路就是直接耦合互补输出级电路,C24:K:1476,knowledge,直接耦合互补输出级,,标签,unlabeled,forward,direct,direct
C24:R:1595,C24,模拟电子技术,1595,C24:K:1141,knowledge,无输出变压器的功率放大电路,C24:K:1157,knowledge,使用最广泛的是无输出电容的功率放大电路（OCL）,,标签,unlabeled,forward,direct,direct
C24:R:1622,C24,模拟电子技术,1622,C24:K:978,chapter,9.直流电源,C24:K:699,chapter,8.功率放大电路,为输出级提供能源,为输出级提供能源,named,forward,direct,direct
C24:R:1625,C24,模拟电子技术,1625,C24:K:885,knowledge,滤波电路,C24:F:1624,floating_root,数字图像处理,,标签,unlabeled,forward,direct,direct
C24:R:1631,C24,模拟电子技术,1631,C24:K:102,chapter,1.半导体基础介绍一些半导体器件,C24:F:1630,floating_root,嵌入式,,标签,unlabeled,forward,direct,direct
C24:R:1633,C24,模拟电子技术,1633,C24:K:102,chapter,1.半导体基础介绍一些半导体器件,C24:F:1632,floating_root,数字电子技术,,标签,unlabeled,forward,direct,direct
C25:R:1979,C25,数字图像处理,1979,C25:ANCH:1092,structural_anchor,无文字结构节点 1092,C25:ANCH:1095,structural_anchor,无文字结构节点 1095,傅里叶变换,傅里叶变换,named,forward,anchor,anchor
C25:R:1980,C25,数字图像处理,1980,C25:ANCH:1095,structural_anchor,无文字结构节点 1095,C25:ANCH:1098,structural_anchor,无文字结构节点 1098,反傅里叶变换,反傅里叶变换,named,forward,direct,anchor
C25:R:1981,C25,数字图像处理,1981,C25:K:1101,knowledge,缺点,C25:K:1105,knowledge,最小均方误差滤波,解决高噪声恢复问题,解决高噪声恢复问题,named,forward,direct,direct
C25:R:1982,C25,数字图像处理,1982,C25:K:1217,knowledge,变换,C25:K:1195,knowledge,方法包括,,,unlabeled,forward,direct,direct
C25:R:1983,C25,数字图像处理,1983,C25:K:1522,knowledge,HSI颜色模型,C25:K:1514,knowledge,RGB颜色模型,相互转换,相互转换,named,forward,direct,direct
C25:R:1986,C25,数字图像处理,1986,C25:K:1711,knowledge,灰度共生矩阵,C25:K:1713,knowledge,共生矩阵二次统计量,在灰度共生矩阵的基础上再提取纹理特征量,在灰度共生矩阵的基础上再提取纹理特征量,named,forward,direct,direct
C25:R:1987,C25,数字图像处理,1987,C25:K:1773,knowledge,差分码,C25:K:1729,knowledge,链码表达,1阶差分码相当于链码旋转归一化,1阶差分码相当于链码旋转归一化,named,forward,direct,direct
C25:R:1988,C25,数字图像处理,1988,C25:K:1781,knowledge,形状数,C25:K:1729,knowledge,链码表达,基于,基于,named,forward,direct,direct
C25:R:1989,C25,数字图像处理,1989,C25:K:1781,knowledge,形状数,C25:K:1773,knowledge,差分码,形状数是值最小的(链码)差分码,形状数是值最小的(链码)差分码,named,forward,direct,direct
C25:R:1990,C25,数字图像处理,1990,C25:F:2915,floating_root,高数,C25:K:1814,knowledge,将最小二阶矩轴定义为较长物体的方向,找出一条最小惯量的直线,找出一条最小惯量的直线,named,forward,direct,direct
C25:R:1991,C25,数字图像处理,1991,C25:F:1889,floating_root,计算机图形学,C25:K:101,course_root,数字图像处理,数字图像处理是对已有图像的变换分析，计算机图形学是图形的从无到有的构造，从数据到图像。,数字图像处理是对已有图像的变换分析，计算机图形学是图形的从无到有的构造，从数据到图像。,named,forward,direct,direct
C25:R:1992,C25,数字图像处理,1992,C25:K:506,knowledge,二维离散傅里叶变换,C25:K:486,knowledge,一维离散傅里叶变换,连续运用两次一维DFT实现二维DFT,连续运用两次一维DFT实现二维DFT,named,forward,direct,direct
C25:R:1993,C25,数字图像处理,1993,C25:K:682,knowledge,空间域平滑滤波器,C25:K:720,knowledge,空间域锐化滤波器,图像平滑通过积分过程使得图像边缘模糊， 图像锐化则通过微分而使图像边缘突出、清晰,图像平滑通过积分过程使得图像边缘模糊， 图像锐化则通过微分而使图像边缘突出、清晰,named,forward,direct,direct
C25:R:1994,C25,数字图像处理,1994,C25:K:614,chapter,图像增强在空间域或频率域对图像进行增强，增强图像视觉效果,C25:K:861,chapter,图像复原图像退化后，通过相应的数学模型对图像信号处理，使图像恢复原本面貌,图像增强不需考虑退化原因，只需图像进行增强；图像复原则需要了解图像退化机制等先验知识再逆处理，二者目的都是改善图像质量。,图像增强不需考虑退化原因，只需图像进行增强；图像复原则需要了解图像退化机制等先验知识再逆处理，二者目的都是改善图像质量。,named,forward,direct,direct
C25:R:1995,C25,数字图像处理,1995,C25:K:1627,knowledge,灰度直方图,C25:F:1903,floating_root,RGB颜色模型,在RGB空间中计算,在RGB空间中计算,named,forward,direct,direct
C25:R:1996,C25,数字图像处理,1996,C25:ANCH:1329,structural_anchor,无文字结构节点 1329,C25:FI:1950,floating_item,梯度,梯度确定边缘像素相似性,梯度确定边缘像素相似性,named,forward,anchor,direct
C25:R:1997,C25,数字图像处理,1997,C25:K:1304,knowledge,高斯拉普拉斯算子（LOG）,C25:K:1288,knowledge,拉普拉斯算子,结合拉普拉斯算子和高斯低通滤波器,结合拉普拉斯算子和高斯低通滤波器,named,forward,direct,direct
C25:R:2000,C25,数字图像处理,2000,C25:K:1111,knowledge,近似公式,C25:F:1912,floating_root,高数,推导公式,推导公式,named,forward,direct,direct
C25:R:2001,C25,数字图像处理,2001,C25:F:1915,floating_root,计算机图形学,C25:K:324,knowledge,像素间的关系,种子填充法同样利用像素间的关系,种子填充法同样利用像素间的关系,named,forward,direct,direct
C25:R:2002,C25,数字图像处理,2002,C25:F:1918,floating_root,数据结构,C25:K:1173,knowledge,霍夫曼编码,运用到,运用到,named,forward,direct,direct
C25:R:2004,C25,数字图像处理,2004,C25:SUM:150,summary_block,二者的有机结合,C25:K:146,knowledge,光电结合处理,形成,形成,named,forward,direct,direct
C25:R:2005,C25,数字图像处理,2005,C25:B:106,boundary_group,,C25:K:119,knowledge,图像,图和像的结合,图和像的结合,named,forward,group,direct
C25:R:2006,C25,数字图像处理,2006,C25:K:121,knowledge,图像处理,C25:K:151,knowledge,图像分析,更高一级的处理过程,更高一级的处理过程,named,forward,direct,direct
C25:R:2007,C25,数字图像处理,2007,C25:K:463,chapter,图像变换傅里叶变换建立函数在空间域与频率域之间的转换关系,C25:F:1926,floating_root,高数,,,unlabeled,forward,direct,direct
C25:R:2008,C25,数字图像处理,2008,C25:K:834,knowledge,理想高通滤波器,C25:K:843,knowledge,butterworth高通滤波器,BHPF比IHPF平滑边缘失真小,BHPF比IHPF平滑边缘失真小,named,forward,direct,direct
C25:R:2009,C25,数字图像处理,2009,C25:K:843,knowledge,butterworth高通滤波器,C25:K:852,knowledge,高斯高通滤波器,GHPF比2阶BHPF更平滑,GHPF比2阶BHPF更平滑,named,forward,direct,direct
C25:R:2011,C25,数字图像处理,2011,C25:K:688,knowledge,局部平滑法,C25:K:700,knowledge,超限像素平滑法,改进,改进,named,forward,direct,direct
C25:R:2012,C25,数字图像处理,2012,C25:K:808,knowledge,Butterworth低通滤波器,C25:K:817,knowledge,高斯低通滤波器,2阶BLPF与GLPF性能相差不大,2阶BLPF与GLPF性能相差不大,named,forward,direct,direct
C25:R:2013,C25,数字图像处理,2013,C25:K:790,knowledge,理想低通滤波器,C25:K:808,knowledge,Butterworth低通滤波器,二阶BLPF性能好于ILPF,二阶BLPF性能好于ILPF,named,forward,direct,direct
C25:R:2016,C25,数字图像处理,2016,C25:K:1432,knowledge,闭运算,C25:F:1956,floating_root,集合论术语,先膨胀后腐蚀,先膨胀后腐蚀,named,forward,direct,direct
C25:R:2017,C25,数字图像处理,2017,C25:K:1434,knowledge,开运算,C25:F:1956,floating_root,集合论术语,先腐蚀后膨胀,先腐蚀后膨胀,named,forward,direct,direct
C25:R:2903,C25,数字图像处理,2903,C25:K:614,chapter,图像增强在空间域或频率域对图像进行增强，增强图像视觉效果,C25:F:2902,floating_root,模拟电路,滤波器原理,滤波器原理,named,forward,direct,direct
C25:R:2908,C25,数字图像处理,2908,C25:K:786,knowledge,频率域滤波增强,C25:K:463,chapter,图像变换傅里叶变换建立函数在空间域与频率域之间的转换关系,通过傅里叶变换将空间域转化为频率域,通过傅里叶变换将空间域转化为频率域,named,forward,direct,direct
C25:R:2909,C25,数字图像处理,2909,C25:K:1016,knowledge,频率域滤波复原,C25:K:463,chapter,图像变换傅里叶变换建立函数在空间域与频率域之间的转换关系,运用傅里叶变换,运用傅里叶变换,named,forward,direct,direct
C25:R:2910,C25,数字图像处理,2910,C25:K:1370,knowledge,直方图技术,C25:K:652,knowledge,灰度图像的直方图,直方图技术,直方图技术,named,forward,direct,direct
C25:R:2911,C25,数字图像处理,2911,C25:FI:1922,floating_item,颜色模型,C25:K:1512,knowledge,彩色模型,相同的颜色模型,相同的颜色模型,named,forward,direct,direct
C25:R:2925,C25,数字图像处理,2925,C25:K:1859,knowledge,矩,C25:F:2924,floating_root,概率论,,标签,unlabeled,forward,direct,direct
C25:R:2907,C25,数字图像处理,2907,C25:ANCH:1269,structural_anchor,无文字结构节点 1269,C25:FI:1950,floating_item,梯度,梯度概念,梯度概念,named,forward,anchor,direct
C25:R:2931,C25,数字图像处理,2931,C25:SUM:1317,summary_block,基于一阶导数,C25:FI:2912,floating_item,导数与微分,一阶导数检测点是否在斜坡,一阶导数检测点是否在斜坡,named,forward,direct,direct
C25:R:2933,C25,数字图像处理,2933,C25:SUM:1320,summary_block,基于二阶导数,C25:FI:2912,floating_item,导数与微分,二阶导数判断像素在亮/暗的一边,二阶导数判断像素在亮/暗的一边,named,forward,direct,direct
C25:R:2934,C25,数字图像处理,2934,C25:K:1416,knowledge,区域分裂与合并,C25:F:1918,floating_root,数据结构,运用数据结构,运用数据结构,named,forward,direct,direct
C25:R:2868,C25,数字图像处理,2868,C25:K:438,knowledge,几何运算,C25:F:2867,floating_root,计算机图形学,,标签,unlabeled,forward,direct,direct
C26:R:1249,C26,计算机图形学,1249,C26:K:1119,knowledge,透视投影法,C26:K:1141,knowledge,平行投影法,区别：投影中心到投影面距离不同,区别：投影中心到投影面距离不同,named,forward,direct,direct
C26:R:1250,C26,计算机图形学,1250,C26:K:1129,knowledge,一点透视,C26:K:1131,knowledge,多点透视,推广,推广,named,forward,direct,direct
C26:R:1251,C26,计算机图形学,1251,C26:K:1119,knowledge,透视投影法,C26:ANCH:1105,structural_anchor,无文字结构节点 1105,透视投影变换系数,透视投影变换系数,named,forward,direct,anchor
C26:R:1252,C26,计算机图形学,1252,C26:K:900,knowledge,中点切分算法,C26:ANCH:897,structural_anchor,无文字结构节点 897,同样运用编码,同样运用编码,named,forward,direct,anchor
C26:R:1253,C26,计算机图形学,1253,C26:K:879,knowledge,加权区域采样,C26:K:871,knowledge,简单区域采样,改进,改进,named,forward,direct,direct
C26:R:1254,C26,计算机图形学,1254,C26:K:2013,knowledge,Bezier曲线性质,C26:K:291,knowledge,曲面性质,推广,推广,named,forward,direct,direct
C26:R:1255,C26,计算机图形学,1255,C26:K:197,knowledge,Bezier曲线曲面,C26:K:307,knowledge,B样条,保留Bezier方法优点同时克服缺点,保留Bezier方法优点同时克服缺点,named,forward,direct,direct
C26:R:1256,C26,计算机图形学,1256,C26:K:587,knowledge,彩色阴极射线管,C26:K:577,knowledge,阴极射线管,三支电子枪和三色荧光屏,三支电子枪和三色荧光屏,named,forward,direct,direct
C26:R:1257,C26,计算机图形学,1257,C26:K:654,knowledge,中点画线法,C26:K:668,knowledge,Bresenham画线法,改进：解决自由曲线,改进：解决自由曲线,named,forward,direct,direct
C26:R:1258,C26,计算机图形学,1258,C26:K:642,knowledge,数值微分法（DDA）,C26:K:654,knowledge,中点画线法,改进：适用|k|>1,改进：适用|k|>1,named,forward,direct,direct
C26:R:1259,C26,计算机图形学,1259,C26:K:666,knowledge,利用增量思想,C26:K:652,knowledge,利用增量思想,都利用增量思想，且中点画线法效率更高,都利用增量思想，且中点画线法效率更高,named,forward,direct,direct
C26:R:1260,C26,计算机图形学,1260,C26:K:788,knowledge,新边表(NET),C26:K:781,knowledge,活性边表(AET),方便活性边表的建立更新,方便活性边表的建立更新,named,forward,direct,direct
C26:R:1262,C26,计算机图形学,1262,C26:K:750,knowledge,求交,C26:K:770,knowledge,处理扫描线时仅对相交多边形的边进行求交运算,求交计算量巨大,求交计算量巨大,named,forward,direct,direct
C26:R:1263,C26,计算机图形学,1263,C26:K:710,knowledge,多边形的扫描转换,C26:K:708,knowledge,点阵表示,顶点表示转换为点阵,顶点表示转换为点阵,named,forward,direct,direct
C26:R:1265,C26,计算机图形学,1265,C26:K:698,knowledge,Bresenham画圆法,C26:K:696,knowledge,中点画圆法,改进：化浮点数运算为整数运算,改进：化浮点数运算为整数运算,named,forward,direct,direct
C26:R:1266,C26,计算机图形学,1266,C26:K:805,knowledge,栅栏填充算法,C26:K:800,knowledge,边缘填充算法,改进：增加栅栏,改进：增加栅栏,named,forward,direct,direct
C26:R:1269,C26,计算机图形学,1269,C26:K:1851,knowledge,步骤,C26:K:847,knowledge,步骤,步骤类似4-连通,步骤类似4-连通,named,forward,direct,direct
C26:R:1270,C26,计算机图形学,1270,C26:K:906,knowledge,Liang-Barsky算法,C26:K:889,knowledge,Cohen-Sutherland算法(编码裁剪算法),Cohen-Sutherland算法适用于贯穿窗口少的情况，Liang-Barsky则适用于一般情况,Cohen-Sutherland算法适用于贯穿窗口少的情况，Liang-Barsky则适用于一般情况,named,forward,direct,direct
C26:R:1273,C26,计算机图形学,1273,C26:B:404,boundary_group,,C26:ANCH:413,structural_anchor,无文字结构节点 413,一一对应,一一对应,named,forward,group,anchor
C26:R:1279,C26,计算机图形学,1279,C26:K:781,knowledge,活性边表(AET),C26:FI:2373,floating_item,冒泡排序法,边自相交则冒泡排序法对AET排序,边自相交则冒泡排序法对AET排序,named,forward,direct,direct
C26:R:1820,C26,计算机图形学,1820,C26:K:1057,knowledge,二维变换,C26:F:1179,floating_root,线性代数,二维变换中几何变换与复合变换运用线代矩阵运算的知识,二维变换中几何变换与复合变换运用线代矩阵运算的知识,named,forward,direct,direct
C26:R:1821,C26,计算机图形学,1821,C26:K:881,knowledge,根据相交区域与像素中心的距离决定像素亮度贡献,C26:F:1323,floating_root,数字图像处理,加权区域采样算法中确定亮度贡献时的原理就是数字图像处理中灰度值对滤波器进行积分的积分值,加权区域采样算法中确定亮度贡献时的原理就是数字图像处理中灰度值对滤波器进行积分的积分值,named,forward,direct,direct
C26:R:1846,C26,计算机图形学,1846,C26:K:788,knowledge,新边表(NET),C26:FI:2374,floating_item,插入排序法,NET的边结点用插入法插入AET,NET的边结点用插入法插入AET,named,forward,direct,direct
C26:R:1847,C26,计算机图形学,1847,C26:FI:2379,floating_item,链式结构,C26:K:788,knowledge,新边表(NET),添加特殊的链表,添加特殊的链表,named,forward,direct,direct
C26:R:1850,C26,计算机图形学,1850,C26:K:750,knowledge,求交,C26:SUM:797,summary_block,避免求交运算,改进多边形扫描算法,改进多边形扫描算法,named,forward,direct,direct
C26:R:1903,C26,计算机图形学,1903,C26:K:1088,knowledge,三维变换,C26:K:1057,knowledge,二维变换,投影：将三维物体转换为二维物体,投影：将三维物体转换为二维物体,named,forward,direct,direct
C26:R:1999,C26,计算机图形学,1999,C26:F:1994,floating_root,高等数学,C26:K:1831,chapter,复杂的三维图形研究计算机中如何表达物体模型，主要是曲线曲面的方法,运用,运用,named,forward,direct,direct
C26:R:2036,C26,计算机图形学,2036,C26:K:199,knowledge,Bezier曲线,C26:K:2003,knowledge,Bernstein基函数,Bezier基函数可以简化为Bernstein基函数,Bezier基函数可以简化为Bernstein基函数,named,forward,direct,direct
C26:R:2057,C26,计算机图形学,2057,C26:K:248,knowledge,Bezier曲线递推算法（de Casteljau）,C26:K:2055,knowledge,Bezier曲面递推生成算法,引申：一张曲面可以由低一次的四张曲面的线性组合,引申：一张曲面可以由低一次的四张曲面的线性组合,named,forward,direct,direct
C26:R:2044,C26,计算机图形学,2044,C26:K:362,knowledge,均匀B样条曲线,C26:K:364,knowledge,准均匀B样条曲线,差别在于两端节点具有重复度k,差别在于两端节点具有重复度k,named,forward,direct,direct
C26:R:2062,C26,计算机图形学,2062,C26:K:2058,knowledge,"Ni,p(u)和Nj,q(v)是B样条基",C26:K:320,knowledge,de Boor-Cox递推,"由结点矢量v,u按照deBoor-Cox决定","由结点矢量v,u按照deBoor-Cox决定",named,forward,direct,direct
C26:R:2159,C26,计算机图形学,2159,C26:K:1028,knowledge,warnock算法,C26:FI:2157,floating_item,堆栈,warnock算法中设立堆栈的数据结构存放子窗口,warnock算法中设立堆栈的数据结构存放子窗口,named,forward,direct,direct
C26:R:2166,C26,计算机图形学,2166,C26:K:2148,knowledge,画家算法,C26:FI:2151,floating_item,排序,z-buffer算法中，需要设立深度缓存数组存放像素的深度值；且需要利用冒泡排序法对像素深度值进行排序,z-buffer算法中，需要设立深度缓存数组存放像素的深度值；且需要利用冒泡排序法对像素深度值进行排序,named,forward,direct,direct
C26:R:2169,C26,计算机图形学,2169,C26:K:978,knowledge,Z-buffer算法,C26:FI:2167,floating_item,数组,深度数组和属性数组,深度数组和属性数组,named,forward,direct,direct
C26:R:2171,C26,计算机图形学,2171,C26:K:380,knowledge,颜色模型,C26:F:2170,floating_root,数字图像处理,计算机图形学中颜色模型汇集数字图像处理中彩色模型知识，并且补充光的物理特性知识,计算机图形学中颜色模型汇集数字图像处理中彩色模型知识，并且补充光的物理特性知识,named,forward,direct,direct
C26:R:2234,C26,计算机图形学,2234,C26:K:2252,knowledge,HSI颜色模型,C26:K:2248,knowledge,RGB颜色模型,相互转换,相互转换,named,forward,direct,direct
C26:R:2266,C26,计算机图形学,2266,C26:K:451,knowledge,Gouraud明暗处理(双线性光强差值算法),C26:K:472,knowledge,Phong明暗处理(双线性法向差值算法),p,p,named,forward,direct,direct
C26:R:2284,C26,计算机图形学,2284,C26:K:514,knowledge,阴影处理,C26:K:2140,knowledge,消隐算法,通过消隐算法确定光源不能照明的区域,通过消隐算法确定光源不能照明的区域,named,forward,direct,direct
C26:R:2290,C26,计算机图形学,2290,C26:K:492,knowledge,整体光照模型与光线追踪,C26:F:2285,floating_root,数据结构,光线追踪过程中运用数据结构二叉光线跟踪树,光线追踪过程中运用数据结构二叉光线跟踪树,named,forward,direct,direct
C26:R:2397,C26,计算机图形学,2397,C26:K:837,knowledge,种子填充法,C26:FI:2381,floating_item,图的遍历,种子填充法中可能运用到图的遍历中深度优先算法和广度优先算法,种子填充法中可能运用到图的遍历中深度优先算法和广度优先算法,named,forward,direct,direct
C26:R:2410,C26,计算机图形学,2410,C26:K:815,knowledge,区域填充算法,C26:F:2390,floating_root,数字图像处理,区域的相关概念在数字图像处理中也详细介绍，数字图像处理中同样运用了种子填充法的思想及种子生长法,区域的相关概念在数字图像处理中也详细介绍，数字图像处理中同样运用了种子填充法的思想及种子生长法,named,forward,direct,direct
C26:R:2414,C26,计算机图形学,2414,C26:K:1088,knowledge,三维变换,C26:F:1179,floating_root,线性代数,三维变换中几何变换与投影变换运用线代矩阵运算的知识，相比于二阶运算矩阵为四阶矩阵,三维变换中几何变换与投影变换运用线代矩阵运算的知识，相比于二阶运算矩阵为四阶矩阵,named,forward,direct,direct
C26:R:2421,C26,计算机图形学,2421,C26:K:1829,chapter,图形变换图形变换是图形显示的重要环节之一，通过图形变换可以达到生成复杂图形，构建场景等目的,C26:FI:2420,floating_item,几何运算,相比数字图像处理，计算机图形学二三维变换中增加二三维观察方面,相比数字图像处理，计算机图形学二三维变换中增加二三维观察方面,named,forward,direct,direct
C26:R:2446,C26,计算机图形学,2446,C26:K:2330,knowledge,CSG树,C26:FI:2435,floating_item,CSG树,在构造几何实体法中，集合运算的实现通过二叉树来描述,在构造几何实体法中，集合运算的实现通过二叉树来描述,named,forward,direct,direct
C26:R:2447,C26,计算机图形学,2447,C26:K:2073,knowledge,八叉树编码方法,C26:FI:2436,floating_item,八叉树,八叉树对空间进行自适应划分，采用具有层次结构的八叉树来表示实体,八叉树对空间进行自适应划分，采用具有层次结构的八叉树来表示实体,named,forward,direct,direct
C26:R:2448,C26,计算机图形学,2448,C26:K:2075,knowledge,二叉空间分割树,C26:FI:2437,floating_item,BSP树,二叉空间分割方法将实体分割为两部分，采用BSP树数据结构,二叉空间分割方法将实体分割为两部分，采用BSP树数据结构,named,forward,direct,direct
C26:R:2449,C26,计算机图形学,2449,C26:K:1916,knowledge,空间分区表示,C26:F:2445,floating_root,数据结构,多边形平面其几何信息用几何表来组织,多边形平面其几何信息用几何表来组织,named,forward,direct,direct
