node_id,name,entity_type,course,topic,definition,alias,difficulty,importance,source,source_section,book_page,evidence_text
OS_CRS_001,操作系统,Course,操作系统,,研究操作系统如何管理处理机、内存、文件和I/O设备等计算机资源，并为应用程序与用户提供接口和运行环境的核心课程。,"OS,Operating System",4,5,王道2027操作系统，内容简介，教材p2,内容简介,2,教材内容简介说明本书内容包括计算机系统概述、进程与线程、内存管理、文件管理、输入/输出管理等。
OS_TOP_001,第1章 计算机系统概述,Topic,操作系统,第1章 计算机系统概述,建立操作系统整体概念、发展历程、运行环境、结构、引导与虚拟机等基础框架。,,3,5,王道2027操作系统，第1章 计算机系统概述，教材p1,第1章 计算机系统概述,1,教材在“第1章 计算机系统概述”中出现或讲解“第1章 计算机系统概述”；本节点概括为：建立操作系统整体概念、发展历程、运行环境、结构、引导与虚拟机等基础框架。
OS_TOP_002,第2章 进程与线程,Topic,操作系统,第2章 进程与线程,研究进程、线程、CPU调度、同步互斥和死锁等处理机管理核心内容。,,3,5,王道2027操作系统，第2章 进程与线程，教材p37,第2章 进程与线程,37,教材在“第2章 进程与线程”中出现或讲解“第2章 进程与线程”；本节点概括为：研究进程、线程、CPU调度、同步互斥和死锁等处理机管理核心内容。
OS_TOP_003,第3章 内存管理,Topic,操作系统,第3章 内存管理,研究内存分配、地址转换、分页分段和虚拟内存等存储器管理机制。,,3,5,王道2027操作系统，第3章 内存管理，教材p176,第3章 内存管理,176,教材在“第3章 内存管理”中出现或讲解“第3章 内存管理”；本节点概括为：研究内存分配、地址转换、分页分段和虚拟内存等存储器管理机制。
OS_TOP_004,第4章 文件管理,Topic,操作系统,第4章 文件管理,研究文件、目录、文件物理结构、文件系统和外存空间管理。,,3,5,王道2027操作系统，第4章 文件管理，教材p251,第4章 文件管理,251,教材在“第4章 文件管理”中出现或讲解“第4章 文件管理”；本节点概括为：研究文件、目录、文件物理结构、文件系统和外存空间管理。
OS_TOP_005,第5章 输入/输出管理,Topic,操作系统,第5章 输入/输出管理,研究I/O设备、I/O控制方式、设备独立性、缓冲、SPOOLing和磁盘调度。,,3,5,王道2027操作系统，第5章 输入/输出管理，教材p305,第5章 输入/输出管理,305,教材在“第5章 输入/输出管理”中出现或讲解“第5章 输入/输出管理”；本节点概括为：研究I/O设备、I/O控制方式、设备独立性、缓冲、SPOOLing和磁盘调度。
OS_TOP_006,1.1 操作系统的基本概念,Topic,操作系统,第1章 计算机系统概述,讲解操作系统的定义、功能目标和并发、共享、虚拟、异步等基本特征。,,3,4,王道2027操作系统，1.1 操作系统的基本概念，教材p1,1.1 操作系统的基本概念,1,教材在“1.1 操作系统的基本概念”中出现或讲解“1.1 操作系统的基本概念”；本节点概括为：讲解操作系统的定义、功能目标和并发、共享、虚拟、异步等基本特征。
OS_TOP_007,1.2 操作系统发展历程,Topic,操作系统,第1章 计算机系统概述,梳理手工操作、批处理、分时、实时、网络、分布式和微机操作系统的发展。,,3,4,王道2027操作系统，1.2 操作系统发展历程，教材p7,1.2 操作系统发展历程,7,教材在“1.2 操作系统发展历程”中出现或讲解“1.2 操作系统发展历程”；本节点概括为：梳理手工操作、批处理、分时、实时、网络、分布式和微机操作系统的发展。
OS_TOP_008,1.3 操作系统的运行环境,Topic,操作系统,第1章 计算机系统概述,讲解内核、处理机工作模式、中断异常和系统调用。,,3,4,王道2027操作系统，1.3 操作系统的运行环境，教材p15,1.3 操作系统的运行环境,15,教材在“1.3 操作系统的运行环境”中出现或讲解“1.3 操作系统的运行环境”；本节点概括为：讲解内核、处理机工作模式、中断异常和系统调用。
OS_TOP_009,1.4 操作系统结构,Topic,操作系统,第1章 计算机系统概述,比较分层、模块化、宏内核、微内核和外核等系统结构。,,3,4,王道2027操作系统，1.4 操作系统结构，教材p26,1.4 操作系统结构,26,教材在“1.4 操作系统结构”中出现或讲解“1.4 操作系统结构”；本节点概括为：比较分层、模块化、宏内核、微内核和外核等系统结构。
OS_TOP_010,1.5 操作系统引导,Topic,操作系统,第1章 计算机系统概述,讲解计算机开机后装入并启动操作系统的过程。,,3,4,王道2027操作系统，1.5 操作系统引导，教材p29,1.5 操作系统引导,29,教材在“1.5 操作系统引导”中出现或讲解“1.5 操作系统引导”；本节点概括为：讲解计算机开机后装入并启动操作系统的过程。
OS_TOP_011,1.6 虚拟机,Topic,操作系统,第1章 计算机系统概述,讲解虚拟机和虚拟机管理程序的基本概念。,,3,4,王道2027操作系统，1.6 虚拟机，教材p30,1.6 虚拟机,30,教材在“1.6 虚拟机”中出现或讲解“1.6 虚拟机”；本节点概括为：讲解虚拟机和虚拟机管理程序的基本概念。
OS_TOP_012,2.1 进程与线程简介,Topic,操作系统,第2章 进程与线程,讲解进程概念、组成、状态转换、进程控制、进程通信和线程模型。,,3,4,王道2027操作系统，2.1 进程与线程简介，教材p37,2.1 进程与线程简介,37,教材在“2.1 进程与线程简介”中出现或讲解“2.1 进程与线程简介”；本节点概括为：讲解进程概念、组成、状态转换、进程控制、进程通信和线程模型。
OS_TOP_013,2.2 CPU调度,Topic,操作系统,第2章 进程与线程,讲解调度层次、调度目标、进程切换和常见CPU调度算法。,,3,4,王道2027操作系统，2.2 CPU调度，教材p66,2.2 CPU调度,66,教材在“2.2 CPU调度”中出现或讲解“2.2 CPU调度”；本节点概括为：讲解调度层次、调度目标、进程切换和常见CPU调度算法。
OS_TOP_014,2.3 同步与互斥,Topic,操作系统,第2章 进程与线程,讲解并发进程同步互斥、临界区、信号量、经典同步问题和管程。,,3,4,王道2027操作系统，2.3 同步与互斥，教材p99,2.3 同步与互斥,99,教材在“2.3 同步与互斥”中出现或讲解“2.3 同步与互斥”；本节点概括为：讲解并发进程同步互斥、临界区、信号量、经典同步问题和管程。
OS_TOP_015,2.4 死锁,Topic,操作系统,第2章 进程与线程,讲解死锁产生条件、预防、避免、检测与解除。,,3,4,王道2027操作系统，2.4 死锁，教材p149,2.4 死锁,149,教材在“2.4 死锁”中出现或讲解“2.4 死锁”；本节点概括为：讲解死锁产生条件、预防、避免、检测与解除。
OS_TOP_016,3.1 内存管理概念,Topic,操作系统,第3章 内存管理,讲解内存管理要求、连续分配、分页、分段和段页式管理。,,3,4,王道2027操作系统，3.1 内存管理概念，教材p176,3.1 内存管理概念,176,教材在“3.1 内存管理概念”中出现或讲解“3.1 内存管理概念”；本节点概括为：讲解内存管理要求、连续分配、分页、分段和段页式管理。
OS_TOP_017,3.2 虚拟内存管理,Topic,操作系统,第3章 内存管理,讲解虚拟内存、请求分页、页框分配、页面置换、抖动和地址翻译。,,3,4,王道2027操作系统，3.2 虚拟内存管理，教材p212,3.2 虚拟内存管理,212,教材在“3.2 虚拟内存管理”中出现或讲解“3.2 虚拟内存管理”；本节点概括为：讲解虚拟内存、请求分页、页框分配、页面置换、抖动和地址翻译。
OS_TOP_018,4.1 文件系统基础,Topic,操作系统,第4章 文件管理,讲解文件基本概念、文件系统结构和文件逻辑结构。,,3,4,王道2027操作系统，4.1 文件系统基础，教材p251,4.1 文件系统基础,251,教材在“4.1 文件系统基础”中出现或讲解“4.1 文件系统基础”；本节点概括为：讲解文件基本概念、文件系统结构和文件逻辑结构。
OS_TOP_019,4.2 目录与文件,Topic,操作系统,第4章 文件管理,讲解目录、文件控制块、索引节点、目录结构、文件物理结构、共享与保护。,,3,4,王道2027操作系统，4.2 目录与文件，教材p257,4.2 目录与文件,257,教材在“4.2 目录与文件”中出现或讲解“4.2 目录与文件”；本节点概括为：讲解目录、文件控制块、索引节点、目录结构、文件物理结构、共享与保护。
OS_TOP_020,4.3 文件系统,Topic,操作系统,第4章 文件管理,讲解文件系统布局、文件存储空间管理、虚拟文件系统和挂载。,,3,4,王道2027操作系统，4.3 文件系统，教材p294,4.3 文件系统,294,教材在“4.3 文件系统”中出现或讲解“4.3 文件系统”；本节点概括为：讲解文件系统布局、文件存储空间管理、虚拟文件系统和挂载。
OS_TOP_021,5.1 I/O管理概述,Topic,操作系统,第5章 输入/输出管理,讲解I/O设备、I/O控制方式、I/O软件层次和应用程序I/O接口。,,3,4,王道2027操作系统，5.1 I/O管理概述，教材p305,5.1 I/O管理概述,305,教材在“5.1 I/O管理概述”中出现或讲解“5.1 I/O管理概述”；本节点概括为：讲解I/O设备、I/O控制方式、I/O软件层次和应用程序I/O接口。
OS_TOP_022,5.2 设备独立性软件,Topic,操作系统,第5章 输入/输出管理,讲解设备独立性、缓冲、高速缓存、设备分配与SPOOLing技术。,,3,4,王道2027操作系统，5.2 设备独立性软件，教材p320,5.2 设备独立性软件,320,教材在“5.2 设备独立性软件”中出现或讲解“5.2 设备独立性软件”；本节点概括为：讲解设备独立性、缓冲、高速缓存、设备分配与SPOOLing技术。
OS_TOP_023,5.3 磁盘和固态硬盘,Topic,操作系统,第5章 输入/输出管理,讲解磁盘结构、磁盘管理、磁盘调度算法和固态硬盘。,,3,4,王道2027操作系统，5.3 磁盘和固态硬盘，教材p340,5.3 磁盘和固态硬盘,340,教材在“5.3 磁盘和固态硬盘”中出现或讲解“5.3 磁盘和固态硬盘”；本节点概括为：讲解磁盘结构、磁盘管理、磁盘调度算法和固态硬盘。
OS_TOP_024,1.1.1 操作系统的概念,Topic,操作系统,第1章 计算机系统概述,定义操作系统在计算机系统中的位置和作用。,,3,3,王道2027操作系统，1.1.1 操作系统的概念，教材p1,1.1.1 操作系统的概念,1,教材在“1.1.1 操作系统的概念”中出现或讲解“1.1.1 操作系统的概念”；本节点概括为：定义操作系统在计算机系统中的位置和作用。
OS_TOP_025,1.1.2 操作系统的功能和目标,Topic,操作系统,第1章 计算机系统概述,说明处理机、存储器、文件、设备管理和用户接口等功能。,,3,3,王道2027操作系统，1.1.2 操作系统的功能和目标，教材p2,1.1.2 操作系统的功能和目标,2,教材在“1.1.2 操作系统的功能和目标”中出现或讲解“1.1.2 操作系统的功能和目标”；本节点概括为：说明处理机、存储器、文件、设备管理和用户接口等功能。
OS_TOP_026,1.1.3 操作系统的特征,Topic,操作系统,第1章 计算机系统概述,说明并发、共享、虚拟和异步四个基本特征。,,3,3,王道2027操作系统，1.1.3 操作系统的特征，教材p3,1.1.3 操作系统的特征,3,教材在“1.1.3 操作系统的特征”中出现或讲解“1.1.3 操作系统的特征”；本节点概括为：说明并发、共享、虚拟和异步四个基本特征。
OS_TOP_027,1.2.1 手工操作阶段,Topic,操作系统,第1章 计算机系统概述,说明未配置操作系统时人工装入和控制作业的方式。,,3,3,王道2027操作系统，1.2.1 手工操作阶段，教材p7,1.2.1 手工操作阶段,7,教材在“1.2.1 手工操作阶段”中出现或讲解“1.2.1 手工操作阶段”；本节点概括为：说明未配置操作系统时人工装入和控制作业的方式。
OS_TOP_028,1.2.2 批处理阶段,Topic,操作系统,第1章 计算机系统概述,说明单道与多道批处理系统的出现及作用。,,3,3,王道2027操作系统，1.2.2 批处理阶段，教材p7,1.2.2 批处理阶段,7,教材在“1.2.2 批处理阶段”中出现或讲解“1.2.2 批处理阶段”；本节点概括为：说明单道与多道批处理系统的出现及作用。
OS_TOP_029,1.2.3 分时操作系统,Topic,操作系统,第1章 计算机系统概述,说明分时系统的多用户交互和时间片思想。,,3,3,王道2027操作系统，1.2.3 分时操作系统，教材p8,1.2.3 分时操作系统,8,教材在“1.2.3 分时操作系统”中出现或讲解“1.2.3 分时操作系统”；本节点概括为：说明分时系统的多用户交互和时间片思想。
OS_TOP_030,1.2.4 实时操作系统,Topic,操作系统,第1章 计算机系统概述,说明实时系统对及时性和可靠性的要求。,,3,3,王道2027操作系统，1.2.4 实时操作系统，教材p8,1.2.4 实时操作系统,8,教材在“1.2.4 实时操作系统”中出现或讲解“1.2.4 实时操作系统”；本节点概括为：说明实时系统对及时性和可靠性的要求。
OS_TOP_031,1.2.5 网络操作系统和分布式系统,Topic,操作系统,第1章 计算机系统概述,说明网络资源共享和分布式协同的系统形态。,,3,3,王道2027操作系统，1.2.5 网络操作系统和分布式系统，教材p9,1.2.5 网络操作系统和分布式系统,9,教材在“1.2.5 网络操作系统和分布式系统”中出现或讲解“1.2.5 网络操作系统和分布式系统”；本节点概括为：说明网络资源共享和分布式协同的系统形态。
OS_TOP_032,1.2.6 微机操作系统,Topic,操作系统,第1章 计算机系统概述,说明个人计算机操作系统的发展。,,3,3,王道2027操作系统，1.2.6 微机操作系统，教材p9,1.2.6 微机操作系统,9,教材在“1.2.6 微机操作系统”中出现或讲解“1.2.6 微机操作系统”；本节点概括为：说明个人计算机操作系统的发展。
OS_TOP_033,1.3.1 操作系统内核,Topic,操作系统,第1章 计算机系统概述,说明内核中时钟、中断、原语和资源管理等功能。,,3,3,王道2027操作系统，1.3.1 操作系统内核，教材p15,1.3.1 操作系统内核,15,教材在“1.3.1 操作系统内核”中出现或讲解“1.3.1 操作系统内核”；本节点概括为：说明内核中时钟、中断、原语和资源管理等功能。
OS_TOP_034,1.3.2 处理机的双重工作模式,Topic,操作系统,第1章 计算机系统概述,说明用户态、核心态和特权指令。,,3,3,王道2027操作系统，1.3.2 处理机的双重工作模式，教材p16,1.3.2 处理机的双重工作模式,16,教材在“1.3.2 处理机的双重工作模式”中出现或讲解“1.3.2 处理机的双重工作模式”；本节点概括为：说明用户态、核心态和特权指令。
OS_TOP_035,1.3.3 中断和异常的概念,Topic,操作系统,第1章 计算机系统概述,说明中断、异常及其在系统控制中的作用。,,3,3,王道2027操作系统，1.3.3 中断和异常的概念，教材p16,1.3.3 中断和异常的概念,16,教材在“1.3.3 中断和异常的概念”中出现或讲解“1.3.3 中断和异常的概念”；本节点概括为：说明中断、异常及其在系统控制中的作用。
OS_TOP_036,1.3.4 系统调用,Topic,操作系统,第1章 计算机系统概述,说明应用程序请求内核服务的接口。,,3,3,王道2027操作系统，1.3.4 系统调用，教材p17,1.3.4 系统调用,17,教材在“1.3.4 系统调用”中出现或讲解“1.3.4 系统调用”；本节点概括为：说明应用程序请求内核服务的接口。
OS_TOP_037,1.6.1 虚拟机的基本概念,Topic,操作系统,第1章 计算机系统概述,说明虚拟机和虚拟化技术的基本思想。,,3,3,王道2027操作系统，1.6.1 虚拟机的基本概念，教材p30,1.6.1 虚拟机的基本概念,30,教材在“1.6.1 虚拟机的基本概念”中出现或讲解“1.6.1 虚拟机的基本概念”；本节点概括为：说明虚拟机和虚拟化技术的基本思想。
OS_TOP_038,2.1.1 进程的概念和特征,Topic,操作系统,第2章 进程与线程,说明进程作为程序一次执行过程及其动态性、并发性等特征。,,3,3,王道2027操作系统，2.1.1 进程的概念和特征，教材p38,2.1.1 进程的概念和特征,38,教材在“2.1.1 进程的概念和特征”中出现或讲解“2.1.1 进程的概念和特征”；本节点概括为：说明进程作为程序一次执行过程及其动态性、并发性等特征。
OS_TOP_039,2.1.2 进程的组成,Topic,操作系统,第2章 进程与线程,说明进程由程序段、数据段和PCB等组成。,,3,3,王道2027操作系统，2.1.2 进程的组成，教材p38,2.1.2 进程的组成,38,教材在“2.1.2 进程的组成”中出现或讲解“2.1.2 进程的组成”；本节点概括为：说明进程由程序段、数据段和PCB等组成。
OS_TOP_040,2.1.3 进程的内存映像,Topic,操作系统,第2章 进程与线程,说明进程地址空间中代码、数据、堆和栈等映像。,,3,3,王道2027操作系统，2.1.3 进程的内存映像，教材p40,2.1.3 进程的内存映像,40,教材在“2.1.3 进程的内存映像”中出现或讲解“2.1.3 进程的内存映像”；本节点概括为：说明进程地址空间中代码、数据、堆和栈等映像。
OS_TOP_041,2.1.4 进程的状态与转换,Topic,操作系统,第2章 进程与线程,说明运行态、就绪态、阻塞态等状态及转换条件。,,3,3,王道2027操作系统，2.1.4 进程的状态与转换，教材p41,2.1.4 进程的状态与转换,41,教材在“2.1.4 进程的状态与转换”中出现或讲解“2.1.4 进程的状态与转换”；本节点概括为：说明运行态、就绪态、阻塞态等状态及转换条件。
OS_TOP_042,2.1.5 进程控制,Topic,操作系统,第2章 进程与线程,说明创建、撤销、阻塞、唤醒等进程控制操作。,,3,3,王道2027操作系统，2.1.5 进程控制，教材p42,2.1.5 进程控制,42,教材在“2.1.5 进程控制”中出现或讲解“2.1.5 进程控制”；本节点概括为：说明创建、撤销、阻塞、唤醒等进程控制操作。
OS_TOP_043,2.1.6 进程的通信,Topic,操作系统,第2章 进程与线程,说明共享存储、消息传递和管道通信。,,3,3,王道2027操作系统，2.1.6 进程的通信，教材p43,2.1.6 进程的通信,43,教材在“2.1.6 进程的通信”中出现或讲解“2.1.6 进程的通信”；本节点概括为：说明共享存储、消息传递和管道通信。
OS_TOP_044,2.1.7 线程和多线程模型,Topic,操作系统,第2章 进程与线程,说明线程概念及用户级、内核级、多线程映射模型。,,3,3,王道2027操作系统，2.1.7 线程和多线程模型，教材p45,2.1.7 线程和多线程模型,45,教材在“2.1.7 线程和多线程模型”中出现或讲解“2.1.7 线程和多线程模型”；本节点概括为：说明线程概念及用户级、内核级、多线程映射模型。
OS_TOP_045,2.2.1 调度的概念,Topic,操作系统,第2章 进程与线程,说明作业调度、中级调度和进程调度等层次。,,3,3,王道2027操作系统，2.2.1 调度的概念，教材p66,2.2.1 调度的概念,66,教材在“2.2.1 调度的概念”中出现或讲解“2.2.1 调度的概念”；本节点概括为：说明作业调度、中级调度和进程调度等层次。
OS_TOP_046,2.2.2 进程调度,Topic,操作系统,第2章 进程与线程,说明处理机在就绪进程之间分配的过程。,,3,3,王道2027操作系统，2.2.2 进程调度，教材p67,2.2.2 进程调度,67,教材在“2.2.2 进程调度”中出现或讲解“2.2.2 进程调度”；本节点概括为：说明处理机在就绪进程之间分配的过程。
OS_TOP_047,2.2.3 调度的目标,Topic,操作系统,第2章 进程与线程,说明CPU利用率、吞吐量、周转时间、等待时间和响应时间等指标。,,3,3,王道2027操作系统，2.2.3 调度的目标，教材p70,2.2.3 调度的目标,70,教材在“2.2.3 调度的目标”中出现或讲解“2.2.3 调度的目标”；本节点概括为：说明CPU利用率、吞吐量、周转时间、等待时间和响应时间等指标。
OS_TOP_048,2.2.4 进程切换,Topic,操作系统,第2章 进程与线程,说明上下文保存与恢复导致的调度开销。,,3,3,王道2027操作系统，2.2.4 进程切换，教材p70,2.2.4 进程切换,70,教材在“2.2.4 进程切换”中出现或讲解“2.2.4 进程切换”；本节点概括为：说明上下文保存与恢复导致的调度开销。
OS_TOP_049,2.2.5 CPU调度算法,Topic,操作系统,第2章 进程与线程,说明FCFS、SJF、HRRN、RR、优先级和多级反馈队列等算法。,,3,3,王道2027操作系统，2.2.5 CPU调度算法，教材p71,2.2.5 CPU调度算法,71,教材在“2.2.5 CPU调度算法”中出现或讲解“2.2.5 CPU调度算法”；本节点概括为：说明FCFS、SJF、HRRN、RR、优先级和多级反馈队列等算法。
OS_TOP_050,2.2.6 多处理机调度,Topic,操作系统,第2章 进程与线程,说明多处理器环境下的进程分配和负载均衡。,,3,3,王道2027操作系统，2.2.6 多处理机调度，教材p77,2.2.6 多处理机调度,77,教材在“2.2.6 多处理机调度”中出现或讲解“2.2.6 多处理机调度”；本节点概括为：说明多处理器环境下的进程分配和负载均衡。
OS_TOP_051,2.3.1 同步与互斥的基本概念,Topic,操作系统,第2章 进程与线程,说明进程同步、进程互斥和临界区。,,3,3,王道2027操作系统，2.3.1 同步与互斥的基本概念，教材p99,2.3.1 同步与互斥的基本概念,99,教材在“2.3.1 同步与互斥的基本概念”中出现或讲解“2.3.1 同步与互斥的基本概念”；本节点概括为：说明进程同步、进程互斥和临界区。
OS_TOP_052,2.3.2 实现临界区互斥的基本方法,Topic,操作系统,第2章 进程与线程,说明软件方法和硬件方法实现互斥。,,3,3,王道2027操作系统，2.3.2 实现临界区互斥的基本方法，教材p100,2.3.2 实现临界区互斥的基本方法,100,教材在“2.3.2 实现临界区互斥的基本方法”中出现或讲解“2.3.2 实现临界区互斥的基本方法”；本节点概括为：说明软件方法和硬件方法实现互斥。
OS_TOP_053,2.3.3 互斥锁,Topic,操作系统,第2章 进程与线程,说明忙等锁保护临界区的机制。,,3,3,王道2027操作系统，2.3.3 互斥锁，教材p103,2.3.3 互斥锁,103,教材在“2.3.3 互斥锁”中出现或讲解“2.3.3 互斥锁”；本节点概括为：说明忙等锁保护临界区的机制。
OS_TOP_054,2.3.4 信号量,Topic,操作系统,第2章 进程与线程,说明P/V操作和信号量同步互斥机制。,,3,3,王道2027操作系统，2.3.4 信号量，教材p104,2.3.4 信号量,104,教材在“2.3.4 信号量”中出现或讲解“2.3.4 信号量”；本节点概括为：说明P/V操作和信号量同步互斥机制。
OS_TOP_055,2.3.5 经典同步问题,Topic,操作系统,第2章 进程与线程,说明生产者-消费者、读者-写者和哲学家进餐等问题。,,3,3,王道2027操作系统，2.3.5 经典同步问题，教材p107,2.3.5 经典同步问题,107,教材在“2.3.5 经典同步问题”中出现或讲解“2.3.5 经典同步问题”；本节点概括为：说明生产者-消费者、读者-写者和哲学家进餐等问题。
OS_TOP_056,2.3.6 管程,Topic,操作系统,第2章 进程与线程,说明管程将共享数据和操作封装并提供条件变量。,,3,3,王道2027操作系统，2.3.6 管程，教材p112,2.3.6 管程,112,教材在“2.3.6 管程”中出现或讲解“2.3.6 管程”；本节点概括为：说明管程将共享数据和操作封装并提供条件变量。
OS_TOP_057,2.4.1 死锁的概念,Topic,操作系统,第2章 进程与线程,说明进程因竞争资源而永久等待的现象。,,3,3,王道2027操作系统，2.4.1 死锁的概念，教材p150,2.4.1 死锁的概念,150,教材在“2.4.1 死锁的概念”中出现或讲解“2.4.1 死锁的概念”；本节点概括为：说明进程因竞争资源而永久等待的现象。
OS_TOP_058,2.4.2 死锁预防,Topic,操作系统,第2章 进程与线程,说明破坏死锁必要条件来预防死锁。,,3,3,王道2027操作系统，2.4.2 死锁预防，教材p152,2.4.2 死锁预防,152,教材在“2.4.2 死锁预防”中出现或讲解“2.4.2 死锁预防”；本节点概括为：说明破坏死锁必要条件来预防死锁。
OS_TOP_059,2.4.3 死锁避免,Topic,操作系统,第2章 进程与线程,说明利用安全状态和银行家算法避免死锁。,,3,3,王道2027操作系统，2.4.3 死锁避免，教材p153,2.4.3 死锁避免,153,教材在“2.4.3 死锁避免”中出现或讲解“2.4.3 死锁避免”；本节点概括为：说明利用安全状态和银行家算法避免死锁。
OS_TOP_060,2.4.4 死锁检测与解除,Topic,操作系统,第2章 进程与线程,说明检测死锁并通过剥夺资源或撤销进程解除死锁。,,3,3,王道2027操作系统，2.4.4 死锁检测与解除，教材p157,2.4.4 死锁检测与解除,157,教材在“2.4.4 死锁检测与解除”中出现或讲解“2.4.4 死锁检测与解除”；本节点概括为：说明检测死锁并通过剥夺资源或撤销进程解除死锁。
OS_TOP_061,3.1.1 内存管理的基本原理和要求,Topic,操作系统,第3章 内存管理,说明内存分配、地址转换、保护、共享与扩充。,,3,3,王道2027操作系统，3.1.1 内存管理的基本原理和要求，教材p176,3.1.1 内存管理的基本原理和要求,176,教材在“3.1.1 内存管理的基本原理和要求”中出现或讲解“3.1.1 内存管理的基本原理和要求”；本节点概括为：说明内存分配、地址转换、保护、共享与扩充。
OS_TOP_062,3.1.2 连续分配管理方式,Topic,操作系统,第3章 内存管理,说明单一连续分配、固定分区和动态分区。,,3,3,王道2027操作系统，3.1.2 连续分配管理方式，教材p180,3.1.2 连续分配管理方式,180,教材在“3.1.2 连续分配管理方式”中出现或讲解“3.1.2 连续分配管理方式”；本节点概括为：说明单一连续分配、固定分区和动态分区。
OS_TOP_063,3.1.3 基本分页存储管理,Topic,操作系统,第3章 内存管理,说明页、页框、页表、快表和地址转换。,,3,3,王道2027操作系统，3.1.3 基本分页存储管理，教材p183,3.1.3 基本分页存储管理,183,教材在“3.1.3 基本分页存储管理”中出现或讲解“3.1.3 基本分页存储管理”；本节点概括为：说明页、页框、页表、快表和地址转换。
OS_TOP_064,3.1.4 基本分段存储管理,Topic,操作系统,第3章 内存管理,说明按逻辑段组织地址空间及段表转换。,,3,3,王道2027操作系统，3.1.4 基本分段存储管理，教材p187,3.1.4 基本分段存储管理,187,教材在“3.1.4 基本分段存储管理”中出现或讲解“3.1.4 基本分段存储管理”；本节点概括为：说明按逻辑段组织地址空间及段表转换。
OS_TOP_065,3.1.5 段页式存储管理,Topic,操作系统,第3章 内存管理,说明分段和分页结合的存储管理方式。,,3,3,王道2027操作系统，3.1.5 段页式存储管理，教材p190,3.1.5 段页式存储管理,190,教材在“3.1.5 段页式存储管理”中出现或讲解“3.1.5 段页式存储管理”；本节点概括为：说明分段和分页结合的存储管理方式。
OS_TOP_066,3.2.1 虚拟内存的基本概念,Topic,操作系统,第3章 内存管理,说明虚拟存储器基于局部性和离散装入实现内存扩充。,,3,3,王道2027操作系统，3.2.1 虚拟内存的基本概念，教材p212,3.2.1 虚拟内存的基本概念,212,教材在“3.2.1 虚拟内存的基本概念”中出现或讲解“3.2.1 虚拟内存的基本概念”；本节点概括为：说明虚拟存储器基于局部性和离散装入实现内存扩充。
OS_TOP_067,3.2.2 请求分页管理方式,Topic,操作系统,第3章 内存管理,说明按需调页、缺页中断和地址变换。,,3,3,王道2027操作系统，3.2.2 请求分页管理方式，教材p213,3.2.2 请求分页管理方式,213,教材在“3.2.2 请求分页管理方式”中出现或讲解“3.2.2 请求分页管理方式”；本节点概括为：说明按需调页、缺页中断和地址变换。
OS_TOP_068,3.2.3 页框分配,Topic,操作系统,第3章 内存管理,说明驻留集、固定/可变分配和局部/全局置换。,,3,3,王道2027操作系统，3.2.3 页框分配，教材p215,3.2.3 页框分配,215,教材在“3.2.3 页框分配”中出现或讲解“3.2.3 页框分配”；本节点概括为：说明驻留集、固定/可变分配和局部/全局置换。
OS_TOP_069,3.2.4 页面置换算法,Topic,操作系统,第3章 内存管理,说明OPT、FIFO、LRU、CLOCK和改进CLOCK等算法。,,3,3,王道2027操作系统，3.2.4 页面置换算法，教材p217,3.2.4 页面置换算法,217,教材在“3.2.4 页面置换算法”中出现或讲解“3.2.4 页面置换算法”；本节点概括为：说明OPT、FIFO、LRU、CLOCK和改进CLOCK等算法。
OS_TOP_070,3.2.5 抖动和工作集,Topic,操作系统,第3章 内存管理,说明频繁缺页导致系统性能下降及工作集控制。,,3,3,王道2027操作系统，3.2.5 抖动和工作集，教材p220,3.2.5 抖动和工作集,220,教材在“3.2.5 抖动和工作集”中出现或讲解“3.2.5 抖动和工作集”；本节点概括为：说明频繁缺页导致系统性能下降及工作集控制。
OS_TOP_071,3.2.6 页框回收,Topic,操作系统,第3章 内存管理,说明回收空闲页框和控制内存占用。,,3,3,王道2027操作系统，3.2.6 页框回收，教材p221,3.2.6 页框回收,221,教材在“3.2.6 页框回收”中出现或讲解“3.2.6 页框回收”；本节点概括为：说明回收空闲页框和控制内存占用。
OS_TOP_072,3.2.7 内存映射文件,Topic,操作系统,第3章 内存管理,说明将文件映射到进程虚拟地址空间。,,3,3,王道2027操作系统，3.2.7 内存映射文件，教材p222,3.2.7 内存映射文件,222,教材在“3.2.7 内存映射文件”中出现或讲解“3.2.7 内存映射文件”；本节点概括为：说明将文件映射到进程虚拟地址空间。
OS_TOP_073,3.2.8 虚拟存储器性能影响因素,Topic,操作系统,第3章 内存管理,说明缺页率、页面大小和置换算法等因素。,,3,3,王道2027操作系统，3.2.8 虚拟存储器性能影响因素，教材p223,3.2.8 虚拟存储器性能影响因素,223,教材在“3.2.8 虚拟存储器性能影响因素”中出现或讲解“3.2.8 虚拟存储器性能影响因素”；本节点概括为：说明缺页率、页面大小和置换算法等因素。
OS_TOP_074,3.2.9 地址翻译的示例,Topic,操作系统,第3章 内存管理,说明虚拟地址到物理地址转换过程。,,3,3,王道2027操作系统，3.2.9 地址翻译的示例，教材p223,3.2.9 地址翻译的示例,223,教材在“3.2.9 地址翻译的示例”中出现或讲解“3.2.9 地址翻译的示例”；本节点概括为：说明虚拟地址到物理地址转换过程。
OS_TOP_075,4.1.1 文件的基本概念,Topic,操作系统,第4章 文件管理,说明文件作为具有符号名的信息集合。,,3,3,王道2027操作系统，4.1.1 文件的基本概念，教材p251,4.1.1 文件的基本概念,251,教材在“4.1.1 文件的基本概念”中出现或讲解“4.1.1 文件的基本概念”；本节点概括为：说明文件作为具有符号名的信息集合。
OS_TOP_076,4.1.2 文件系统结构,Topic,操作系统,第4章 文件管理,说明文件系统的层次结构和功能组成。,,3,3,王道2027操作系统，4.1.2 文件系统结构，教材p253,4.1.2 文件系统结构,253,教材在“4.1.2 文件系统结构”中出现或讲解“4.1.2 文件系统结构”；本节点概括为：说明文件系统的层次结构和功能组成。
OS_TOP_077,4.1.3 文件的逻辑结构,Topic,操作系统,第4章 文件管理,说明无结构文件和有结构文件的逻辑组织。,,3,3,王道2027操作系统，4.1.3 文件的逻辑结构，教材p253,4.1.3 文件的逻辑结构,253,教材在“4.1.3 文件的逻辑结构”中出现或讲解“4.1.3 文件的逻辑结构”；本节点概括为：说明无结构文件和有结构文件的逻辑组织。
OS_TOP_078,4.2.1 目录的基本概念,Topic,操作系统,第4章 文件管理,说明目录用于实现文件名到文件控制信息的映射。,,3,3,王道2027操作系统，4.2.1 目录的基本概念，教材p257,4.2.1 目录的基本概念,257,教材在“4.2.1 目录的基本概念”中出现或讲解“4.2.1 目录的基本概念”；本节点概括为：说明目录用于实现文件名到文件控制信息的映射。
OS_TOP_079,4.2.2 文件控制块和索引节点,Topic,操作系统,第4章 文件管理,说明FCB和inode管理文件元数据。,,3,3,王道2027操作系统，4.2.2 文件控制块和索引节点，教材p257,4.2.2 文件控制块和索引节点,257,教材在“4.2.2 文件控制块和索引节点”中出现或讲解“4.2.2 文件控制块和索引节点”；本节点概括为：说明FCB和inode管理文件元数据。
OS_TOP_080,4.2.3 目录结构,Topic,操作系统,第4章 文件管理,说明单级、两级、多级和无环图目录结构。,,3,3,王道2027操作系统，4.2.3 目录结构，教材p258,4.2.3 目录结构,258,教材在“4.2.3 目录结构”中出现或讲解“4.2.3 目录结构”；本节点概括为：说明单级、两级、多级和无环图目录结构。
OS_TOP_081,4.2.4 目录的操作,Topic,操作系统,第4章 文件管理,说明查找、创建、删除、显示和修改目录。,,3,3,王道2027操作系统，4.2.4 目录的操作，教材p260,4.2.4 目录的操作,260,教材在“4.2.4 目录的操作”中出现或讲解“4.2.4 目录的操作”；本节点概括为：说明查找、创建、删除、显示和修改目录。
OS_TOP_082,4.2.5 目录实现,Topic,操作系统,第4章 文件管理,说明目录项与索引节点等实现方式。,,3,3,王道2027操作系统，4.2.5 目录实现，教材p261,4.2.5 目录实现,261,教材在“4.2.5 目录实现”中出现或讲解“4.2.5 目录实现”；本节点概括为：说明目录项与索引节点等实现方式。
OS_TOP_083,4.2.6 文件的物理结构,Topic,操作系统,第4章 文件管理,说明连续、链接和索引等文件分配方式。,,3,3,王道2027操作系统，4.2.6 文件的物理结构，教材p261,4.2.6 文件的物理结构,261,教材在“4.2.6 文件的物理结构”中出现或讲解“4.2.6 文件的物理结构”；本节点概括为：说明连续、链接和索引等文件分配方式。
OS_TOP_084,4.2.7 文件的操作,Topic,操作系统,第4章 文件管理,说明创建、打开、读、写、关闭和删除等操作。,,3,3,王道2027操作系统，4.2.7 文件的操作，教材p266,4.2.7 文件的操作,266,教材在“4.2.7 文件的操作”中出现或讲解“4.2.7 文件的操作”；本节点概括为：说明创建、打开、读、写、关闭和删除等操作。
OS_TOP_085,4.2.8 文件共享,Topic,操作系统,第4章 文件管理,说明硬链接和软链接实现文件共享。,,3,3,王道2027操作系统，4.2.8 文件共享，教材p268,4.2.8 文件共享,268,教材在“4.2.8 文件共享”中出现或讲解“4.2.8 文件共享”；本节点概括为：说明硬链接和软链接实现文件共享。
OS_TOP_086,4.2.9 文件保护,Topic,操作系统,第4章 文件管理,说明访问控制、口令和加密保护。,,3,3,王道2027操作系统，4.2.9 文件保护，教材p269,4.2.9 文件保护,269,教材在“4.2.9 文件保护”中出现或讲解“4.2.9 文件保护”；本节点概括为：说明访问控制、口令和加密保护。
OS_TOP_087,4.3.1 文件系统布局,Topic,操作系统,第4章 文件管理,说明磁盘上的引导块、控制块、目录区和文件区。,,3,3,王道2027操作系统，4.3.1 文件系统布局，教材p294,4.3.1 文件系统布局,294,教材在“4.3.1 文件系统布局”中出现或讲解“4.3.1 文件系统布局”；本节点概括为：说明磁盘上的引导块、控制块、目录区和文件区。
OS_TOP_088,4.3.2 文件存储空间管理,Topic,操作系统,第4章 文件管理,说明空闲表、空闲链表、位示图和成组链接。,,3,3,王道2027操作系统，4.3.2 文件存储空间管理，教材p295,4.3.2 文件存储空间管理,295,教材在“4.3.2 文件存储空间管理”中出现或讲解“4.3.2 文件存储空间管理”；本节点概括为：说明空闲表、空闲链表、位示图和成组链接。
OS_TOP_089,4.3.3 虚拟文件系统,Topic,操作系统,第4章 文件管理,说明抽象统一接口以屏蔽不同文件系统差异。,,3,3,王道2027操作系统，4.3.3 虚拟文件系统，教材p298,4.3.3 虚拟文件系统,298,教材在“4.3.3 虚拟文件系统”中出现或讲解“4.3.3 虚拟文件系统”；本节点概括为：说明抽象统一接口以屏蔽不同文件系统差异。
OS_TOP_090,4.3.4 文件系统挂载,Topic,操作系统,第4章 文件管理,说明把文件系统接入统一目录树。,,3,3,王道2027操作系统，4.3.4 文件系统挂载，教材p299,4.3.4 文件系统挂载,299,教材在“4.3.4 文件系统挂载”中出现或讲解“4.3.4 文件系统挂载”；本节点概括为：说明把文件系统接入统一目录树。
OS_TOP_091,5.1.1 I/O设备,Topic,操作系统,第5章 输入/输出管理,说明块设备、字符设备和设备控制器等。,,3,3,王道2027操作系统，5.1.1 I/O设备，教材p305,5.1.1 I/O设备,305,教材在“5.1.1 I/O设备”中出现或讲解“5.1.1 I/O设备”；本节点概括为：说明块设备、字符设备和设备控制器等。
OS_TOP_092,5.1.2 I/O控制方式,Topic,操作系统,第5章 输入/输出管理,说明程序直接控制、中断驱动、DMA和通道控制。,,3,3,王道2027操作系统，5.1.2 I/O控制方式，教材p308,5.1.2 I/O控制方式,308,教材在“5.1.2 I/O控制方式”中出现或讲解“5.1.2 I/O控制方式”；本节点概括为：说明程序直接控制、中断驱动、DMA和通道控制。
OS_TOP_093,5.1.3 I/O软件层次结构,Topic,操作系统,第5章 输入/输出管理,说明用户层、设备独立性软件、设备驱动和中断处理。,,3,3,王道2027操作系统，5.1.3 I/O软件层次结构，教材p310,5.1.3 I/O软件层次结构,310,教材在“5.1.3 I/O软件层次结构”中出现或讲解“5.1.3 I/O软件层次结构”；本节点概括为：说明用户层、设备独立性软件、设备驱动和中断处理。
OS_TOP_094,5.1.4 应用程序I/O接口,Topic,操作系统,第5章 输入/输出管理,说明应用程序访问I/O服务的接口。,,3,3,王道2027操作系统，5.1.4 应用程序I/O接口，教材p313,5.1.4 应用程序I/O接口,313,教材在“5.1.4 应用程序I/O接口”中出现或讲解“5.1.4 应用程序I/O接口”；本节点概括为：说明应用程序访问I/O服务的接口。
OS_TOP_095,5.2.1 设备独立性软件,Topic,操作系统,第5章 输入/输出管理,说明上层程序使用逻辑设备名而非具体物理设备。,,3,3,王道2027操作系统，5.2.1 设备独立性软件，教材p320,5.2.1 设备独立性软件,320,教材在“5.2.1 设备独立性软件”中出现或讲解“5.2.1 设备独立性软件”；本节点概括为：说明上层程序使用逻辑设备名而非具体物理设备。
OS_TOP_096,5.2.2 高速缓存与缓冲区,Topic,操作系统,第5章 输入/输出管理,说明用缓存和缓冲缓解设备速度差异。,,3,3,王道2027操作系统，5.2.2 高速缓存与缓冲区，教材p320,5.2.2 高速缓存与缓冲区,320,教材在“5.2.2 高速缓存与缓冲区”中出现或讲解“5.2.2 高速缓存与缓冲区”；本节点概括为：说明用缓存和缓冲缓解设备速度差异。
OS_TOP_097,5.2.3 设备分配与回收,Topic,操作系统,第5章 输入/输出管理,说明设备、控制器和通道的分配回收。,,3,3,王道2027操作系统，5.2.3 设备分配与回收，教材p324,5.2.3 设备分配与回收,324,教材在“5.2.3 设备分配与回收”中出现或讲解“5.2.3 设备分配与回收”；本节点概括为：说明设备、控制器和通道的分配回收。
OS_TOP_098,5.2.4 SPOOLing技术,Topic,操作系统,第5章 输入/输出管理,说明用磁盘模拟脱机输入输出并把独占设备虚拟化。,,3,3,王道2027操作系统，5.2.4 SPOOLing技术，教材p326,5.2.4 SPOOLing技术,326,教材在“5.2.4 SPOOLing技术”中出现或讲解“5.2.4 SPOOLing技术”；本节点概括为：说明用磁盘模拟脱机输入输出并把独占设备虚拟化。
OS_TOP_099,5.2.5 设备驱动程序接口,Topic,操作系统,第5章 输入/输出管理,说明设备驱动向上提供统一接口。,,3,3,王道2027操作系统，5.2.5 设备驱动程序接口，教材p327,5.2.5 设备驱动程序接口,327,教材在“5.2.5 设备驱动程序接口”中出现或讲解“5.2.5 设备驱动程序接口”；本节点概括为：说明设备驱动向上提供统一接口。
OS_TOP_100,5.2.6 I/O操作举例,Topic,操作系统,第5章 输入/输出管理,说明一次I/O请求经过用户层、内核层和设备层的处理过程。,,3,3,王道2027操作系统，5.2.6 I/O操作举例，教材p328,5.2.6 I/O操作举例,328,教材在“5.2.6 I/O操作举例”中出现或讲解“5.2.6 I/O操作举例”；本节点概括为：说明一次I/O请求经过用户层、内核层和设备层的处理过程。
OS_TOP_101,5.3.1 磁盘,Topic,操作系统,第5章 输入/输出管理,说明磁盘的磁道、扇区、柱面和读写时间。,,3,3,王道2027操作系统，5.3.1 磁盘，教材p340,5.3.1 磁盘,340,教材在“5.3.1 磁盘”中出现或讲解“5.3.1 磁盘”；本节点概括为：说明磁盘的磁道、扇区、柱面和读写时间。
OS_TOP_102,5.3.2 磁盘的管理,Topic,操作系统,第5章 输入/输出管理,说明磁盘初始化、分区和坏块管理等。,,3,3,王道2027操作系统，5.3.2 磁盘的管理，教材p341,5.3.2 磁盘的管理,341,教材在“5.3.2 磁盘的管理”中出现或讲解“5.3.2 磁盘的管理”；本节点概括为：说明磁盘初始化、分区和坏块管理等。
OS_TOP_103,5.3.3 磁盘调度算法,Topic,操作系统,第5章 输入/输出管理,说明FCFS、SSTF、SCAN、C-SCAN、LOOK等调度算法。,,3,3,王道2027操作系统，5.3.3 磁盘调度算法，教材p342,5.3.3 磁盘调度算法,342,教材在“5.3.3 磁盘调度算法”中出现或讲解“5.3.3 磁盘调度算法”；本节点概括为：说明FCFS、SSTF、SCAN、C-SCAN、LOOK等调度算法。
OS_TOP_104,5.3.4 固态硬盘,Topic,操作系统,第5章 输入/输出管理,说明SSD基于闪存并通过FTL和磨损均衡管理。,,3,3,王道2027操作系统，5.3.4 固态硬盘，教材p346,5.3.4 固态硬盘,346,教材在“5.3.4 固态硬盘”中出现或讲解“5.3.4 固态硬盘”；本节点概括为：说明SSD基于闪存并通过FTL和磨损均衡管理。
OS_OBJ_001,硬件资源,ComputingObject,操作系统,1.1 操作系统的基本概念,硬件资源是操作系统管理、调度或抽象的计算资源或系统对象。,,3,4,王道2027操作系统，1.1 操作系统的基本概念，教材p1,1.1 操作系统的基本概念,1,教材在“1.1 操作系统的基本概念”中出现或讲解“硬件资源”；本节点概括为：硬件资源是操作系统管理、调度或抽象的计算资源或系统对象。
OS_OBJ_002,软件资源,ComputingObject,操作系统,1.1 操作系统的基本概念,软件资源是操作系统管理、调度或抽象的计算资源或系统对象。,,3,4,王道2027操作系统，1.1 操作系统的基本概念，教材p1,1.1 操作系统的基本概念,1,教材在“1.1 操作系统的基本概念”中出现或讲解“软件资源”；本节点概括为：软件资源是操作系统管理、调度或抽象的计算资源或系统对象。
OS_MEC_001,处理机管理,Mechanism,操作系统,1.1 操作系统的基本概念,以进程或线程为基本单位对CPU分配、调度和切换进行管理。,,4,5,王道2027操作系统，1.1 操作系统的基本概念，教材p1,1.1 操作系统的基本概念,1,教材在“1.1 操作系统的基本概念”中出现或讲解“处理机管理”；本节点概括为：以进程或线程为基本单位对CPU分配、调度和切换进行管理。
OS_MEC_002,存储器管理,Mechanism,操作系统,1.1 操作系统的基本概念,负责内存分配回收、地址转换、保护共享和内存扩充。,,4,5,王道2027操作系统，1.1 操作系统的基本概念，教材p1,1.1 操作系统的基本概念,1,教材在“1.1 操作系统的基本概念”中出现或讲解“存储器管理”；本节点概括为：负责内存分配回收、地址转换、保护共享和内存扩充。
OS_MEC_003,文件管理,Mechanism,操作系统,1.1 操作系统的基本概念,以文件系统形式管理持久化信息、目录、存储空间和访问保护。,,4,5,王道2027操作系统，1.1 操作系统的基本概念，教材p1,1.1 操作系统的基本概念,1,教材在“1.1 操作系统的基本概念”中出现或讲解“文件管理”；本节点概括为：以文件系统形式管理持久化信息、目录、存储空间和访问保护。
OS_MEC_004,设备管理,Mechanism,操作系统,1.1 操作系统的基本概念,处理I/O请求、屏蔽设备差异并提高设备利用率。,,4,5,王道2027操作系统，1.1 操作系统的基本概念，教材p1,1.1 操作系统的基本概念,1,教材在“1.1 操作系统的基本概念”中出现或讲解“设备管理”；本节点概括为：处理I/O请求、屏蔽设备差异并提高设备利用率。
OS_CON_001,用户接口,Concept,操作系统,1.1 操作系统的基本概念,用户接口是操作系统课程中的核心概念，需要结合进程、内存、文件或I/O管理理解。,,3,4,王道2027操作系统，1.1 操作系统的基本概念，教材p1,1.1 操作系统的基本概念,1,教材在“1.1 操作系统的基本概念”中出现或讲解“用户接口”；本节点概括为：用户接口是操作系统课程中的核心概念，需要结合进程、内存、文件或I/O管理理解。
OS_CON_002,程序接口,Concept,操作系统,1.1 操作系统的基本概念,程序接口是操作系统课程中的核心概念，需要结合进程、内存、文件或I/O管理理解。,,3,4,王道2027操作系统，1.1 操作系统的基本概念，教材p1,1.1 操作系统的基本概念,1,教材在“1.1 操作系统的基本概念”中出现或讲解“程序接口”；本节点概括为：程序接口是操作系统课程中的核心概念，需要结合进程、内存、文件或I/O管理理解。
OS_MEC_005,系统调用,Mechanism,操作系统,1.1 操作系统的基本概念,应用程序请求操作系统内核服务的程序接口。,,4,5,王道2027操作系统，1.1 操作系统的基本概念，教材p1,1.1 操作系统的基本概念,1,教材在“1.1 操作系统的基本概念”中出现或讲解“系统调用”；本节点概括为：应用程序请求操作系统内核服务的程序接口。
OS_CON_003,扩充机器,Concept,操作系统,1.1 操作系统的基本概念,扩充机器是操作系统课程中的核心概念，需要结合进程、内存、文件或I/O管理理解。,,3,4,王道2027操作系统，1.1 操作系统的基本概念，教材p1,1.1 操作系统的基本概念,1,教材在“1.1 操作系统的基本概念”中出现或讲解“扩充机器”；本节点概括为：扩充机器是操作系统课程中的核心概念，需要结合进程、内存、文件或I/O管理理解。
OS_PROP_001,并发,Property,操作系统,1.1 操作系统的基本概念,多个事件在同一时间间隔内发生，是多道程序环境的核心特征。,,3,5,王道2027操作系统，1.1 操作系统的基本概念，教材p1,1.1 操作系统的基本概念,1,教材在“1.1 操作系统的基本概念”中出现或讲解“并发”；本节点概括为：多个事件在同一时间间隔内发生，是多道程序环境的核心特征。
OS_PROP_002,共享,Property,操作系统,1.1 操作系统的基本概念,系统资源可被多个并发进程共同使用，包括互斥共享和同时访问。,,3,5,王道2027操作系统，1.1 操作系统的基本概念，教材p1,1.1 操作系统的基本概念,1,教材在“1.1 操作系统的基本概念”中出现或讲解“共享”；本节点概括为：系统资源可被多个并发进程共同使用，包括互斥共享和同时访问。
OS_PROP_003,虚拟,Property,操作系统,1.1 操作系统的基本概念,通过复用和抽象把一个物理实体映射为多个逻辑实体。,,3,5,王道2027操作系统，1.1 操作系统的基本概念，教材p1,1.1 操作系统的基本概念,1,教材在“1.1 操作系统的基本概念”中出现或讲解“虚拟”；本节点概括为：通过复用和抽象把一个物理实体映射为多个逻辑实体。
OS_PROP_004,异步,Property,操作系统,1.1 操作系统的基本概念,进程以不可预知速度向前推进，执行过程具有不确定性。,,3,5,王道2027操作系统，1.1 操作系统的基本概念，教材p1,1.1 操作系统的基本概念,1,教材在“1.1 操作系统的基本概念”中出现或讲解“异步”；本节点概括为：进程以不可预知速度向前推进，执行过程具有不确定性。
OS_OBJ_003,临界资源,ComputingObject,操作系统,1.1 操作系统的基本概念,临界资源是操作系统管理、调度或抽象的计算资源或系统对象。,,3,4,王道2027操作系统，1.1 操作系统的基本概念，教材p1,1.1 操作系统的基本概念,1,教材在“1.1 操作系统的基本概念”中出现或讲解“临界资源”；本节点概括为：临界资源是操作系统管理、调度或抽象的计算资源或系统对象。
OS_MEC_006,互斥共享,Mechanism,操作系统,1.1 操作系统的基本概念,互斥共享是操作系统实现资源管理、抽象或协作控制的重要机制。,,4,4,王道2027操作系统，1.1 操作系统的基本概念，教材p1,1.1 操作系统的基本概念,1,教材在“1.1 操作系统的基本概念”中出现或讲解“互斥共享”；本节点概括为：互斥共享是操作系统实现资源管理、抽象或协作控制的重要机制。
OS_CON_004,同时访问,Concept,操作系统,1.1 操作系统的基本概念,同时访问是操作系统课程中的核心概念，需要结合进程、内存、文件或I/O管理理解。,,3,4,王道2027操作系统，1.1 操作系统的基本概念，教材p1,1.1 操作系统的基本概念,1,教材在“1.1 操作系统的基本概念”中出现或讲解“同时访问”；本节点概括为：同时访问是操作系统课程中的核心概念，需要结合进程、内存、文件或I/O管理理解。
OS_CON_005,时分复用,Concept,操作系统,1.1 操作系统的基本概念,时分复用是操作系统课程中的核心概念，需要结合进程、内存、文件或I/O管理理解。,,3,4,王道2027操作系统，1.1 操作系统的基本概念，教材p1,1.1 操作系统的基本概念,1,教材在“1.1 操作系统的基本概念”中出现或讲解“时分复用”；本节点概括为：时分复用是操作系统课程中的核心概念，需要结合进程、内存、文件或I/O管理理解。
OS_CON_006,空分复用,Concept,操作系统,1.1 操作系统的基本概念,空分复用是操作系统课程中的核心概念，需要结合进程、内存、文件或I/O管理理解。,,3,4,王道2027操作系统，1.1 操作系统的基本概念，教材p1,1.1 操作系统的基本概念,1,教材在“1.1 操作系统的基本概念”中出现或讲解“空分复用”；本节点概括为：空分复用是操作系统课程中的核心概念，需要结合进程、内存、文件或I/O管理理解。
OS_OBJ_004,虚拟设备,ComputingObject,操作系统,1.1 操作系统的基本概念,虚拟设备是操作系统管理、调度或抽象的计算资源或系统对象。,,3,4,王道2027操作系统，1.1 操作系统的基本概念，教材p1,1.1 操作系统的基本概念,1,教材在“1.1 操作系统的基本概念”中出现或讲解“虚拟设备”；本节点概括为：虚拟设备是操作系统管理、调度或抽象的计算资源或系统对象。
OS_CON_007,多道程序设计,Concept,操作系统,1.1 操作系统的基本概念,多道程序设计是操作系统课程中的核心概念，需要结合进程、内存、文件或I/O管理理解。,,3,4,王道2027操作系统，1.1 操作系统的基本概念，教材p1,1.1 操作系统的基本概念,1,教材在“1.1 操作系统的基本概念”中出现或讲解“多道程序设计”；本节点概括为：多道程序设计是操作系统课程中的核心概念，需要结合进程、内存、文件或I/O管理理解。
OS_CON_008,命令接口,Concept,操作系统,1.1 操作系统的基本概念,命令接口是操作系统课程中的核心概念，需要结合进程、内存、文件或I/O管理理解。,,3,4,王道2027操作系统，1.1 操作系统的基本概念，教材p1,1.1 操作系统的基本概念,1,教材在“1.1 操作系统的基本概念”中出现或讲解“命令接口”；本节点概括为：命令接口是操作系统课程中的核心概念，需要结合进程、内存、文件或I/O管理理解。
OS_CON_009,图形用户接口,Concept,操作系统,1.1 操作系统的基本概念,图形用户接口是操作系统课程中的核心概念，需要结合进程、内存、文件或I/O管理理解。,,3,4,王道2027操作系统，1.1 操作系统的基本概念，教材p1,1.1 操作系统的基本概念,1,教材在“1.1 操作系统的基本概念”中出现或讲解“图形用户接口”；本节点概括为：图形用户接口是操作系统课程中的核心概念，需要结合进程、内存、文件或I/O管理理解。
OS_MEC_007,手工操作方式,Mechanism,操作系统,1.2 操作系统发展历程,手工操作方式是操作系统实现资源管理、抽象或协作控制的重要机制。,,4,4,王道2027操作系统，1.2 操作系统发展历程，教材p7,1.2 操作系统发展历程,7,教材在“1.2 操作系统发展历程”中出现或讲解“手工操作方式”；本节点概括为：手工操作方式是操作系统实现资源管理、抽象或协作控制的重要机制。
OS_CON_010,脱机I/O,Concept,操作系统,1.2 操作系统发展历程,脱机I/O是操作系统课程中的核心概念，需要结合进程、内存、文件或I/O管理理解。,,3,4,王道2027操作系统，1.2 操作系统发展历程，教材p7,1.2 操作系统发展历程,7,教材在“1.2 操作系统发展历程”中出现或讲解“脱机I/O”；本节点概括为：脱机I/O是操作系统课程中的核心概念，需要结合进程、内存、文件或I/O管理理解。
OS_CON_011,单道批处理系统,Concept,操作系统,1.2 操作系统发展历程,单道批处理系统是操作系统课程中的核心概念，需要结合进程、内存、文件或I/O管理理解。,,3,4,王道2027操作系统，1.2 操作系统发展历程，教材p7,1.2 操作系统发展历程,7,教材在“1.2 操作系统发展历程”中出现或讲解“单道批处理系统”；本节点概括为：单道批处理系统是操作系统课程中的核心概念，需要结合进程、内存、文件或I/O管理理解。
OS_CON_012,多道批处理系统,Concept,操作系统,1.2 操作系统发展历程,多道批处理系统是操作系统课程中的核心概念，需要结合进程、内存、文件或I/O管理理解。,,3,4,王道2027操作系统，1.2 操作系统发展历程，教材p7,1.2 操作系统发展历程,7,教材在“1.2 操作系统发展历程”中出现或讲解“多道批处理系统”；本节点概括为：多道批处理系统是操作系统课程中的核心概念，需要结合进程、内存、文件或I/O管理理解。
OS_CON_013,分时操作系统,Concept,操作系统,1.2 操作系统发展历程,分时操作系统是操作系统课程中的核心概念，需要结合进程、内存、文件或I/O管理理解。,,3,4,王道2027操作系统，1.2 操作系统发展历程，教材p7,1.2 操作系统发展历程,7,教材在“1.2 操作系统发展历程”中出现或讲解“分时操作系统”；本节点概括为：分时操作系统是操作系统课程中的核心概念，需要结合进程、内存、文件或I/O管理理解。
OS_CON_014,实时操作系统,Concept,操作系统,1.2 操作系统发展历程,实时操作系统是操作系统课程中的核心概念，需要结合进程、内存、文件或I/O管理理解。,,3,4,王道2027操作系统，1.2 操作系统发展历程，教材p7,1.2 操作系统发展历程,7,教材在“1.2 操作系统发展历程”中出现或讲解“实时操作系统”；本节点概括为：实时操作系统是操作系统课程中的核心概念，需要结合进程、内存、文件或I/O管理理解。
OS_CON_015,网络操作系统,Concept,操作系统,1.2 操作系统发展历程,网络操作系统是操作系统课程中的核心概念，需要结合进程、内存、文件或I/O管理理解。,,3,4,王道2027操作系统，1.2 操作系统发展历程，教材p7,1.2 操作系统发展历程,7,教材在“1.2 操作系统发展历程”中出现或讲解“网络操作系统”；本节点概括为：网络操作系统是操作系统课程中的核心概念，需要结合进程、内存、文件或I/O管理理解。
OS_CON_016,分布式系统,Concept,操作系统,1.2 操作系统发展历程,分布式系统是操作系统课程中的核心概念，需要结合进程、内存、文件或I/O管理理解。,,3,4,王道2027操作系统，1.2 操作系统发展历程，教材p7,1.2 操作系统发展历程,7,教材在“1.2 操作系统发展历程”中出现或讲解“分布式系统”；本节点概括为：分布式系统是操作系统课程中的核心概念，需要结合进程、内存、文件或I/O管理理解。
OS_CON_017,微机操作系统,Concept,操作系统,1.2 操作系统发展历程,微机操作系统是操作系统课程中的核心概念，需要结合进程、内存、文件或I/O管理理解。,,3,4,王道2027操作系统，1.2 操作系统发展历程，教材p7,1.2 操作系统发展历程,7,教材在“1.2 操作系统发展历程”中出现或讲解“微机操作系统”；本节点概括为：微机操作系统是操作系统课程中的核心概念，需要结合进程、内存、文件或I/O管理理解。
OS_CON_018,作业,Concept,操作系统,1.2 操作系统发展历程,作业是操作系统课程中的核心概念，需要结合进程、内存、文件或I/O管理理解。,,3,4,王道2027操作系统，1.2 操作系统发展历程，教材p7,1.2 操作系统发展历程,7,教材在“1.2 操作系统发展历程”中出现或讲解“作业”；本节点概括为：作业是操作系统课程中的核心概念，需要结合进程、内存、文件或I/O管理理解。
OS_MEC_008,作业控制语言,Mechanism,操作系统,1.2 操作系统发展历程,作业控制语言是操作系统实现资源管理、抽象或协作控制的重要机制。,,4,4,王道2027操作系统，1.2 操作系统发展历程，教材p7,1.2 操作系统发展历程,7,教材在“1.2 操作系统发展历程”中出现或讲解“作业控制语言”；本节点概括为：作业控制语言是操作系统实现资源管理、抽象或协作控制的重要机制。
OS_CON_019,监督程序,Concept,操作系统,1.2 操作系统发展历程,监督程序是操作系统课程中的核心概念，需要结合进程、内存、文件或I/O管理理解。,,3,4,王道2027操作系统，1.2 操作系统发展历程，教材p7,1.2 操作系统发展历程,7,教材在“1.2 操作系统发展历程”中出现或讲解“监督程序”；本节点概括为：监督程序是操作系统课程中的核心概念，需要结合进程、内存、文件或I/O管理理解。
OS_CON_020,联机I/O,Concept,操作系统,1.2 操作系统发展历程,联机I/O是操作系统课程中的核心概念，需要结合进程、内存、文件或I/O管理理解。,,3,4,王道2027操作系统，1.2 操作系统发展历程，教材p7,1.2 操作系统发展历程,7,教材在“1.2 操作系统发展历程”中出现或讲解“联机I/O”；本节点概括为：联机I/O是操作系统课程中的核心概念，需要结合进程、内存、文件或I/O管理理解。
OS_CON_021,操作系统内核,Concept,操作系统,1.3 操作系统的运行环境,操作系统内核是操作系统课程中的核心概念，需要结合进程、内存、文件或I/O管理理解。,,3,4,王道2027操作系统，1.3 操作系统的运行环境，教材p15,1.3 操作系统的运行环境,15,教材在“1.3 操作系统的运行环境”中出现或讲解“操作系统内核”；本节点概括为：操作系统内核是操作系统课程中的核心概念，需要结合进程、内存、文件或I/O管理理解。
OS_MEC_009,时钟管理,Mechanism,操作系统,1.3 操作系统的运行环境,时钟管理是操作系统实现资源管理、抽象或协作控制的重要机制。,,4,4,王道2027操作系统，1.3 操作系统的运行环境，教材p15,1.3 操作系统的运行环境,15,教材在“1.3 操作系统的运行环境”中出现或讲解“时钟管理”；本节点概括为：时钟管理是操作系统实现资源管理、抽象或协作控制的重要机制。
OS_MEC_010,中断机制,Mechanism,操作系统,1.3 操作系统的运行环境,中断机制是操作系统实现资源管理、抽象或协作控制的重要机制。,,4,4,王道2027操作系统，1.3 操作系统的运行环境，教材p15,1.3 操作系统的运行环境,15,教材在“1.3 操作系统的运行环境”中出现或讲解“中断机制”；本节点概括为：中断机制是操作系统实现资源管理、抽象或协作控制的重要机制。
OS_CON_022,原语,Concept,操作系统,1.3 操作系统的运行环境,原语是操作系统课程中的核心概念，需要结合进程、内存、文件或I/O管理理解。,,3,4,王道2027操作系统，1.3 操作系统的运行环境，教材p15,1.3 操作系统的运行环境,15,教材在“1.3 操作系统的运行环境”中出现或讲解“原语”；本节点概括为：原语是操作系统课程中的核心概念，需要结合进程、内存、文件或I/O管理理解。
OS_MEC_011,系统资源管理,Mechanism,操作系统,1.3 操作系统的运行环境,系统资源管理是操作系统实现资源管理、抽象或协作控制的重要机制。,,4,4,王道2027操作系统，1.3 操作系统的运行环境，教材p15,1.3 操作系统的运行环境,15,教材在“1.3 操作系统的运行环境”中出现或讲解“系统资源管理”；本节点概括为：系统资源管理是操作系统实现资源管理、抽象或协作控制的重要机制。
OS_PROP_005,用户态,Property,操作系统,1.3 操作系统的运行环境,用户态是操作系统相关对象或机制具有的重要状态、性质或条件。,,3,4,王道2027操作系统，1.3 操作系统的运行环境，教材p15,1.3 操作系统的运行环境,15,教材在“1.3 操作系统的运行环境”中出现或讲解“用户态”；本节点概括为：用户态是操作系统相关对象或机制具有的重要状态、性质或条件。
OS_PROP_006,核心态,Property,操作系统,1.3 操作系统的运行环境,核心态是操作系统相关对象或机制具有的重要状态、性质或条件。,,3,4,王道2027操作系统，1.3 操作系统的运行环境，教材p15,1.3 操作系统的运行环境,15,教材在“1.3 操作系统的运行环境”中出现或讲解“核心态”；本节点概括为：核心态是操作系统相关对象或机制具有的重要状态、性质或条件。
OS_CON_023,特权指令,Concept,操作系统,1.3 操作系统的运行环境,特权指令是操作系统课程中的核心概念，需要结合进程、内存、文件或I/O管理理解。,,3,4,王道2027操作系统，1.3 操作系统的运行环境，教材p15,1.3 操作系统的运行环境,15,教材在“1.3 操作系统的运行环境”中出现或讲解“特权指令”；本节点概括为：特权指令是操作系统课程中的核心概念，需要结合进程、内存、文件或I/O管理理解。
OS_CON_024,非特权指令,Concept,操作系统,1.3 操作系统的运行环境,非特权指令是操作系统课程中的核心概念，需要结合进程、内存、文件或I/O管理理解。,,3,4,王道2027操作系统，1.3 操作系统的运行环境，教材p15,1.3 操作系统的运行环境,15,教材在“1.3 操作系统的运行环境”中出现或讲解“非特权指令”；本节点概括为：非特权指令是操作系统课程中的核心概念，需要结合进程、内存、文件或I/O管理理解。
OS_MEC_012,中断,Mechanism,操作系统,1.3 操作系统的运行环境,中断是操作系统实现资源管理、抽象或协作控制的重要机制。,,4,4,王道2027操作系统，1.3 操作系统的运行环境，教材p15,1.3 操作系统的运行环境,15,教材在“1.3 操作系统的运行环境”中出现或讲解“中断”；本节点概括为：中断是操作系统实现资源管理、抽象或协作控制的重要机制。
OS_MEC_013,异常,Mechanism,操作系统,1.3 操作系统的运行环境,异常是操作系统实现资源管理、抽象或协作控制的重要机制。,,4,4,王道2027操作系统，1.3 操作系统的运行环境，教材p15,1.3 操作系统的运行环境,15,教材在“1.3 操作系统的运行环境”中出现或讲解“异常”；本节点概括为：异常是操作系统实现资源管理、抽象或协作控制的重要机制。
OS_MEC_014,外中断,Mechanism,操作系统,1.3 操作系统的运行环境,外中断是操作系统实现资源管理、抽象或协作控制的重要机制。,,4,4,王道2027操作系统，1.3 操作系统的运行环境，教材p15,1.3 操作系统的运行环境,15,教材在“1.3 操作系统的运行环境”中出现或讲解“外中断”；本节点概括为：外中断是操作系统实现资源管理、抽象或协作控制的重要机制。
OS_MEC_015,内中断,Mechanism,操作系统,1.3 操作系统的运行环境,内中断是操作系统实现资源管理、抽象或协作控制的重要机制。,,4,4,王道2027操作系统，1.3 操作系统的运行环境，教材p15,1.3 操作系统的运行环境,15,教材在“1.3 操作系统的运行环境”中出现或讲解“内中断”；本节点概括为：内中断是操作系统实现资源管理、抽象或协作控制的重要机制。
OS_MEC_016,访管中断,Mechanism,操作系统,1.3 操作系统的运行环境,访管中断是操作系统实现资源管理、抽象或协作控制的重要机制。,,4,4,王道2027操作系统，1.3 操作系统的运行环境，教材p15,1.3 操作系统的运行环境,15,教材在“1.3 操作系统的运行环境”中出现或讲解“访管中断”；本节点概括为：访管中断是操作系统实现资源管理、抽象或协作控制的重要机制。
OS_MEC_017,陷入,Mechanism,操作系统,1.3 操作系统的运行环境,陷入是操作系统实现资源管理、抽象或协作控制的重要机制。,,4,4,王道2027操作系统，1.3 操作系统的运行环境，教材p15,1.3 操作系统的运行环境,15,教材在“1.3 操作系统的运行环境”中出现或讲解“陷入”；本节点概括为：陷入是操作系统实现资源管理、抽象或协作控制的重要机制。
OS_MEC_018,程序装入,Mechanism,操作系统,1.3 操作系统的运行环境,程序装入是操作系统实现资源管理、抽象或协作控制的重要机制。,,4,4,王道2027操作系统，1.3 操作系统的运行环境，教材p15,1.3 操作系统的运行环境,15,教材在“1.3 操作系统的运行环境”中出现或讲解“程序装入”；本节点概括为：程序装入是操作系统实现资源管理、抽象或协作控制的重要机制。
OS_MEC_019,程序链接,Mechanism,操作系统,1.3 操作系统的运行环境,程序链接是操作系统实现资源管理、抽象或协作控制的重要机制。,,4,4,王道2027操作系统，1.3 操作系统的运行环境，教材p15,1.3 操作系统的运行环境,15,教材在“1.3 操作系统的运行环境”中出现或讲解“程序链接”；本节点概括为：程序链接是操作系统实现资源管理、抽象或协作控制的重要机制。
OS_MEC_020,动态链接,Mechanism,操作系统,1.3 操作系统的运行环境,动态链接是操作系统实现资源管理、抽象或协作控制的重要机制。,,4,4,王道2027操作系统，1.3 操作系统的运行环境，教材p15,1.3 操作系统的运行环境,15,教材在“1.3 操作系统的运行环境”中出现或讲解“动态链接”；本节点概括为：动态链接是操作系统实现资源管理、抽象或协作控制的重要机制。
OS_MEC_021,静态链接,Mechanism,操作系统,1.3 操作系统的运行环境,静态链接是操作系统实现资源管理、抽象或协作控制的重要机制。,,4,4,王道2027操作系统，1.3 操作系统的运行环境，教材p15,1.3 操作系统的运行环境,15,教材在“1.3 操作系统的运行环境”中出现或讲解“静态链接”；本节点概括为：静态链接是操作系统实现资源管理、抽象或协作控制的重要机制。
OS_CON_025,进程地址空间,Concept,操作系统,1.3 操作系统的运行环境,进程地址空间是操作系统课程中的核心概念，需要结合进程、内存、文件或I/O管理理解。,,3,4,王道2027操作系统，1.3 操作系统的运行环境，教材p15,1.3 操作系统的运行环境,15,教材在“1.3 操作系统的运行环境”中出现或讲解“进程地址空间”；本节点概括为：进程地址空间是操作系统课程中的核心概念，需要结合进程、内存、文件或I/O管理理解。
OS_MOD_001,分层结构,Model,操作系统,1.4 操作系统结构,分层结构是操作系统中用于描述结构、映射或组织方式的抽象模型。,,3,4,王道2027操作系统，1.4 操作系统结构，教材p26,1.4 操作系统结构,26,教材在“1.4 操作系统结构”中出现或讲解“分层结构”；本节点概括为：分层结构是操作系统中用于描述结构、映射或组织方式的抽象模型。
OS_MOD_002,模块化结构,Model,操作系统,1.4 操作系统结构,模块化结构是操作系统中用于描述结构、映射或组织方式的抽象模型。,,3,4,王道2027操作系统，1.4 操作系统结构，教材p26,1.4 操作系统结构,26,教材在“1.4 操作系统结构”中出现或讲解“模块化结构”；本节点概括为：模块化结构是操作系统中用于描述结构、映射或组织方式的抽象模型。
OS_MOD_003,宏内核,Model,操作系统,1.4 操作系统结构,宏内核是操作系统中用于描述结构、映射或组织方式的抽象模型。,,3,4,王道2027操作系统，1.4 操作系统结构，教材p26,1.4 操作系统结构,26,教材在“1.4 操作系统结构”中出现或讲解“宏内核”；本节点概括为：宏内核是操作系统中用于描述结构、映射或组织方式的抽象模型。
OS_MOD_004,微内核,Model,操作系统,1.4 操作系统结构,微内核是操作系统中用于描述结构、映射或组织方式的抽象模型。,,3,4,王道2027操作系统，1.4 操作系统结构，教材p26,1.4 操作系统结构,26,教材在“1.4 操作系统结构”中出现或讲解“微内核”；本节点概括为：微内核是操作系统中用于描述结构、映射或组织方式的抽象模型。
OS_MOD_005,外核,Model,操作系统,1.4 操作系统结构,外核是操作系统中用于描述结构、映射或组织方式的抽象模型。,,3,4,王道2027操作系统，1.4 操作系统结构，教材p26,1.4 操作系统结构,26,教材在“1.4 操作系统结构”中出现或讲解“外核”；本节点概括为：外核是操作系统中用于描述结构、映射或组织方式的抽象模型。
OS_MOD_006,客户/服务器模式,Model,操作系统,1.4 操作系统结构,客户/服务器模式是操作系统中用于描述结构、映射或组织方式的抽象模型。,,3,4,王道2027操作系统，1.4 操作系统结构，教材p26,1.4 操作系统结构,26,教材在“1.4 操作系统结构”中出现或讲解“客户/服务器模式”；本节点概括为：客户/服务器模式是操作系统中用于描述结构、映射或组织方式的抽象模型。
OS_CON_026,BIOS,Concept,操作系统,1.5 操作系统引导,BIOS是操作系统课程中的核心概念，需要结合进程、内存、文件或I/O管理理解。,,3,4,王道2027操作系统，1.5 操作系统引导，教材p29,1.5 操作系统引导,29,教材在“1.5 操作系统引导”中出现或讲解“BIOS”；本节点概括为：BIOS是操作系统课程中的核心概念，需要结合进程、内存、文件或I/O管理理解。
OS_CON_027,UEFI,Concept,操作系统,1.5 操作系统引导,UEFI是操作系统课程中的核心概念，需要结合进程、内存、文件或I/O管理理解。,,3,4,王道2027操作系统，1.5 操作系统引导，教材p29,1.5 操作系统引导,29,教材在“1.5 操作系统引导”中出现或讲解“UEFI”；本节点概括为：UEFI是操作系统课程中的核心概念，需要结合进程、内存、文件或I/O管理理解。
OS_MEC_022,引导程序,Mechanism,操作系统,1.5 操作系统引导,引导程序是操作系统实现资源管理、抽象或协作控制的重要机制。,,4,4,王道2027操作系统，1.5 操作系统引导，教材p29,1.5 操作系统引导,29,教材在“1.5 操作系统引导”中出现或讲解“引导程序”；本节点概括为：引导程序是操作系统实现资源管理、抽象或协作控制的重要机制。
OS_MEC_023,主引导记录,Mechanism,操作系统,1.5 操作系统引导,主引导记录是操作系统实现资源管理、抽象或协作控制的重要机制。,,4,4,王道2027操作系统，1.5 操作系统引导，教材p29,1.5 操作系统引导,29,教材在“1.5 操作系统引导”中出现或讲解“主引导记录”；本节点概括为：主引导记录是操作系统实现资源管理、抽象或协作控制的重要机制。
OS_MEC_024,操作系统引导,Mechanism,操作系统,1.5 操作系统引导,操作系统引导是操作系统实现资源管理、抽象或协作控制的重要机制。,,4,4,王道2027操作系统，1.5 操作系统引导，教材p29,1.5 操作系统引导,29,教材在“1.5 操作系统引导”中出现或讲解“操作系统引导”；本节点概括为：操作系统引导是操作系统实现资源管理、抽象或协作控制的重要机制。
OS_CON_028,启动块,Concept,操作系统,1.5 操作系统引导,启动块是操作系统课程中的核心概念，需要结合进程、内存、文件或I/O管理理解。,,3,4,王道2027操作系统，1.5 操作系统引导，教材p29,1.5 操作系统引导,29,教材在“1.5 操作系统引导”中出现或讲解“启动块”；本节点概括为：启动块是操作系统课程中的核心概念，需要结合进程、内存、文件或I/O管理理解。
OS_CON_029,虚拟机,Concept,操作系统,1.6 虚拟机,虚拟机是操作系统课程中的核心概念，需要结合进程、内存、文件或I/O管理理解。,,3,4,王道2027操作系统，1.6 虚拟机，教材p30,1.6 虚拟机,30,教材在“1.6 虚拟机”中出现或讲解“虚拟机”；本节点概括为：虚拟机是操作系统课程中的核心概念，需要结合进程、内存、文件或I/O管理理解。
OS_MEC_025,虚拟机管理程序,Mechanism,操作系统,1.6 虚拟机,虚拟机管理程序是操作系统实现资源管理、抽象或协作控制的重要机制。,,4,4,王道2027操作系统，1.6 虚拟机，教材p30,1.6 虚拟机,30,教材在“1.6 虚拟机”中出现或讲解“虚拟机管理程序”；本节点概括为：虚拟机管理程序是操作系统实现资源管理、抽象或协作控制的重要机制。
OS_MEC_026,第一类虚拟机管理程序,Mechanism,操作系统,1.6 虚拟机,第一类虚拟机管理程序是操作系统实现资源管理、抽象或协作控制的重要机制。,,4,4,王道2027操作系统，1.6 虚拟机，教材p30,1.6 虚拟机,30,教材在“1.6 虚拟机”中出现或讲解“第一类虚拟机管理程序”；本节点概括为：第一类虚拟机管理程序是操作系统实现资源管理、抽象或协作控制的重要机制。
OS_MEC_027,第二类虚拟机管理程序,Mechanism,操作系统,1.6 虚拟机,第二类虚拟机管理程序是操作系统实现资源管理、抽象或协作控制的重要机制。,,4,4,王道2027操作系统，1.6 虚拟机，教材p30,1.6 虚拟机,30,教材在“1.6 虚拟机”中出现或讲解“第二类虚拟机管理程序”；本节点概括为：第二类虚拟机管理程序是操作系统实现资源管理、抽象或协作控制的重要机制。
OS_MEC_028,虚拟化,Mechanism,操作系统,1.6 虚拟机,虚拟化是操作系统实现资源管理、抽象或协作控制的重要机制。,,4,4,王道2027操作系统，1.6 虚拟机，教材p30,1.6 虚拟机,30,教材在“1.6 虚拟机”中出现或讲解“虚拟化”；本节点概括为：虚拟化是操作系统实现资源管理、抽象或协作控制的重要机制。
OS_CON_030,进程,Concept,操作系统,2.1 进程与线程简介,程序在某个数据集合上的一次运行过程，是资源分配和独立运行的基本单位。,,3,5,王道2027操作系统，2.1 进程与线程简介，教材p37,2.1 进程与线程简介,37,教材在“2.1 进程与线程简介”中出现或讲解“进程”；本节点概括为：程序在某个数据集合上的一次运行过程，是资源分配和独立运行的基本单位。
OS_CON_031,程序,Concept,操作系统,2.1 进程与线程简介,程序是操作系统课程中的核心概念，需要结合进程、内存、文件或I/O管理理解。,,3,4,王道2027操作系统，2.1 进程与线程简介，教材p37,2.1 进程与线程简介,37,教材在“2.1 进程与线程简介”中出现或讲解“程序”；本节点概括为：程序是操作系统课程中的核心概念，需要结合进程、内存、文件或I/O管理理解。
OS_DST_001,PCB,DataStructure,操作系统,2.1 进程与线程简介,进程控制块，保存进程标识、状态、调度和资源等管理信息。,,4,5,王道2027操作系统，2.1 进程与线程简介，教材p37,2.1 进程与线程简介,37,教材在“2.1 进程与线程简介”中出现或讲解“PCB”；本节点概括为：进程控制块，保存进程标识、状态、调度和资源等管理信息。
OS_CON_032,进程映像,Concept,操作系统,2.1 进程与线程简介,进程映像是操作系统课程中的核心概念，需要结合进程、内存、文件或I/O管理理解。,,3,4,王道2027操作系统，2.1 进程与线程简介，教材p37,2.1 进程与线程简介,37,教材在“2.1 进程与线程简介”中出现或讲解“进程映像”；本节点概括为：进程映像是操作系统课程中的核心概念，需要结合进程、内存、文件或I/O管理理解。
OS_CON_033,程序段,Concept,操作系统,2.1 进程与线程简介,程序段是操作系统课程中的核心概念，需要结合进程、内存、文件或I/O管理理解。,,3,4,王道2027操作系统，2.1 进程与线程简介，教材p37,2.1 进程与线程简介,37,教材在“2.1 进程与线程简介”中出现或讲解“程序段”；本节点概括为：程序段是操作系统课程中的核心概念，需要结合进程、内存、文件或I/O管理理解。
OS_CON_034,数据段,Concept,操作系统,2.1 进程与线程简介,数据段是操作系统课程中的核心概念，需要结合进程、内存、文件或I/O管理理解。,,3,4,王道2027操作系统，2.1 进程与线程简介，教材p37,2.1 进程与线程简介,37,教材在“2.1 进程与线程简介”中出现或讲解“数据段”；本节点概括为：数据段是操作系统课程中的核心概念，需要结合进程、内存、文件或I/O管理理解。
OS_DST_002,进程控制块,DataStructure,操作系统,2.1 进程与线程简介,进程控制块是操作系统用于保存状态、索引、映射或管理信息的数据结构。,,4,4,王道2027操作系统，2.1 进程与线程简介，教材p37,2.1 进程与线程简介,37,教材在“2.1 进程与线程简介”中出现或讲解“进程控制块”；本节点概括为：进程控制块是操作系统用于保存状态、索引、映射或管理信息的数据结构。
OS_CON_035,进程状态,Concept,操作系统,2.1 进程与线程简介,进程状态是操作系统课程中的核心概念，需要结合进程、内存、文件或I/O管理理解。,,3,4,王道2027操作系统，2.1 进程与线程简介，教材p37,2.1 进程与线程简介,37,教材在“2.1 进程与线程简介”中出现或讲解“进程状态”；本节点概括为：进程状态是操作系统课程中的核心概念，需要结合进程、内存、文件或I/O管理理解。
OS_PROP_007,运行态,Property,操作系统,2.1 进程与线程简介,运行态是操作系统相关对象或机制具有的重要状态、性质或条件。,,3,4,王道2027操作系统，2.1 进程与线程简介，教材p37,2.1 进程与线程简介,37,教材在“2.1 进程与线程简介”中出现或讲解“运行态”；本节点概括为：运行态是操作系统相关对象或机制具有的重要状态、性质或条件。
OS_PROP_008,就绪态,Property,操作系统,2.1 进程与线程简介,就绪态是操作系统相关对象或机制具有的重要状态、性质或条件。,,3,4,王道2027操作系统，2.1 进程与线程简介，教材p37,2.1 进程与线程简介,37,教材在“2.1 进程与线程简介”中出现或讲解“就绪态”；本节点概括为：就绪态是操作系统相关对象或机制具有的重要状态、性质或条件。
OS_PROP_009,阻塞态,Property,操作系统,2.1 进程与线程简介,阻塞态是操作系统相关对象或机制具有的重要状态、性质或条件。,,3,4,王道2027操作系统，2.1 进程与线程简介，教材p37,2.1 进程与线程简介,37,教材在“2.1 进程与线程简介”中出现或讲解“阻塞态”；本节点概括为：阻塞态是操作系统相关对象或机制具有的重要状态、性质或条件。
OS_PROP_010,创建态,Property,操作系统,2.1 进程与线程简介,创建态是操作系统相关对象或机制具有的重要状态、性质或条件。,,3,4,王道2027操作系统，2.1 进程与线程简介，教材p37,2.1 进程与线程简介,37,教材在“2.1 进程与线程简介”中出现或讲解“创建态”；本节点概括为：创建态是操作系统相关对象或机制具有的重要状态、性质或条件。
OS_PROP_011,终止态,Property,操作系统,2.1 进程与线程简介,终止态是操作系统相关对象或机制具有的重要状态、性质或条件。,,3,4,王道2027操作系统，2.1 进程与线程简介，教材p37,2.1 进程与线程简介,37,教材在“2.1 进程与线程简介”中出现或讲解“终止态”；本节点概括为：终止态是操作系统相关对象或机制具有的重要状态、性质或条件。
OS_MEC_029,进程控制,Mechanism,操作系统,2.1 进程与线程简介,进程控制是操作系统实现资源管理、抽象或协作控制的重要机制。,,4,4,王道2027操作系统，2.1 进程与线程简介，教材p37,2.1 进程与线程简介,37,教材在“2.1 进程与线程简介”中出现或讲解“进程控制”；本节点概括为：进程控制是操作系统实现资源管理、抽象或协作控制的重要机制。
OS_OPE_001,创建进程,Operation,操作系统,2.1 进程与线程简介,创建进程是操作系统对进程、文件、设备或内存对象执行的基本操作。,,3,4,王道2027操作系统，2.1 进程与线程简介，教材p37,2.1 进程与线程简介,37,教材在“2.1 进程与线程简介”中出现或讲解“创建进程”；本节点概括为：创建进程是操作系统对进程、文件、设备或内存对象执行的基本操作。
OS_OPE_002,撤销进程,Operation,操作系统,2.1 进程与线程简介,撤销进程是操作系统对进程、文件、设备或内存对象执行的基本操作。,,3,4,王道2027操作系统，2.1 进程与线程简介，教材p37,2.1 进程与线程简介,37,教材在“2.1 进程与线程简介”中出现或讲解“撤销进程”；本节点概括为：撤销进程是操作系统对进程、文件、设备或内存对象执行的基本操作。
OS_OPE_003,阻塞进程,Operation,操作系统,2.1 进程与线程简介,阻塞进程是操作系统对进程、文件、设备或内存对象执行的基本操作。,,3,4,王道2027操作系统，2.1 进程与线程简介，教材p37,2.1 进程与线程简介,37,教材在“2.1 进程与线程简介”中出现或讲解“阻塞进程”；本节点概括为：阻塞进程是操作系统对进程、文件、设备或内存对象执行的基本操作。
OS_OPE_004,唤醒进程,Operation,操作系统,2.1 进程与线程简介,唤醒进程是操作系统对进程、文件、设备或内存对象执行的基本操作。,,3,4,王道2027操作系统，2.1 进程与线程简介，教材p37,2.1 进程与线程简介,37,教材在“2.1 进程与线程简介”中出现或讲解“唤醒进程”；本节点概括为：唤醒进程是操作系统对进程、文件、设备或内存对象执行的基本操作。
OS_MEC_030,进程通信,Mechanism,操作系统,2.1 进程与线程简介,进程通信是操作系统实现资源管理、抽象或协作控制的重要机制。,,4,4,王道2027操作系统，2.1 进程与线程简介，教材p37,2.1 进程与线程简介,37,教材在“2.1 进程与线程简介”中出现或讲解“进程通信”；本节点概括为：进程通信是操作系统实现资源管理、抽象或协作控制的重要机制。
OS_MEC_031,共享存储,Mechanism,操作系统,2.1 进程与线程简介,共享存储是操作系统实现资源管理、抽象或协作控制的重要机制。,,4,4,王道2027操作系统，2.1 进程与线程简介，教材p37,2.1 进程与线程简介,37,教材在“2.1 进程与线程简介”中出现或讲解“共享存储”；本节点概括为：共享存储是操作系统实现资源管理、抽象或协作控制的重要机制。
OS_CON_036,消息传递,Concept,操作系统,2.1 进程与线程简介,消息传递是操作系统课程中的核心概念，需要结合进程、内存、文件或I/O管理理解。,,3,4,王道2027操作系统，2.1 进程与线程简介，教材p37,2.1 进程与线程简介,37,教材在“2.1 进程与线程简介”中出现或讲解“消息传递”；本节点概括为：消息传递是操作系统课程中的核心概念，需要结合进程、内存、文件或I/O管理理解。
OS_MEC_032,管道通信,Mechanism,操作系统,2.1 进程与线程简介,管道通信是操作系统实现资源管理、抽象或协作控制的重要机制。,,4,4,王道2027操作系统，2.1 进程与线程简介，教材p37,2.1 进程与线程简介,37,教材在“2.1 进程与线程简介”中出现或讲解“管道通信”；本节点概括为：管道通信是操作系统实现资源管理、抽象或协作控制的重要机制。
OS_CON_037,线程,Concept,操作系统,2.1 进程与线程简介,进程中的一个执行流，是处理机调度的基本单位。,,3,5,王道2027操作系统，2.1 进程与线程简介，教材p37,2.1 进程与线程简介,37,教材在“2.1 进程与线程简介”中出现或讲解“线程”；本节点概括为：进程中的一个执行流，是处理机调度的基本单位。
OS_CON_038,用户级线程,Concept,操作系统,2.1 进程与线程简介,用户级线程是操作系统课程中的核心概念，需要结合进程、内存、文件或I/O管理理解。,,3,4,王道2027操作系统，2.1 进程与线程简介，教材p37,2.1 进程与线程简介,37,教材在“2.1 进程与线程简介”中出现或讲解“用户级线程”；本节点概括为：用户级线程是操作系统课程中的核心概念，需要结合进程、内存、文件或I/O管理理解。
OS_CON_039,内核级线程,Concept,操作系统,2.1 进程与线程简介,内核级线程是操作系统课程中的核心概念，需要结合进程、内存、文件或I/O管理理解。,,3,4,王道2027操作系统，2.1 进程与线程简介，教材p37,2.1 进程与线程简介,37,教材在“2.1 进程与线程简介”中出现或讲解“内核级线程”；本节点概括为：内核级线程是操作系统课程中的核心概念，需要结合进程、内存、文件或I/O管理理解。
OS_MOD_007,一对一模型,Model,操作系统,2.1 进程与线程简介,一对一模型是操作系统中用于描述结构、映射或组织方式的抽象模型。,,3,4,王道2027操作系统，2.1 进程与线程简介，教材p37,2.1 进程与线程简介,37,教材在“2.1 进程与线程简介”中出现或讲解“一对一模型”；本节点概括为：一对一模型是操作系统中用于描述结构、映射或组织方式的抽象模型。
OS_MOD_008,多对一模型,Model,操作系统,2.1 进程与线程简介,多对一模型是操作系统中用于描述结构、映射或组织方式的抽象模型。,,3,4,王道2027操作系统，2.1 进程与线程简介，教材p37,2.1 进程与线程简介,37,教材在“2.1 进程与线程简介”中出现或讲解“多对一模型”；本节点概括为：多对一模型是操作系统中用于描述结构、映射或组织方式的抽象模型。
OS_MOD_009,多对多模型,Model,操作系统,2.1 进程与线程简介,多对多模型是操作系统中用于描述结构、映射或组织方式的抽象模型。,,3,4,王道2027操作系统，2.1 进程与线程简介，教材p37,2.1 进程与线程简介,37,教材在“2.1 进程与线程简介”中出现或讲解“多对多模型”；本节点概括为：多对多模型是操作系统中用于描述结构、映射或组织方式的抽象模型。
OS_ALG_001,进程调度队列,Algorithm,操作系统,2.1 进程与线程简介,进程调度队列是操作系统中用于完成调度、分配、置换或管理决策的算法/策略。,,4,5,王道2027操作系统，2.1 进程与线程简介，教材p37,2.1 进程与线程简介,37,教材在“2.1 进程与线程简介”中出现或讲解“进程调度队列”；本节点概括为：进程调度队列是操作系统中用于完成调度、分配、置换或管理决策的算法/策略。
OS_DST_003,就绪队列,DataStructure,操作系统,2.1 进程与线程简介,就绪队列是操作系统用于保存状态、索引、映射或管理信息的数据结构。,,4,4,王道2027操作系统，2.1 进程与线程简介，教材p37,2.1 进程与线程简介,37,教材在“2.1 进程与线程简介”中出现或讲解“就绪队列”；本节点概括为：就绪队列是操作系统用于保存状态、索引、映射或管理信息的数据结构。
OS_DST_004,阻塞队列,DataStructure,操作系统,2.1 进程与线程简介,阻塞队列是操作系统用于保存状态、索引、映射或管理信息的数据结构。,,4,4,王道2027操作系统，2.1 进程与线程简介，教材p37,2.1 进程与线程简介,37,教材在“2.1 进程与线程简介”中出现或讲解“阻塞队列”；本节点概括为：阻塞队列是操作系统用于保存状态、索引、映射或管理信息的数据结构。
OS_MEC_033,CPU调度,Mechanism,操作系统,2.2 CPU调度,从就绪进程中选择一个分配处理机运行的过程。,,4,5,王道2027操作系统，2.2 CPU调度，教材p66,2.2 CPU调度,66,教材在“2.2 CPU调度”中出现或讲解“CPU调度”；本节点概括为：从就绪进程中选择一个分配处理机运行的过程。
OS_ALG_002,高级调度,Algorithm,操作系统,2.2 CPU调度,高级调度是操作系统中用于完成调度、分配、置换或管理决策的算法/策略。,,4,5,王道2027操作系统，2.2 CPU调度，教材p66,2.2 CPU调度,66,教材在“2.2 CPU调度”中出现或讲解“高级调度”；本节点概括为：高级调度是操作系统中用于完成调度、分配、置换或管理决策的算法/策略。
OS_ALG_003,中级调度,Algorithm,操作系统,2.2 CPU调度,中级调度是操作系统中用于完成调度、分配、置换或管理决策的算法/策略。,,4,5,王道2027操作系统，2.2 CPU调度，教材p66,2.2 CPU调度,66,教材在“2.2 CPU调度”中出现或讲解“中级调度”；本节点概括为：中级调度是操作系统中用于完成调度、分配、置换或管理决策的算法/策略。
OS_ALG_004,低级调度,Algorithm,操作系统,2.2 CPU调度,低级调度是操作系统中用于完成调度、分配、置换或管理决策的算法/策略。,,4,5,王道2027操作系统，2.2 CPU调度，教材p66,2.2 CPU调度,66,教材在“2.2 CPU调度”中出现或讲解“低级调度”；本节点概括为：低级调度是操作系统中用于完成调度、分配、置换或管理决策的算法/策略。
OS_ALG_005,调度程序,Algorithm,操作系统,2.2 CPU调度,调度程序是操作系统中用于完成调度、分配、置换或管理决策的算法/策略。,,4,5,王道2027操作系统，2.2 CPU调度，教材p66,2.2 CPU调度,66,教材在“2.2 CPU调度”中出现或讲解“调度程序”；本节点概括为：调度程序是操作系统中用于完成调度、分配、置换或管理决策的算法/策略。
OS_ALG_006,非抢占式调度,Algorithm,操作系统,2.2 CPU调度,非抢占式调度是操作系统中用于完成调度、分配、置换或管理决策的算法/策略。,,4,5,王道2027操作系统，2.2 CPU调度，教材p66,2.2 CPU调度,66,教材在“2.2 CPU调度”中出现或讲解“非抢占式调度”；本节点概括为：非抢占式调度是操作系统中用于完成调度、分配、置换或管理决策的算法/策略。
OS_ALG_007,抢占式调度,Algorithm,操作系统,2.2 CPU调度,抢占式调度是操作系统中用于完成调度、分配、置换或管理决策的算法/策略。,,4,5,王道2027操作系统，2.2 CPU调度，教材p66,2.2 CPU调度,66,教材在“2.2 CPU调度”中出现或讲解“抢占式调度”；本节点概括为：抢占式调度是操作系统中用于完成调度、分配、置换或管理决策的算法/策略。
OS_MET_001,周转时间,Metric,操作系统,2.2 CPU调度,周转时间是评价操作系统调度、存储或I/O性能的重要指标。,,3,4,王道2027操作系统，2.2 CPU调度，教材p66,2.2 CPU调度,66,教材在“2.2 CPU调度”中出现或讲解“周转时间”；本节点概括为：周转时间是评价操作系统调度、存储或I/O性能的重要指标。
OS_MET_002,带权周转时间,Metric,操作系统,2.2 CPU调度,带权周转时间是评价操作系统调度、存储或I/O性能的重要指标。,,3,4,王道2027操作系统，2.2 CPU调度，教材p66,2.2 CPU调度,66,教材在“2.2 CPU调度”中出现或讲解“带权周转时间”；本节点概括为：带权周转时间是评价操作系统调度、存储或I/O性能的重要指标。
OS_MET_003,等待时间,Metric,操作系统,2.2 CPU调度,等待时间是评价操作系统调度、存储或I/O性能的重要指标。,,3,4,王道2027操作系统，2.2 CPU调度，教材p66,2.2 CPU调度,66,教材在“2.2 CPU调度”中出现或讲解“等待时间”；本节点概括为：等待时间是评价操作系统调度、存储或I/O性能的重要指标。
OS_MET_004,响应时间,Metric,操作系统,2.2 CPU调度,响应时间是评价操作系统调度、存储或I/O性能的重要指标。,,3,4,王道2027操作系统，2.2 CPU调度，教材p66,2.2 CPU调度,66,教材在“2.2 CPU调度”中出现或讲解“响应时间”；本节点概括为：响应时间是评价操作系统调度、存储或I/O性能的重要指标。
OS_MET_005,CPU利用率,Metric,操作系统,2.2 CPU调度,CPU利用率是评价操作系统调度、存储或I/O性能的重要指标。,,3,4,王道2027操作系统，2.2 CPU调度，教材p66,2.2 CPU调度,66,教材在“2.2 CPU调度”中出现或讲解“CPU利用率”；本节点概括为：CPU利用率是评价操作系统调度、存储或I/O性能的重要指标。
OS_MET_006,系统吞吐量,Metric,操作系统,2.2 CPU调度,系统吞吐量是评价操作系统调度、存储或I/O性能的重要指标。,,3,4,王道2027操作系统，2.2 CPU调度，教材p66,2.2 CPU调度,66,教材在“2.2 CPU调度”中出现或讲解“系统吞吐量”；本节点概括为：系统吞吐量是评价操作系统调度、存储或I/O性能的重要指标。
OS_MEC_034,进程切换,Mechanism,操作系统,2.2 CPU调度,进程切换是操作系统实现资源管理、抽象或协作控制的重要机制。,,4,4,王道2027操作系统，2.2 CPU调度，教材p66,2.2 CPU调度,66,教材在“2.2 CPU调度”中出现或讲解“进程切换”；本节点概括为：进程切换是操作系统实现资源管理、抽象或协作控制的重要机制。
OS_MEC_035,上下文切换,Mechanism,操作系统,2.2 CPU调度,保存当前进程现场并恢复另一进程现场的过程。,,4,5,王道2027操作系统，2.2 CPU调度，教材p66,2.2 CPU调度,66,教材在“2.2 CPU调度”中出现或讲解“上下文切换”；本节点概括为：保存当前进程现场并恢复另一进程现场的过程。
OS_ALG_008,先来先服务调度,Algorithm,操作系统,2.2 CPU调度,先来先服务调度是操作系统中用于完成调度、分配、置换或管理决策的算法/策略。,,4,5,王道2027操作系统，2.2 CPU调度，教材p66,2.2 CPU调度,66,教材在“2.2 CPU调度”中出现或讲解“先来先服务调度”；本节点概括为：先来先服务调度是操作系统中用于完成调度、分配、置换或管理决策的算法/策略。
OS_ALG_009,短作业优先调度,Algorithm,操作系统,2.2 CPU调度,短作业优先调度是操作系统中用于完成调度、分配、置换或管理决策的算法/策略。,,4,5,王道2027操作系统，2.2 CPU调度，教材p66,2.2 CPU调度,66,教材在“2.2 CPU调度”中出现或讲解“短作业优先调度”；本节点概括为：短作业优先调度是操作系统中用于完成调度、分配、置换或管理决策的算法/策略。
OS_ALG_010,高响应比优先调度,Algorithm,操作系统,2.2 CPU调度,高响应比优先调度是操作系统中用于完成调度、分配、置换或管理决策的算法/策略。,,4,5,王道2027操作系统，2.2 CPU调度，教材p66,2.2 CPU调度,66,教材在“2.2 CPU调度”中出现或讲解“高响应比优先调度”；本节点概括为：高响应比优先调度是操作系统中用于完成调度、分配、置换或管理决策的算法/策略。
OS_ALG_011,时间片轮转调度,Algorithm,操作系统,2.2 CPU调度,时间片轮转调度是操作系统中用于完成调度、分配、置换或管理决策的算法/策略。,,4,5,王道2027操作系统，2.2 CPU调度，教材p66,2.2 CPU调度,66,教材在“2.2 CPU调度”中出现或讲解“时间片轮转调度”；本节点概括为：时间片轮转调度是操作系统中用于完成调度、分配、置换或管理决策的算法/策略。
OS_ALG_012,优先级调度,Algorithm,操作系统,2.2 CPU调度,优先级调度是操作系统中用于完成调度、分配、置换或管理决策的算法/策略。,,4,5,王道2027操作系统，2.2 CPU调度，教材p66,2.2 CPU调度,66,教材在“2.2 CPU调度”中出现或讲解“优先级调度”；本节点概括为：优先级调度是操作系统中用于完成调度、分配、置换或管理决策的算法/策略。
OS_ALG_013,多级反馈队列调度,Algorithm,操作系统,2.2 CPU调度,多级反馈队列调度是操作系统中用于完成调度、分配、置换或管理决策的算法/策略。,,4,5,王道2027操作系统，2.2 CPU调度，教材p66,2.2 CPU调度,66,教材在“2.2 CPU调度”中出现或讲解“多级反馈队列调度”；本节点概括为：多级反馈队列调度是操作系统中用于完成调度、分配、置换或管理决策的算法/策略。
OS_MEC_036,多处理机调度,Mechanism,操作系统,2.2 CPU调度,多处理机调度是操作系统实现资源管理、抽象或协作控制的重要机制。,,4,4,王道2027操作系统，2.2 CPU调度，教材p66,2.2 CPU调度,66,教材在“2.2 CPU调度”中出现或讲解“多处理机调度”；本节点概括为：多处理机调度是操作系统实现资源管理、抽象或协作控制的重要机制。
OS_CON_040,负载均衡,Concept,操作系统,2.2 CPU调度,负载均衡是操作系统课程中的核心概念，需要结合进程、内存、文件或I/O管理理解。,,3,4,王道2027操作系统，2.2 CPU调度，教材p66,2.2 CPU调度,66,教材在“2.2 CPU调度”中出现或讲解“负载均衡”；本节点概括为：负载均衡是操作系统课程中的核心概念，需要结合进程、内存、文件或I/O管理理解。
OS_ALG_014,调度算法饥饿问题,Algorithm,操作系统,2.2 CPU调度,调度算法饥饿问题是操作系统中用于完成调度、分配、置换或管理决策的算法/策略。,,4,5,王道2027操作系统，2.2 CPU调度，教材p66,2.2 CPU调度,66,教材在“2.2 CPU调度”中出现或讲解“调度算法饥饿问题”；本节点概括为：调度算法饥饿问题是操作系统中用于完成调度、分配、置换或管理决策的算法/策略。
OS_MEC_037,同步,Mechanism,操作系统,2.3 同步与互斥,同步是操作系统实现资源管理、抽象或协作控制的重要机制。,,4,4,王道2027操作系统，2.3 同步与互斥，教材p99,2.3 同步与互斥,99,教材在“2.3 同步与互斥”中出现或讲解“同步”；本节点概括为：同步是操作系统实现资源管理、抽象或协作控制的重要机制。
OS_MEC_038,互斥,Mechanism,操作系统,2.3 同步与互斥,互斥是操作系统实现资源管理、抽象或协作控制的重要机制。,,4,4,王道2027操作系统，2.3 同步与互斥，教材p99,2.3 同步与互斥,99,教材在“2.3 同步与互斥”中出现或讲解“互斥”；本节点概括为：互斥是操作系统实现资源管理、抽象或协作控制的重要机制。
OS_CON_041,临界区,Concept,操作系统,2.3 同步与互斥,临界区是操作系统课程中的核心概念，需要结合进程、内存、文件或I/O管理理解。,,3,4,王道2027操作系统，2.3 同步与互斥，教材p99,2.3 同步与互斥,99,教材在“2.3 同步与互斥”中出现或讲解“临界区”；本节点概括为：临界区是操作系统课程中的核心概念，需要结合进程、内存、文件或I/O管理理解。
OS_CON_042,进入区,Concept,操作系统,2.3 同步与互斥,进入区是操作系统课程中的核心概念，需要结合进程、内存、文件或I/O管理理解。,,3,4,王道2027操作系统，2.3 同步与互斥，教材p99,2.3 同步与互斥,99,教材在“2.3 同步与互斥”中出现或讲解“进入区”；本节点概括为：进入区是操作系统课程中的核心概念，需要结合进程、内存、文件或I/O管理理解。
OS_CON_043,退出区,Concept,操作系统,2.3 同步与互斥,退出区是操作系统课程中的核心概念，需要结合进程、内存、文件或I/O管理理解。,,3,4,王道2027操作系统，2.3 同步与互斥，教材p99,2.3 同步与互斥,99,教材在“2.3 同步与互斥”中出现或讲解“退出区”；本节点概括为：退出区是操作系统课程中的核心概念，需要结合进程、内存、文件或I/O管理理解。
OS_CON_044,剩余区,Concept,操作系统,2.3 同步与互斥,剩余区是操作系统课程中的核心概念，需要结合进程、内存、文件或I/O管理理解。,,3,4,王道2027操作系统，2.3 同步与互斥，教材p99,2.3 同步与互斥,99,教材在“2.3 同步与互斥”中出现或讲解“剩余区”；本节点概括为：剩余区是操作系统课程中的核心概念，需要结合进程、内存、文件或I/O管理理解。
OS_PRB_001,临界区互斥问题,Problem,操作系统,2.3 同步与互斥,临界区互斥问题是操作系统课程中需要用相应机制或算法解决的典型问题。,,4,5,王道2027操作系统，2.3 同步与互斥，教材p99,2.3 同步与互斥,99,教材在“2.3 同步与互斥”中出现或讲解“临界区互斥问题”；本节点概括为：临界区互斥问题是操作系统课程中需要用相应机制或算法解决的典型问题。
OS_MEC_039,软件实现互斥,Mechanism,操作系统,2.3 同步与互斥,软件实现互斥是操作系统实现资源管理、抽象或协作控制的重要机制。,,4,4,王道2027操作系统，2.3 同步与互斥，教材p99,2.3 同步与互斥,99,教材在“2.3 同步与互斥”中出现或讲解“软件实现互斥”；本节点概括为：软件实现互斥是操作系统实现资源管理、抽象或协作控制的重要机制。
OS_ALG_015,Peterson算法,Algorithm,操作系统,2.3 同步与互斥,Peterson算法是操作系统中用于完成调度、分配、置换或管理决策的算法/策略。,,4,5,王道2027操作系统，2.3 同步与互斥，教材p99,2.3 同步与互斥,99,教材在“2.3 同步与互斥”中出现或讲解“Peterson算法”；本节点概括为：Peterson算法是操作系统中用于完成调度、分配、置换或管理决策的算法/策略。
OS_MEC_040,硬件实现互斥,Mechanism,操作系统,2.3 同步与互斥,硬件实现互斥是操作系统实现资源管理、抽象或协作控制的重要机制。,,4,4,王道2027操作系统，2.3 同步与互斥，教材p99,2.3 同步与互斥,99,教材在“2.3 同步与互斥”中出现或讲解“硬件实现互斥”；本节点概括为：硬件实现互斥是操作系统实现资源管理、抽象或协作控制的重要机制。
OS_MEC_041,中断屏蔽,Mechanism,操作系统,2.3 同步与互斥,中断屏蔽是操作系统实现资源管理、抽象或协作控制的重要机制。,,4,4,王道2027操作系统，2.3 同步与互斥，教材p99,2.3 同步与互斥,99,教材在“2.3 同步与互斥”中出现或讲解“中断屏蔽”；本节点概括为：中断屏蔽是操作系统实现资源管理、抽象或协作控制的重要机制。
OS_CON_045,TestAndSet指令,Concept,操作系统,2.3 同步与互斥,TestAndSet指令是操作系统课程中的核心概念，需要结合进程、内存、文件或I/O管理理解。,,3,4,王道2027操作系统，2.3 同步与互斥，教材p99,2.3 同步与互斥,99,教材在“2.3 同步与互斥”中出现或讲解“TestAndSet指令”；本节点概括为：TestAndSet指令是操作系统课程中的核心概念，需要结合进程、内存、文件或I/O管理理解。
OS_CON_046,Swap指令,Concept,操作系统,2.3 同步与互斥,Swap指令是操作系统课程中的核心概念，需要结合进程、内存、文件或I/O管理理解。,,3,4,王道2027操作系统，2.3 同步与互斥，教材p99,2.3 同步与互斥,99,教材在“2.3 同步与互斥”中出现或讲解“Swap指令”；本节点概括为：Swap指令是操作系统课程中的核心概念，需要结合进程、内存、文件或I/O管理理解。
OS_MEC_042,互斥锁,Mechanism,操作系统,2.3 同步与互斥,互斥锁是操作系统实现资源管理、抽象或协作控制的重要机制。,,4,4,王道2027操作系统，2.3 同步与互斥，教材p99,2.3 同步与互斥,99,教材在“2.3 同步与互斥”中出现或讲解“互斥锁”；本节点概括为：互斥锁是操作系统实现资源管理、抽象或协作控制的重要机制。
OS_CON_047,信号量,Concept,操作系统,2.3 同步与互斥,由整数值及P/V操作组成的同步互斥机制。,,3,5,王道2027操作系统，2.3 同步与互斥，教材p99,2.3 同步与互斥,99,教材在“2.3 同步与互斥”中出现或讲解“信号量”；本节点概括为：由整数值及P/V操作组成的同步互斥机制。
OS_CON_048,整型信号量,Concept,操作系统,2.3 同步与互斥,整型信号量是操作系统课程中的核心概念，需要结合进程、内存、文件或I/O管理理解。,,3,4,王道2027操作系统，2.3 同步与互斥，教材p99,2.3 同步与互斥,99,教材在“2.3 同步与互斥”中出现或讲解“整型信号量”；本节点概括为：整型信号量是操作系统课程中的核心概念，需要结合进程、内存、文件或I/O管理理解。
OS_CON_049,记录型信号量,Concept,操作系统,2.3 同步与互斥,记录型信号量是操作系统课程中的核心概念，需要结合进程、内存、文件或I/O管理理解。,,3,4,王道2027操作系统，2.3 同步与互斥，教材p99,2.3 同步与互斥,99,教材在“2.3 同步与互斥”中出现或讲解“记录型信号量”；本节点概括为：记录型信号量是操作系统课程中的核心概念，需要结合进程、内存、文件或I/O管理理解。
OS_OPE_005,P操作,Operation,操作系统,2.3 同步与互斥,对信号量执行申请资源或等待的原子操作。,,3,5,王道2027操作系统，2.3 同步与互斥，教材p99,2.3 同步与互斥,99,教材在“2.3 同步与互斥”中出现或讲解“P操作”；本节点概括为：对信号量执行申请资源或等待的原子操作。
OS_OPE_006,V操作,Operation,操作系统,2.3 同步与互斥,对信号量执行释放资源或唤醒等待进程的原子操作。,,3,5,王道2027操作系统，2.3 同步与互斥，教材p99,2.3 同步与互斥,99,教材在“2.3 同步与互斥”中出现或讲解“V操作”；本节点概括为：对信号量执行释放资源或唤醒等待进程的原子操作。
OS_PRB_002,生产者-消费者问题,Problem,操作系统,2.3 同步与互斥,生产者-消费者问题是操作系统课程中需要用相应机制或算法解决的典型问题。,,4,5,王道2027操作系统，2.3 同步与互斥，教材p99,2.3 同步与互斥,99,教材在“2.3 同步与互斥”中出现或讲解“生产者-消费者问题”；本节点概括为：生产者-消费者问题是操作系统课程中需要用相应机制或算法解决的典型问题。
OS_PRB_003,读者-写者问题,Problem,操作系统,2.3 同步与互斥,读者-写者问题是操作系统课程中需要用相应机制或算法解决的典型问题。,,4,5,王道2027操作系统，2.3 同步与互斥，教材p99,2.3 同步与互斥,99,教材在“2.3 同步与互斥”中出现或讲解“读者-写者问题”；本节点概括为：读者-写者问题是操作系统课程中需要用相应机制或算法解决的典型问题。
OS_PRB_004,哲学家进餐问题,Problem,操作系统,2.3 同步与互斥,哲学家进餐问题是操作系统课程中需要用相应机制或算法解决的典型问题。,,4,5,王道2027操作系统，2.3 同步与互斥，教材p99,2.3 同步与互斥,99,教材在“2.3 同步与互斥”中出现或讲解“哲学家进餐问题”；本节点概括为：哲学家进餐问题是操作系统课程中需要用相应机制或算法解决的典型问题。
OS_CON_050,管程,Concept,操作系统,2.3 同步与互斥,把共享数据及其操作封装在一起并保证互斥进入的同步机制。,,3,5,王道2027操作系统，2.3 同步与互斥，教材p99,2.3 同步与互斥,99,教材在“2.3 同步与互斥”中出现或讲解“管程”；本节点概括为：把共享数据及其操作封装在一起并保证互斥进入的同步机制。
OS_CON_051,条件变量,Concept,操作系统,2.3 同步与互斥,条件变量是操作系统课程中的核心概念，需要结合进程、内存、文件或I/O管理理解。,,3,4,王道2027操作系统，2.3 同步与互斥，教材p99,2.3 同步与互斥,99,教材在“2.3 同步与互斥”中出现或讲解“条件变量”；本节点概括为：条件变量是操作系统课程中的核心概念，需要结合进程、内存、文件或I/O管理理解。
OS_PROP_012,忙等待,Property,操作系统,2.3 同步与互斥,忙等待是操作系统相关对象或机制具有的重要状态、性质或条件。,,3,4,王道2027操作系统，2.3 同步与互斥，教材p99,2.3 同步与互斥,99,教材在“2.3 同步与互斥”中出现或讲解“忙等待”；本节点概括为：忙等待是操作系统相关对象或机制具有的重要状态、性质或条件。
OS_CON_052,死锁,Concept,操作系统,2.4 死锁,多个进程因竞争资源而互相等待，导致所有相关进程无法继续推进的状态。,,3,5,王道2027操作系统，2.4 死锁，教材p149,2.4 死锁,149,教材在“2.4 死锁”中出现或讲解“死锁”；本节点概括为：多个进程因竞争资源而互相等待，导致所有相关进程无法继续推进的状态。
OS_OBJ_005,资源,ComputingObject,操作系统,2.4 死锁,资源是操作系统管理、调度或抽象的计算资源或系统对象。,,3,4,王道2027操作系统，2.4 死锁，教材p149,2.4 死锁,149,教材在“2.4 死锁”中出现或讲解“资源”；本节点概括为：资源是操作系统管理、调度或抽象的计算资源或系统对象。
OS_OBJ_006,可重用资源,ComputingObject,操作系统,2.4 死锁,可重用资源是操作系统管理、调度或抽象的计算资源或系统对象。,,3,4,王道2027操作系统，2.4 死锁，教材p149,2.4 死锁,149,教材在“2.4 死锁”中出现或讲解“可重用资源”；本节点概括为：可重用资源是操作系统管理、调度或抽象的计算资源或系统对象。
OS_OBJ_007,消耗性资源,ComputingObject,操作系统,2.4 死锁,消耗性资源是操作系统管理、调度或抽象的计算资源或系统对象。,,3,4,王道2027操作系统，2.4 死锁，教材p149,2.4 死锁,149,教材在“2.4 死锁”中出现或讲解“消耗性资源”；本节点概括为：消耗性资源是操作系统管理、调度或抽象的计算资源或系统对象。
OS_PROP_013,互斥条件,Property,操作系统,2.4 死锁,互斥条件是操作系统相关对象或机制具有的重要状态、性质或条件。,,3,4,王道2027操作系统，2.4 死锁，教材p149,2.4 死锁,149,教材在“2.4 死锁”中出现或讲解“互斥条件”；本节点概括为：互斥条件是操作系统相关对象或机制具有的重要状态、性质或条件。
OS_PROP_014,不剥夺条件,Property,操作系统,2.4 死锁,不剥夺条件是操作系统相关对象或机制具有的重要状态、性质或条件。,,3,4,王道2027操作系统，2.4 死锁，教材p149,2.4 死锁,149,教材在“2.4 死锁”中出现或讲解“不剥夺条件”；本节点概括为：不剥夺条件是操作系统相关对象或机制具有的重要状态、性质或条件。
OS_PROP_015,请求和保持条件,Property,操作系统,2.4 死锁,请求和保持条件是操作系统相关对象或机制具有的重要状态、性质或条件。,,3,4,王道2027操作系统，2.4 死锁，教材p149,2.4 死锁,149,教材在“2.4 死锁”中出现或讲解“请求和保持条件”；本节点概括为：请求和保持条件是操作系统相关对象或机制具有的重要状态、性质或条件。
OS_PROP_016,循环等待条件,Property,操作系统,2.4 死锁,循环等待条件是操作系统相关对象或机制具有的重要状态、性质或条件。,,3,4,王道2027操作系统，2.4 死锁，教材p149,2.4 死锁,149,教材在“2.4 死锁”中出现或讲解“循环等待条件”；本节点概括为：循环等待条件是操作系统相关对象或机制具有的重要状态、性质或条件。
OS_CON_053,死锁预防,Concept,操作系统,2.4 死锁,死锁预防是操作系统课程中的核心概念，需要结合进程、内存、文件或I/O管理理解。,,3,4,王道2027操作系统，2.4 死锁，教材p149,2.4 死锁,149,教材在“2.4 死锁”中出现或讲解“死锁预防”；本节点概括为：死锁预防是操作系统课程中的核心概念，需要结合进程、内存、文件或I/O管理理解。
OS_CON_054,死锁避免,Concept,操作系统,2.4 死锁,死锁避免是操作系统课程中的核心概念，需要结合进程、内存、文件或I/O管理理解。,,3,4,王道2027操作系统，2.4 死锁，教材p149,2.4 死锁,149,教材在“2.4 死锁”中出现或讲解“死锁避免”；本节点概括为：死锁避免是操作系统课程中的核心概念，需要结合进程、内存、文件或I/O管理理解。
OS_PROP_017,安全状态,Property,操作系统,2.4 死锁,安全状态是操作系统相关对象或机制具有的重要状态、性质或条件。,,3,4,王道2027操作系统，2.4 死锁，教材p149,2.4 死锁,149,教材在“2.4 死锁”中出现或讲解“安全状态”；本节点概括为：安全状态是操作系统相关对象或机制具有的重要状态、性质或条件。
OS_PROP_018,不安全状态,Property,操作系统,2.4 死锁,不安全状态是操作系统相关对象或机制具有的重要状态、性质或条件。,,3,4,王道2027操作系统，2.4 死锁，教材p149,2.4 死锁,149,教材在“2.4 死锁”中出现或讲解“不安全状态”；本节点概括为：不安全状态是操作系统相关对象或机制具有的重要状态、性质或条件。
OS_ALG_016,银行家算法,Algorithm,操作系统,2.4 死锁,根据系统是否仍处于安全状态来决定是否分配资源的死锁避免算法。,,4,5,王道2027操作系统，2.4 死锁，教材p149,2.4 死锁,149,教材在“2.4 死锁”中出现或讲解“银行家算法”；本节点概括为：根据系统是否仍处于安全状态来决定是否分配资源的死锁避免算法。
OS_DST_005,资源分配图,DataStructure,操作系统,2.4 死锁,资源分配图是操作系统用于保存状态、索引、映射或管理信息的数据结构。,,4,4,王道2027操作系统，2.4 死锁，教材p149,2.4 死锁,149,教材在“2.4 死锁”中出现或讲解“资源分配图”；本节点概括为：资源分配图是操作系统用于保存状态、索引、映射或管理信息的数据结构。
OS_CON_055,死锁检测,Concept,操作系统,2.4 死锁,死锁检测是操作系统课程中的核心概念，需要结合进程、内存、文件或I/O管理理解。,,3,4,王道2027操作系统，2.4 死锁，教材p149,2.4 死锁,149,教材在“2.4 死锁”中出现或讲解“死锁检测”；本节点概括为：死锁检测是操作系统课程中的核心概念，需要结合进程、内存、文件或I/O管理理解。
OS_CON_056,死锁解除,Concept,操作系统,2.4 死锁,死锁解除是操作系统课程中的核心概念，需要结合进程、内存、文件或I/O管理理解。,,3,4,王道2027操作系统，2.4 死锁，教材p149,2.4 死锁,149,教材在“2.4 死锁”中出现或讲解“死锁解除”；本节点概括为：死锁解除是操作系统课程中的核心概念，需要结合进程、内存、文件或I/O管理理解。
OS_CON_057,资源剥夺,Concept,操作系统,2.4 死锁,资源剥夺是操作系统课程中的核心概念，需要结合进程、内存、文件或I/O管理理解。,,3,4,王道2027操作系统，2.4 死锁，教材p149,2.4 死锁,149,教材在“2.4 死锁”中出现或讲解“资源剥夺”；本节点概括为：资源剥夺是操作系统课程中的核心概念，需要结合进程、内存、文件或I/O管理理解。
OS_PRB_005,死锁问题,Problem,操作系统,2.4 死锁,死锁问题是操作系统课程中需要用相应机制或算法解决的典型问题。,,4,5,王道2027操作系统，2.4 死锁，教材p149,2.4 死锁,149,教材在“2.4 死锁”中出现或讲解“死锁问题”；本节点概括为：死锁问题是操作系统课程中需要用相应机制或算法解决的典型问题。
OS_MEC_043,内存管理,Mechanism,操作系统,3.1 内存管理概念,内存管理是操作系统实现资源管理、抽象或协作控制的重要机制。,,4,4,王道2027操作系统，3.1 内存管理概念，教材p176,3.1 内存管理概念,176,教材在“3.1 内存管理概念”中出现或讲解“内存管理”；本节点概括为：内存管理是操作系统实现资源管理、抽象或协作控制的重要机制。
OS_CON_058,地址重定位,Concept,操作系统,3.1 内存管理概念,地址重定位是操作系统课程中的核心概念，需要结合进程、内存、文件或I/O管理理解。,,3,4,王道2027操作系统，3.1 内存管理概念，教材p176,3.1 内存管理概念,176,教材在“3.1 内存管理概念”中出现或讲解“地址重定位”；本节点概括为：地址重定位是操作系统课程中的核心概念，需要结合进程、内存、文件或I/O管理理解。
OS_OBJ_008,逻辑地址,ComputingObject,操作系统,3.1 内存管理概念,程序生成的地址，也称虚拟地址。,,3,5,王道2027操作系统，3.1 内存管理概念，教材p176,3.1 内存管理概念,176,教材在“3.1 内存管理概念”中出现或讲解“逻辑地址”；本节点概括为：程序生成的地址，也称虚拟地址。
OS_OBJ_009,物理地址,ComputingObject,操作系统,3.1 内存管理概念,内存单元中的真实地址。,,3,5,王道2027操作系统，3.1 内存管理概念，教材p176,3.1 内存管理概念,176,教材在“3.1 内存管理概念”中出现或讲解“物理地址”；本节点概括为：内存单元中的真实地址。
OS_CON_059,地址转换,Concept,操作系统,3.1 内存管理概念,地址转换是操作系统课程中的核心概念，需要结合进程、内存、文件或I/O管理理解。,,3,4,王道2027操作系统，3.1 内存管理概念，教材p176,3.1 内存管理概念,176,教材在“3.1 内存管理概念”中出现或讲解“地址转换”；本节点概括为：地址转换是操作系统课程中的核心概念，需要结合进程、内存、文件或I/O管理理解。
OS_MEC_044,内存保护,Mechanism,操作系统,3.1 内存管理概念,内存保护是操作系统实现资源管理、抽象或协作控制的重要机制。,,4,4,王道2027操作系统，3.1 内存管理概念，教材p176,3.1 内存管理概念,176,教材在“3.1 内存管理概念”中出现或讲解“内存保护”；本节点概括为：内存保护是操作系统实现资源管理、抽象或协作控制的重要机制。
OS_MEC_045,内存共享,Mechanism,操作系统,3.1 内存管理概念,内存共享是操作系统实现资源管理、抽象或协作控制的重要机制。,,4,4,王道2027操作系统，3.1 内存管理概念，教材p176,3.1 内存管理概念,176,教材在“3.1 内存管理概念”中出现或讲解“内存共享”；本节点概括为：内存共享是操作系统实现资源管理、抽象或协作控制的重要机制。
OS_CON_060,内存扩充,Concept,操作系统,3.1 内存管理概念,内存扩充是操作系统课程中的核心概念，需要结合进程、内存、文件或I/O管理理解。,,3,4,王道2027操作系统，3.1 内存管理概念，教材p176,3.1 内存管理概念,176,教材在“3.1 内存管理概念”中出现或讲解“内存扩充”；本节点概括为：内存扩充是操作系统课程中的核心概念，需要结合进程、内存、文件或I/O管理理解。
OS_MEC_046,连续分配管理方式,Mechanism,操作系统,3.1 内存管理概念,连续分配管理方式是操作系统实现资源管理、抽象或协作控制的重要机制。,,4,4,王道2027操作系统，3.1 内存管理概念，教材p176,3.1 内存管理概念,176,教材在“3.1 内存管理概念”中出现或讲解“连续分配管理方式”；本节点概括为：连续分配管理方式是操作系统实现资源管理、抽象或协作控制的重要机制。
OS_MEC_047,单一连续分配,Mechanism,操作系统,3.1 内存管理概念,单一连续分配是操作系统实现资源管理、抽象或协作控制的重要机制。,,4,4,王道2027操作系统，3.1 内存管理概念，教材p176,3.1 内存管理概念,176,教材在“3.1 内存管理概念”中出现或讲解“单一连续分配”；本节点概括为：单一连续分配是操作系统实现资源管理、抽象或协作控制的重要机制。
OS_MEC_048,固定分区分配,Mechanism,操作系统,3.1 内存管理概念,固定分区分配是操作系统实现资源管理、抽象或协作控制的重要机制。,,4,4,王道2027操作系统，3.1 内存管理概念，教材p176,3.1 内存管理概念,176,教材在“3.1 内存管理概念”中出现或讲解“固定分区分配”；本节点概括为：固定分区分配是操作系统实现资源管理、抽象或协作控制的重要机制。
OS_MEC_049,动态分区分配,Mechanism,操作系统,3.1 内存管理概念,动态分区分配是操作系统实现资源管理、抽象或协作控制的重要机制。,,4,4,王道2027操作系统，3.1 内存管理概念，教材p176,3.1 内存管理概念,176,教材在“3.1 内存管理概念”中出现或讲解“动态分区分配”；本节点概括为：动态分区分配是操作系统实现资源管理、抽象或协作控制的重要机制。
OS_ALG_017,首次适应算法,Algorithm,操作系统,3.1 内存管理概念,首次适应算法是操作系统中用于完成调度、分配、置换或管理决策的算法/策略。,,4,5,王道2027操作系统，3.1 内存管理概念，教材p176,3.1 内存管理概念,176,教材在“3.1 内存管理概念”中出现或讲解“首次适应算法”；本节点概括为：首次适应算法是操作系统中用于完成调度、分配、置换或管理决策的算法/策略。
OS_ALG_018,最佳适应算法,Algorithm,操作系统,3.1 内存管理概念,最佳适应算法是操作系统中用于完成调度、分配、置换或管理决策的算法/策略。,,4,5,王道2027操作系统，3.1 内存管理概念，教材p176,3.1 内存管理概念,176,教材在“3.1 内存管理概念”中出现或讲解“最佳适应算法”；本节点概括为：最佳适应算法是操作系统中用于完成调度、分配、置换或管理决策的算法/策略。
OS_ALG_019,最坏适应算法,Algorithm,操作系统,3.1 内存管理概念,最坏适应算法是操作系统中用于完成调度、分配、置换或管理决策的算法/策略。,,4,5,王道2027操作系统，3.1 内存管理概念，教材p176,3.1 内存管理概念,176,教材在“3.1 内存管理概念”中出现或讲解“最坏适应算法”；本节点概括为：最坏适应算法是操作系统中用于完成调度、分配、置换或管理决策的算法/策略。
OS_ALG_020,邻近适应算法,Algorithm,操作系统,3.1 内存管理概念,邻近适应算法是操作系统中用于完成调度、分配、置换或管理决策的算法/策略。,,4,5,王道2027操作系统，3.1 内存管理概念，教材p176,3.1 内存管理概念,176,教材在“3.1 内存管理概念”中出现或讲解“邻近适应算法”；本节点概括为：邻近适应算法是操作系统中用于完成调度、分配、置换或管理决策的算法/策略。
OS_PROP_019,内部碎片,Property,操作系统,3.1 内存管理概念,内部碎片是操作系统相关对象或机制具有的重要状态、性质或条件。,,3,4,王道2027操作系统，3.1 内存管理概念，教材p176,3.1 内存管理概念,176,教材在“3.1 内存管理概念”中出现或讲解“内部碎片”；本节点概括为：内部碎片是操作系统相关对象或机制具有的重要状态、性质或条件。
OS_PROP_020,外部碎片,Property,操作系统,3.1 内存管理概念,外部碎片是操作系统相关对象或机制具有的重要状态、性质或条件。,,3,4,王道2027操作系统，3.1 内存管理概念，教材p176,3.1 内存管理概念,176,教材在“3.1 内存管理概念”中出现或讲解“外部碎片”；本节点概括为：外部碎片是操作系统相关对象或机制具有的重要状态、性质或条件。
OS_CON_061,紧凑,Concept,操作系统,3.1 内存管理概念,紧凑是操作系统课程中的核心概念，需要结合进程、内存、文件或I/O管理理解。,,3,4,王道2027操作系统，3.1 内存管理概念，教材p176,3.1 内存管理概念,176,教材在“3.1 内存管理概念”中出现或讲解“紧凑”；本节点概括为：紧凑是操作系统课程中的核心概念，需要结合进程、内存、文件或I/O管理理解。
OS_CON_062,基本分页,Concept,操作系统,3.1 内存管理概念,基本分页是操作系统课程中的核心概念，需要结合进程、内存、文件或I/O管理理解。,,3,4,王道2027操作系统，3.1 内存管理概念，教材p176,3.1 内存管理概念,176,教材在“3.1 内存管理概念”中出现或讲解“基本分页”；本节点概括为：基本分页是操作系统课程中的核心概念，需要结合进程、内存、文件或I/O管理理解。
OS_OBJ_010,页,ComputingObject,操作系统,3.1 内存管理概念,页是操作系统管理、调度或抽象的计算资源或系统对象。,,3,4,王道2027操作系统，3.1 内存管理概念，教材p176,3.1 内存管理概念,176,教材在“3.1 内存管理概念”中出现或讲解“页”；本节点概括为：页是操作系统管理、调度或抽象的计算资源或系统对象。
OS_OBJ_011,页框,ComputingObject,操作系统,3.1 内存管理概念,页框是操作系统管理、调度或抽象的计算资源或系统对象。,,3,4,王道2027操作系统，3.1 内存管理概念，教材p176,3.1 内存管理概念,176,教材在“3.1 内存管理概念”中出现或讲解“页框”；本节点概括为：页框是操作系统管理、调度或抽象的计算资源或系统对象。
OS_DST_006,页表,DataStructure,操作系统,3.1 内存管理概念,记录虚拟页到物理页框映射关系的数据结构。,,4,5,王道2027操作系统，3.1 内存管理概念，教材p176,3.1 内存管理概念,176,教材在“3.1 内存管理概念”中出现或讲解“页表”；本节点概括为：记录虚拟页到物理页框映射关系的数据结构。
OS_DST_007,页表项,DataStructure,操作系统,3.1 内存管理概念,页表项是操作系统用于保存状态、索引、映射或管理信息的数据结构。,,4,4,王道2027操作系统，3.1 内存管理概念，教材p176,3.1 内存管理概念,176,教材在“3.1 内存管理概念”中出现或讲解“页表项”；本节点概括为：页表项是操作系统用于保存状态、索引、映射或管理信息的数据结构。
OS_CON_063,快表,Concept,操作系统,3.1 内存管理概念,用于加速地址转换的高速联想存储器，也称TLB。,,3,5,王道2027操作系统，3.1 内存管理概念，教材p176,3.1 内存管理概念,176,教材在“3.1 内存管理概念”中出现或讲解“快表”；本节点概括为：用于加速地址转换的高速联想存储器，也称TLB。
OS_DST_008,两级页表,DataStructure,操作系统,3.1 内存管理概念,两级页表是操作系统用于保存状态、索引、映射或管理信息的数据结构。,,4,4,王道2027操作系统，3.1 内存管理概念，教材p176,3.1 内存管理概念,176,教材在“3.1 内存管理概念”中出现或讲解“两级页表”；本节点概括为：两级页表是操作系统用于保存状态、索引、映射或管理信息的数据结构。
OS_CON_064,基本分段,Concept,操作系统,3.1 内存管理概念,基本分段是操作系统课程中的核心概念，需要结合进程、内存、文件或I/O管理理解。,,3,4,王道2027操作系统，3.1 内存管理概念，教材p176,3.1 内存管理概念,176,教材在“3.1 内存管理概念”中出现或讲解“基本分段”；本节点概括为：基本分段是操作系统课程中的核心概念，需要结合进程、内存、文件或I/O管理理解。
OS_OBJ_012,段,ComputingObject,操作系统,3.1 内存管理概念,段是操作系统管理、调度或抽象的计算资源或系统对象。,,3,4,王道2027操作系统，3.1 内存管理概念，教材p176,3.1 内存管理概念,176,教材在“3.1 内存管理概念”中出现或讲解“段”；本节点概括为：段是操作系统管理、调度或抽象的计算资源或系统对象。
OS_DST_009,段表,DataStructure,操作系统,3.1 内存管理概念,段表是操作系统用于保存状态、索引、映射或管理信息的数据结构。,,4,4,王道2027操作系统，3.1 内存管理概念，教材p176,3.1 内存管理概念,176,教材在“3.1 内存管理概念”中出现或讲解“段表”；本节点概括为：段表是操作系统用于保存状态、索引、映射或管理信息的数据结构。
OS_MEC_050,段页式管理,Mechanism,操作系统,3.1 内存管理概念,段页式管理是操作系统实现资源管理、抽象或协作控制的重要机制。,,4,4,王道2027操作系统，3.1 内存管理概念，教材p176,3.1 内存管理概念,176,教材在“3.1 内存管理概念”中出现或讲解“段页式管理”；本节点概括为：段页式管理是操作系统实现资源管理、抽象或协作控制的重要机制。
OS_PRB_006,地址转换问题,Problem,操作系统,3.1 内存管理概念,地址转换问题是操作系统课程中需要用相应机制或算法解决的典型问题。,,4,5,王道2027操作系统，3.1 内存管理概念，教材p176,3.1 内存管理概念,176,教材在“3.1 内存管理概念”中出现或讲解“地址转换问题”；本节点概括为：地址转换问题是操作系统课程中需要用相应机制或算法解决的典型问题。
OS_PRB_007,内存分配问题,Problem,操作系统,3.1 内存管理概念,内存分配问题是操作系统课程中需要用相应机制或算法解决的典型问题。,,4,5,王道2027操作系统，3.1 内存管理概念，教材p176,3.1 内存管理概念,176,教材在“3.1 内存管理概念”中出现或讲解“内存分配问题”；本节点概括为：内存分配问题是操作系统课程中需要用相应机制或算法解决的典型问题。
OS_CON_065,虚拟内存,Concept,操作系统,3.2 虚拟内存管理,基于局部性原理和外存支持，让程序获得大于物理内存的逻辑地址空间。,,3,5,王道2027操作系统，3.2 虚拟内存管理，教材p212,3.2 虚拟内存管理,212,教材在“3.2 虚拟内存管理”中出现或讲解“虚拟内存”；本节点概括为：基于局部性原理和外存支持，让程序获得大于物理内存的逻辑地址空间。
OS_CON_066,局部性原理,Concept,操作系统,3.2 虚拟内存管理,局部性原理是操作系统课程中的核心概念，需要结合进程、内存、文件或I/O管理理解。,,3,4,王道2027操作系统，3.2 虚拟内存管理，教材p212,3.2 虚拟内存管理,212,教材在“3.2 虚拟内存管理”中出现或讲解“局部性原理”；本节点概括为：局部性原理是操作系统课程中的核心概念，需要结合进程、内存、文件或I/O管理理解。
OS_CON_067,请求分页,Concept,操作系统,3.2 虚拟内存管理,请求分页是操作系统课程中的核心概念，需要结合进程、内存、文件或I/O管理理解。,,3,4,王道2027操作系统，3.2 虚拟内存管理，教材p212,3.2 虚拟内存管理,212,教材在“3.2 虚拟内存管理”中出现或讲解“请求分页”；本节点概括为：请求分页是操作系统课程中的核心概念，需要结合进程、内存、文件或I/O管理理解。
OS_MEC_051,页表机制,Mechanism,操作系统,3.2 虚拟内存管理,页表机制是操作系统实现资源管理、抽象或协作控制的重要机制。,,4,4,王道2027操作系统，3.2 虚拟内存管理，教材p212,3.2 虚拟内存管理,212,教材在“3.2 虚拟内存管理”中出现或讲解“页表机制”；本节点概括为：页表机制是操作系统实现资源管理、抽象或协作控制的重要机制。
OS_MEC_052,缺页中断,Mechanism,操作系统,3.2 虚拟内存管理,访问页面不在内存时由硬件产生并交由操作系统处理的异常。,,4,5,王道2027操作系统，3.2 虚拟内存管理，教材p212,3.2 虚拟内存管理,212,教材在“3.2 虚拟内存管理”中出现或讲解“缺页中断”；本节点概括为：访问页面不在内存时由硬件产生并交由操作系统处理的异常。
OS_CON_068,地址变换机构,Concept,操作系统,3.2 虚拟内存管理,地址变换机构是操作系统课程中的核心概念，需要结合进程、内存、文件或I/O管理理解。,,3,4,王道2027操作系统，3.2 虚拟内存管理，教材p212,3.2 虚拟内存管理,212,教材在“3.2 虚拟内存管理”中出现或讲解“地址变换机构”；本节点概括为：地址变换机构是操作系统课程中的核心概念，需要结合进程、内存、文件或I/O管理理解。
OS_CON_069,页面置换,Concept,操作系统,3.2 虚拟内存管理,内存页框不足时选择某一页面换出以装入新页面的过程。,,3,5,王道2027操作系统，3.2 虚拟内存管理，教材p212,3.2 虚拟内存管理,212,教材在“3.2 虚拟内存管理”中出现或讲解“页面置换”；本节点概括为：内存页框不足时选择某一页面换出以装入新页面的过程。
OS_MEC_053,页框分配,Mechanism,操作系统,3.2 虚拟内存管理,页框分配是操作系统实现资源管理、抽象或协作控制的重要机制。,,4,4,王道2027操作系统，3.2 虚拟内存管理，教材p212,3.2 虚拟内存管理,212,教材在“3.2 虚拟内存管理”中出现或讲解“页框分配”；本节点概括为：页框分配是操作系统实现资源管理、抽象或协作控制的重要机制。
OS_CON_070,驻留集,Concept,操作系统,3.2 虚拟内存管理,驻留集是操作系统课程中的核心概念，需要结合进程、内存、文件或I/O管理理解。,,3,4,王道2027操作系统，3.2 虚拟内存管理，教材p212,3.2 虚拟内存管理,212,教材在“3.2 虚拟内存管理”中出现或讲解“驻留集”；本节点概括为：驻留集是操作系统课程中的核心概念，需要结合进程、内存、文件或I/O管理理解。
OS_MEC_054,固定分配,Mechanism,操作系统,3.2 虚拟内存管理,固定分配是操作系统实现资源管理、抽象或协作控制的重要机制。,,4,4,王道2027操作系统，3.2 虚拟内存管理，教材p212,3.2 虚拟内存管理,212,教材在“3.2 虚拟内存管理”中出现或讲解“固定分配”；本节点概括为：固定分配是操作系统实现资源管理、抽象或协作控制的重要机制。
OS_MEC_055,可变分配,Mechanism,操作系统,3.2 虚拟内存管理,可变分配是操作系统实现资源管理、抽象或协作控制的重要机制。,,4,4,王道2027操作系统，3.2 虚拟内存管理，教材p212,3.2 虚拟内存管理,212,教材在“3.2 虚拟内存管理”中出现或讲解“可变分配”；本节点概括为：可变分配是操作系统实现资源管理、抽象或协作控制的重要机制。
OS_CON_071,局部置换,Concept,操作系统,3.2 虚拟内存管理,局部置换是操作系统课程中的核心概念，需要结合进程、内存、文件或I/O管理理解。,,3,4,王道2027操作系统，3.2 虚拟内存管理，教材p212,3.2 虚拟内存管理,212,教材在“3.2 虚拟内存管理”中出现或讲解“局部置换”；本节点概括为：局部置换是操作系统课程中的核心概念，需要结合进程、内存、文件或I/O管理理解。
OS_CON_072,全局置换,Concept,操作系统,3.2 虚拟内存管理,全局置换是操作系统课程中的核心概念，需要结合进程、内存、文件或I/O管理理解。,,3,4,王道2027操作系统，3.2 虚拟内存管理，教材p212,3.2 虚拟内存管理,212,教材在“3.2 虚拟内存管理”中出现或讲解“全局置换”；本节点概括为：全局置换是操作系统课程中的核心概念，需要结合进程、内存、文件或I/O管理理解。
OS_ALG_021,最佳置换算法,Algorithm,操作系统,3.2 虚拟内存管理,最佳置换算法是操作系统中用于完成调度、分配、置换或管理决策的算法/策略。,,4,5,王道2027操作系统，3.2 虚拟内存管理，教材p212,3.2 虚拟内存管理,212,教材在“3.2 虚拟内存管理”中出现或讲解“最佳置换算法”；本节点概括为：最佳置换算法是操作系统中用于完成调度、分配、置换或管理决策的算法/策略。
OS_ALG_022,先进先出置换算法,Algorithm,操作系统,3.2 虚拟内存管理,先进先出置换算法是操作系统中用于完成调度、分配、置换或管理决策的算法/策略。,,4,5,王道2027操作系统，3.2 虚拟内存管理，教材p212,3.2 虚拟内存管理,212,教材在“3.2 虚拟内存管理”中出现或讲解“先进先出置换算法”；本节点概括为：先进先出置换算法是操作系统中用于完成调度、分配、置换或管理决策的算法/策略。
OS_ALG_023,最近最久未使用置换算法,Algorithm,操作系统,3.2 虚拟内存管理,最近最久未使用置换算法是操作系统中用于完成调度、分配、置换或管理决策的算法/策略。,,4,5,王道2027操作系统，3.2 虚拟内存管理，教材p212,3.2 虚拟内存管理,212,教材在“3.2 虚拟内存管理”中出现或讲解“最近最久未使用置换算法”；本节点概括为：最近最久未使用置换算法是操作系统中用于完成调度、分配、置换或管理决策的算法/策略。
OS_ALG_024,时钟置换算法,Algorithm,操作系统,3.2 虚拟内存管理,时钟置换算法是操作系统中用于完成调度、分配、置换或管理决策的算法/策略。,,4,5,王道2027操作系统，3.2 虚拟内存管理，教材p212,3.2 虚拟内存管理,212,教材在“3.2 虚拟内存管理”中出现或讲解“时钟置换算法”；本节点概括为：时钟置换算法是操作系统中用于完成调度、分配、置换或管理决策的算法/策略。
OS_ALG_025,改进型时钟置换算法,Algorithm,操作系统,3.2 虚拟内存管理,改进型时钟置换算法是操作系统中用于完成调度、分配、置换或管理决策的算法/策略。,,4,5,王道2027操作系统，3.2 虚拟内存管理，教材p212,3.2 虚拟内存管理,212,教材在“3.2 虚拟内存管理”中出现或讲解“改进型时钟置换算法”；本节点概括为：改进型时钟置换算法是操作系统中用于完成调度、分配、置换或管理决策的算法/策略。
OS_CON_073,抖动,Concept,操作系统,3.2 虚拟内存管理,抖动是操作系统课程中的核心概念，需要结合进程、内存、文件或I/O管理理解。,,3,4,王道2027操作系统，3.2 虚拟内存管理，教材p212,3.2 虚拟内存管理,212,教材在“3.2 虚拟内存管理”中出现或讲解“抖动”；本节点概括为：抖动是操作系统课程中的核心概念，需要结合进程、内存、文件或I/O管理理解。
OS_CON_074,工作集,Concept,操作系统,3.2 虚拟内存管理,工作集是操作系统课程中的核心概念，需要结合进程、内存、文件或I/O管理理解。,,3,4,王道2027操作系统，3.2 虚拟内存管理，教材p212,3.2 虚拟内存管理,212,教材在“3.2 虚拟内存管理”中出现或讲解“工作集”；本节点概括为：工作集是操作系统课程中的核心概念，需要结合进程、内存、文件或I/O管理理解。
OS_OPE_007,页框回收,Operation,操作系统,3.2 虚拟内存管理,页框回收是操作系统对进程、文件、设备或内存对象执行的基本操作。,,3,4,王道2027操作系统，3.2 虚拟内存管理，教材p212,3.2 虚拟内存管理,212,教材在“3.2 虚拟内存管理”中出现或讲解“页框回收”；本节点概括为：页框回收是操作系统对进程、文件、设备或内存对象执行的基本操作。
OS_MEC_056,内存映射文件,Mechanism,操作系统,3.2 虚拟内存管理,内存映射文件是操作系统实现资源管理、抽象或协作控制的重要机制。,,4,4,王道2027操作系统，3.2 虚拟内存管理，教材p212,3.2 虚拟内存管理,212,教材在“3.2 虚拟内存管理”中出现或讲解“内存映射文件”；本节点概括为：内存映射文件是操作系统实现资源管理、抽象或协作控制的重要机制。
OS_MET_007,有效访问时间,Metric,操作系统,3.2 虚拟内存管理,有效访问时间是评价操作系统调度、存储或I/O性能的重要指标。,,3,4,王道2027操作系统，3.2 虚拟内存管理，教材p212,3.2 虚拟内存管理,212,教材在“3.2 虚拟内存管理”中出现或讲解“有效访问时间”；本节点概括为：有效访问时间是评价操作系统调度、存储或I/O性能的重要指标。
OS_MET_008,缺页率,Metric,操作系统,3.2 虚拟内存管理,缺页率是评价操作系统调度、存储或I/O性能的重要指标。,,3,4,王道2027操作系统，3.2 虚拟内存管理，教材p212,3.2 虚拟内存管理,212,教材在“3.2 虚拟内存管理”中出现或讲解“缺页率”；本节点概括为：缺页率是评价操作系统调度、存储或I/O性能的重要指标。
OS_PRB_008,页面置换问题,Problem,操作系统,3.2 虚拟内存管理,页面置换问题是操作系统课程中需要用相应机制或算法解决的典型问题。,,4,5,王道2027操作系统，3.2 虚拟内存管理，教材p212,3.2 虚拟内存管理,212,教材在“3.2 虚拟内存管理”中出现或讲解“页面置换问题”；本节点概括为：页面置换问题是操作系统课程中需要用相应机制或算法解决的典型问题。
OS_PRB_009,缺页处理,Problem,操作系统,3.2 虚拟内存管理,缺页处理是操作系统课程中需要用相应机制或算法解决的典型问题。,,4,5,王道2027操作系统，3.2 虚拟内存管理，教材p212,3.2 虚拟内存管理,212,教材在“3.2 虚拟内存管理”中出现或讲解“缺页处理”；本节点概括为：缺页处理是操作系统课程中需要用相应机制或算法解决的典型问题。
OS_OBJ_013,虚拟地址,ComputingObject,操作系统,3.2 虚拟内存管理,虚拟地址是操作系统管理、调度或抽象的计算资源或系统对象。,,3,4,王道2027操作系统，3.2 虚拟内存管理，教材p212,3.2 虚拟内存管理,212,教材在“3.2 虚拟内存管理”中出现或讲解“虚拟地址”；本节点概括为：虚拟地址是操作系统管理、调度或抽象的计算资源或系统对象。
OS_OBJ_014,物理块号,ComputingObject,操作系统,3.2 虚拟内存管理,物理块号是操作系统管理、调度或抽象的计算资源或系统对象。,,3,4,王道2027操作系统，3.2 虚拟内存管理，教材p212,3.2 虚拟内存管理,212,教材在“3.2 虚拟内存管理”中出现或讲解“物理块号”；本节点概括为：物理块号是操作系统管理、调度或抽象的计算资源或系统对象。
OS_OBJ_015,文件,ComputingObject,操作系统,4.1 文件系统基础,具有符号名的一组相关信息集合，是文件系统管理的基本对象。,,3,5,王道2027操作系统，4.1 文件系统基础，教材p251,4.1 文件系统基础,251,教材在“4.1 文件系统基础”中出现或讲解“文件”；本节点概括为：具有符号名的一组相关信息集合，是文件系统管理的基本对象。
OS_CON_075,文件系统,Concept,操作系统,4.1 文件系统基础,文件系统是操作系统课程中的核心概念，需要结合进程、内存、文件或I/O管理理解。,,3,4,王道2027操作系统，4.1 文件系统基础，教材p251,4.1 文件系统基础,251,教材在“4.1 文件系统基础”中出现或讲解“文件系统”；本节点概括为：文件系统是操作系统课程中的核心概念，需要结合进程、内存、文件或I/O管理理解。
OS_CON_076,文件属性,Concept,操作系统,4.1 文件系统基础,文件属性是操作系统课程中的核心概念，需要结合进程、内存、文件或I/O管理理解。,,3,4,王道2027操作系统，4.1 文件系统基础，教材p251,4.1 文件系统基础,251,教材在“4.1 文件系统基础”中出现或讲解“文件属性”；本节点概括为：文件属性是操作系统课程中的核心概念，需要结合进程、内存、文件或I/O管理理解。
OS_DST_010,文件控制块,DataStructure,操作系统,4.1 文件系统基础,文件控制块是操作系统用于保存状态、索引、映射或管理信息的数据结构。,,4,4,王道2027操作系统，4.1 文件系统基础，教材p251,4.1 文件系统基础,251,教材在“4.1 文件系统基础”中出现或讲解“文件控制块”；本节点概括为：文件控制块是操作系统用于保存状态、索引、映射或管理信息的数据结构。
OS_CON_077,文件描述符,Concept,操作系统,4.1 文件系统基础,文件描述符是操作系统课程中的核心概念，需要结合进程、内存、文件或I/O管理理解。,,3,4,王道2027操作系统，4.1 文件系统基础，教材p251,4.1 文件系统基础,251,教材在“4.1 文件系统基础”中出现或讲解“文件描述符”；本节点概括为：文件描述符是操作系统课程中的核心概念，需要结合进程、内存、文件或I/O管理理解。
OS_MOD_010,文件逻辑结构,Model,操作系统,4.1 文件系统基础,文件逻辑结构是操作系统中用于描述结构、映射或组织方式的抽象模型。,,3,4,王道2027操作系统，4.1 文件系统基础，教材p251,4.1 文件系统基础,251,教材在“4.1 文件系统基础”中出现或讲解“文件逻辑结构”；本节点概括为：文件逻辑结构是操作系统中用于描述结构、映射或组织方式的抽象模型。
OS_CON_078,无结构文件,Concept,操作系统,4.1 文件系统基础,无结构文件是操作系统课程中的核心概念，需要结合进程、内存、文件或I/O管理理解。,,3,4,王道2027操作系统，4.1 文件系统基础，教材p251,4.1 文件系统基础,251,教材在“4.1 文件系统基础”中出现或讲解“无结构文件”；本节点概括为：无结构文件是操作系统课程中的核心概念，需要结合进程、内存、文件或I/O管理理解。
OS_CON_079,有结构文件,Concept,操作系统,4.1 文件系统基础,有结构文件是操作系统课程中的核心概念，需要结合进程、内存、文件或I/O管理理解。,,3,4,王道2027操作系统，4.1 文件系统基础，教材p251,4.1 文件系统基础,251,教材在“4.1 文件系统基础”中出现或讲解“有结构文件”；本节点概括为：有结构文件是操作系统课程中的核心概念，需要结合进程、内存、文件或I/O管理理解。
OS_CON_080,顺序文件,Concept,操作系统,4.1 文件系统基础,顺序文件是操作系统课程中的核心概念，需要结合进程、内存、文件或I/O管理理解。,,3,4,王道2027操作系统，4.1 文件系统基础，教材p251,4.1 文件系统基础,251,教材在“4.1 文件系统基础”中出现或讲解“顺序文件”；本节点概括为：顺序文件是操作系统课程中的核心概念，需要结合进程、内存、文件或I/O管理理解。
OS_CON_081,索引文件,Concept,操作系统,4.1 文件系统基础,索引文件是操作系统课程中的核心概念，需要结合进程、内存、文件或I/O管理理解。,,3,4,王道2027操作系统，4.1 文件系统基础，教材p251,4.1 文件系统基础,251,教材在“4.1 文件系统基础”中出现或讲解“索引文件”；本节点概括为：索引文件是操作系统课程中的核心概念，需要结合进程、内存、文件或I/O管理理解。
OS_CON_082,索引顺序文件,Concept,操作系统,4.1 文件系统基础,索引顺序文件是操作系统课程中的核心概念，需要结合进程、内存、文件或I/O管理理解。,,3,4,王道2027操作系统，4.1 文件系统基础，教材p251,4.1 文件系统基础,251,教材在“4.1 文件系统基础”中出现或讲解“索引顺序文件”；本节点概括为：索引顺序文件是操作系统课程中的核心概念，需要结合进程、内存、文件或I/O管理理解。
OS_MOD_011,文件系统结构,Model,操作系统,4.1 文件系统基础,文件系统结构是操作系统中用于描述结构、映射或组织方式的抽象模型。,,3,4,王道2027操作系统，4.1 文件系统基础，教材p251,4.1 文件系统基础,251,教材在“4.1 文件系统基础”中出现或讲解“文件系统结构”；本节点概括为：文件系统结构是操作系统中用于描述结构、映射或组织方式的抽象模型。
OS_OBJ_016,目录,ComputingObject,操作系统,4.2 目录与文件,保存文件名与文件控制信息映射的数据结构。,,3,5,王道2027操作系统，4.2 目录与文件，教材p257,4.2 目录与文件,257,教材在“4.2 目录与文件”中出现或讲解“目录”；本节点概括为：保存文件名与文件控制信息映射的数据结构。
OS_DST_011,目录项,DataStructure,操作系统,4.2 目录与文件,目录项是操作系统用于保存状态、索引、映射或管理信息的数据结构。,,4,4,王道2027操作系统，4.2 目录与文件，教材p257,4.2 目录与文件,257,教材在“4.2 目录与文件”中出现或讲解“目录项”；本节点概括为：目录项是操作系统用于保存状态、索引、映射或管理信息的数据结构。
OS_DST_012,索引节点,DataStructure,操作系统,4.2 目录与文件,UNIX类文件系统中保存文件元数据和地址信息的数据结构。,,4,5,王道2027操作系统，4.2 目录与文件，教材p257,4.2 目录与文件,257,教材在“4.2 目录与文件”中出现或讲解“索引节点”；本节点概括为：UNIX类文件系统中保存文件元数据和地址信息的数据结构。
OS_MOD_012,单级目录结构,Model,操作系统,4.2 目录与文件,单级目录结构是操作系统中用于描述结构、映射或组织方式的抽象模型。,,3,4,王道2027操作系统，4.2 目录与文件，教材p257,4.2 目录与文件,257,教材在“4.2 目录与文件”中出现或讲解“单级目录结构”；本节点概括为：单级目录结构是操作系统中用于描述结构、映射或组织方式的抽象模型。
OS_MOD_013,两级目录结构,Model,操作系统,4.2 目录与文件,两级目录结构是操作系统中用于描述结构、映射或组织方式的抽象模型。,,3,4,王道2027操作系统，4.2 目录与文件，教材p257,4.2 目录与文件,257,教材在“4.2 目录与文件”中出现或讲解“两级目录结构”；本节点概括为：两级目录结构是操作系统中用于描述结构、映射或组织方式的抽象模型。
OS_MOD_014,多级目录结构,Model,操作系统,4.2 目录与文件,多级目录结构是操作系统中用于描述结构、映射或组织方式的抽象模型。,,3,4,王道2027操作系统，4.2 目录与文件，教材p257,4.2 目录与文件,257,教材在“4.2 目录与文件”中出现或讲解“多级目录结构”；本节点概括为：多级目录结构是操作系统中用于描述结构、映射或组织方式的抽象模型。
OS_MOD_015,无环图目录结构,Model,操作系统,4.2 目录与文件,无环图目录结构是操作系统中用于描述结构、映射或组织方式的抽象模型。,,3,4,王道2027操作系统，4.2 目录与文件，教材p257,4.2 目录与文件,257,教材在“4.2 目录与文件”中出现或讲解“无环图目录结构”；本节点概括为：无环图目录结构是操作系统中用于描述结构、映射或组织方式的抽象模型。
OS_OPE_008,目录查询,Operation,操作系统,4.2 目录与文件,目录查询是操作系统对进程、文件、设备或内存对象执行的基本操作。,,3,4,王道2027操作系统，4.2 目录与文件，教材p257,4.2 目录与文件,257,教材在“4.2 目录与文件”中出现或讲解“目录查询”；本节点概括为：目录查询是操作系统对进程、文件、设备或内存对象执行的基本操作。
OS_OPE_009,目录创建,Operation,操作系统,4.2 目录与文件,目录创建是操作系统对进程、文件、设备或内存对象执行的基本操作。,,3,4,王道2027操作系统，4.2 目录与文件，教材p257,4.2 目录与文件,257,教材在“4.2 目录与文件”中出现或讲解“目录创建”；本节点概括为：目录创建是操作系统对进程、文件、设备或内存对象执行的基本操作。
OS_OPE_010,目录删除,Operation,操作系统,4.2 目录与文件,目录删除是操作系统对进程、文件、设备或内存对象执行的基本操作。,,3,4,王道2027操作系统，4.2 目录与文件，教材p257,4.2 目录与文件,257,教材在“4.2 目录与文件”中出现或讲解“目录删除”；本节点概括为：目录删除是操作系统对进程、文件、设备或内存对象执行的基本操作。
OS_MOD_016,文件物理结构,Model,操作系统,4.2 目录与文件,文件物理结构是操作系统中用于描述结构、映射或组织方式的抽象模型。,,3,4,王道2027操作系统，4.2 目录与文件，教材p257,4.2 目录与文件,257,教材在“4.2 目录与文件”中出现或讲解“文件物理结构”；本节点概括为：文件物理结构是操作系统中用于描述结构、映射或组织方式的抽象模型。
OS_MEC_057,文件连续分配,Mechanism,操作系统,4.2 目录与文件,文件连续分配是操作系统实现资源管理、抽象或协作控制的重要机制。,,4,4,王道2027操作系统，4.2 目录与文件，教材p257,4.2 目录与文件,257,教材在“4.2 目录与文件”中出现或讲解“文件连续分配”；本节点概括为：文件连续分配是操作系统实现资源管理、抽象或协作控制的重要机制。
OS_MEC_058,文件链接分配,Mechanism,操作系统,4.2 目录与文件,文件链接分配是操作系统实现资源管理、抽象或协作控制的重要机制。,,4,4,王道2027操作系统，4.2 目录与文件，教材p257,4.2 目录与文件,257,教材在“4.2 目录与文件”中出现或讲解“文件链接分配”；本节点概括为：文件链接分配是操作系统实现资源管理、抽象或协作控制的重要机制。
OS_MEC_059,显式链接,Mechanism,操作系统,4.2 目录与文件,显式链接是操作系统实现资源管理、抽象或协作控制的重要机制。,,4,4,王道2027操作系统，4.2 目录与文件，教材p257,4.2 目录与文件,257,教材在“4.2 目录与文件”中出现或讲解“显式链接”；本节点概括为：显式链接是操作系统实现资源管理、抽象或协作控制的重要机制。
OS_MEC_060,隐式链接,Mechanism,操作系统,4.2 目录与文件,隐式链接是操作系统实现资源管理、抽象或协作控制的重要机制。,,4,4,王道2027操作系统，4.2 目录与文件，教材p257,4.2 目录与文件,257,教材在“4.2 目录与文件”中出现或讲解“隐式链接”；本节点概括为：隐式链接是操作系统实现资源管理、抽象或协作控制的重要机制。
OS_MEC_061,文件索引分配,Mechanism,操作系统,4.2 目录与文件,文件索引分配是操作系统实现资源管理、抽象或协作控制的重要机制。,,4,4,王道2027操作系统，4.2 目录与文件，教材p257,4.2 目录与文件,257,教材在“4.2 目录与文件”中出现或讲解“文件索引分配”；本节点概括为：文件索引分配是操作系统实现资源管理、抽象或协作控制的重要机制。
OS_MEC_062,混合索引分配,Mechanism,操作系统,4.2 目录与文件,混合索引分配是操作系统实现资源管理、抽象或协作控制的重要机制。,,4,4,王道2027操作系统，4.2 目录与文件，教材p257,4.2 目录与文件,257,教材在“4.2 目录与文件”中出现或讲解“混合索引分配”；本节点概括为：混合索引分配是操作系统实现资源管理、抽象或协作控制的重要机制。
OS_CON_083,文件操作,Concept,操作系统,4.2 目录与文件,文件操作是操作系统课程中的核心概念，需要结合进程、内存、文件或I/O管理理解。,,3,4,王道2027操作系统，4.2 目录与文件，教材p257,4.2 目录与文件,257,教材在“4.2 目录与文件”中出现或讲解“文件操作”；本节点概括为：文件操作是操作系统课程中的核心概念，需要结合进程、内存、文件或I/O管理理解。
OS_OPE_011,创建文件,Operation,操作系统,4.2 目录与文件,创建文件是操作系统对进程、文件、设备或内存对象执行的基本操作。,,3,4,王道2027操作系统，4.2 目录与文件，教材p257,4.2 目录与文件,257,教材在“4.2 目录与文件”中出现或讲解“创建文件”；本节点概括为：创建文件是操作系统对进程、文件、设备或内存对象执行的基本操作。
OS_OPE_012,打开文件,Operation,操作系统,4.2 目录与文件,打开文件是操作系统对进程、文件、设备或内存对象执行的基本操作。,,3,4,王道2027操作系统，4.2 目录与文件，教材p257,4.2 目录与文件,257,教材在“4.2 目录与文件”中出现或讲解“打开文件”；本节点概括为：打开文件是操作系统对进程、文件、设备或内存对象执行的基本操作。
OS_OPE_013,读文件,Operation,操作系统,4.2 目录与文件,读文件是操作系统对进程、文件、设备或内存对象执行的基本操作。,,3,4,王道2027操作系统，4.2 目录与文件，教材p257,4.2 目录与文件,257,教材在“4.2 目录与文件”中出现或讲解“读文件”；本节点概括为：读文件是操作系统对进程、文件、设备或内存对象执行的基本操作。
OS_OPE_014,写文件,Operation,操作系统,4.2 目录与文件,写文件是操作系统对进程、文件、设备或内存对象执行的基本操作。,,3,4,王道2027操作系统，4.2 目录与文件，教材p257,4.2 目录与文件,257,教材在“4.2 目录与文件”中出现或讲解“写文件”；本节点概括为：写文件是操作系统对进程、文件、设备或内存对象执行的基本操作。
OS_OPE_015,关闭文件,Operation,操作系统,4.2 目录与文件,关闭文件是操作系统对进程、文件、设备或内存对象执行的基本操作。,,3,4,王道2027操作系统，4.2 目录与文件，教材p257,4.2 目录与文件,257,教材在“4.2 目录与文件”中出现或讲解“关闭文件”；本节点概括为：关闭文件是操作系统对进程、文件、设备或内存对象执行的基本操作。
OS_OPE_016,删除文件,Operation,操作系统,4.2 目录与文件,删除文件是操作系统对进程、文件、设备或内存对象执行的基本操作。,,3,4,王道2027操作系统，4.2 目录与文件，教材p257,4.2 目录与文件,257,教材在“4.2 目录与文件”中出现或讲解“删除文件”；本节点概括为：删除文件是操作系统对进程、文件、设备或内存对象执行的基本操作。
OS_MEC_063,文件共享,Mechanism,操作系统,4.2 目录与文件,文件共享是操作系统实现资源管理、抽象或协作控制的重要机制。,,4,4,王道2027操作系统，4.2 目录与文件，教材p257,4.2 目录与文件,257,教材在“4.2 目录与文件”中出现或讲解“文件共享”；本节点概括为：文件共享是操作系统实现资源管理、抽象或协作控制的重要机制。
OS_MEC_064,硬链接,Mechanism,操作系统,4.2 目录与文件,硬链接是操作系统实现资源管理、抽象或协作控制的重要机制。,,4,4,王道2027操作系统，4.2 目录与文件，教材p257,4.2 目录与文件,257,教材在“4.2 目录与文件”中出现或讲解“硬链接”；本节点概括为：硬链接是操作系统实现资源管理、抽象或协作控制的重要机制。
OS_MEC_065,软链接,Mechanism,操作系统,4.2 目录与文件,软链接是操作系统实现资源管理、抽象或协作控制的重要机制。,,4,4,王道2027操作系统，4.2 目录与文件，教材p257,4.2 目录与文件,257,教材在“4.2 目录与文件”中出现或讲解“软链接”；本节点概括为：软链接是操作系统实现资源管理、抽象或协作控制的重要机制。
OS_MEC_066,文件保护,Mechanism,操作系统,4.2 目录与文件,文件保护是操作系统实现资源管理、抽象或协作控制的重要机制。,,4,4,王道2027操作系统，4.2 目录与文件，教材p257,4.2 目录与文件,257,教材在“4.2 目录与文件”中出现或讲解“文件保护”；本节点概括为：文件保护是操作系统实现资源管理、抽象或协作控制的重要机制。
OS_DST_013,访问控制矩阵,DataStructure,操作系统,4.2 目录与文件,访问控制矩阵是操作系统用于保存状态、索引、映射或管理信息的数据结构。,,4,4,王道2027操作系统，4.2 目录与文件，教材p257,4.2 目录与文件,257,教材在“4.2 目录与文件”中出现或讲解“访问控制矩阵”；本节点概括为：访问控制矩阵是操作系统用于保存状态、索引、映射或管理信息的数据结构。
OS_DST_014,访问控制表,DataStructure,操作系统,4.2 目录与文件,访问控制表是操作系统用于保存状态、索引、映射或管理信息的数据结构。,,4,4,王道2027操作系统，4.2 目录与文件，教材p257,4.2 目录与文件,257,教材在“4.2 目录与文件”中出现或讲解“访问控制表”；本节点概括为：访问控制表是操作系统用于保存状态、索引、映射或管理信息的数据结构。
OS_MEC_067,口令保护,Mechanism,操作系统,4.2 目录与文件,口令保护是操作系统实现资源管理、抽象或协作控制的重要机制。,,4,4,王道2027操作系统，4.2 目录与文件，教材p257,4.2 目录与文件,257,教材在“4.2 目录与文件”中出现或讲解“口令保护”；本节点概括为：口令保护是操作系统实现资源管理、抽象或协作控制的重要机制。
OS_MEC_068,加密保护,Mechanism,操作系统,4.2 目录与文件,加密保护是操作系统实现资源管理、抽象或协作控制的重要机制。,,4,4,王道2027操作系统，4.2 目录与文件，教材p257,4.2 目录与文件,257,教材在“4.2 目录与文件”中出现或讲解“加密保护”；本节点概括为：加密保护是操作系统实现资源管理、抽象或协作控制的重要机制。
OS_PRB_010,文件分配问题,Problem,操作系统,4.2 目录与文件,文件分配问题是操作系统课程中需要用相应机制或算法解决的典型问题。,,4,5,王道2027操作系统，4.2 目录与文件，教材p257,4.2 目录与文件,257,教材在“4.2 目录与文件”中出现或讲解“文件分配问题”；本节点概括为：文件分配问题是操作系统课程中需要用相应机制或算法解决的典型问题。
OS_CON_084,文件系统布局,Concept,操作系统,4.3 文件系统,文件系统布局是操作系统课程中的核心概念，需要结合进程、内存、文件或I/O管理理解。,,3,4,王道2027操作系统，4.3 文件系统，教材p294,4.3 文件系统,294,教材在“4.3 文件系统”中出现或讲解“文件系统布局”；本节点概括为：文件系统布局是操作系统课程中的核心概念，需要结合进程、内存、文件或I/O管理理解。
OS_MEC_069,引导控制块,Mechanism,操作系统,4.3 文件系统,引导控制块是操作系统实现资源管理、抽象或协作控制的重要机制。,,4,4,王道2027操作系统，4.3 文件系统，教材p294,4.3 文件系统,294,教材在“4.3 文件系统”中出现或讲解“引导控制块”；本节点概括为：引导控制块是操作系统实现资源管理、抽象或协作控制的重要机制。
OS_MEC_070,卷控制块,Mechanism,操作系统,4.3 文件系统,卷控制块是操作系统实现资源管理、抽象或协作控制的重要机制。,,4,4,王道2027操作系统，4.3 文件系统，教材p294,4.3 文件系统,294,教材在“4.3 文件系统”中出现或讲解“卷控制块”；本节点概括为：卷控制块是操作系统实现资源管理、抽象或协作控制的重要机制。
OS_CON_085,目录区,Concept,操作系统,4.3 文件系统,目录区是操作系统课程中的核心概念，需要结合进程、内存、文件或I/O管理理解。,,3,4,王道2027操作系统，4.3 文件系统，教材p294,4.3 文件系统,294,教材在“4.3 文件系统”中出现或讲解“目录区”；本节点概括为：目录区是操作系统课程中的核心概念，需要结合进程、内存、文件或I/O管理理解。
OS_CON_086,文件区,Concept,操作系统,4.3 文件系统,文件区是操作系统课程中的核心概念，需要结合进程、内存、文件或I/O管理理解。,,3,4,王道2027操作系统，4.3 文件系统，教材p294,4.3 文件系统,294,教材在“4.3 文件系统”中出现或讲解“文件区”；本节点概括为：文件区是操作系统课程中的核心概念，需要结合进程、内存、文件或I/O管理理解。
OS_CON_087,空闲表法,Concept,操作系统,4.3 文件系统,空闲表法是操作系统课程中的核心概念，需要结合进程、内存、文件或I/O管理理解。,,3,4,王道2027操作系统，4.3 文件系统，教材p294,4.3 文件系统,294,教材在“4.3 文件系统”中出现或讲解“空闲表法”；本节点概括为：空闲表法是操作系统课程中的核心概念，需要结合进程、内存、文件或I/O管理理解。
OS_CON_088,空闲链表法,Concept,操作系统,4.3 文件系统,空闲链表法是操作系统课程中的核心概念，需要结合进程、内存、文件或I/O管理理解。,,3,4,王道2027操作系统，4.3 文件系统，教材p294,4.3 文件系统,294,教材在“4.3 文件系统”中出现或讲解“空闲链表法”；本节点概括为：空闲链表法是操作系统课程中的核心概念，需要结合进程、内存、文件或I/O管理理解。
OS_DST_015,位示图法,DataStructure,操作系统,4.3 文件系统,位示图法是操作系统用于保存状态、索引、映射或管理信息的数据结构。,,4,4,王道2027操作系统，4.3 文件系统，教材p294,4.3 文件系统,294,教材在“4.3 文件系统”中出现或讲解“位示图法”；本节点概括为：位示图法是操作系统用于保存状态、索引、映射或管理信息的数据结构。
OS_MEC_071,成组链接法,Mechanism,操作系统,4.3 文件系统,成组链接法是操作系统实现资源管理、抽象或协作控制的重要机制。,,4,4,王道2027操作系统，4.3 文件系统，教材p294,4.3 文件系统,294,教材在“4.3 文件系统”中出现或讲解“成组链接法”；本节点概括为：成组链接法是操作系统实现资源管理、抽象或协作控制的重要机制。
OS_CON_089,虚拟文件系统,Concept,操作系统,4.3 文件系统,为不同具体文件系统提供统一接口和抽象层的机制。,,3,5,王道2027操作系统，4.3 文件系统，教材p294,4.3 文件系统,294,教材在“4.3 文件系统”中出现或讲解“虚拟文件系统”；本节点概括为：为不同具体文件系统提供统一接口和抽象层的机制。
OS_CON_090,文件系统挂载,Concept,操作系统,4.3 文件系统,文件系统挂载是操作系统课程中的核心概念，需要结合进程、内存、文件或I/O管理理解。,,3,4,王道2027操作系统，4.3 文件系统，教材p294,4.3 文件系统,294,教材在“4.3 文件系统”中出现或讲解“文件系统挂载”；本节点概括为：文件系统挂载是操作系统课程中的核心概念，需要结合进程、内存、文件或I/O管理理解。
OS_PRB_011,外存空闲空间管理问题,Problem,操作系统,4.3 文件系统,外存空闲空间管理问题是操作系统课程中需要用相应机制或算法解决的典型问题。,,4,5,王道2027操作系统，4.3 文件系统，教材p294,4.3 文件系统,294,教材在“4.3 文件系统”中出现或讲解“外存空闲空间管理问题”；本节点概括为：外存空闲空间管理问题是操作系统课程中需要用相应机制或算法解决的典型问题。
OS_OBJ_017,I/O设备,ComputingObject,操作系统,5.1 I/O管理概述,I/O设备是操作系统管理、调度或抽象的计算资源或系统对象。,,3,4,王道2027操作系统，5.1 I/O管理概述，教材p305,5.1 I/O管理概述,305,教材在“5.1 I/O管理概述”中出现或讲解“I/O设备”；本节点概括为：I/O设备是操作系统管理、调度或抽象的计算资源或系统对象。
OS_OBJ_018,块设备,ComputingObject,操作系统,5.1 I/O管理概述,块设备是操作系统管理、调度或抽象的计算资源或系统对象。,,3,4,王道2027操作系统，5.1 I/O管理概述，教材p305,5.1 I/O管理概述,305,教材在“5.1 I/O管理概述”中出现或讲解“块设备”；本节点概括为：块设备是操作系统管理、调度或抽象的计算资源或系统对象。
OS_OBJ_019,字符设备,ComputingObject,操作系统,5.1 I/O管理概述,字符设备是操作系统管理、调度或抽象的计算资源或系统对象。,,3,4,王道2027操作系统，5.1 I/O管理概述，教材p305,5.1 I/O管理概述,305,教材在“5.1 I/O管理概述”中出现或讲解“字符设备”；本节点概括为：字符设备是操作系统管理、调度或抽象的计算资源或系统对象。
OS_OBJ_020,设备控制器,ComputingObject,操作系统,5.1 I/O管理概述,设备控制器是操作系统管理、调度或抽象的计算资源或系统对象。,,3,4,王道2027操作系统，5.1 I/O管理概述，教材p305,5.1 I/O管理概述,305,教材在“5.1 I/O管理概述”中出现或讲解“设备控制器”；本节点概括为：设备控制器是操作系统管理、调度或抽象的计算资源或系统对象。
OS_OBJ_021,I/O控制器,ComputingObject,操作系统,5.1 I/O管理概述,I/O控制器是操作系统管理、调度或抽象的计算资源或系统对象。,,3,4,王道2027操作系统，5.1 I/O管理概述，教材p305,5.1 I/O管理概述,305,教材在“5.1 I/O管理概述”中出现或讲解“I/O控制器”；本节点概括为：I/O控制器是操作系统管理、调度或抽象的计算资源或系统对象。
OS_CON_091,I/O端口,Concept,操作系统,5.1 I/O管理概述,I/O端口是操作系统课程中的核心概念，需要结合进程、内存、文件或I/O管理理解。,,3,4,王道2027操作系统，5.1 I/O管理概述，教材p305,5.1 I/O管理概述,305,教材在“5.1 I/O管理概述”中出现或讲解“I/O端口”；本节点概括为：I/O端口是操作系统课程中的核心概念，需要结合进程、内存、文件或I/O管理理解。
OS_MEC_072,I/O控制方式,Mechanism,操作系统,5.1 I/O管理概述,CPU、内存与I/O设备之间完成数据传输的控制方式。,,4,5,王道2027操作系统，5.1 I/O管理概述，教材p305,5.1 I/O管理概述,305,教材在“5.1 I/O管理概述”中出现或讲解“I/O控制方式”；本节点概括为：CPU、内存与I/O设备之间完成数据传输的控制方式。
OS_MEC_073,程序直接控制方式,Mechanism,操作系统,5.1 I/O管理概述,程序直接控制方式是操作系统实现资源管理、抽象或协作控制的重要机制。,,4,4,王道2027操作系统，5.1 I/O管理概述，教材p305,5.1 I/O管理概述,305,教材在“5.1 I/O管理概述”中出现或讲解“程序直接控制方式”；本节点概括为：程序直接控制方式是操作系统实现资源管理、抽象或协作控制的重要机制。
OS_MEC_074,中断驱动方式,Mechanism,操作系统,5.1 I/O管理概述,中断驱动方式是操作系统实现资源管理、抽象或协作控制的重要机制。,,4,4,王道2027操作系统，5.1 I/O管理概述，教材p305,5.1 I/O管理概述,305,教材在“5.1 I/O管理概述”中出现或讲解“中断驱动方式”；本节点概括为：中断驱动方式是操作系统实现资源管理、抽象或协作控制的重要机制。
OS_MEC_075,DMA方式,Mechanism,操作系统,5.1 I/O管理概述,由DMA控制器直接在内存与设备之间传输数据，减少CPU干预的I/O方式。,,4,5,王道2027操作系统，5.1 I/O管理概述，教材p305,5.1 I/O管理概述,305,教材在“5.1 I/O管理概述”中出现或讲解“DMA方式”；本节点概括为：由DMA控制器直接在内存与设备之间传输数据，减少CPU干预的I/O方式。
OS_MEC_076,通道控制方式,Mechanism,操作系统,5.1 I/O管理概述,通道控制方式是操作系统实现资源管理、抽象或协作控制的重要机制。,,4,4,王道2027操作系统，5.1 I/O管理概述，教材p305,5.1 I/O管理概述,305,教材在“5.1 I/O管理概述”中出现或讲解“通道控制方式”；本节点概括为：通道控制方式是操作系统实现资源管理、抽象或协作控制的重要机制。
OS_MOD_017,I/O软件层次结构,Model,操作系统,5.1 I/O管理概述,I/O软件层次结构是操作系统中用于描述结构、映射或组织方式的抽象模型。,,3,4,王道2027操作系统，5.1 I/O管理概述，教材p305,5.1 I/O管理概述,305,教材在“5.1 I/O管理概述”中出现或讲解“I/O软件层次结构”；本节点概括为：I/O软件层次结构是操作系统中用于描述结构、映射或组织方式的抽象模型。
OS_CON_092,用户层软件,Concept,操作系统,5.1 I/O管理概述,用户层软件是操作系统课程中的核心概念，需要结合进程、内存、文件或I/O管理理解。,,3,4,王道2027操作系统，5.1 I/O管理概述，教材p305,5.1 I/O管理概述,305,教材在“5.1 I/O管理概述”中出现或讲解“用户层软件”；本节点概括为：用户层软件是操作系统课程中的核心概念，需要结合进程、内存、文件或I/O管理理解。
OS_CON_093,设备独立性软件,Concept,操作系统,5.1 I/O管理概述,设备独立性软件是操作系统课程中的核心概念，需要结合进程、内存、文件或I/O管理理解。,,3,4,王道2027操作系统，5.1 I/O管理概述，教材p305,5.1 I/O管理概述,305,教材在“5.1 I/O管理概述”中出现或讲解“设备独立性软件”；本节点概括为：设备独立性软件是操作系统课程中的核心概念，需要结合进程、内存、文件或I/O管理理解。
OS_CON_094,设备驱动程序,Concept,操作系统,5.1 I/O管理概述,设备驱动程序是操作系统课程中的核心概念，需要结合进程、内存、文件或I/O管理理解。,,3,4,王道2027操作系统，5.1 I/O管理概述，教材p305,5.1 I/O管理概述,305,教材在“5.1 I/O管理概述”中出现或讲解“设备驱动程序”；本节点概括为：设备驱动程序是操作系统课程中的核心概念，需要结合进程、内存、文件或I/O管理理解。
OS_MEC_077,中断处理程序,Mechanism,操作系统,5.1 I/O管理概述,中断处理程序是操作系统实现资源管理、抽象或协作控制的重要机制。,,4,4,王道2027操作系统，5.1 I/O管理概述，教材p305,5.1 I/O管理概述,305,教材在“5.1 I/O管理概述”中出现或讲解“中断处理程序”；本节点概括为：中断处理程序是操作系统实现资源管理、抽象或协作控制的重要机制。
OS_CON_095,应用程序I/O接口,Concept,操作系统,5.1 I/O管理概述,应用程序I/O接口是操作系统课程中的核心概念，需要结合进程、内存、文件或I/O管理理解。,,3,4,王道2027操作系统，5.1 I/O管理概述，教材p305,5.1 I/O管理概述,305,教材在“5.1 I/O管理概述”中出现或讲解“应用程序I/O接口”；本节点概括为：应用程序I/O接口是操作系统课程中的核心概念，需要结合进程、内存、文件或I/O管理理解。
OS_PRB_012,设备速度不匹配问题,Problem,操作系统,5.1 I/O管理概述,设备速度不匹配问题是操作系统课程中需要用相应机制或算法解决的典型问题。,,4,5,王道2027操作系统，5.1 I/O管理概述，教材p305,5.1 I/O管理概述,305,教材在“5.1 I/O管理概述”中出现或讲解“设备速度不匹配问题”；本节点概括为：设备速度不匹配问题是操作系统课程中需要用相应机制或算法解决的典型问题。
OS_CON_096,设备独立性,Concept,操作系统,5.2 设备独立性软件,设备独立性是操作系统课程中的核心概念，需要结合进程、内存、文件或I/O管理理解。,,3,4,王道2027操作系统，5.2 设备独立性软件，教材p320,5.2 设备独立性软件,320,教材在“5.2 设备独立性软件”中出现或讲解“设备独立性”；本节点概括为：设备独立性是操作系统课程中的核心概念，需要结合进程、内存、文件或I/O管理理解。
OS_OBJ_022,逻辑设备名,ComputingObject,操作系统,5.2 设备独立性软件,逻辑设备名是操作系统管理、调度或抽象的计算资源或系统对象。,,3,4,王道2027操作系统，5.2 设备独立性软件，教材p320,5.2 设备独立性软件,320,教材在“5.2 设备独立性软件”中出现或讲解“逻辑设备名”；本节点概括为：逻辑设备名是操作系统管理、调度或抽象的计算资源或系统对象。
OS_OBJ_023,物理设备名,ComputingObject,操作系统,5.2 设备独立性软件,物理设备名是操作系统管理、调度或抽象的计算资源或系统对象。,,3,4,王道2027操作系统，5.2 设备独立性软件，教材p320,5.2 设备独立性软件,320,教材在“5.2 设备独立性软件”中出现或讲解“物理设备名”；本节点概括为：物理设备名是操作系统管理、调度或抽象的计算资源或系统对象。
OS_OPE_017,设备分配,Operation,操作系统,5.2 设备独立性软件,设备分配是操作系统对进程、文件、设备或内存对象执行的基本操作。,,3,4,王道2027操作系统，5.2 设备独立性软件，教材p320,5.2 设备独立性软件,320,教材在“5.2 设备独立性软件”中出现或讲解“设备分配”；本节点概括为：设备分配是操作系统对进程、文件、设备或内存对象执行的基本操作。
OS_OPE_018,设备回收,Operation,操作系统,5.2 设备独立性软件,设备回收是操作系统对进程、文件、设备或内存对象执行的基本操作。,,3,4,王道2027操作系统，5.2 设备独立性软件，教材p320,5.2 设备独立性软件,320,教材在“5.2 设备独立性软件”中出现或讲解“设备回收”；本节点概括为：设备回收是操作系统对进程、文件、设备或内存对象执行的基本操作。
OS_DST_016,设备分配表,DataStructure,操作系统,5.2 设备独立性软件,设备分配表是操作系统用于保存状态、索引、映射或管理信息的数据结构。,,4,4,王道2027操作系统，5.2 设备独立性软件，教材p320,5.2 设备独立性软件,320,教材在“5.2 设备独立性软件”中出现或讲解“设备分配表”；本节点概括为：设备分配表是操作系统用于保存状态、索引、映射或管理信息的数据结构。
OS_DST_017,控制器控制表,DataStructure,操作系统,5.2 设备独立性软件,控制器控制表是操作系统用于保存状态、索引、映射或管理信息的数据结构。,,4,4,王道2027操作系统，5.2 设备独立性软件，教材p320,5.2 设备独立性软件,320,教材在“5.2 设备独立性软件”中出现或讲解“控制器控制表”；本节点概括为：控制器控制表是操作系统用于保存状态、索引、映射或管理信息的数据结构。
OS_DST_018,通道控制表,DataStructure,操作系统,5.2 设备独立性软件,通道控制表是操作系统用于保存状态、索引、映射或管理信息的数据结构。,,4,4,王道2027操作系统，5.2 设备独立性软件，教材p320,5.2 设备独立性软件,320,教材在“5.2 设备独立性软件”中出现或讲解“通道控制表”；本节点概括为：通道控制表是操作系统用于保存状态、索引、映射或管理信息的数据结构。
OS_DST_019,系统设备表,DataStructure,操作系统,5.2 设备独立性软件,系统设备表是操作系统用于保存状态、索引、映射或管理信息的数据结构。,,4,4,王道2027操作系统，5.2 设备独立性软件，教材p320,5.2 设备独立性软件,320,教材在“5.2 设备独立性软件”中出现或讲解“系统设备表”；本节点概括为：系统设备表是操作系统用于保存状态、索引、映射或管理信息的数据结构。
OS_OBJ_024,缓冲区,ComputingObject,操作系统,5.2 设备独立性软件,缓冲区是操作系统管理、调度或抽象的计算资源或系统对象。,,3,4,王道2027操作系统，5.2 设备独立性软件，教材p320,5.2 设备独立性软件,320,教材在“5.2 设备独立性软件”中出现或讲解“缓冲区”；本节点概括为：缓冲区是操作系统管理、调度或抽象的计算资源或系统对象。
OS_MEC_078,单缓冲,Mechanism,操作系统,5.2 设备独立性软件,单缓冲是操作系统实现资源管理、抽象或协作控制的重要机制。,,4,4,王道2027操作系统，5.2 设备独立性软件，教材p320,5.2 设备独立性软件,320,教材在“5.2 设备独立性软件”中出现或讲解“单缓冲”；本节点概括为：单缓冲是操作系统实现资源管理、抽象或协作控制的重要机制。
OS_MEC_079,双缓冲,Mechanism,操作系统,5.2 设备独立性软件,双缓冲是操作系统实现资源管理、抽象或协作控制的重要机制。,,4,4,王道2027操作系统，5.2 设备独立性软件，教材p320,5.2 设备独立性软件,320,教材在“5.2 设备独立性软件”中出现或讲解“双缓冲”；本节点概括为：双缓冲是操作系统实现资源管理、抽象或协作控制的重要机制。
OS_MEC_080,循环缓冲,Mechanism,操作系统,5.2 设备独立性软件,循环缓冲是操作系统实现资源管理、抽象或协作控制的重要机制。,,4,4,王道2027操作系统，5.2 设备独立性软件，教材p320,5.2 设备独立性软件,320,教材在“5.2 设备独立性软件”中出现或讲解“循环缓冲”；本节点概括为：循环缓冲是操作系统实现资源管理、抽象或协作控制的重要机制。
OS_MEC_081,缓冲池,Mechanism,操作系统,5.2 设备独立性软件,缓冲池是操作系统实现资源管理、抽象或协作控制的重要机制。,,4,4,王道2027操作系统，5.2 设备独立性软件，教材p320,5.2 设备独立性软件,320,教材在“5.2 设备独立性软件”中出现或讲解“缓冲池”；本节点概括为：缓冲池是操作系统实现资源管理、抽象或协作控制的重要机制。
OS_MEC_082,高速缓存,Mechanism,操作系统,5.2 设备独立性软件,高速缓存是操作系统实现资源管理、抽象或协作控制的重要机制。,,4,4,王道2027操作系统，5.2 设备独立性软件，教材p320,5.2 设备独立性软件,320,教材在“5.2 设备独立性软件”中出现或讲解“高速缓存”；本节点概括为：高速缓存是操作系统实现资源管理、抽象或协作控制的重要机制。
OS_MEC_083,SPOOLing技术,Mechanism,操作系统,5.2 设备独立性软件,用磁盘作为输入井和输出井，把独占设备改造为可共享虚拟设备的技术。,,4,5,王道2027操作系统，5.2 设备独立性软件，教材p320,5.2 设备独立性软件,320,教材在“5.2 设备独立性软件”中出现或讲解“SPOOLing技术”；本节点概括为：用磁盘作为输入井和输出井，把独占设备改造为可共享虚拟设备的技术。
OS_OBJ_025,输入井,ComputingObject,操作系统,5.2 设备独立性软件,输入井是操作系统管理、调度或抽象的计算资源或系统对象。,,3,4,王道2027操作系统，5.2 设备独立性软件，教材p320,5.2 设备独立性软件,320,教材在“5.2 设备独立性软件”中出现或讲解“输入井”；本节点概括为：输入井是操作系统管理、调度或抽象的计算资源或系统对象。
OS_OBJ_026,输出井,ComputingObject,操作系统,5.2 设备独立性软件,输出井是操作系统管理、调度或抽象的计算资源或系统对象。,,3,4,王道2027操作系统，5.2 设备独立性软件，教材p320,5.2 设备独立性软件,320,教材在“5.2 设备独立性软件”中出现或讲解“输出井”；本节点概括为：输出井是操作系统管理、调度或抽象的计算资源或系统对象。
OS_MEC_084,井管理程序,Mechanism,操作系统,5.2 设备独立性软件,井管理程序是操作系统实现资源管理、抽象或协作控制的重要机制。,,4,4,王道2027操作系统，5.2 设备独立性软件，教材p320,5.2 设备独立性软件,320,教材在“5.2 设备独立性软件”中出现或讲解“井管理程序”；本节点概括为：井管理程序是操作系统实现资源管理、抽象或协作控制的重要机制。
OS_OBJ_027,独占设备,ComputingObject,操作系统,5.2 设备独立性软件,独占设备是操作系统管理、调度或抽象的计算资源或系统对象。,,3,4,王道2027操作系统，5.2 设备独立性软件，教材p320,5.2 设备独立性软件,320,教材在“5.2 设备独立性软件”中出现或讲解“独占设备”；本节点概括为：独占设备是操作系统管理、调度或抽象的计算资源或系统对象。
OS_OBJ_028,共享设备,ComputingObject,操作系统,5.2 设备独立性软件,共享设备是操作系统管理、调度或抽象的计算资源或系统对象。,,3,4,王道2027操作系统，5.2 设备独立性软件，教材p320,5.2 设备独立性软件,320,教材在“5.2 设备独立性软件”中出现或讲解“共享设备”；本节点概括为：共享设备是操作系统管理、调度或抽象的计算资源或系统对象。
OS_CON_097,设备驱动程序接口,Concept,操作系统,5.2 设备独立性软件,设备驱动程序接口是操作系统课程中的核心概念，需要结合进程、内存、文件或I/O管理理解。,,3,4,王道2027操作系统，5.2 设备独立性软件，教材p320,5.2 设备独立性软件,320,教材在“5.2 设备独立性软件”中出现或讲解“设备驱动程序接口”；本节点概括为：设备驱动程序接口是操作系统课程中的核心概念，需要结合进程、内存、文件或I/O管理理解。
OS_PRB_013,I/O设备分配问题,Problem,操作系统,5.2 设备独立性软件,I/O设备分配问题是操作系统课程中需要用相应机制或算法解决的典型问题。,,4,5,王道2027操作系统，5.2 设备独立性软件，教材p320,5.2 设备独立性软件,320,教材在“5.2 设备独立性软件”中出现或讲解“I/O设备分配问题”；本节点概括为：I/O设备分配问题是操作系统课程中需要用相应机制或算法解决的典型问题。
OS_OBJ_029,磁盘,ComputingObject,操作系统,5.3 磁盘和固态硬盘,磁盘是操作系统管理、调度或抽象的计算资源或系统对象。,,3,4,王道2027操作系统，5.3 磁盘和固态硬盘，教材p340,5.3 磁盘和固态硬盘,340,教材在“5.3 磁盘和固态硬盘”中出现或讲解“磁盘”；本节点概括为：磁盘是操作系统管理、调度或抽象的计算资源或系统对象。
OS_OBJ_030,磁道,ComputingObject,操作系统,5.3 磁盘和固态硬盘,磁道是操作系统管理、调度或抽象的计算资源或系统对象。,,3,4,王道2027操作系统，5.3 磁盘和固态硬盘，教材p340,5.3 磁盘和固态硬盘,340,教材在“5.3 磁盘和固态硬盘”中出现或讲解“磁道”；本节点概括为：磁道是操作系统管理、调度或抽象的计算资源或系统对象。
OS_OBJ_031,扇区,ComputingObject,操作系统,5.3 磁盘和固态硬盘,扇区是操作系统管理、调度或抽象的计算资源或系统对象。,,3,4,王道2027操作系统，5.3 磁盘和固态硬盘，教材p340,5.3 磁盘和固态硬盘,340,教材在“5.3 磁盘和固态硬盘”中出现或讲解“扇区”；本节点概括为：扇区是操作系统管理、调度或抽象的计算资源或系统对象。
OS_OBJ_032,柱面,ComputingObject,操作系统,5.3 磁盘和固态硬盘,柱面是操作系统管理、调度或抽象的计算资源或系统对象。,,3,4,王道2027操作系统，5.3 磁盘和固态硬盘，教材p340,5.3 磁盘和固态硬盘,340,教材在“5.3 磁盘和固态硬盘”中出现或讲解“柱面”；本节点概括为：柱面是操作系统管理、调度或抽象的计算资源或系统对象。
OS_CON_098,磁盘地址,Concept,操作系统,5.3 磁盘和固态硬盘,磁盘地址是操作系统课程中的核心概念，需要结合进程、内存、文件或I/O管理理解。,,3,4,王道2027操作系统，5.3 磁盘和固态硬盘，教材p340,5.3 磁盘和固态硬盘,340,教材在“5.3 磁盘和固态硬盘”中出现或讲解“磁盘地址”；本节点概括为：磁盘地址是操作系统课程中的核心概念，需要结合进程、内存、文件或I/O管理理解。
OS_MET_009,寻道时间,Metric,操作系统,5.3 磁盘和固态硬盘,寻道时间是评价操作系统调度、存储或I/O性能的重要指标。,,3,4,王道2027操作系统，5.3 磁盘和固态硬盘，教材p340,5.3 磁盘和固态硬盘,340,教材在“5.3 磁盘和固态硬盘”中出现或讲解“寻道时间”；本节点概括为：寻道时间是评价操作系统调度、存储或I/O性能的重要指标。
OS_MET_010,旋转延迟时间,Metric,操作系统,5.3 磁盘和固态硬盘,旋转延迟时间是评价操作系统调度、存储或I/O性能的重要指标。,,3,4,王道2027操作系统，5.3 磁盘和固态硬盘，教材p340,5.3 磁盘和固态硬盘,340,教材在“5.3 磁盘和固态硬盘”中出现或讲解“旋转延迟时间”；本节点概括为：旋转延迟时间是评价操作系统调度、存储或I/O性能的重要指标。
OS_MET_011,传输时间,Metric,操作系统,5.3 磁盘和固态硬盘,传输时间是评价操作系统调度、存储或I/O性能的重要指标。,,3,4,王道2027操作系统，5.3 磁盘和固态硬盘，教材p340,5.3 磁盘和固态硬盘,340,教材在“5.3 磁盘和固态硬盘”中出现或讲解“传输时间”；本节点概括为：传输时间是评价操作系统调度、存储或I/O性能的重要指标。
OS_MEC_085,磁盘调度,Mechanism,操作系统,5.3 磁盘和固态硬盘,根据磁盘请求队列选择服务顺序以减少寻道开销的调度问题。,,4,5,王道2027操作系统，5.3 磁盘和固态硬盘，教材p340,5.3 磁盘和固态硬盘,340,教材在“5.3 磁盘和固态硬盘”中出现或讲解“磁盘调度”；本节点概括为：根据磁盘请求队列选择服务顺序以减少寻道开销的调度问题。
OS_ALG_026,先来先服务磁盘调度,Algorithm,操作系统,5.3 磁盘和固态硬盘,先来先服务磁盘调度是操作系统中用于完成调度、分配、置换或管理决策的算法/策略。,,4,5,王道2027操作系统，5.3 磁盘和固态硬盘，教材p340,5.3 磁盘和固态硬盘,340,教材在“5.3 磁盘和固态硬盘”中出现或讲解“先来先服务磁盘调度”；本节点概括为：先来先服务磁盘调度是操作系统中用于完成调度、分配、置换或管理决策的算法/策略。
OS_ALG_027,最短寻道时间优先,Algorithm,操作系统,5.3 磁盘和固态硬盘,最短寻道时间优先是操作系统中用于完成调度、分配、置换或管理决策的算法/策略。,,4,5,王道2027操作系统，5.3 磁盘和固态硬盘，教材p340,5.3 磁盘和固态硬盘,340,教材在“5.3 磁盘和固态硬盘”中出现或讲解“最短寻道时间优先”；本节点概括为：最短寻道时间优先是操作系统中用于完成调度、分配、置换或管理决策的算法/策略。
OS_ALG_028,扫描算法,Algorithm,操作系统,5.3 磁盘和固态硬盘,扫描算法是操作系统中用于完成调度、分配、置换或管理决策的算法/策略。,,4,5,王道2027操作系统，5.3 磁盘和固态硬盘，教材p340,5.3 磁盘和固态硬盘,340,教材在“5.3 磁盘和固态硬盘”中出现或讲解“扫描算法”；本节点概括为：扫描算法是操作系统中用于完成调度、分配、置换或管理决策的算法/策略。
OS_ALG_029,循环扫描算法,Algorithm,操作系统,5.3 磁盘和固态硬盘,循环扫描算法是操作系统中用于完成调度、分配、置换或管理决策的算法/策略。,,4,5,王道2027操作系统，5.3 磁盘和固态硬盘，教材p340,5.3 磁盘和固态硬盘,340,教材在“5.3 磁盘和固态硬盘”中出现或讲解“循环扫描算法”；本节点概括为：循环扫描算法是操作系统中用于完成调度、分配、置换或管理决策的算法/策略。
OS_ALG_030,LOOK调度,Algorithm,操作系统,5.3 磁盘和固态硬盘,LOOK调度是操作系统中用于完成调度、分配、置换或管理决策的算法/策略。,,4,5,王道2027操作系统，5.3 磁盘和固态硬盘，教材p340,5.3 磁盘和固态硬盘,340,教材在“5.3 磁盘和固态硬盘”中出现或讲解“LOOK调度”；本节点概括为：LOOK调度是操作系统中用于完成调度、分配、置换或管理决策的算法/策略。
OS_ALG_031,C-LOOK调度,Algorithm,操作系统,5.3 磁盘和固态硬盘,C-LOOK调度是操作系统中用于完成调度、分配、置换或管理决策的算法/策略。,,4,5,王道2027操作系统，5.3 磁盘和固态硬盘，教材p340,5.3 磁盘和固态硬盘,340,教材在“5.3 磁盘和固态硬盘”中出现或讲解“C-LOOK调度”；本节点概括为：C-LOOK调度是操作系统中用于完成调度、分配、置换或管理决策的算法/策略。
OS_OBJ_033,固态硬盘,ComputingObject,操作系统,5.3 磁盘和固态硬盘,基于闪存的外存设备，具有无机械寻道、随机访问快等特点。,,3,5,王道2027操作系统，5.3 磁盘和固态硬盘，教材p340,5.3 磁盘和固态硬盘,340,教材在“5.3 磁盘和固态硬盘”中出现或讲解“固态硬盘”；本节点概括为：基于闪存的外存设备，具有无机械寻道、随机访问快等特点。
OS_CON_099,闪存翻译层,Concept,操作系统,5.3 磁盘和固态硬盘,闪存翻译层是操作系统课程中的核心概念，需要结合进程、内存、文件或I/O管理理解。,,3,4,王道2027操作系统，5.3 磁盘和固态硬盘，教材p340,5.3 磁盘和固态硬盘,340,教材在“5.3 磁盘和固态硬盘”中出现或讲解“闪存翻译层”；本节点概括为：闪存翻译层是操作系统课程中的核心概念，需要结合进程、内存、文件或I/O管理理解。
OS_CON_100,磨损均衡,Concept,操作系统,5.3 磁盘和固态硬盘,磨损均衡是操作系统课程中的核心概念，需要结合进程、内存、文件或I/O管理理解。,,3,4,王道2027操作系统，5.3 磁盘和固态硬盘，教材p340,5.3 磁盘和固态硬盘,340,教材在“5.3 磁盘和固态硬盘”中出现或讲解“磨损均衡”；本节点概括为：磨损均衡是操作系统课程中的核心概念，需要结合进程、内存、文件或I/O管理理解。
OS_PRB_014,磁盘寻道优化,Problem,操作系统,5.3 磁盘和固态硬盘,磁盘寻道优化是操作系统课程中需要用相应机制或算法解决的典型问题。,,4,5,王道2027操作系统，5.3 磁盘和固态硬盘，教材p340,5.3 磁盘和固态硬盘,340,教材在“5.3 磁盘和固态硬盘”中出现或讲解“磁盘寻道优化”；本节点概括为：磁盘寻道优化是操作系统课程中需要用相应机制或算法解决的典型问题。
OS_CON_101,批处理阶段,Concept,操作系统,1.2 操作系统发展历程,操作系统开始出现并用监督程序自动连续处理作业的发展阶段。,,3,3,王道2027操作系统，1.2 操作系统发展历程，教材p7,1.2 操作系统发展历程,7,教材在“1.2 操作系统发展历程”中出现或讲解“批处理阶段”；本节点概括为：操作系统开始出现并用监督程序自动连续处理作业的发展阶段。
OS_MOD_018,目录结构,Model,操作系统,4.2 目录与文件,目录结构是操作系统中用于描述结构、映射或组织方式的抽象模型。,,3,3,王道2027操作系统，4.2 目录与文件，教材p257,4.2 目录与文件,257,教材在“4.2 目录与文件”中出现或讲解“目录结构”；本节点概括为：目录结构是操作系统中用于描述结构、映射或组织方式的抽象模型。
OS_MEC_086,文件存储空间管理,Mechanism,操作系统,4.3 文件系统,文件存储空间管理是操作系统实现资源管理、抽象或协作控制的重要机制。,,3,3,王道2027操作系统，4.3 文件系统，教材p294,4.3 文件系统,294,教材在“4.3 文件系统”中出现或讲解“文件存储空间管理”；本节点概括为：文件存储空间管理是操作系统实现资源管理、抽象或协作控制的重要机制。
DS_CRS_001,数据结构,Course,数据结构,,研究数据的逻辑结构、存储结构及其运算，并分析算法效率的计算机专业核心课程。,"DS,Data Structure",3,5,王道2027数据结构，内容简介，PDF页2,内容简介,2,教材内容简介说明本书包括绪论、线性表、栈、队列和数组、串、树与二叉树、图、查找、排序等内容；本节点概括为数据结构课程。
DS_TOP_001,第1章 绪论,Topic,数据结构,第1章 绪论,建立数据结构、逻辑结构、存储结构、数据运算以及算法复杂度分析的基本框架。,,3,5,王道2027数据结构，第1章 绪论，教材p1（PDF页12）,第1章 绪论,1,教材在“第1章 绪论”中出现或讲解“第1章 绪论”；本节点概括为：建立数据结构、逻辑结构、存储结构、数据运算以及算法复杂度分析的基本框架。
DS_TOP_002,数据结构的基本概念,Topic,数据结构,第1章 绪论,说明数据、数据元素、数据类型、数据结构三要素及逻辑结构/存储结构的分类。,,3,4,王道2027数据结构，数据结构的基本概念，教材p1（PDF页12）,数据结构的基本概念,1,教材在“数据结构的基本概念”中出现或讲解“数据结构的基本概念”；本节点概括为：说明数据、数据元素、数据类型、数据结构三要素及逻辑结构/存储结构的分类。
DS_TOP_003,数据,Concept,数据结构,第1章 绪论,信息的载体，是能被计算机识别和处理的符号集合。,,1,3,王道2027数据结构，数据结构的基本概念，教材p1（PDF页12）,数据结构的基本概念,1,教材在“数据结构的基本概念”中出现或讲解“数据”；本节点概括为：信息的载体，是能被计算机识别和处理的符号集合。
DS_TOP_004,数据元素,ComputingObject,数据结构,第1章 绪论,数据的基本单位，通常作为一个整体进行处理。,,1,3,王道2027数据结构，数据结构的基本概念，教材p1（PDF页12）,数据结构的基本概念,1,教材在“数据结构的基本概念”中出现或讲解“数据元素”；本节点概括为：数据的基本单位，通常作为一个整体进行处理。
DS_TOP_005,数据项,ComputingObject,数据结构,第1章 绪论,构成数据元素的不可分割的最小单位。,,1,3,王道2027数据结构，数据结构的基本概念，教材p1（PDF页12）,数据结构的基本概念,1,教材在“数据结构的基本概念”中出现或讲解“数据项”；本节点概括为：构成数据元素的不可分割的最小单位。
DS_TOP_006,数据对象,Concept,数据结构,第1章 绪论,具有相同性质的数据元素的集合，是数据的一个子集。,,2,3,王道2027数据结构，数据结构的基本概念，教材p1（PDF页12）,数据结构的基本概念,1,教材在“数据结构的基本概念”中出现或讲解“数据对象”；本节点概括为：具有相同性质的数据元素的集合，是数据的一个子集。
DS_TOP_007,数据类型,Concept,数据结构,第1章 绪论,一个值集合以及定义在该集合上的一组操作的总称。,,2,3,王道2027数据结构，数据结构的基本概念，教材p1（PDF页12）,数据结构的基本概念,1,教材在“数据结构的基本概念”中出现或讲解“数据类型”；本节点概括为：一个值集合以及定义在该集合上的一组操作的总称。
DS_TOP_008,原子类型,Concept,数据结构,第1章 绪论,值不可再分的数据类型。,,1,2,王道2027数据结构，数据结构的基本概念，教材p1（PDF页12）,数据结构的基本概念,1,教材在“数据结构的基本概念”中出现或讲解“原子类型”；本节点概括为：值不可再分的数据类型。
DS_TOP_009,结构类型,Concept,数据结构,第1章 绪论,值可以进一步分解为若干分量的数据类型。,,2,2,王道2027数据结构，数据结构的基本概念，教材p1（PDF页12）,数据结构的基本概念,1,教材在“数据结构的基本概念”中出现或讲解“结构类型”；本节点概括为：值可以进一步分解为若干分量的数据类型。
DS_TOP_010,抽象数据类型,Model,数据结构,第1章 绪论,由数学模型及定义在该模型上的一组操作构成的数据抽象。,ADT,3,4,王道2027数据结构，数据结构的基本概念，教材p1（PDF页12）,数据结构的基本概念,1,教材在“数据结构的基本概念”中出现或讲解“抽象数据类型”；本节点概括为：由数学模型及定义在该模型上的一组操作构成的数据抽象。
DS_TOP_011,数据结构三要素,Concept,数据结构,第1章 绪论,数据结构由逻辑结构、存储结构和数据的运算三方面构成。,,2,5,王道2027数据结构，数据结构的基本概念，教材p1（PDF页12）,数据结构的基本概念,1,教材在“数据结构的基本概念”中出现或讲解“数据结构三要素”；本节点概括为：数据结构由逻辑结构、存储结构和数据的运算三方面构成。
DS_TOP_012,逻辑结构,Concept,数据结构,第1章 绪论,从逻辑关系角度描述数据元素之间关系的结构。,,2,5,王道2027数据结构，数据结构的基本概念，教材p1（PDF页12）,数据结构的基本概念,1,教材在“数据结构的基本概念”中出现或讲解“逻辑结构”；本节点概括为：从逻辑关系角度描述数据元素之间关系的结构。
DS_TOP_013,存储结构,Concept,数据结构,第1章 绪论,数据结构在计算机中的具体表示形式，又称物理结构。,物理结构,2,5,王道2027数据结构，数据结构的基本概念，教材p1（PDF页12）,数据结构的基本概念,1,教材在“数据结构的基本概念”中出现或讲解“存储结构”；本节点概括为：数据结构在计算机中的具体表示形式，又称物理结构。
DS_TOP_014,数据的运算,Operation,数据结构,第1章 绪论,定义在数据结构上的操作，包含逻辑定义和存储实现两个层面。,,2,4,王道2027数据结构，数据结构的基本概念，教材p1（PDF页12）,数据结构的基本概念,1,教材在“数据结构的基本概念”中出现或讲解“数据的运算”；本节点概括为：定义在数据结构上的操作，包含逻辑定义和存储实现两个层面。
DS_TOP_015,集合,DataStructure,数据结构,第1章 绪论,数据元素之间除同属一个集合外没有其他关系的结构。,,1,3,王道2027数据结构，数据结构的基本概念，教材p1（PDF页12）,数据结构的基本概念,1,教材在“数据结构的基本概念”中出现或讲解“集合”；本节点概括为：数据元素之间除同属一个集合外没有其他关系的结构。
DS_TOP_016,线性结构,Concept,数据结构,第1章 绪论,数据元素之间存在一对一关系的逻辑结构。,,2,5,王道2027数据结构，数据结构的基本概念，教材p1（PDF页12）,数据结构的基本概念,1,教材在“数据结构的基本概念”中出现或讲解“线性结构”；本节点概括为：数据元素之间存在一对一关系的逻辑结构。
DS_TOP_017,树形结构,Concept,数据结构,第1章 绪论,数据元素之间存在一对多关系的逻辑结构。,,2,4,王道2027数据结构，数据结构的基本概念，教材p1（PDF页12）,数据结构的基本概念,1,教材在“数据结构的基本概念”中出现或讲解“树形结构”；本节点概括为：数据元素之间存在一对多关系的逻辑结构。
DS_TOP_018,图状结构,Concept,数据结构,第1章 绪论,数据元素之间存在多对多关系的逻辑结构。,网状结构,2,4,王道2027数据结构，数据结构的基本概念，教材p1（PDF页12）,数据结构的基本概念,1,教材在“数据结构的基本概念”中出现或讲解“图状结构”；本节点概括为：数据元素之间存在多对多关系的逻辑结构。
DS_TOP_019,顺序存储,Mechanism,数据结构,第1章 绪论,将逻辑相邻元素存放在物理相邻的存储单元中。,,2,5,王道2027数据结构，数据结构的基本概念，教材p1（PDF页12）,数据结构的基本概念,1,教材在“数据结构的基本概念”中出现或讲解“顺序存储”；本节点概括为：将逻辑相邻元素存放在物理相邻的存储单元中。
DS_TOP_020,链式存储,Mechanism,数据结构,第1章 绪论,用指针表示元素间逻辑关系，不要求物理相邻。,,2,5,王道2027数据结构，数据结构的基本概念，教材p1（PDF页12）,数据结构的基本概念,1,教材在“数据结构的基本概念”中出现或讲解“链式存储”；本节点概括为：用指针表示元素间逻辑关系，不要求物理相邻。
DS_TOP_021,索引存储,Mechanism,数据结构,第1章 绪论,在存储数据的同时建立索引表以提高检索速度。,,3,3,王道2027数据结构，数据结构的基本概念，教材p1（PDF页12）,数据结构的基本概念,1,教材在“数据结构的基本概念”中出现或讲解“索引存储”；本节点概括为：在存储数据的同时建立索引表以提高检索速度。
DS_TOP_022,散列存储,Mechanism,数据结构,第1章 绪论,根据关键字直接计算存储地址的存储方法。,哈希存储,3,4,王道2027数据结构，数据结构的基本概念，教材p1（PDF页12）,数据结构的基本概念,1,教材在“数据结构的基本概念”中出现或讲解“散列存储”；本节点概括为：根据关键字直接计算存储地址的存储方法。
DS_TOP_023,随机存取,Property,数据结构,第1章 绪论,可在相同时间内直接访问任一位置元素的性质。,,2,4,王道2027数据结构，数据结构的基本概念，教材p1（PDF页12）,数据结构的基本概念,1,教材在“数据结构的基本概念”中出现或讲解“随机存取”；本节点概括为：可在相同时间内直接访问任一位置元素的性质。
DS_TOP_024,顺序存取,Property,数据结构,第1章 绪论,必须按存储或链接顺序逐个访问元素的性质。,,2,4,王道2027数据结构，数据结构的基本概念，教材p1（PDF页12）,数据结构的基本概念,1,教材在“数据结构的基本概念”中出现或讲解“顺序存取”；本节点概括为：必须按存储或链接顺序逐个访问元素的性质。
DS_TOP_025,算法和算法评价,Topic,数据结构,第1章 绪论,说明算法的五个特性、评价目标以及时间复杂度和空间复杂度的分析方法。,,3,4,王道2027数据结构，算法和算法评价，教材p4（PDF页15）,算法和算法评价,4,教材在“算法和算法评价”中出现或讲解“算法和算法评价”；本节点概括为：说明算法的五个特性、评价目标以及时间复杂度和空间复杂度的分析方法。
DS_TOP_026,算法,Algorithm,数据结构,第1章 绪论,对特定问题求解步骤的有穷描述。,Algorithm,1,5,王道2027数据结构，算法和算法评价，教材p4（PDF页15）,算法和算法评价,4,教材在“算法和算法评价”中出现或讲解“算法”；本节点概括为：对特定问题求解步骤的有穷描述。
DS_TOP_027,有穷性,Property,数据结构,第1章 绪论,算法必须在有限步后结束。,,1,4,王道2027数据结构，算法和算法评价，教材p4（PDF页15）,算法和算法评价,4,教材在“算法和算法评价”中出现或讲解“有穷性”；本节点概括为：算法必须在有限步后结束。
DS_TOP_028,确定性,Property,数据结构,第1章 绪论,算法每条指令含义明确，相同输入产生相同输出。,,1,4,王道2027数据结构，算法和算法评价，教材p4（PDF页15）,算法和算法评价,4,教材在“算法和算法评价”中出现或讲解“确定性”；本节点概括为：算法每条指令含义明确，相同输入产生相同输出。
DS_TOP_029,可行性,Property,数据结构,第1章 绪论,算法中每个操作都可通过基本运算有限次实现。,,1,4,王道2027数据结构，算法和算法评价，教材p4（PDF页15）,算法和算法评价,4,教材在“算法和算法评价”中出现或讲解“可行性”；本节点概括为：算法中每个操作都可通过基本运算有限次实现。
DS_TOP_030,输入,Concept,数据结构,第1章 绪论,算法可以具有零个或多个输入。,,1,3,王道2027数据结构，算法和算法评价，教材p4（PDF页15）,算法和算法评价,4,教材在“算法和算法评价”中出现或讲解“输入”；本节点概括为：算法可以具有零个或多个输入。
DS_TOP_031,输出,Concept,数据结构,第1章 绪论,算法至少有一个输出。,,1,3,王道2027数据结构，算法和算法评价，教材p4（PDF页15）,算法和算法评价,4,教材在“算法和算法评价”中出现或讲解“输出”；本节点概括为：算法至少有一个输出。
DS_TOP_032,正确性,Property,数据结构,第1章 绪论,算法能够正确解决给定问题的性质。,,1,5,王道2027数据结构，算法和算法评价，教材p4（PDF页15）,算法和算法评价,4,教材在“算法和算法评价”中出现或讲解“正确性”；本节点概括为：算法能够正确解决给定问题的性质。
DS_TOP_033,可读性,Property,数据结构,第1章 绪论,算法结构清晰、易于理解和交流的性质。,,1,3,王道2027数据结构，算法和算法评价，教材p4（PDF页15）,算法和算法评价,4,教材在“算法和算法评价”中出现或讲解“可读性”；本节点概括为：算法结构清晰、易于理解和交流的性质。
DS_TOP_034,健壮性,Property,数据结构,第1章 绪论,算法能对非法或异常输入做出适当处理的性质。,,2,3,王道2027数据结构，算法和算法评价，教材p4（PDF页15）,算法和算法评价,4,教材在“算法和算法评价”中出现或讲解“健壮性”；本节点概括为：算法能对非法或异常输入做出适当处理的性质。
DS_TOP_035,时间复杂度,Metric,数据结构,第1章 绪论,描述算法执行时间随问题规模增长而变化趋势的度量。,,3,5,王道2027数据结构，算法和算法评价，教材p4（PDF页15）,算法和算法评价,4,教材在“算法和算法评价”中出现或讲解“时间复杂度”；本节点概括为：描述算法执行时间随问题规模增长而变化趋势的度量。
DS_TOP_036,空间复杂度,Metric,数据结构,第1章 绪论,描述算法运行过程中额外辅助空间随问题规模变化的度量。,,3,5,王道2027数据结构，算法和算法评价，教材p4（PDF页15）,算法和算法评价,4,教材在“算法和算法评价”中出现或讲解“空间复杂度”；本节点概括为：描述算法运行过程中额外辅助空间随问题规模变化的度量。
DS_TOP_037,最好时间复杂度,Metric,数据结构,第1章 绪论,在最有利输入下的算法运行时间增长阶。,,3,3,王道2027数据结构，算法和算法评价，教材p4（PDF页15）,算法和算法评价,4,教材在“算法和算法评价”中出现或讲解“最好时间复杂度”；本节点概括为：在最有利输入下的算法运行时间增长阶。
DS_TOP_038,最坏时间复杂度,Metric,数据结构,第1章 绪论,在最不利输入下的算法运行时间增长阶，常作为评价标准。,,3,5,王道2027数据结构，算法和算法评价，教材p4（PDF页15）,算法和算法评价,4,教材在“算法和算法评价”中出现或讲解“最坏时间复杂度”；本节点概括为：在最不利输入下的算法运行时间增长阶，常作为评价标准。
DS_TOP_039,平均时间复杂度,Metric,数据结构,第1章 绪论,在各类输入按概率出现时的期望运行时间增长阶。,,4,4,王道2027数据结构，算法和算法评价，教材p4（PDF页15）,算法和算法评价,4,教材在“算法和算法评价”中出现或讲解“平均时间复杂度”；本节点概括为：在各类输入按概率出现时的期望运行时间增长阶。
DS_TOP_040,大O记号,Metric,数据结构,第1章 绪论,用于表示渐近复杂度上界的数学记号。,O记号,3,5,王道2027数据结构，算法和算法评价，教材p4（PDF页15）,算法和算法评价,4,教材在“算法和算法评价”中出现或讲解“大O记号”；本节点概括为：用于表示渐近复杂度上界的数学记号。
DS_TOP_041,原地工作,Property,数据结构,第1章 绪论,算法仅使用常量级额外空间，即空间复杂度为O(1)。,,2,3,王道2027数据结构，算法和算法评价，教材p4（PDF页15）,算法和算法评价,4,教材在“算法和算法评价”中出现或讲解“原地工作”；本节点概括为：算法仅使用常量级额外空间，即空间复杂度为O(1)。
DS_TOP_042,问题规模,Concept,数据结构,第1章 绪论,刻画输入规模大小的变量，通常记为n。,n,2,5,王道2027数据结构，算法和算法评价，教材p4（PDF页15）,算法和算法评价,4,教材在“算法和算法评价”中出现或讲解“问题规模”；本节点概括为：刻画输入规模大小的变量，通常记为n。
DS_TOP_043,第2章 线性表,Topic,数据结构,第2章 线性表,研究线性表的逻辑定义、基本操作、顺序表示和链式表示，是后续栈、队列、串等结构的基础。,,3,5,王道2027数据结构，第2章 线性表，教材p13（PDF页24）,第2章 线性表,13,教材在“第2章 线性表”中出现或讲解“第2章 线性表”；本节点概括为：研究线性表的逻辑定义、基本操作、顺序表示和链式表示，是后续栈、队列、串等结构的基础。
DS_TOP_044,线性表的定义和基本操作,Topic,数据结构,第2章 线性表,说明线性表的逻辑特征及插入、删除、查找等基本操作。,,3,4,王道2027数据结构，线性表的定义和基本操作，教材p13（PDF页24）,线性表的定义和基本操作,13,教材在“线性表的定义和基本操作”中出现或讲解“线性表的定义和基本操作”；本节点概括为：说明线性表的逻辑特征及插入、删除、查找等基本操作。
DS_TOP_045,线性表,DataStructure,数据结构,第2章 线性表,具有相同数据类型的n个数据元素的有限序列。,,2,5,王道2027数据结构，线性表的定义和基本操作，教材p13（PDF页24）,线性表的定义和基本操作,13,教材在“线性表的定义和基本操作”中出现或讲解“线性表”；本节点概括为：具有相同数据类型的n个数据元素的有限序列。
DS_TOP_046,直接前驱,Concept,数据结构,第2章 线性表,在线性表中某元素前面相邻的元素。,,1,3,王道2027数据结构，线性表的定义和基本操作，教材p13（PDF页24）,线性表的定义和基本操作,13,教材在“线性表的定义和基本操作”中出现或讲解“直接前驱”；本节点概括为：在线性表中某元素前面相邻的元素。
DS_TOP_047,直接后继,Concept,数据结构,第2章 线性表,在线性表中某元素后面相邻的元素。,,1,3,王道2027数据结构，线性表的定义和基本操作，教材p13（PDF页24）,线性表的定义和基本操作,13,教材在“线性表的定义和基本操作”中出现或讲解“直接后继”；本节点概括为：在线性表中某元素后面相邻的元素。
DS_TOP_048,插入操作,Operation,数据结构,第2章 线性表,在线性表指定位置加入新元素的操作。,,2,5,王道2027数据结构，线性表的定义和基本操作，教材p13（PDF页24）,线性表的定义和基本操作,13,教材在“线性表的定义和基本操作”中出现或讲解“插入操作”；本节点概括为：在线性表指定位置加入新元素的操作。
DS_TOP_049,删除操作,Operation,数据结构,第2章 线性表,从线性表中移除指定元素的操作。,,2,5,王道2027数据结构，线性表的定义和基本操作，教材p13（PDF页24）,线性表的定义和基本操作,13,教材在“线性表的定义和基本操作”中出现或讲解“删除操作”；本节点概括为：从线性表中移除指定元素的操作。
DS_TOP_050,查找操作,Operation,数据结构,第2章 线性表,按位置或值定位线性表中元素的操作。,,2,4,王道2027数据结构，线性表的定义和基本操作，教材p13（PDF页24）,线性表的定义和基本操作,13,教材在“线性表的定义和基本操作”中出现或讲解“查找操作”；本节点概括为：按位置或值定位线性表中元素的操作。
DS_TOP_051,判空操作,Operation,数据结构,第2章 线性表,判断线性表是否为空的操作。,,1,3,王道2027数据结构，线性表的定义和基本操作，教材p13（PDF页24）,线性表的定义和基本操作,13,教材在“线性表的定义和基本操作”中出现或讲解“判空操作”；本节点概括为：判断线性表是否为空的操作。
DS_TOP_052,求表长操作,Operation,数据结构,第2章 线性表,返回线性表当前元素个数的操作。,,1,3,王道2027数据结构，线性表的定义和基本操作，教材p13（PDF页24）,线性表的定义和基本操作,13,教材在“线性表的定义和基本操作”中出现或讲解“求表长操作”；本节点概括为：返回线性表当前元素个数的操作。
DS_TOP_053,线性表的顺序表示,Topic,数据结构,第2章 线性表,说明顺序表的定义、存储特点以及基本操作实现。,,3,4,王道2027数据结构，线性表的顺序表示，教材p15（PDF页26）,线性表的顺序表示,15,教材在“线性表的顺序表示”中出现或讲解“线性表的顺序表示”；本节点概括为：说明顺序表的定义、存储特点以及基本操作实现。
DS_TOP_054,顺序表,DataStructure,数据结构,第2章 线性表,用一组地址连续的存储单元依次存储线性表元素的结构。,,2,5,王道2027数据结构，线性表的顺序表示，教材p15（PDF页26）,线性表的顺序表示,15,教材在“线性表的顺序表示”中出现或讲解“顺序表”；本节点概括为：用一组地址连续的存储单元依次存储线性表元素的结构。
DS_TOP_055,静态分配,Mechanism,数据结构,第2章 线性表,顺序表存储空间在编译或初始化时固定分配。,,2,3,王道2027数据结构，线性表的顺序表示，教材p15（PDF页26）,线性表的顺序表示,15,教材在“线性表的顺序表示”中出现或讲解“静态分配”；本节点概括为：顺序表存储空间在编译或初始化时固定分配。
DS_TOP_056,动态分配,Mechanism,数据结构,第2章 线性表,顺序表存储空间可在运行时申请和扩展。,,3,3,王道2027数据结构，线性表的顺序表示，教材p15（PDF页26）,线性表的顺序表示,15,教材在“线性表的顺序表示”中出现或讲解“动态分配”；本节点概括为：顺序表存储空间可在运行时申请和扩展。
DS_TOP_057,地址连续,Property,数据结构,第2章 线性表,元素在物理存储中占据连续地址空间的性质。,,2,4,王道2027数据结构，线性表的顺序表示，教材p15（PDF页26）,线性表的顺序表示,15,教材在“线性表的顺序表示”中出现或讲解“地址连续”；本节点概括为：元素在物理存储中占据连续地址空间的性质。
DS_TOP_058,元素移动,Operation,数据结构,第2章 线性表,插入或删除时为保持顺序而移动若干元素的操作。,,2,4,王道2027数据结构，线性表的顺序表示，教材p15（PDF页26）,线性表的顺序表示,15,教材在“线性表的顺序表示”中出现或讲解“元素移动”；本节点概括为：插入或删除时为保持顺序而移动若干元素的操作。
DS_TOP_059,线性表的链式表示,Topic,数据结构,第2章 线性表,说明单链表、双链表、循环链表、静态链表及其基本操作。,,3,4,王道2027数据结构，线性表的链式表示，教材p30（PDF页41）,线性表的链式表示,30,教材在“线性表的链式表示”中出现或讲解“线性表的链式表示”；本节点概括为：说明单链表、双链表、循环链表、静态链表及其基本操作。
DS_TOP_060,链表,DataStructure,数据结构,第2章 线性表,通过指针链接结点来表示线性关系的存储结构。,,2,5,王道2027数据结构，线性表的链式表示，教材p30（PDF页41）,线性表的链式表示,30,教材在“线性表的链式表示”中出现或讲解“链表”；本节点概括为：通过指针链接结点来表示线性关系的存储结构。
DS_TOP_061,单链表,DataStructure,数据结构,第2章 线性表,每个结点只含一个指向后继结点指针的链表。,,2,5,王道2027数据结构，线性表的链式表示，教材p30（PDF页41）,线性表的链式表示,30,教材在“线性表的链式表示”中出现或讲解“单链表”；本节点概括为：每个结点只含一个指向后继结点指针的链表。
DS_TOP_062,结点,ComputingObject,数据结构,第2章 线性表,链式存储中的基本存储单元，通常含数据域和指针域。,节点,1,4,王道2027数据结构，线性表的链式表示，教材p30（PDF页41）,线性表的链式表示,30,教材在“线性表的链式表示”中出现或讲解“结点”；本节点概括为：链式存储中的基本存储单元，通常含数据域和指针域。
DS_TOP_063,数据域,ComputingObject,数据结构,第2章 线性表,链表结点中存放数据元素值的部分。,,1,3,王道2027数据结构，线性表的链式表示，教材p30（PDF页41）,线性表的链式表示,30,教材在“线性表的链式表示”中出现或讲解“数据域”；本节点概括为：链表结点中存放数据元素值的部分。
DS_TOP_064,指针域,ComputingObject,数据结构,第2章 线性表,链表结点中存放后继或前驱地址的部分。,,1,4,王道2027数据结构，线性表的链式表示，教材p30（PDF页41）,线性表的链式表示,30,教材在“线性表的链式表示”中出现或讲解“指针域”；本节点概括为：链表结点中存放后继或前驱地址的部分。
DS_TOP_065,头指针,ComputingObject,数据结构,第2章 线性表,指向链表第一个结点或头结点的指针。,,2,4,王道2027数据结构，线性表的链式表示，教材p30（PDF页41）,线性表的链式表示,30,教材在“线性表的链式表示”中出现或讲解“头指针”；本节点概括为：指向链表第一个结点或头结点的指针。
DS_TOP_066,头结点,ComputingObject,数据结构,第2章 线性表,位于首元结点之前、通常不存放有效数据的附加结点。,,2,4,王道2027数据结构，线性表的链式表示，教材p30（PDF页41）,线性表的链式表示,30,教材在“线性表的链式表示”中出现或讲解“头结点”；本节点概括为：位于首元结点之前、通常不存放有效数据的附加结点。
DS_TOP_067,首元结点,ComputingObject,数据结构,第2章 线性表,链表中存放第一个有效数据元素的结点。,,1,3,王道2027数据结构，线性表的链式表示，教材p30（PDF页41）,线性表的链式表示,30,教材在“线性表的链式表示”中出现或讲解“首元结点”；本节点概括为：链表中存放第一个有效数据元素的结点。
DS_TOP_068,尾插法,Algorithm,数据结构,第2章 线性表,每次将新结点插入链表尾部以建立链表的方法。,,2,4,王道2027数据结构，线性表的链式表示，教材p30（PDF页41）,线性表的链式表示,30,教材在“线性表的链式表示”中出现或讲解“尾插法”；本节点概括为：每次将新结点插入链表尾部以建立链表的方法。
DS_TOP_069,头插法,Algorithm,数据结构,第2章 线性表,每次将新结点插入链表头部以建立链表的方法。,,2,4,王道2027数据结构，线性表的链式表示，教材p30（PDF页41）,线性表的链式表示,30,教材在“线性表的链式表示”中出现或讲解“头插法”；本节点概括为：每次将新结点插入链表头部以建立链表的方法。
DS_TOP_070,按位查找,Algorithm,数据结构,第2章 线性表,按序号定位链表或顺序表中元素的方法。,,2,4,王道2027数据结构，线性表的链式表示，教材p30（PDF页41）,线性表的链式表示,30,教材在“线性表的链式表示”中出现或讲解“按位查找”；本节点概括为：按序号定位链表或顺序表中元素的方法。
DS_TOP_071,按值查找,Algorithm,数据结构,第2章 线性表,按元素值在表中查找匹配结点的方法。,,2,4,王道2027数据结构，线性表的链式表示，教材p30（PDF页41）,线性表的链式表示,30,教材在“线性表的链式表示”中出现或讲解“按值查找”；本节点概括为：按元素值在表中查找匹配结点的方法。
DS_TOP_072,双链表,DataStructure,数据结构,第2章 线性表,每个结点含前驱和后继两个方向指针的链表。,,2,4,王道2027数据结构，线性表的链式表示，教材p30（PDF页41）,线性表的链式表示,30,教材在“线性表的链式表示”中出现或讲解“双链表”；本节点概括为：每个结点含前驱和后继两个方向指针的链表。
DS_TOP_073,前驱指针,ComputingObject,数据结构,第2章 线性表,双链表结点中指向前驱结点的指针。,,2,3,王道2027数据结构，线性表的链式表示，教材p30（PDF页41）,线性表的链式表示,30,教材在“线性表的链式表示”中出现或讲解“前驱指针”；本节点概括为：双链表结点中指向前驱结点的指针。
DS_TOP_074,后继指针,ComputingObject,数据结构,第2章 线性表,链表结点中指向后继结点的指针。,,2,3,王道2027数据结构，线性表的链式表示，教材p30（PDF页41）,线性表的链式表示,30,教材在“线性表的链式表示”中出现或讲解“后继指针”；本节点概括为：链表结点中指向后继结点的指针。
DS_TOP_075,循环链表,DataStructure,数据结构,第2章 线性表,表尾结点指针指向头部形成环状结构的链表。,,2,4,王道2027数据结构，线性表的链式表示，教材p30（PDF页41）,线性表的链式表示,30,教材在“线性表的链式表示”中出现或讲解“循环链表”；本节点概括为：表尾结点指针指向头部形成环状结构的链表。
DS_TOP_076,循环单链表,DataStructure,数据结构,第2章 线性表,单链表的尾结点指向头结点或首元结点形成循环。,,2,3,王道2027数据结构，线性表的链式表示，教材p30（PDF页41）,线性表的链式表示,30,教材在“线性表的链式表示”中出现或讲解“循环单链表”；本节点概括为：单链表的尾结点指向头结点或首元结点形成循环。
DS_TOP_077,循环双链表,DataStructure,数据结构,第2章 线性表,双链表首尾相接形成双向循环结构。,,2,3,王道2027数据结构，线性表的链式表示，教材p30（PDF页41）,线性表的链式表示,30,教材在“线性表的链式表示”中出现或讲解“循环双链表”；本节点概括为：双链表首尾相接形成双向循环结构。
DS_TOP_078,静态链表,DataStructure,数据结构,第2章 线性表,借助数组和游标模拟链式存储的结构。,,3,3,王道2027数据结构，线性表的链式表示，教材p30（PDF页41）,线性表的链式表示,30,教材在“线性表的链式表示”中出现或讲解“静态链表”；本节点概括为：借助数组和游标模拟链式存储的结构。
DS_TOP_079,顺序表和链表的比较,Concept,数据结构,第2章 线性表,从存取、插入删除、空间开销和适用场景比较两种线性表实现。,,2,5,王道2027数据结构，线性表的链式表示，教材p30（PDF页41）,线性表的链式表示,30,教材在“线性表的链式表示”中出现或讲解“顺序表和链表的比较”；本节点概括为：从存取、插入删除、空间开销和适用场景比较两种线性表实现。
DS_TOP_080,第3章 栈、队列和数组,Topic,数据结构,第3章 栈、队列和数组,研究受限线性表栈与队列、它们的典型应用，以及数组和特殊矩阵的存储。,,3,5,王道2027数据结构，第3章 栈、队列和数组，教材p63（PDF页74）,第3章 栈、队列和数组,63,教材在“第3章 栈、队列和数组”中出现或讲解“第3章 栈、队列和数组”；本节点概括为：研究受限线性表栈与队列、它们的典型应用，以及数组和特殊矩阵的存储。
DS_TOP_081,栈,Topic,数据结构,第3章 栈、队列和数组,说明栈的定义、顺序存储、链式存储以及进栈出栈操作。,,3,4,王道2027数据结构，栈，教材p63（PDF页74）,栈,63,教材在“栈”中出现或讲解“栈”；本节点概括为：说明栈的定义、顺序存储、链式存储以及进栈出栈操作。
DS_TOP_082,栈顶,ComputingObject,数据结构,第3章 栈、队列和数组,栈中允许插入和删除的一端。,,1,4,王道2027数据结构，栈，教材p63（PDF页74）,栈,63,教材在“栈”中出现或讲解“栈顶”；本节点概括为：栈中允许插入和删除的一端。
DS_TOP_083,栈底,ComputingObject,数据结构,第3章 栈、队列和数组,栈中固定不允许直接操作的一端。,,1,3,王道2027数据结构，栈，教材p63（PDF页74）,栈,63,教材在“栈”中出现或讲解“栈底”；本节点概括为：栈中固定不允许直接操作的一端。
DS_TOP_084,后进先出,Property,数据结构,第3章 栈、队列和数组,后进入的数据元素先被删除的性质。,LIFO,1,5,王道2027数据结构，栈，教材p63（PDF页74）,栈,63,教材在“栈”中出现或讲解“后进先出”；本节点概括为：后进入的数据元素先被删除的性质。
DS_TOP_085,进栈,Operation,数据结构,第3章 栈、队列和数组,向栈顶插入元素的操作。,"入栈,push",1,5,王道2027数据结构，栈，教材p63（PDF页74）,栈,63,教材在“栈”中出现或讲解“进栈”；本节点概括为：向栈顶插入元素的操作。
DS_TOP_086,出栈,Operation,数据结构,第3章 栈、队列和数组,从栈顶删除元素的操作。,pop,1,5,王道2027数据结构，栈，教材p63（PDF页74）,栈,63,教材在“栈”中出现或讲解“出栈”；本节点概括为：从栈顶删除元素的操作。
DS_TOP_087,顺序栈,DataStructure,数据结构,第3章 栈、队列和数组,采用顺序存储实现的栈。,,2,4,王道2027数据结构，栈，教材p63（PDF页74）,栈,63,教材在“栈”中出现或讲解“顺序栈”；本节点概括为：采用顺序存储实现的栈。
DS_TOP_088,链栈,DataStructure,数据结构,第3章 栈、队列和数组,采用链式存储实现的栈。,,2,4,王道2027数据结构，栈，教材p63（PDF页74）,栈,63,教材在“栈”中出现或讲解“链栈”；本节点概括为：采用链式存储实现的栈。
DS_TOP_089,共享栈,DataStructure,数据结构,第3章 栈、队列和数组,两个栈共享同一顺序存储空间的结构。,,3,3,王道2027数据结构，栈，教材p63（PDF页74）,栈,63,教材在“栈”中出现或讲解“共享栈”；本节点概括为：两个栈共享同一顺序存储空间的结构。
DS_TOP_090,栈上溢,Problem,数据结构,第3章 栈、队列和数组,进栈时栈空间已满而无法继续存储的问题。,,2,3,王道2027数据结构，栈，教材p63（PDF页74）,栈,63,教材在“栈”中出现或讲解“栈上溢”；本节点概括为：进栈时栈空间已满而无法继续存储的问题。
DS_TOP_091,栈下溢,Problem,数据结构,第3章 栈、队列和数组,出栈时栈为空而无法删除元素的问题。,,2,3,王道2027数据结构，栈，教材p63（PDF页74）,栈,63,教材在“栈”中出现或讲解“栈下溢”；本节点概括为：出栈时栈为空而无法删除元素的问题。
DS_TOP_092,队列,Topic,数据结构,第3章 栈、队列和数组,说明队列的定义、顺序存储、链式存储、循环队列和双端队列。,,3,4,王道2027数据结构，队列，教材p76（PDF页87）,队列,76,教材在“队列”中出现或讲解“队列”；本节点概括为：说明队列的定义、顺序存储、链式存储、循环队列和双端队列。
DS_TOP_093,队头,ComputingObject,数据结构,第3章 栈、队列和数组,队列中允许删除元素的一端。,,1,4,王道2027数据结构，队列，教材p76（PDF页87）,队列,76,教材在“队列”中出现或讲解“队头”；本节点概括为：队列中允许删除元素的一端。
DS_TOP_094,队尾,ComputingObject,数据结构,第3章 栈、队列和数组,队列中允许插入元素的一端。,,1,4,王道2027数据结构，队列，教材p76（PDF页87）,队列,76,教材在“队列”中出现或讲解“队尾”；本节点概括为：队列中允许插入元素的一端。
DS_TOP_095,先进先出,Property,数据结构,第3章 栈、队列和数组,先进入的数据元素先离开的性质。,FIFO,1,5,王道2027数据结构，队列，教材p76（PDF页87）,队列,76,教材在“队列”中出现或讲解“先进先出”；本节点概括为：先进入的数据元素先离开的性质。
DS_TOP_096,入队,Operation,数据结构,第3章 栈、队列和数组,在队尾插入元素的操作。,enqueue,1,5,王道2027数据结构，队列，教材p76（PDF页87）,队列,76,教材在“队列”中出现或讲解“入队”；本节点概括为：在队尾插入元素的操作。
DS_TOP_097,出队,Operation,数据结构,第3章 栈、队列和数组,在队头删除元素的操作。,dequeue,1,5,王道2027数据结构，队列，教材p76（PDF页87）,队列,76,教材在“队列”中出现或讲解“出队”；本节点概括为：在队头删除元素的操作。
DS_TOP_098,循环队列,DataStructure,数据结构,第3章 栈、队列和数组,将顺序队列存储空间首尾相接以循环利用的结构。,,3,5,王道2027数据结构，队列，教材p76（PDF页87）,队列,76,教材在“队列”中出现或讲解“循环队列”；本节点概括为：将顺序队列存储空间首尾相接以循环利用的结构。
DS_TOP_099,队空条件,Property,数据结构,第3章 栈、队列和数组,判定循环队列或链队列为空的条件。,,3,4,王道2027数据结构，队列，教材p76（PDF页87）,队列,76,教材在“队列”中出现或讲解“队空条件”；本节点概括为：判定循环队列或链队列为空的条件。
DS_TOP_100,队满条件,Property,数据结构,第3章 栈、队列和数组,判定循环队列存储空间已满的条件。,,3,4,王道2027数据结构，队列，教材p76（PDF页87）,队列,76,教材在“队列”中出现或讲解“队满条件”；本节点概括为：判定循环队列存储空间已满的条件。
DS_TOP_101,链队列,DataStructure,数据结构,第3章 栈、队列和数组,采用链式存储实现的队列。,,2,4,王道2027数据结构，队列，教材p76（PDF页87）,队列,76,教材在“队列”中出现或讲解“链队列”；本节点概括为：采用链式存储实现的队列。
DS_TOP_102,双端队列,DataStructure,数据结构,第3章 栈、队列和数组,两端都可插入和删除的队列。,Deque,3,4,王道2027数据结构，队列，教材p76（PDF页87）,队列,76,教材在“队列”中出现或讲解“双端队列”；本节点概括为：两端都可插入和删除的队列。
DS_TOP_103,栈和队列的应用,Topic,数据结构,第3章 栈、队列和数组,说明括号匹配、表达式求值、递归、层次遍历和系统缓冲等应用。,,3,4,王道2027数据结构，栈和队列的应用，教材p90（PDF页101）,栈和队列的应用,90,教材在“栈和队列的应用”中出现或讲解“栈和队列的应用”；本节点概括为：说明括号匹配、表达式求值、递归、层次遍历和系统缓冲等应用。
DS_TOP_104,括号匹配,Application,数据结构,第3章 栈、队列和数组,利用栈判断括号序列是否正确配对的典型应用。,,2,5,王道2027数据结构，栈和队列的应用，教材p90（PDF页101）,栈和队列的应用,90,教材在“栈和队列的应用”中出现或讲解“括号匹配”；本节点概括为：利用栈判断括号序列是否正确配对的典型应用。
DS_TOP_105,表达式求值,Application,数据结构,第3章 栈、队列和数组,利用栈处理运算符优先级和操作数的典型应用。,,3,5,王道2027数据结构，栈和队列的应用，教材p90（PDF页101）,栈和队列的应用,90,教材在“栈和队列的应用”中出现或讲解“表达式求值”；本节点概括为：利用栈处理运算符优先级和操作数的典型应用。
DS_TOP_106,中缀表达式,Concept,数据结构,第3章 栈、队列和数组,运算符位于两个操作数之间的表达式形式。,,2,3,王道2027数据结构，栈和队列的应用，教材p90（PDF页101）,栈和队列的应用,90,教材在“栈和队列的应用”中出现或讲解“中缀表达式”；本节点概括为：运算符位于两个操作数之间的表达式形式。
DS_TOP_107,后缀表达式,Concept,数据结构,第3章 栈、队列和数组,运算符位于操作数之后的表达式形式。,逆波兰表达式,3,4,王道2027数据结构，栈和队列的应用，教材p90（PDF页101）,栈和队列的应用,90,教材在“栈和队列的应用”中出现或讲解“后缀表达式”；本节点概括为：运算符位于操作数之后的表达式形式。
DS_TOP_108,前缀表达式,Concept,数据结构,第3章 栈、队列和数组,运算符位于操作数之前的表达式形式。,波兰表达式,3,3,王道2027数据结构，栈和队列的应用，教材p90（PDF页101）,栈和队列的应用,90,教材在“栈和队列的应用”中出现或讲解“前缀表达式”；本节点概括为：运算符位于操作数之前的表达式形式。
DS_TOP_109,递归,Mechanism,数据结构,第3章 栈、队列和数组,函数或过程直接或间接调用自身的机制。,,3,5,王道2027数据结构，栈和队列的应用，教材p90（PDF页101）,栈和队列的应用,90,教材在“栈和队列的应用”中出现或讲解“递归”；本节点概括为：函数或过程直接或间接调用自身的机制。
DS_TOP_110,递归工作栈,DataStructure,数据结构,第3章 栈、队列和数组,系统用于保存递归调用现场信息的栈结构。,,3,4,王道2027数据结构，栈和队列的应用，教材p90（PDF页101）,栈和队列的应用,90,教材在“栈和队列的应用”中出现或讲解“递归工作栈”；本节点概括为：系统用于保存递归调用现场信息的栈结构。
DS_TOP_111,层次遍历,Algorithm,数据结构,第3章 栈、队列和数组,按层从上到下、从左到右访问树或图结点的遍历方法。,,2,5,王道2027数据结构，栈和队列的应用，教材p90（PDF页101）,栈和队列的应用,90,教材在“栈和队列的应用”中出现或讲解“层次遍历”；本节点概括为：按层从上到下、从左到右访问树或图结点的遍历方法。
DS_TOP_112,缓冲区,Application,数据结构,第3章 栈、队列和数组,利用队列平衡数据产生与消费速度差异的系统应用。,,2,3,王道2027数据结构，栈和队列的应用，教材p90（PDF页101）,栈和队列的应用,90,教材在“栈和队列的应用”中出现或讲解“缓冲区”；本节点概括为：利用队列平衡数据产生与消费速度差异的系统应用。
DS_TOP_113,数组和特殊矩阵,Topic,数据结构,第3章 栈、队列和数组,说明数组存储、特殊矩阵压缩存储和稀疏矩阵表示。,,3,4,王道2027数据结构，数组和特殊矩阵，教材p100（PDF页111）,数组和特殊矩阵,100,教材在“数组和特殊矩阵”中出现或讲解“数组和特殊矩阵”；本节点概括为：说明数组存储、特殊矩阵压缩存储和稀疏矩阵表示。
DS_TOP_114,数组,DataStructure,数据结构,第3章 栈、队列和数组,由相同类型数据元素构成，并可按下标随机访问的结构。,,2,4,王道2027数据结构，数组和特殊矩阵，教材p100（PDF页111）,数组和特殊矩阵,100,教材在“数组和特殊矩阵”中出现或讲解“数组”；本节点概括为：由相同类型数据元素构成，并可按下标随机访问的结构。
DS_TOP_115,多维数组,DataStructure,数据结构,第3章 栈、队列和数组,具有两个或多个下标维度的数组结构。,,2,3,王道2027数据结构，数组和特殊矩阵，教材p100（PDF页111）,数组和特殊矩阵,100,教材在“数组和特殊矩阵”中出现或讲解“多维数组”；本节点概括为：具有两个或多个下标维度的数组结构。
DS_TOP_116,行优先存储,Mechanism,数据结构,第3章 栈、队列和数组,按行序将二维数组元素映射到一维存储空间的方法。,,2,3,王道2027数据结构，数组和特殊矩阵，教材p100（PDF页111）,数组和特殊矩阵,100,教材在“数组和特殊矩阵”中出现或讲解“行优先存储”；本节点概括为：按行序将二维数组元素映射到一维存储空间的方法。
DS_TOP_117,列优先存储,Mechanism,数据结构,第3章 栈、队列和数组,按列序将二维数组元素映射到一维存储空间的方法。,,2,3,王道2027数据结构，数组和特殊矩阵，教材p100（PDF页111）,数组和特殊矩阵,100,教材在“数组和特殊矩阵”中出现或讲解“列优先存储”；本节点概括为：按列序将二维数组元素映射到一维存储空间的方法。
DS_TOP_118,矩阵压缩存储,Mechanism,数据结构,第3章 栈、队列和数组,只存储矩阵中必要元素以节省空间的存储方法。,,3,4,王道2027数据结构，数组和特殊矩阵，教材p100（PDF页111）,数组和特殊矩阵,100,教材在“数组和特殊矩阵”中出现或讲解“矩阵压缩存储”；本节点概括为：只存储矩阵中必要元素以节省空间的存储方法。
DS_TOP_119,特殊矩阵,DataStructure,数据结构,第3章 栈、队列和数组,具有元素分布规律、可压缩存储的矩阵。,,2,4,王道2027数据结构，数组和特殊矩阵，教材p100（PDF页111）,数组和特殊矩阵,100,教材在“数组和特殊矩阵”中出现或讲解“特殊矩阵”；本节点概括为：具有元素分布规律、可压缩存储的矩阵。
DS_TOP_120,对称矩阵,DataStructure,数据结构,第3章 栈、队列和数组,满足a_ij=a_ji的方阵。,,2,4,王道2027数据结构，数组和特殊矩阵，教材p100（PDF页111）,数组和特殊矩阵,100,教材在“数组和特殊矩阵”中出现或讲解“对称矩阵”；本节点概括为：满足a_ij=a_ji的方阵。
DS_TOP_121,三角矩阵,DataStructure,数据结构,第3章 栈、队列和数组,上三角或下三角区域之外元素相同或为零的矩阵。,,2,4,王道2027数据结构，数组和特殊矩阵，教材p100（PDF页111）,数组和特殊矩阵,100,教材在“数组和特殊矩阵”中出现或讲解“三角矩阵”；本节点概括为：上三角或下三角区域之外元素相同或为零的矩阵。
DS_TOP_122,三对角矩阵,DataStructure,数据结构,第3章 栈、队列和数组,非零元素集中在主对角线及其上下相邻对角线的矩阵。,带状矩阵,3,4,王道2027数据结构，数组和特殊矩阵，教材p100（PDF页111）,数组和特殊矩阵,100,教材在“数组和特殊矩阵”中出现或讲解“三对角矩阵”；本节点概括为：非零元素集中在主对角线及其上下相邻对角线的矩阵。
DS_TOP_123,稀疏矩阵,DataStructure,数据结构,第3章 栈、队列和数组,非零元素个数远少于矩阵元素总数的矩阵。,,3,4,王道2027数据结构，数组和特殊矩阵，教材p100（PDF页111）,数组和特殊矩阵,100,教材在“数组和特殊矩阵”中出现或讲解“稀疏矩阵”；本节点概括为：非零元素个数远少于矩阵元素总数的矩阵。
DS_TOP_124,三元组,DataStructure,数据结构,第3章 栈、队列和数组,用行号、列号和值描述稀疏矩阵非零元素的结构。,,3,4,王道2027数据结构，数组和特殊矩阵，教材p100（PDF页111）,数组和特殊矩阵,100,教材在“数组和特殊矩阵”中出现或讲解“三元组”；本节点概括为：用行号、列号和值描述稀疏矩阵非零元素的结构。
DS_TOP_125,稀疏矩阵十字链表,DataStructure,数据结构,第3章 栈、队列和数组,用于稀疏矩阵的行列双向链式表示。,稀疏矩阵十字链表,4,3,王道2027数据结构，数组和特殊矩阵，教材p100（PDF页111）,数组和特殊矩阵,100,教材在“数组和特殊矩阵”中出现或讲解“稀疏矩阵十字链表”；本节点概括为：用于稀疏矩阵的行列双向链式表示。
DS_TOP_126,第4章 串,Topic,数据结构,第4章 串,研究串的定义、存储实现和模式匹配，重点是KMP算法及next数组。,,3,5,王道2027数据结构，第4章 串，教材p109（PDF页120）,第4章 串,109,教材在“第4章 串”中出现或讲解“第4章 串”；本节点概括为：研究串的定义、存储实现和模式匹配，重点是KMP算法及next数组。
DS_TOP_127,串的定义和实现,Topic,数据结构,第4章 串,说明串、子串、主串、模式串以及串的基本操作和存储结构。,,3,4,王道2027数据结构，串的定义和实现，教材p109（PDF页120）,串的定义和实现,109,教材在“串的定义和实现”中出现或讲解“串的定义和实现”；本节点概括为：说明串、子串、主串、模式串以及串的基本操作和存储结构。
DS_TOP_128,串,DataStructure,数据结构,第4章 串,由零个或多个字符组成的有限序列。,"字符串,String",2,5,王道2027数据结构，串的定义和实现，教材p109（PDF页120）,串的定义和实现,109,教材在“串的定义和实现”中出现或讲解“串”；本节点概括为：由零个或多个字符组成的有限序列。
DS_TOP_129,空串,DataStructure,数据结构,第4章 串,长度为0的串。,,1,3,王道2027数据结构，串的定义和实现，教材p109（PDF页120）,串的定义和实现,109,教材在“串的定义和实现”中出现或讲解“空串”；本节点概括为：长度为0的串。
DS_TOP_130,子串,Concept,数据结构,第4章 串,串中任意连续字符组成的子序列。,,1,4,王道2027数据结构，串的定义和实现，教材p109（PDF页120）,串的定义和实现,109,教材在“串的定义和实现”中出现或讲解“子串”；本节点概括为：串中任意连续字符组成的子序列。
DS_TOP_131,主串,Concept,数据结构,第4章 串,被匹配或被查找的目标串。,,1,4,王道2027数据结构，串的定义和实现，教材p109（PDF页120）,串的定义和实现,109,教材在“串的定义和实现”中出现或讲解“主串”；本节点概括为：被匹配或被查找的目标串。
DS_TOP_132,模式串,Concept,数据结构,第4章 串,在主串中需要查找的串。,模式,2,5,王道2027数据结构，串的定义和实现，教材p109（PDF页120）,串的定义和实现,109,教材在“串的定义和实现”中出现或讲解“模式串”；本节点概括为：在主串中需要查找的串。
DS_TOP_133,串长,Metric,数据结构,第4章 串,串中字符的个数。,,1,3,王道2027数据结构，串的定义和实现，教材p109（PDF页120）,串的定义和实现,109,教材在“串的定义和实现”中出现或讲解“串长”；本节点概括为：串中字符的个数。
DS_TOP_134,串的顺序存储,Mechanism,数据结构,第4章 串,用连续存储空间存放串中字符的实现方式。,,2,4,王道2027数据结构，串的定义和实现，教材p109（PDF页120）,串的定义和实现,109,教材在“串的定义和实现”中出现或讲解“串的顺序存储”；本节点概括为：用连续存储空间存放串中字符的实现方式。
DS_TOP_135,串的链式存储,Mechanism,数据结构,第4章 串,用链表结点存储串中字符或字符块的实现方式。,,3,3,王道2027数据结构，串的定义和实现，教材p109（PDF页120）,串的定义和实现,109,教材在“串的定义和实现”中出现或讲解“串的链式存储”；本节点概括为：用链表结点存储串中字符或字符块的实现方式。
DS_TOP_136,串的模式匹配,Topic,数据结构,第4章 串,说明简单模式匹配、KMP算法及其优化。,,3,4,王道2027数据结构，串的模式匹配，教材p111（PDF页122）,串的模式匹配,111,教材在“串的模式匹配”中出现或讲解“串的模式匹配”；本节点概括为：说明简单模式匹配、KMP算法及其优化。
DS_TOP_137,模式匹配,Problem,数据结构,第4章 串,在主串中查找与模式串相等子串的位置的问题。,,3,5,王道2027数据结构，串的模式匹配，教材p111（PDF页122）,串的模式匹配,111,教材在“串的模式匹配”中出现或讲解“模式匹配”；本节点概括为：在主串中查找与模式串相等子串的位置的问题。
DS_TOP_138,简单模式匹配算法,Algorithm,数据结构,第4章 串,逐个起始位置尝试匹配模式串的朴素算法。,朴素匹配,2,4,王道2027数据结构，串的模式匹配，教材p111（PDF页122）,串的模式匹配,111,教材在“串的模式匹配”中出现或讲解“简单模式匹配算法”；本节点概括为：逐个起始位置尝试匹配模式串的朴素算法。
DS_TOP_139,KMP算法,Algorithm,数据结构,第4章 串,利用已匹配信息避免主串指针回溯的模式匹配算法。,,4,5,王道2027数据结构，串的模式匹配，教材p111（PDF页122）,串的模式匹配,111,教材在“串的模式匹配”中出现或讲解“KMP算法”；本节点概括为：利用已匹配信息避免主串指针回溯的模式匹配算法。
DS_TOP_140,next数组,DataStructure,数据结构,第4章 串,记录模式串在失配时应跳转位置的辅助数组。,,4,5,王道2027数据结构，串的模式匹配，教材p111（PDF页122）,串的模式匹配,111,教材在“串的模式匹配”中出现或讲解“next数组”；本节点概括为：记录模式串在失配时应跳转位置的辅助数组。
DS_TOP_141,nextval数组,DataStructure,数据结构,第4章 串,对next数组进一步优化以减少重复比较的辅助数组。,,4,4,王道2027数据结构，串的模式匹配，教材p111（PDF页122）,串的模式匹配,111,教材在“串的模式匹配”中出现或讲解“nextval数组”；本节点概括为：对next数组进一步优化以减少重复比较的辅助数组。
DS_TOP_142,失配,Problem,数据结构,第4章 串,模式串当前字符与主串当前字符比较不相等的情况。,,3,4,王道2027数据结构，串的模式匹配，教材p111（PDF页122）,串的模式匹配,111,教材在“串的模式匹配”中出现或讲解“失配”；本节点概括为：模式串当前字符与主串当前字符比较不相等的情况。
DS_TOP_143,主串指针回溯,Problem,数据结构,第4章 串,朴素匹配中主串指针反复退回导致效率降低的问题。,,3,4,王道2027数据结构，串的模式匹配，教材p111（PDF页122）,串的模式匹配,111,教材在“串的模式匹配”中出现或讲解“主串指针回溯”；本节点概括为：朴素匹配中主串指针反复退回导致效率降低的问题。
DS_TOP_144,部分匹配,Mechanism,数据结构,第4章 串,利用模式串前后缀相同部分决定下一次比较位置的思想。,,4,4,王道2027数据结构，串的模式匹配，教材p111（PDF页122）,串的模式匹配,111,教材在“串的模式匹配”中出现或讲解“部分匹配”；本节点概括为：利用模式串前后缀相同部分决定下一次比较位置的思想。
DS_TOP_145,第5章 树与二叉树,Topic,数据结构,第5章 树与二叉树,研究树、二叉树、遍历、线索二叉树、树/森林转换、哈夫曼树和并查集。,,3,5,王道2027数据结构，第5章 树与二叉树，教材p124（PDF页135）,第5章 树与二叉树,124,教材在“第5章 树与二叉树”中出现或讲解“第5章 树与二叉树”；本节点概括为：研究树、二叉树、遍历、线索二叉树、树/森林转换、哈夫曼树和并查集。
DS_TOP_146,树的基本概念,Topic,数据结构,第5章 树与二叉树,说明树的定义、基本术语和基本性质。,,3,4,王道2027数据结构，树的基本概念，教材p124（PDF页135）,树的基本概念,124,教材在“树的基本概念”中出现或讲解“树的基本概念”；本节点概括为：说明树的定义、基本术语和基本性质。
DS_TOP_147,树,DataStructure,数据结构,第5章 树与二叉树,由n个结点构成的有限集合，n=0时为空树，非空树具有唯一根结点。,Tree,2,5,王道2027数据结构，树的基本概念，教材p124（PDF页135）,树的基本概念,124,教材在“树的基本概念”中出现或讲解“树”；本节点概括为：由n个结点构成的有限集合，n=0时为空树，非空树具有唯一根结点。
DS_TOP_148,空树,DataStructure,数据结构,第5章 树与二叉树,结点数为0的树。,,1,2,王道2027数据结构，树的基本概念，教材p124（PDF页135）,树的基本概念,124,教材在“树的基本概念”中出现或讲解“空树”；本节点概括为：结点数为0的树。
DS_TOP_149,根结点,ComputingObject,数据结构,第5章 树与二叉树,树中没有前驱的唯一结点。,根节点,1,5,王道2027数据结构，树的基本概念，教材p124（PDF页135）,树的基本概念,124,教材在“树的基本概念”中出现或讲解“根结点”；本节点概括为：树中没有前驱的唯一结点。
DS_TOP_150,叶结点,ComputingObject,数据结构,第5章 树与二叉树,度为0的结点。,"叶子结点,终端结点",1,5,王道2027数据结构，树的基本概念，教材p124（PDF页135）,树的基本概念,124,教材在“树的基本概念”中出现或讲解“叶结点”；本节点概括为：度为0的结点。
DS_TOP_151,分支结点,ComputingObject,数据结构,第5章 树与二叉树,度大于0的结点。,非终端结点,1,3,王道2027数据结构，树的基本概念，教材p124（PDF页135）,树的基本概念,124,教材在“树的基本概念”中出现或讲解“分支结点”；本节点概括为：度大于0的结点。
DS_TOP_152,结点的度,Metric,数据结构,第5章 树与二叉树,结点拥有的孩子结点数。,,2,5,王道2027数据结构，树的基本概念，教材p124（PDF页135）,树的基本概念,124,教材在“树的基本概念”中出现或讲解“结点的度”；本节点概括为：结点拥有的孩子结点数。
DS_TOP_153,树的度,Metric,数据结构,第5章 树与二叉树,树中所有结点度的最大值。,,2,5,王道2027数据结构，树的基本概念，教材p124（PDF页135）,树的基本概念,124,教材在“树的基本概念”中出现或讲解“树的度”；本节点概括为：树中所有结点度的最大值。
DS_TOP_154,孩子结点,ComputingObject,数据结构,第5章 树与二叉树,某结点的直接后继。,,1,3,王道2027数据结构，树的基本概念，教材p124（PDF页135）,树的基本概念,124,教材在“树的基本概念”中出现或讲解“孩子结点”；本节点概括为：某结点的直接后继。
DS_TOP_155,双亲结点,ComputingObject,数据结构,第5章 树与二叉树,某结点的直接前驱。,父结点,1,3,王道2027数据结构，树的基本概念，教材p124（PDF页135）,树的基本概念,124,教材在“树的基本概念”中出现或讲解“双亲结点”；本节点概括为：某结点的直接前驱。
DS_TOP_156,兄弟结点,ComputingObject,数据结构,第5章 树与二叉树,具有同一双亲的结点。,,1,3,王道2027数据结构，树的基本概念，教材p124（PDF页135）,树的基本概念,124,教材在“树的基本概念”中出现或讲解“兄弟结点”；本节点概括为：具有同一双亲的结点。
DS_TOP_157,祖先结点,ComputingObject,数据结构,第5章 树与二叉树,从根到该结点路径上经过的所有前驱结点。,,2,3,王道2027数据结构，树的基本概念，教材p124（PDF页135）,树的基本概念,124,教材在“树的基本概念”中出现或讲解“祖先结点”；本节点概括为：从根到该结点路径上经过的所有前驱结点。
DS_TOP_158,子孙结点,ComputingObject,数据结构,第5章 树与二叉树,以某结点为根的子树中的所有结点。,,2,3,王道2027数据结构，树的基本概念，教材p124（PDF页135）,树的基本概念,124,教材在“树的基本概念”中出现或讲解“子孙结点”；本节点概括为：以某结点为根的子树中的所有结点。
DS_TOP_159,层次,Metric,数据结构,第5章 树与二叉树,根为第1层，向下逐层增加的结点层号。,,2,4,王道2027数据结构，树的基本概念，教材p124（PDF页135）,树的基本概念,124,教材在“树的基本概念”中出现或讲解“层次”；本节点概括为：根为第1层，向下逐层增加的结点层号。
DS_TOP_160,高度,Metric,数据结构,第5章 树与二叉树,树中结点的最大层数。,深度,2,4,王道2027数据结构，树的基本概念，教材p124（PDF页135）,树的基本概念,124,教材在“树的基本概念”中出现或讲解“高度”；本节点概括为：树中结点的最大层数。
DS_TOP_161,路径,Concept,数据结构,第5章 树与二叉树,从一个结点到另一个结点所经过的结点序列。,,2,3,王道2027数据结构，树的基本概念，教材p124（PDF页135）,树的基本概念,124,教材在“树的基本概念”中出现或讲解“路径”；本节点概括为：从一个结点到另一个结点所经过的结点序列。
DS_TOP_162,森林,DataStructure,数据结构,第5章 树与二叉树,m棵互不相交的树的集合。,,2,4,王道2027数据结构，树的基本概念，教材p124（PDF页135）,树的基本概念,124,教材在“树的基本概念”中出现或讲解“森林”；本节点概括为：m棵互不相交的树的集合。
DS_TOP_163,二叉树的概念,Topic,数据结构,第5章 树与二叉树,说明二叉树的定义、主要特性和存储结构。,,3,4,王道2027数据结构，二叉树的概念，教材p129（PDF页140）,二叉树的概念,129,教材在“二叉树的概念”中出现或讲解“二叉树的概念”；本节点概括为：说明二叉树的定义、主要特性和存储结构。
DS_TOP_164,二叉树,DataStructure,数据结构,第5章 树与二叉树,每个结点至多有两棵子树，且左右子树有序的树结构。,Binary Tree,2,5,王道2027数据结构，二叉树的概念，教材p129（PDF页140）,二叉树的概念,129,教材在“二叉树的概念”中出现或讲解“二叉树”；本节点概括为：每个结点至多有两棵子树，且左右子树有序的树结构。
DS_TOP_165,左子树,DataStructure,数据结构,第5章 树与二叉树,二叉树结点的左侧子树。,,1,3,王道2027数据结构，二叉树的概念，教材p129（PDF页140）,二叉树的概念,129,教材在“二叉树的概念”中出现或讲解“左子树”；本节点概括为：二叉树结点的左侧子树。
DS_TOP_166,右子树,DataStructure,数据结构,第5章 树与二叉树,二叉树结点的右侧子树。,,1,3,王道2027数据结构，二叉树的概念，教材p129（PDF页140）,二叉树的概念,129,教材在“二叉树的概念”中出现或讲解“右子树”；本节点概括为：二叉树结点的右侧子树。
DS_TOP_167,满二叉树,DataStructure,数据结构,第5章 树与二叉树,除叶结点外每个结点都有两个孩子且叶子在同一层的二叉树。,,2,4,王道2027数据结构，二叉树的概念，教材p129（PDF页140）,二叉树的概念,129,教材在“二叉树的概念”中出现或讲解“满二叉树”；本节点概括为：除叶结点外每个结点都有两个孩子且叶子在同一层的二叉树。
DS_TOP_168,完全二叉树,DataStructure,数据结构,第5章 树与二叉树,按层序编号与同高度满二叉树对应位置一致的二叉树。,,3,5,王道2027数据结构，二叉树的概念，教材p129（PDF页140）,二叉树的概念,129,教材在“二叉树的概念”中出现或讲解“完全二叉树”；本节点概括为：按层序编号与同高度满二叉树对应位置一致的二叉树。
DS_TOP_169,二叉链表,DataStructure,数据结构,第5章 树与二叉树,每个二叉树结点含数据域、左指针和右指针的链式存储结构。,,2,5,王道2027数据结构，二叉树的概念，教材p129（PDF页140）,二叉树的概念,129,教材在“二叉树的概念”中出现或讲解“二叉链表”；本节点概括为：每个二叉树结点含数据域、左指针和右指针的链式存储结构。
DS_TOP_170,顺序存储二叉树,DataStructure,数据结构,第5章 树与二叉树,按层序编号将二叉树结点存入数组的存储方式。,,2,4,王道2027数据结构，二叉树的概念，教材p129（PDF页140）,二叉树的概念,129,教材在“二叉树的概念”中出现或讲解“顺序存储二叉树”；本节点概括为：按层序编号将二叉树结点存入数组的存储方式。
DS_TOP_171,至多两个孩子,Property,数据结构,第5章 树与二叉树,二叉树每个结点最多有两个孩子的性质。,,1,4,王道2027数据结构，二叉树的概念，教材p129（PDF页140）,二叉树的概念,129,教材在“二叉树的概念”中出现或讲解“至多两个孩子”；本节点概括为：二叉树每个结点最多有两个孩子的性质。
DS_TOP_172,二叉树的遍历和线索二叉树,Topic,数据结构,第5章 树与二叉树,说明二叉树遍历序列、线索化思想和线索二叉树。,,3,4,王道2027数据结构，二叉树的遍历和线索二叉树，教材p140（PDF页151）,二叉树的遍历和线索二叉树,140,教材在“二叉树的遍历和线索二叉树”中出现或讲解“二叉树的遍历和线索二叉树”；本节点概括为：说明二叉树遍历序列、线索化思想和线索二叉树。
DS_TOP_173,二叉树遍历,Algorithm,数据结构,第5章 树与二叉树,按照某种次序访问二叉树中每个结点且仅访问一次的过程。,,3,5,王道2027数据结构，二叉树的遍历和线索二叉树，教材p140（PDF页151）,二叉树的遍历和线索二叉树,140,教材在“二叉树的遍历和线索二叉树”中出现或讲解“二叉树遍历”；本节点概括为：按照某种次序访问二叉树中每个结点且仅访问一次的过程。
DS_TOP_174,先序遍历,Algorithm,数据结构,第5章 树与二叉树,按根、左子树、右子树顺序访问二叉树的遍历。,前序遍历,2,5,王道2027数据结构，二叉树的遍历和线索二叉树，教材p140（PDF页151）,二叉树的遍历和线索二叉树,140,教材在“二叉树的遍历和线索二叉树”中出现或讲解“先序遍历”；本节点概括为：按根、左子树、右子树顺序访问二叉树的遍历。
DS_TOP_175,中序遍历,Algorithm,数据结构,第5章 树与二叉树,按左子树、根、右子树顺序访问二叉树的遍历。,,2,5,王道2027数据结构，二叉树的遍历和线索二叉树，教材p140（PDF页151）,二叉树的遍历和线索二叉树,140,教材在“二叉树的遍历和线索二叉树”中出现或讲解“中序遍历”；本节点概括为：按左子树、根、右子树顺序访问二叉树的遍历。
DS_TOP_176,后序遍历,Algorithm,数据结构,第5章 树与二叉树,按左子树、右子树、根顺序访问二叉树的遍历。,,2,5,王道2027数据结构，二叉树的遍历和线索二叉树，教材p140（PDF页151）,二叉树的遍历和线索二叉树,140,教材在“二叉树的遍历和线索二叉树”中出现或讲解“后序遍历”；本节点概括为：按左子树、右子树、根顺序访问二叉树的遍历。
DS_TOP_177,线索二叉树,DataStructure,数据结构,第5章 树与二叉树,利用空指针域存放遍历前驱或后继线索的二叉树。,,4,5,王道2027数据结构，二叉树的遍历和线索二叉树，教材p140（PDF页151）,二叉树的遍历和线索二叉树,140,教材在“二叉树的遍历和线索二叉树”中出现或讲解“线索二叉树”；本节点概括为：利用空指针域存放遍历前驱或后继线索的二叉树。
DS_TOP_178,线索化,Operation,数据结构,第5章 树与二叉树,将二叉树空指针改造为前驱或后继线索的过程。,,4,4,王道2027数据结构，二叉树的遍历和线索二叉树，教材p140（PDF页151）,二叉树的遍历和线索二叉树,140,教材在“二叉树的遍历和线索二叉树”中出现或讲解“线索化”；本节点概括为：将二叉树空指针改造为前驱或后继线索的过程。
DS_TOP_179,前驱线索,ComputingObject,数据结构,第5章 树与二叉树,指向遍历序列中前驱结点的线索。,,3,3,王道2027数据结构，二叉树的遍历和线索二叉树，教材p140（PDF页151）,二叉树的遍历和线索二叉树,140,教材在“二叉树的遍历和线索二叉树”中出现或讲解“前驱线索”；本节点概括为：指向遍历序列中前驱结点的线索。
DS_TOP_180,后继线索,ComputingObject,数据结构,第5章 树与二叉树,指向遍历序列中后继结点的线索。,,3,3,王道2027数据结构，二叉树的遍历和线索二叉树，教材p140（PDF页151）,二叉树的遍历和线索二叉树,140,教材在“二叉树的遍历和线索二叉树”中出现或讲解“后继线索”；本节点概括为：指向遍历序列中后继结点的线索。
DS_TOP_181,中序线索二叉树,DataStructure,数据结构,第5章 树与二叉树,按照中序遍历序列线索化得到的线索二叉树。,,4,4,王道2027数据结构，二叉树的遍历和线索二叉树，教材p140（PDF页151）,二叉树的遍历和线索二叉树,140,教材在“二叉树的遍历和线索二叉树”中出现或讲解“中序线索二叉树”；本节点概括为：按照中序遍历序列线索化得到的线索二叉树。
DS_TOP_182,遍历序列还原二叉树,Example,数据结构,第5章 树与二叉树,根据先序/中序、后序/中序等序列确定二叉树的典型题型。,,4,5,王道2027数据结构，二叉树的遍历和线索二叉树，教材p140（PDF页151）,二叉树的遍历和线索二叉树,140,教材在“二叉树的遍历和线索二叉树”中出现或讲解“遍历序列还原二叉树”；本节点概括为：根据先序/中序、后序/中序等序列确定二叉树的典型题型。
DS_TOP_183,树、森林,Topic,数据结构,第5章 树与二叉树,说明树的存储结构、树/森林与二叉树的转换及遍历。,,3,4,王道2027数据结构，树、森林，教材p168（PDF页179）,树、森林,168,教材在“树、森林”中出现或讲解“树、森林”；本节点概括为：说明树的存储结构、树/森林与二叉树的转换及遍历。
DS_TOP_184,双亲表示法,DataStructure,数据结构,第5章 树与二叉树,用数组记录每个结点及其双亲位置的树存储结构。,,3,3,王道2027数据结构，树、森林，教材p168（PDF页179）,树、森林,168,教材在“树、森林”中出现或讲解“双亲表示法”；本节点概括为：用数组记录每个结点及其双亲位置的树存储结构。
DS_TOP_185,孩子表示法,DataStructure,数据结构,第5章 树与二叉树,用孩子链表记录每个结点孩子集合的树存储结构。,,3,3,王道2027数据结构，树、森林，教材p168（PDF页179）,树、森林,168,教材在“树、森林”中出现或讲解“孩子表示法”；本节点概括为：用孩子链表记录每个结点孩子集合的树存储结构。
DS_TOP_186,孩子兄弟表示法,DataStructure,数据结构,第5章 树与二叉树,用左孩子右兄弟指针表示树的链式存储结构。,,3,5,王道2027数据结构，树、森林，教材p168（PDF页179）,树、森林,168,教材在“树、森林”中出现或讲解“孩子兄弟表示法”；本节点概括为：用左孩子右兄弟指针表示树的链式存储结构。
DS_TOP_187,树与二叉树转换,Mechanism,数据结构,第5章 树与二叉树,用孩子兄弟关系把一般树转换为二叉树的方法。,,3,5,王道2027数据结构，树、森林，教材p168（PDF页179）,树、森林,168,教材在“树、森林”中出现或讲解“树与二叉树转换”；本节点概括为：用孩子兄弟关系把一般树转换为二叉树的方法。
DS_TOP_188,森林与二叉树转换,Mechanism,数据结构,第5章 树与二叉树,把森林中各树按兄弟关系连接并转化为二叉树的方法。,,3,4,王道2027数据结构，树、森林，教材p168（PDF页179）,树、森林,168,教材在“树、森林”中出现或讲解“森林与二叉树转换”；本节点概括为：把森林中各树按兄弟关系连接并转化为二叉树的方法。
DS_TOP_189,树的遍历,Algorithm,数据结构,第5章 树与二叉树,按照先根、后根等次序访问树中结点的过程。,,3,4,王道2027数据结构，树、森林，教材p168（PDF页179）,树、森林,168,教材在“树、森林”中出现或讲解“树的遍历”；本节点概括为：按照先根、后根等次序访问树中结点的过程。
DS_TOP_190,森林的遍历,Algorithm,数据结构,第5章 树与二叉树,按照先序或中序等规则访问森林中所有结点的过程。,,3,3,王道2027数据结构，树、森林，教材p168（PDF页179）,树、森林,168,教材在“树、森林”中出现或讲解“森林的遍历”；本节点概括为：按照先序或中序等规则访问森林中所有结点的过程。
DS_TOP_191,树与二叉树的应用,Topic,数据结构,第5章 树与二叉树,说明哈夫曼树、哈夫曼编码和并查集等应用。,,3,4,王道2027数据结构，树与二叉树的应用，教材p180（PDF页191）,树与二叉树的应用,180,教材在“树与二叉树的应用”中出现或讲解“树与二叉树的应用”；本节点概括为：说明哈夫曼树、哈夫曼编码和并查集等应用。
DS_TOP_192,哈夫曼树,DataStructure,数据结构,第5章 树与二叉树,带权路径长度最小的二叉树。,最优二叉树,4,5,王道2027数据结构，树与二叉树的应用，教材p180（PDF页191）,树与二叉树的应用,180,教材在“树与二叉树的应用”中出现或讲解“哈夫曼树”；本节点概括为：带权路径长度最小的二叉树。
DS_TOP_193,哈夫曼编码,Algorithm,数据结构,第5章 树与二叉树,根据哈夫曼树为字符构造的前缀编码。,,4,5,王道2027数据结构，树与二叉树的应用，教材p180（PDF页191）,树与二叉树的应用,180,教材在“树与二叉树的应用”中出现或讲解“哈夫曼编码”；本节点概括为：根据哈夫曼树为字符构造的前缀编码。
DS_TOP_194,权,Metric,数据结构,第5章 树与二叉树,赋予结点或边的数值，用于度量代价或频率。,,2,4,王道2027数据结构，树与二叉树的应用，教材p180（PDF页191）,树与二叉树的应用,180,教材在“树与二叉树的应用”中出现或讲解“权”；本节点概括为：赋予结点或边的数值，用于度量代价或频率。
DS_TOP_195,带权路径长度,Metric,数据结构,第5章 树与二叉树,树中所有叶结点的权值乘以路径长度之和。,WPL,4,5,王道2027数据结构，树与二叉树的应用，教材p180（PDF页191）,树与二叉树的应用,180,教材在“树与二叉树的应用”中出现或讲解“带权路径长度”；本节点概括为：树中所有叶结点的权值乘以路径长度之和。
DS_TOP_196,前缀编码,Property,数据结构,第5章 树与二叉树,任一编码都不是其他编码前缀的编码性质。,,3,4,王道2027数据结构，树与二叉树的应用，教材p180（PDF页191）,树与二叉树的应用,180,教材在“树与二叉树的应用”中出现或讲解“前缀编码”；本节点概括为：任一编码都不是其他编码前缀的编码性质。
DS_TOP_197,并查集,DataStructure,数据结构,第5章 树与二叉树,支持查找所属集合与合并集合的树形集合结构。,Disjoint Set,4,5,王道2027数据结构，树与二叉树的应用，教材p180（PDF页191）,树与二叉树的应用,180,教材在“树与二叉树的应用”中出现或讲解“并查集”；本节点概括为：支持查找所属集合与合并集合的树形集合结构。
DS_TOP_198,查找根,Operation,数据结构,第5章 树与二叉树,在并查集中找到元素所在集合代表元的操作。,Find,3,4,王道2027数据结构，树与二叉树的应用，教材p180（PDF页191）,树与二叉树的应用,180,教材在“树与二叉树的应用”中出现或讲解“查找根”；本节点概括为：在并查集中找到元素所在集合代表元的操作。
DS_TOP_199,合并集合,Operation,数据结构,第5章 树与二叉树,将两个互不相交集合合并为一个集合的操作。,Union,3,4,王道2027数据结构，树与二叉树的应用，教材p180（PDF页191）,树与二叉树的应用,180,教材在“树与二叉树的应用”中出现或讲解“合并集合”；本节点概括为：将两个互不相交集合合并为一个集合的操作。
DS_TOP_200,路径压缩,Algorithm,数据结构,第5章 树与二叉树,在查找根时压缩结点到根路径以降低后续查找代价的优化。,,4,4,王道2027数据结构，树与二叉树的应用，教材p180（PDF页191）,树与二叉树的应用,180,教材在“树与二叉树的应用”中出现或讲解“路径压缩”；本节点概括为：在查找根时压缩结点到根路径以降低后续查找代价的优化。
DS_TOP_201,并查集查找效率,Metric,数据结构,第5章 树与二叉树,评价并查集查找操作开销的指标。,,4,3,王道2027数据结构，树与二叉树的应用，教材p180（PDF页191）,树与二叉树的应用,180,教材在“树与二叉树的应用”中出现或讲解“并查集查找效率”；本节点概括为：评价并查集查找操作开销的指标。
DS_TOP_202,第6章 图,Topic,数据结构,第6章 图,研究图的基本概念、存储结构、遍历以及最小生成树、最短路径、拓扑排序和关键路径。,,3,5,王道2027数据结构，第6章 图，教材p194（PDF页205）,第6章 图,194,教材在“第6章 图”中出现或讲解“第6章 图”；本节点概括为：研究图的基本概念、存储结构、遍历以及最小生成树、最短路径、拓扑排序和关键路径。
DS_TOP_203,图的基本概念,Topic,数据结构,第6章 图,说明图、顶点、边、度、路径、连通性等基本概念。,,3,4,王道2027数据结构，图的基本概念，教材p194（PDF页205）,图的基本概念,194,教材在“图的基本概念”中出现或讲解“图的基本概念”；本节点概括为：说明图、顶点、边、度、路径、连通性等基本概念。
DS_TOP_204,图,DataStructure,数据结构,第6章 图,由顶点集合和边集合组成的数据结构。,Graph,3,5,王道2027数据结构，图的基本概念，教材p194（PDF页205）,图的基本概念,194,教材在“图的基本概念”中出现或讲解“图”；本节点概括为：由顶点集合和边集合组成的数据结构。
DS_TOP_205,顶点,ComputingObject,数据结构,第6章 图,图中的数据元素。,,1,5,王道2027数据结构，图的基本概念，教材p194（PDF页205）,图的基本概念,194,教材在“图的基本概念”中出现或讲解“顶点”；本节点概括为：图中的数据元素。
DS_TOP_206,边,ComputingObject,数据结构,第6章 图,连接两个顶点的关系。,,1,5,王道2027数据结构，图的基本概念，教材p194（PDF页205）,图的基本概念,194,教材在“图的基本概念”中出现或讲解“边”；本节点概括为：连接两个顶点的关系。
DS_TOP_207,有向图,DataStructure,数据结构,第6章 图,每条边都有方向的图。,,2,4,王道2027数据结构，图的基本概念，教材p194（PDF页205）,图的基本概念,194,教材在“图的基本概念”中出现或讲解“有向图”；本节点概括为：每条边都有方向的图。
DS_TOP_208,无向图,DataStructure,数据结构,第6章 图,每条边没有方向的图。,,2,4,王道2027数据结构，图的基本概念，教材p194（PDF页205）,图的基本概念,194,教材在“图的基本概念”中出现或讲解“无向图”；本节点概括为：每条边没有方向的图。
DS_TOP_209,弧,ComputingObject,数据结构,第6章 图,有向图中的有向边。,,2,3,王道2027数据结构，图的基本概念，教材p194（PDF页205）,图的基本概念,194,教材在“图的基本概念”中出现或讲解“弧”；本节点概括为：有向图中的有向边。
DS_TOP_210,网,DataStructure,数据结构,第6章 图,边或弧带权值的图。,网络,2,4,王道2027数据结构，图的基本概念，教材p194（PDF页205）,图的基本概念,194,教材在“图的基本概念”中出现或讲解“网”；本节点概括为：边或弧带权值的图。
DS_TOP_211,简单图,DataStructure,数据结构,第6章 图,不存在重复边且不存在顶点到自身边的图。,,2,3,王道2027数据结构，图的基本概念，教材p194（PDF页205）,图的基本概念,194,教材在“图的基本概念”中出现或讲解“简单图”；本节点概括为：不存在重复边且不存在顶点到自身边的图。
DS_TOP_212,完全图,DataStructure,数据结构,第6章 图,任意两个顶点之间都有边相连的图。,,3,3,王道2027数据结构，图的基本概念，教材p194（PDF页205）,图的基本概念,194,教材在“图的基本概念”中出现或讲解“完全图”；本节点概括为：任意两个顶点之间都有边相连的图。
DS_TOP_213,子图,DataStructure,数据结构,第6章 图,顶点集合和边集合均为原图子集的图。,,2,3,王道2027数据结构，图的基本概念，教材p194（PDF页205）,图的基本概念,194,教材在“图的基本概念”中出现或讲解“子图”；本节点概括为：顶点集合和边集合均为原图子集的图。
DS_TOP_214,邻接,Concept,数据结构,第6章 图,两个顶点之间存在边或弧相连的关系。,,2,3,王道2027数据结构，图的基本概念，教材p194（PDF页205）,图的基本概念,194,教材在“图的基本概念”中出现或讲解“邻接”；本节点概括为：两个顶点之间存在边或弧相连的关系。
DS_TOP_215,度,Metric,数据结构,第6章 图,无向图中与某顶点相关联的边数。,,2,4,王道2027数据结构，图的基本概念，教材p194（PDF页205）,图的基本概念,194,教材在“图的基本概念”中出现或讲解“度”；本节点概括为：无向图中与某顶点相关联的边数。
DS_TOP_216,入度,Metric,数据结构,第6章 图,有向图中以某顶点为终点的弧数。,,2,4,王道2027数据结构，图的基本概念，教材p194（PDF页205）,图的基本概念,194,教材在“图的基本概念”中出现或讲解“入度”；本节点概括为：有向图中以某顶点为终点的弧数。
DS_TOP_217,出度,Metric,数据结构,第6章 图,有向图中以某顶点为起点的弧数。,,2,4,王道2027数据结构，图的基本概念，教材p194（PDF页205）,图的基本概念,194,教材在“图的基本概念”中出现或讲解“出度”；本节点概括为：有向图中以某顶点为起点的弧数。
DS_TOP_218,连通图,DataStructure,数据结构,第6章 图,任意两个顶点之间都有路径的无向图。,,3,4,王道2027数据结构，图的基本概念，教材p194（PDF页205）,图的基本概念,194,教材在“图的基本概念”中出现或讲解“连通图”；本节点概括为：任意两个顶点之间都有路径的无向图。
DS_TOP_219,强连通图,DataStructure,数据结构,第6章 图,任意两个顶点之间都互相可达的有向图。,,4,4,王道2027数据结构，图的基本概念，教材p194（PDF页205）,图的基本概念,194,教材在“图的基本概念”中出现或讲解“强连通图”；本节点概括为：任意两个顶点之间都互相可达的有向图。
DS_TOP_220,连通分量,DataStructure,数据结构,第6章 图,无向图中的极大连通子图。,,3,4,王道2027数据结构，图的基本概念，教材p194（PDF页205）,图的基本概念,194,教材在“图的基本概念”中出现或讲解“连通分量”；本节点概括为：无向图中的极大连通子图。
DS_TOP_221,强连通分量,DataStructure,数据结构,第6章 图,有向图中的极大强连通子图。,,4,3,王道2027数据结构，图的基本概念，教材p194（PDF页205）,图的基本概念,194,教材在“图的基本概念”中出现或讲解“强连通分量”；本节点概括为：有向图中的极大强连通子图。
DS_TOP_222,生成树,DataStructure,数据结构,第6章 图,连通图中包含全部顶点的极小连通子图。,,3,5,王道2027数据结构，图的基本概念，教材p194（PDF页205）,图的基本概念,194,教材在“图的基本概念”中出现或讲解“生成树”；本节点概括为：连通图中包含全部顶点的极小连通子图。
DS_TOP_223,路径长度,Metric,数据结构,第6章 图,路径上边或弧的数目，带权图中也可表示权值之和。,,2,3,王道2027数据结构，图的基本概念，教材p194（PDF页205）,图的基本概念,194,教材在“图的基本概念”中出现或讲解“路径长度”；本节点概括为：路径上边或弧的数目，带权图中也可表示权值之和。
DS_TOP_224,回路,Concept,数据结构,第6章 图,第一个顶点和最后一个顶点相同的路径。,环,2,3,王道2027数据结构，图的基本概念，教材p194（PDF页205）,图的基本概念,194,教材在“图的基本概念”中出现或讲解“回路”；本节点概括为：第一个顶点和最后一个顶点相同的路径。
DS_TOP_225,图的存储及基本操作,Topic,数据结构,第6章 图,说明邻接矩阵、邻接表、十字链表、邻接多重表及图的基本操作。,,3,4,王道2027数据结构，图的存储及基本操作，教材p201（PDF页212）,图的存储及基本操作,201,教材在“图的存储及基本操作”中出现或讲解“图的存储及基本操作”；本节点概括为：说明邻接矩阵、邻接表、十字链表、邻接多重表及图的基本操作。
DS_TOP_226,邻接矩阵,DataStructure,数据结构,第6章 图,用矩阵表示顶点之间邻接关系的图存储结构。,,3,5,王道2027数据结构，图的存储及基本操作，教材p201（PDF页212）,图的存储及基本操作,201,教材在“图的存储及基本操作”中出现或讲解“邻接矩阵”；本节点概括为：用矩阵表示顶点之间邻接关系的图存储结构。
DS_TOP_227,邻接表,DataStructure,数据结构,第6章 图,为每个顶点建立边表来表示邻接关系的图存储结构。,,3,5,王道2027数据结构，图的存储及基本操作，教材p201（PDF页212）,图的存储及基本操作,201,教材在“图的存储及基本操作”中出现或讲解“邻接表”；本节点概括为：为每个顶点建立边表来表示邻接关系的图存储结构。
DS_TOP_228,十字链表,DataStructure,数据结构,第6章 图,适用于有向图的链式存储结构，结合入边表和出边表。,,4,4,王道2027数据结构，图的存储及基本操作，教材p201（PDF页212）,图的存储及基本操作,201,教材在“图的存储及基本操作”中出现或讲解“十字链表”；本节点概括为：适用于有向图的链式存储结构，结合入边表和出边表。
DS_TOP_229,邻接多重表,DataStructure,数据结构,第6章 图,适用于无向图的链式存储结构，使每条边只存储一次。,,4,3,王道2027数据结构，图的存储及基本操作，教材p201（PDF页212）,图的存储及基本操作,201,教材在“图的存储及基本操作”中出现或讲解“邻接多重表”；本节点概括为：适用于无向图的链式存储结构，使每条边只存储一次。
DS_TOP_230,图的基本操作,Operation,数据结构,第6章 图,包括创建图、访问顶点、插入/删除顶点或边、查找邻接点等操作。,,3,4,王道2027数据结构，图的存储及基本操作，教材p201（PDF页212）,图的存储及基本操作,201,教材在“图的存储及基本操作”中出现或讲解“图的基本操作”；本节点概括为：包括创建图、访问顶点、插入/删除顶点或边、查找邻接点等操作。
DS_TOP_231,访问顶点,Operation,数据结构,第6章 图,读取或处理图中某个顶点信息的操作。,,2,3,王道2027数据结构，图的存储及基本操作，教材p201（PDF页212）,图的存储及基本操作,201,教材在“图的存储及基本操作”中出现或讲解“访问顶点”；本节点概括为：读取或处理图中某个顶点信息的操作。
DS_TOP_232,插入边,Operation,数据结构,第6章 图,在图中添加一条边或弧的操作。,,2,3,王道2027数据结构，图的存储及基本操作，教材p201（PDF页212）,图的存储及基本操作,201,教材在“图的存储及基本操作”中出现或讲解“插入边”；本节点概括为：在图中添加一条边或弧的操作。
DS_TOP_233,删除边,Operation,数据结构,第6章 图,在图中删除一条边或弧的操作。,,2,3,王道2027数据结构，图的存储及基本操作，教材p201（PDF页212）,图的存储及基本操作,201,教材在“图的存储及基本操作”中出现或讲解“删除边”；本节点概括为：在图中删除一条边或弧的操作。
DS_TOP_234,图的遍历,Topic,数据结构,第6章 图,说明广度优先搜索、深度优先搜索及遍历与连通性的关系。,,3,4,王道2027数据结构，图的遍历，教材p214（PDF页225）,图的遍历,214,教材在“图的遍历”中出现或讲解“图的遍历”；本节点概括为：说明广度优先搜索、深度优先搜索及遍历与连通性的关系。
DS_TOP_235,广度优先搜索,Algorithm,数据结构,第6章 图,先访问距离起点近的顶点，再逐层向外扩展的图遍历算法。,BFS,3,5,王道2027数据结构，图的遍历，教材p214（PDF页225）,图的遍历,214,教材在“图的遍历”中出现或讲解“广度优先搜索”；本节点概括为：先访问距离起点近的顶点，再逐层向外扩展的图遍历算法。
DS_TOP_236,深度优先搜索,Algorithm,数据结构,第6章 图,沿一条路径尽可能深入，不能继续时回溯的图遍历算法。,DFS,3,5,王道2027数据结构，图的遍历，教材p214（PDF页225）,图的遍历,214,教材在“图的遍历”中出现或讲解“深度优先搜索”；本节点概括为：沿一条路径尽可能深入，不能继续时回溯的图遍历算法。
DS_TOP_237,BFS树,DataStructure,数据结构,第6章 图,广度优先遍历形成的树。,,3,3,王道2027数据结构，图的遍历，教材p214（PDF页225）,图的遍历,214,教材在“图的遍历”中出现或讲解“BFS树”；本节点概括为：广度优先遍历形成的树。
DS_TOP_238,DFS森林,DataStructure,数据结构,第6章 图,深度优先遍历非连通图时形成的森林。,,3,3,王道2027数据结构，图的遍历，教材p214（PDF页225）,图的遍历,214,教材在“图的遍历”中出现或讲解“DFS森林”；本节点概括为：深度优先遍历非连通图时形成的森林。
DS_TOP_239,访问标记数组,DataStructure,数据结构,第6章 图,用于记录顶点是否已被访问的辅助数组。,,2,4,王道2027数据结构，图的遍历，教材p214（PDF页225）,图的遍历,214,教材在“图的遍历”中出现或讲解“访问标记数组”；本节点概括为：用于记录顶点是否已被访问的辅助数组。
DS_TOP_240,图的应用,Topic,数据结构,第6章 图,说明最小生成树、最短路径、DAG表达式、拓扑排序和关键路径。,,3,4,王道2027数据结构，图的应用，教材p226（PDF页237）,图的应用,226,教材在“图的应用”中出现或讲解“图的应用”；本节点概括为：说明最小生成树、最短路径、DAG表达式、拓扑排序和关键路径。
DS_TOP_241,最小生成树,Problem,数据结构,第6章 图,在连通带权无向图中寻找权值之和最小的生成树问题。,MST,4,5,王道2027数据结构，图的应用，教材p226（PDF页237）,图的应用,226,教材在“图的应用”中出现或讲解“最小生成树”；本节点概括为：在连通带权无向图中寻找权值之和最小的生成树问题。
DS_TOP_242,Prim算法,Algorithm,数据结构,第6章 图,从一个顶点集合逐步扩展构造最小生成树的贪心算法。,,4,5,王道2027数据结构，图的应用，教材p226（PDF页237）,图的应用,226,教材在“图的应用”中出现或讲解“Prim算法”；本节点概括为：从一个顶点集合逐步扩展构造最小生成树的贪心算法。
DS_TOP_243,Kruskal算法,Algorithm,数据结构,第6章 图,按边权从小到大选择边构造最小生成树的贪心算法。,,4,5,王道2027数据结构，图的应用，教材p226（PDF页237）,图的应用,226,教材在“图的应用”中出现或讲解“Kruskal算法”；本节点概括为：按边权从小到大选择边构造最小生成树的贪心算法。
DS_TOP_244,最短路径,Problem,数据结构,第6章 图,在带权图中寻找从源点到目标顶点代价最小路径的问题。,,4,5,王道2027数据结构，图的应用，教材p226（PDF页237）,图的应用,226,教材在“图的应用”中出现或讲解“最短路径”；本节点概括为：在带权图中寻找从源点到目标顶点代价最小路径的问题。
DS_TOP_245,Dijkstra算法,Algorithm,数据结构,第6章 图,求解非负权图单源最短路径的贪心算法。,,4,5,王道2027数据结构，图的应用，教材p226（PDF页237）,图的应用,226,教材在“图的应用”中出现或讲解“Dijkstra算法”；本节点概括为：求解非负权图单源最短路径的贪心算法。
DS_TOP_246,Floyd算法,Algorithm,数据结构,第6章 图,通过动态规划求解所有顶点对最短路径的算法。,,4,4,王道2027数据结构，图的应用，教材p226（PDF页237）,图的应用,226,教材在“图的应用”中出现或讲解“Floyd算法”；本节点概括为：通过动态规划求解所有顶点对最短路径的算法。
DS_TOP_247,有向无环图,DataStructure,数据结构,第6章 图,不存在有向环的有向图。,DAG,3,4,王道2027数据结构，图的应用，教材p226（PDF页237）,图的应用,226,教材在“图的应用”中出现或讲解“有向无环图”；本节点概括为：不存在有向环的有向图。
DS_TOP_248,AOV网,Model,数据结构,第6章 图,用顶点表示活动、边表示活动先后关系的有向无环图。,,4,5,王道2027数据结构，图的应用，教材p226（PDF页237）,图的应用,226,教材在“图的应用”中出现或讲解“AOV网”；本节点概括为：用顶点表示活动、边表示活动先后关系的有向无环图。
DS_TOP_249,AOE网,Model,数据结构,第6章 图,用边表示活动、顶点表示事件的带权有向无环图。,,4,5,王道2027数据结构，图的应用，教材p226（PDF页237）,图的应用,226,教材在“图的应用”中出现或讲解“AOE网”；本节点概括为：用边表示活动、顶点表示事件的带权有向无环图。
DS_TOP_250,拓扑排序,Algorithm,数据结构,第6章 图,对有向无环图顶点进行线性排序，使每条有向边前驱在前。,,4,5,王道2027数据结构，图的应用，教材p226（PDF页237）,图的应用,226,教材在“图的应用”中出现或讲解“拓扑排序”；本节点概括为：对有向无环图顶点进行线性排序，使每条有向边前驱在前。
DS_TOP_251,关键路径,Algorithm,数据结构,第6章 图,在AOE网中从源点到汇点路径长度最大的路径。,,4,5,王道2027数据结构，图的应用，教材p226（PDF页237）,图的应用,226,教材在“图的应用”中出现或讲解“关键路径”；本节点概括为：在AOE网中从源点到汇点路径长度最大的路径。
DS_TOP_252,关键活动,Concept,数据结构,第6章 图,位于关键路径上的活动，延误会影响工程总工期。,,4,4,王道2027数据结构，图的应用，教材p226（PDF页237）,图的应用,226,教材在“图的应用”中出现或讲解“关键活动”；本节点概括为：位于关键路径上的活动，延误会影响工程总工期。
DS_TOP_253,事件最早发生时间,Metric,数据结构,第6章 图,AOE网中事件可能发生的最早时间。,ve,4,4,王道2027数据结构，图的应用，教材p226（PDF页237）,图的应用,226,教材在“图的应用”中出现或讲解“事件最早发生时间”；本节点概括为：AOE网中事件可能发生的最早时间。
DS_TOP_254,事件最迟发生时间,Metric,数据结构,第6章 图,不影响总工期前提下事件允许发生的最迟时间。,vl,4,4,王道2027数据结构，图的应用，教材p226（PDF页237）,图的应用,226,教材在“图的应用”中出现或讲解“事件最迟发生时间”；本节点概括为：不影响总工期前提下事件允许发生的最迟时间。
DS_TOP_255,第7章 查找,Topic,数据结构,第7章 查找,研究静态查找、树形查找、B树/B+树和散列表及其性能分析。,,3,5,王道2027数据结构，第7章 查找，教材p264（PDF页275）,第7章 查找,264,教材在“第7章 查找”中出现或讲解“第7章 查找”；本节点概括为：研究静态查找、树形查找、B树/B+树和散列表及其性能分析。
DS_TOP_256,查找的基本概念,Topic,数据结构,第7章 查找,说明查找表、关键字、平均查找长度等基本概念。,,3,4,王道2027数据结构，查找的基本概念，教材p264（PDF页275）,查找的基本概念,264,教材在“查找的基本概念”中出现或讲解“查找的基本概念”；本节点概括为：说明查找表、关键字、平均查找长度等基本概念。
DS_TOP_257,查找,Operation,数据结构,第7章 查找,在数据集合中寻找满足给定条件的数据元素的过程。,Search,2,5,王道2027数据结构，查找的基本概念，教材p264（PDF页275）,查找的基本概念,264,教材在“查找的基本概念”中出现或讲解“查找”；本节点概括为：在数据集合中寻找满足给定条件的数据元素的过程。
DS_TOP_258,查找表,DataStructure,数据结构,第7章 查找,由同一类型数据元素或记录构成的集合。,,2,4,王道2027数据结构，查找的基本概念，教材p264（PDF页275）,查找的基本概念,264,教材在“查找的基本概念”中出现或讲解“查找表”；本节点概括为：由同一类型数据元素或记录构成的集合。
DS_TOP_259,关键字,ComputingObject,数据结构,第7章 查找,数据元素中可用于标识或比较的数据项。,,2,5,王道2027数据结构，查找的基本概念，教材p264（PDF页275）,查找的基本概念,264,教材在“查找的基本概念”中出现或讲解“关键字”；本节点概括为：数据元素中可用于标识或比较的数据项。
DS_TOP_260,主关键字,ComputingObject,数据结构,第7章 查找,能唯一标识一个记录的关键字。,,2,3,王道2027数据结构，查找的基本概念，教材p264（PDF页275）,查找的基本概念,264,教材在“查找的基本概念”中出现或讲解“主关键字”；本节点概括为：能唯一标识一个记录的关键字。
DS_TOP_261,次关键字,ComputingObject,数据结构,第7章 查找,不能唯一标识一个记录的关键字。,,2,2,王道2027数据结构，查找的基本概念，教材p264（PDF页275）,查找的基本概念,264,教材在“查找的基本概念”中出现或讲解“次关键字”；本节点概括为：不能唯一标识一个记录的关键字。
DS_TOP_262,平均查找长度,Metric,数据结构,第7章 查找,查找过程中关键字比较次数的期望值。,ASL,4,5,王道2027数据结构，查找的基本概念，教材p264（PDF页275）,查找的基本概念,264,教材在“查找的基本概念”中出现或讲解“平均查找长度”；本节点概括为：查找过程中关键字比较次数的期望值。
DS_TOP_263,静态查找表,DataStructure,数据结构,第7章 查找,只进行查找而不进行动态插入删除的查找表。,,2,3,王道2027数据结构，查找的基本概念，教材p264（PDF页275）,查找的基本概念,264,教材在“查找的基本概念”中出现或讲解“静态查找表”；本节点概括为：只进行查找而不进行动态插入删除的查找表。
DS_TOP_264,动态查找表,DataStructure,数据结构,第7章 查找,查找过程中还可能插入或删除元素的查找表。,,3,3,王道2027数据结构，查找的基本概念，教材p264（PDF页275）,查找的基本概念,264,教材在“查找的基本概念”中出现或讲解“动态查找表”；本节点概括为：查找过程中还可能插入或删除元素的查找表。
DS_TOP_265,顺序查找和折半查找,Topic,数据结构,第7章 查找,说明顺序查找、折半查找和分块查找。,,3,4,王道2027数据结构，顺序查找和折半查找，教材p265（PDF页276）,顺序查找和折半查找,265,教材在“顺序查找和折半查找”中出现或讲解“顺序查找和折半查找”；本节点概括为：说明顺序查找、折半查找和分块查找。
DS_TOP_266,顺序查找,Algorithm,数据结构,第7章 查找,从表的一端开始逐个比较关键字的查找方法。,,2,5,王道2027数据结构，顺序查找和折半查找，教材p265（PDF页276）,顺序查找和折半查找,265,教材在“顺序查找和折半查找”中出现或讲解“顺序查找”；本节点概括为：从表的一端开始逐个比较关键字的查找方法。
DS_TOP_267,折半查找,Algorithm,数据结构,第7章 查找,在有序顺序表中不断缩小查找区间的查找方法。,二分查找,3,5,王道2027数据结构，顺序查找和折半查找，教材p265（PDF页276）,顺序查找和折半查找,265,教材在“顺序查找和折半查找”中出现或讲解“折半查找”；本节点概括为：在有序顺序表中不断缩小查找区间的查找方法。
DS_TOP_268,有序表,DataStructure,数据结构,第7章 查找,元素按关键字有序排列的线性表。,,2,4,王道2027数据结构，顺序查找和折半查找，教材p265（PDF页276）,顺序查找和折半查找,265,教材在“顺序查找和折半查找”中出现或讲解“有序表”；本节点概括为：元素按关键字有序排列的线性表。
DS_TOP_269,分块查找,Algorithm,数据结构,第7章 查找,将表分块并通过索引定位块，再在块内查找的方法。,索引顺序查找,3,4,王道2027数据结构，顺序查找和折半查找，教材p265（PDF页276）,顺序查找和折半查找,265,教材在“顺序查找和折半查找”中出现或讲解“分块查找”；本节点概括为：将表分块并通过索引定位块，再在块内查找的方法。
DS_TOP_270,索引表,DataStructure,数据结构,第7章 查找,记录各块最大关键字及块起始位置的辅助表。,,3,4,王道2027数据结构，顺序查找和折半查找，教材p265（PDF页276）,顺序查找和折半查找,265,教材在“顺序查找和折半查找”中出现或讲解“索引表”；本节点概括为：记录各块最大关键字及块起始位置的辅助表。
DS_TOP_271,树形查找,Topic,数据结构,第7章 查找,说明二叉排序树、平衡二叉树和红黑树。,,3,4,王道2027数据结构，树形查找，教材p278（PDF页289）,树形查找,278,教材在“树形查找”中出现或讲解“树形查找”；本节点概括为：说明二叉排序树、平衡二叉树和红黑树。
DS_TOP_272,二叉排序树,DataStructure,数据结构,第7章 查找,左子树关键字小于根、右子树关键字大于根的二叉树。,BST,3,5,王道2027数据结构，树形查找，教材p278（PDF页289）,树形查找,278,教材在“树形查找”中出现或讲解“二叉排序树”；本节点概括为：左子树关键字小于根、右子树关键字大于根的二叉树。
DS_TOP_273,平衡二叉树,DataStructure,数据结构,第7章 查找,任意结点左右子树高度差不超过规定范围的二叉排序树。,AVL树,4,5,王道2027数据结构，树形查找，教材p278（PDF页289）,树形查找,278,教材在“树形查找”中出现或讲解“平衡二叉树”；本节点概括为：任意结点左右子树高度差不超过规定范围的二叉排序树。
DS_TOP_274,AVL树,DataStructure,数据结构,第7章 查找,高度平衡的二叉排序树。,,4,4,王道2027数据结构，树形查找，教材p278（PDF页289）,树形查找,278,教材在“树形查找”中出现或讲解“AVL树”；本节点概括为：高度平衡的二叉排序树。
DS_TOP_275,平衡因子,Metric,数据结构,第7章 查找,结点左子树高度与右子树高度之差。,,4,4,王道2027数据结构，树形查找，教材p278（PDF页289）,树形查找,278,教材在“树形查找”中出现或讲解“平衡因子”；本节点概括为：结点左子树高度与右子树高度之差。
DS_TOP_276,红黑树,DataStructure,数据结构,第7章 查找,通过颜色和旋转维持近似平衡的二叉查找树。,,5,4,王道2027数据结构，树形查找，教材p278（PDF页289）,树形查找,278,教材在“树形查找”中出现或讲解“红黑树”；本节点概括为：通过颜色和旋转维持近似平衡的二叉查找树。
DS_TOP_277,旋转操作,Operation,数据结构,第7章 查找,平衡树调整结构以恢复平衡的操作。,,4,4,王道2027数据结构，树形查找，教材p278（PDF页289）,树形查找,278,教材在“树形查找”中出现或讲解“旋转操作”；本节点概括为：平衡树调整结构以恢复平衡的操作。
DS_TOP_278,B树和B+树,Topic,数据结构,第7章 查找,说明B树、B+树及其基本操作和适用场景。,,3,4,王道2027数据结构，B树和B+树，教材p304（PDF页315）,B树和B+树,304,教材在“B树和B+树”中出现或讲解“B树和B+树”；本节点概括为：说明B树、B+树及其基本操作和适用场景。
DS_TOP_279,B树,DataStructure,数据结构,第7章 查找,一种多路平衡查找树，适合外存索引。,,5,5,王道2027数据结构，B树和B+树，教材p304（PDF页315）,B树和B+树,304,教材在“B树和B+树”中出现或讲解“B树”；本节点概括为：一种多路平衡查找树，适合外存索引。
DS_TOP_280,B+树,DataStructure,数据结构,第7章 查找,叶结点包含全部关键字并按序链接的多路查找树。,,5,5,王道2027数据结构，B树和B+树，教材p304（PDF页315）,B树和B+树,304,教材在“B树和B+树”中出现或讲解“B+树”；本节点概括为：叶结点包含全部关键字并按序链接的多路查找树。
DS_TOP_281,多路查找树,DataStructure,数据结构,第7章 查找,每个结点可拥有多个关键字和多棵子树的查找树。,,4,4,王道2027数据结构，B树和B+树，教材p304（PDF页315）,B树和B+树,304,教材在“B树和B+树”中出现或讲解“多路查找树”；本节点概括为：每个结点可拥有多个关键字和多棵子树的查找树。
DS_TOP_282,文件索引,Application,数据结构,第7章 查找,利用B树或B+树降低外存查找次数的应用场景。,,4,4,王道2027数据结构，B树和B+树，教材p304（PDF页315）,B树和B+树,304,教材在“B树和B+树”中出现或讲解“文件索引”；本节点概括为：利用B树或B+树降低外存查找次数的应用场景。
DS_TOP_283,范围查询,Application,数据结构,第7章 查找,查询某一关键字区间内所有记录的操作场景。,,4,3,王道2027数据结构，B树和B+树，教材p304（PDF页315）,B树和B+树,304,教材在“B树和B+树”中出现或讲解“范围查询”；本节点概括为：查询某一关键字区间内所有记录的操作场景。
DS_TOP_284,散列(Hash)表,Topic,数据结构,第7章 查找,说明散列表、散列函数、冲突处理和性能分析。,,3,4,王道2027数据结构，散列(Hash)表，教材p317（PDF页328）,散列(Hash)表,317,教材在“散列(Hash)表”中出现或讲解“散列(Hash)表”；本节点概括为：说明散列表、散列函数、冲突处理和性能分析。
DS_TOP_285,散列表,DataStructure,数据结构,第7章 查找,根据关键字经散列函数映射到存储地址的查找结构。,"哈希表,Hash表",4,5,王道2027数据结构，散列(Hash)表，教材p317（PDF页328）,散列(Hash)表,317,教材在“散列(Hash)表”中出现或讲解“散列表”；本节点概括为：根据关键字经散列函数映射到存储地址的查找结构。
DS_TOP_286,散列函数,Algorithm,数据结构,第7章 查找,把关键字映射为散列表地址的函数。,哈希函数,4,5,王道2027数据结构，散列(Hash)表，教材p317（PDF页328）,散列(Hash)表,317,教材在“散列(Hash)表”中出现或讲解“散列函数”；本节点概括为：把关键字映射为散列表地址的函数。
DS_TOP_287,同义词,Concept,数据结构,第7章 查找,经散列函数映射到同一地址的不同关键字。,,3,3,王道2027数据结构，散列(Hash)表，教材p317（PDF页328）,散列(Hash)表,317,教材在“散列(Hash)表”中出现或讲解“同义词”；本节点概括为：经散列函数映射到同一地址的不同关键字。
DS_TOP_288,哈希冲突,Problem,数据结构,第7章 查找,不同关键字被映射到同一散列地址的问题。,冲突,4,5,王道2027数据结构，散列(Hash)表，教材p317（PDF页328）,散列(Hash)表,317,教材在“散列(Hash)表”中出现或讲解“哈希冲突”；本节点概括为：不同关键字被映射到同一散列地址的问题。
DS_TOP_289,开放定址法,Algorithm,数据结构,第7章 查找,冲突时在散列表中按某探测序列寻找空位的方法。,,4,5,王道2027数据结构，散列(Hash)表，教材p317（PDF页328）,散列(Hash)表,317,教材在“散列(Hash)表”中出现或讲解“开放定址法”；本节点概括为：冲突时在散列表中按某探测序列寻找空位的方法。
DS_TOP_290,线性探测法,Algorithm,数据结构,第7章 查找,开放定址法中按固定步长逐位探测的冲突处理方法。,,4,4,王道2027数据结构，散列(Hash)表，教材p317（PDF页328）,散列(Hash)表,317,教材在“散列(Hash)表”中出现或讲解“线性探测法”；本节点概括为：开放定址法中按固定步长逐位探测的冲突处理方法。
DS_TOP_291,平方探测法,Algorithm,数据结构,第7章 查找,开放定址法中按平方序列探测的冲突处理方法。,,4,3,王道2027数据结构，散列(Hash)表，教材p317（PDF页328）,散列(Hash)表,317,教材在“散列(Hash)表”中出现或讲解“平方探测法”；本节点概括为：开放定址法中按平方序列探测的冲突处理方法。
DS_TOP_292,再散列法,Algorithm,数据结构,第7章 查找,冲突时使用另一个散列函数计算新地址的方法。,,4,3,王道2027数据结构，散列(Hash)表，教材p317（PDF页328）,散列(Hash)表,317,教材在“散列(Hash)表”中出现或讲解“再散列法”；本节点概括为：冲突时使用另一个散列函数计算新地址的方法。
DS_TOP_293,拉链法,Algorithm,数据结构,第7章 查找,将同义词存入同一地址对应链表中的冲突处理方法。,链地址法,4,5,王道2027数据结构，散列(Hash)表，教材p317（PDF页328）,散列(Hash)表,317,教材在“散列(Hash)表”中出现或讲解“拉链法”；本节点概括为：将同义词存入同一地址对应链表中的冲突处理方法。
DS_TOP_294,装填因子,Metric,数据结构,第7章 查找,散列表中已存元素个数与表长之比。,,4,5,王道2027数据结构，散列(Hash)表，教材p317（PDF页328）,散列(Hash)表,317,教材在“散列(Hash)表”中出现或讲解“装填因子”；本节点概括为：散列表中已存元素个数与表长之比。
DS_TOP_295,查找性能下降,Problem,数据结构,第7章 查找,冲突过多导致平均查找长度增大的现象。,,4,4,王道2027数据结构，散列(Hash)表，教材p317（PDF页328）,散列(Hash)表,317,教材在“散列(Hash)表”中出现或讲解“查找性能下降”；本节点概括为：冲突过多导致平均查找长度增大的现象。
DS_TOP_296,第8章 排序,Topic,数据结构,第8章 排序,研究内部排序和外部排序，包括插入、交换、选择、归并、基数排序以及多路归并等。,,3,5,王道2027数据结构，第8章 排序，教材p331（PDF页342）,第8章 排序,331,教材在“第8章 排序”中出现或讲解“第8章 排序”；本节点概括为：研究内部排序和外部排序，包括插入、交换、选择、归并、基数排序以及多路归并等。
DS_TOP_297,排序的基本概念,Topic,数据结构,第8章 排序,说明排序、内部排序、外部排序和稳定性等基本概念。,,3,4,王道2027数据结构，排序的基本概念，教材p331（PDF页342）,排序的基本概念,331,教材在“排序的基本概念”中出现或讲解“排序的基本概念”；本节点概括为：说明排序、内部排序、外部排序和稳定性等基本概念。
DS_TOP_298,排序,Algorithm,数据结构,第8章 排序,将一组记录按关键字递增或递减排列的过程。,Sort,2,5,王道2027数据结构，排序的基本概念，教材p331（PDF页342）,排序的基本概念,331,教材在“排序的基本概念”中出现或讲解“排序”；本节点概括为：将一组记录按关键字递增或递减排列的过程。
DS_TOP_299,内部排序,Algorithm,数据结构,第8章 排序,排序过程全部在内存中完成的排序。,,2,5,王道2027数据结构，排序的基本概念，教材p331（PDF页342）,排序的基本概念,331,教材在“排序的基本概念”中出现或讲解“内部排序”；本节点概括为：排序过程全部在内存中完成的排序。
DS_TOP_300,外部排序,Topic,数据结构,第8章 排序,待排序数据量太大，需借助外存完成的排序。,,3,4,王道2027数据结构，排序的基本概念，教材p331（PDF页342）,排序的基本概念,331,教材在“排序的基本概念”中出现或讲解“外部排序”；本节点概括为：待排序数据量太大，需借助外存完成的排序。
DS_TOP_301,排序稳定性,Property,数据结构,第8章 排序,关键字相等的记录排序前后相对次序不变的性质。,稳定性,3,5,王道2027数据结构，排序的基本概念，教材p331（PDF页342）,排序的基本概念,331,教材在“排序的基本概念”中出现或讲解“排序稳定性”；本节点概括为：关键字相等的记录排序前后相对次序不变的性质。
DS_TOP_302,关键字比较次数,Metric,数据结构,第8章 排序,排序过程中关键字比较操作执行的次数。,,3,4,王道2027数据结构，排序的基本概念，教材p331（PDF页342）,排序的基本概念,331,教材在“排序的基本概念”中出现或讲解“关键字比较次数”；本节点概括为：排序过程中关键字比较操作执行的次数。
DS_TOP_303,记录移动次数,Metric,数据结构,第8章 排序,排序过程中记录移动或交换操作执行的次数。,,3,4,王道2027数据结构，排序的基本概念，教材p331（PDF页342）,排序的基本概念,331,教材在“排序的基本概念”中出现或讲解“记录移动次数”；本节点概括为：排序过程中记录移动或交换操作执行的次数。
DS_TOP_304,插入排序,Topic,数据结构,第8章 排序,说明直接插入排序、折半插入排序和希尔排序。,,3,4,王道2027数据结构，插入排序，教材p333（PDF页344）,插入排序,333,教材在“插入排序”中出现或讲解“插入排序”；本节点概括为：说明直接插入排序、折半插入排序和希尔排序。
DS_TOP_305,直接插入排序,Algorithm,数据结构,第8章 排序,顺序查找插入位置并移动元素的插入排序算法。,,2,5,王道2027数据结构，插入排序，教材p333（PDF页344）,插入排序,333,教材在“插入排序”中出现或讲解“直接插入排序”；本节点概括为：顺序查找插入位置并移动元素的插入排序算法。
DS_TOP_306,折半插入排序,Algorithm,数据结构,第8章 排序,用折半查找确定插入位置的插入排序算法。,,3,4,王道2027数据结构，插入排序，教材p333（PDF页344）,插入排序,333,教材在“插入排序”中出现或讲解“折半插入排序”；本节点概括为：用折半查找确定插入位置的插入排序算法。
DS_TOP_307,希尔排序,Algorithm,数据结构,第8章 排序,按增量分组进行直接插入排序的改进算法。,,4,4,王道2027数据结构，插入排序，教材p333（PDF页344）,插入排序,333,教材在“插入排序”中出现或讲解“希尔排序”；本节点概括为：按增量分组进行直接插入排序的改进算法。
DS_TOP_308,增量序列,Concept,数据结构,第8章 排序,希尔排序中逐步缩小的分组间隔序列。,,4,3,王道2027数据结构，插入排序，教材p333（PDF页344）,插入排序,333,教材在“插入排序”中出现或讲解“增量序列”；本节点概括为：希尔排序中逐步缩小的分组间隔序列。
DS_TOP_309,交换排序,Topic,数据结构,第8章 排序,说明冒泡排序和快速排序。,,3,4,王道2027数据结构，交换排序，教材p340（PDF页351）,交换排序,340,教材在“交换排序”中出现或讲解“交换排序”；本节点概括为：说明冒泡排序和快速排序。
DS_TOP_310,冒泡排序,Algorithm,数据结构,第8章 排序,反复比较相邻元素并交换逆序对的排序算法。,,2,5,王道2027数据结构，交换排序，教材p340（PDF页351）,交换排序,340,教材在“交换排序”中出现或讲解“冒泡排序”；本节点概括为：反复比较相邻元素并交换逆序对的排序算法。
DS_TOP_311,快速排序,Algorithm,数据结构,第8章 排序,通过枢轴划分子表并递归排序的交换排序算法。,快排,4,5,王道2027数据结构，交换排序，教材p340（PDF页351）,交换排序,340,教材在“交换排序”中出现或讲解“快速排序”；本节点概括为：通过枢轴划分子表并递归排序的交换排序算法。
DS_TOP_312,枢轴,ComputingObject,数据结构,第8章 排序,快速排序划分过程中用于分割序列的基准元素。,pivot,3,4,王道2027数据结构，交换排序，教材p340（PDF页351）,交换排序,340,教材在“交换排序”中出现或讲解“枢轴”；本节点概括为：快速排序划分过程中用于分割序列的基准元素。
DS_TOP_313,划分操作,Operation,数据结构,第8章 排序,将序列按枢轴分成左右两部分的操作。,,4,4,王道2027数据结构，交换排序，教材p340（PDF页351）,交换排序,340,教材在“交换排序”中出现或讲解“划分操作”；本节点概括为：将序列按枢轴分成左右两部分的操作。
DS_TOP_314,分治思想,Mechanism,数据结构,第8章 排序,将大问题分解为若干相似子问题分别求解再合并的思想。,分治,3,5,王道2027数据结构，交换排序，教材p340（PDF页351）,交换排序,340,教材在“交换排序”中出现或讲解“分治思想”；本节点概括为：将大问题分解为若干相似子问题分别求解再合并的思想。
DS_TOP_315,选择排序,Topic,数据结构,第8章 排序,说明简单选择排序和堆排序。,,3,4,王道2027数据结构，选择排序，教材p351（PDF页362）,选择排序,351,教材在“选择排序”中出现或讲解“选择排序”；本节点概括为：说明简单选择排序和堆排序。
DS_TOP_316,简单选择排序,Algorithm,数据结构,第8章 排序,每趟选择最小元素与待排序部分第一个元素交换的排序算法。,,2,4,王道2027数据结构，选择排序，教材p351（PDF页362）,选择排序,351,教材在“选择排序”中出现或讲解“简单选择排序”；本节点概括为：每趟选择最小元素与待排序部分第一个元素交换的排序算法。
DS_TOP_317,堆排序,Algorithm,数据结构,第8章 排序,利用堆结构反复选择最大或最小元素的排序算法。,,4,5,王道2027数据结构，选择排序，教材p351（PDF页362）,选择排序,351,教材在“选择排序”中出现或讲解“堆排序”；本节点概括为：利用堆结构反复选择最大或最小元素的排序算法。
DS_TOP_318,堆,DataStructure,数据结构,第8章 排序,满足堆序性质的完全二叉树。,,4,5,王道2027数据结构，选择排序，教材p351（PDF页362）,选择排序,351,教材在“选择排序”中出现或讲解“堆”；本节点概括为：满足堆序性质的完全二叉树。
DS_TOP_319,大根堆,DataStructure,数据结构,第8章 排序,每个结点关键字不小于其孩子结点关键字的堆。,最大堆,3,4,王道2027数据结构，选择排序，教材p351（PDF页362）,选择排序,351,教材在“选择排序”中出现或讲解“大根堆”；本节点概括为：每个结点关键字不小于其孩子结点关键字的堆。
DS_TOP_320,小根堆,DataStructure,数据结构,第8章 排序,每个结点关键字不大于其孩子结点关键字的堆。,最小堆,3,4,王道2027数据结构，选择排序，教材p351（PDF页362）,选择排序,351,教材在“选择排序”中出现或讲解“小根堆”；本节点概括为：每个结点关键字不大于其孩子结点关键字的堆。
DS_TOP_321,建堆,Operation,数据结构,第8章 排序,将无序序列调整为堆的操作。,,4,4,王道2027数据结构，选择排序，教材p351（PDF页362）,选择排序,351,教材在“选择排序”中出现或讲解“建堆”；本节点概括为：将无序序列调整为堆的操作。
DS_TOP_322,归并排序、基数排序和计数排序,Topic,数据结构,第8章 排序,说明归并排序、基数排序和计数排序。,,3,4,王道2027数据结构，归并排序、基数排序和计数排序，教材p363（PDF页374）,归并排序、基数排序和计数排序,363,教材在“归并排序、基数排序和计数排序”中出现或讲解“归并排序、基数排序和计数排序”；本节点概括为：说明归并排序、基数排序和计数排序。
DS_TOP_323,归并排序,Algorithm,数据结构,第8章 排序,将有序子序列合并成更大有序序列的排序算法。,,3,5,王道2027数据结构，归并排序、基数排序和计数排序，教材p363（PDF页374）,归并排序、基数排序和计数排序,363,教材在“归并排序、基数排序和计数排序”中出现或讲解“归并排序”；本节点概括为：将有序子序列合并成更大有序序列的排序算法。
DS_TOP_324,二路归并,Algorithm,数据结构,第8章 排序,每次把两个有序序列合并为一个有序序列的方法。,,3,4,王道2027数据结构，归并排序、基数排序和计数排序，教材p363（PDF页374）,归并排序、基数排序和计数排序,363,教材在“归并排序、基数排序和计数排序”中出现或讲解“二路归并”；本节点概括为：每次把两个有序序列合并为一个有序序列的方法。
DS_TOP_325,基数排序,Algorithm,数据结构,第8章 排序,按关键字各位分配和收集的非比较排序算法。,,4,4,王道2027数据结构，归并排序、基数排序和计数排序，教材p363（PDF页374）,归并排序、基数排序和计数排序,363,教材在“归并排序、基数排序和计数排序”中出现或讲解“基数排序”；本节点概括为：按关键字各位分配和收集的非比较排序算法。
DS_TOP_326,计数排序,Algorithm,数据结构,第8章 排序,利用计数数组统计关键字出现次数的排序算法。,,3,3,王道2027数据结构，归并排序、基数排序和计数排序，教材p363（PDF页374）,归并排序、基数排序和计数排序,363,教材在“归并排序、基数排序和计数排序”中出现或讲解“计数排序”；本节点概括为：利用计数数组统计关键字出现次数的排序算法。
DS_TOP_327,分配,Operation,数据结构,第8章 排序,基数排序中按当前位关键字把记录放入桶的操作。,,3,3,王道2027数据结构，归并排序、基数排序和计数排序，教材p363（PDF页374）,归并排序、基数排序和计数排序,363,教材在“归并排序、基数排序和计数排序”中出现或讲解“分配”；本节点概括为：基数排序中按当前位关键字把记录放入桶的操作。
DS_TOP_328,收集,Operation,数据结构,第8章 排序,基数排序中按桶顺序取出记录形成新序列的操作。,,3,3,王道2027数据结构，归并排序、基数排序和计数排序，教材p363（PDF页374）,归并排序、基数排序和计数排序,363,教材在“归并排序、基数排序和计数排序”中出现或讲解“收集”；本节点概括为：基数排序中按桶顺序取出记录形成新序列的操作。
DS_TOP_329,各种内部排序算法的比较及应用,Topic,数据结构,第8章 排序,比较内部排序算法的复杂度、稳定性和适用条件。,,3,4,王道2027数据结构，各种内部排序算法的比较及应用，教材p373（PDF页384）,各种内部排序算法的比较及应用,373,教材在“各种内部排序算法的比较及应用”中出现或讲解“各种内部排序算法的比较及应用”；本节点概括为：比较内部排序算法的复杂度、稳定性和适用条件。
DS_TOP_330,内部排序算法比较,Concept,数据结构,第8章 排序,从时间复杂度、空间复杂度、稳定性和适用场景比较各类内部排序算法。,,3,5,王道2027数据结构，各种内部排序算法的比较及应用，教材p373（PDF页384）,各种内部排序算法的比较及应用,373,教材在“各种内部排序算法的比较及应用”中出现或讲解“内部排序算法比较”；本节点概括为：从时间复杂度、空间复杂度、稳定性和适用场景比较各类内部排序算法。
DS_TOP_331,最好情况,Concept,数据结构,第8章 排序,算法输入处于最有利状态的情况。,,2,3,王道2027数据结构，各种内部排序算法的比较及应用，教材p373（PDF页384）,各种内部排序算法的比较及应用,373,教材在“各种内部排序算法的比较及应用”中出现或讲解“最好情况”；本节点概括为：算法输入处于最有利状态的情况。
DS_TOP_332,最坏情况,Concept,数据结构,第8章 排序,算法输入处于最不利状态的情况。,,2,4,王道2027数据结构，各种内部排序算法的比较及应用，教材p373（PDF页384）,各种内部排序算法的比较及应用,373,教材在“各种内部排序算法的比较及应用”中出现或讲解“最坏情况”；本节点概括为：算法输入处于最不利状态的情况。
DS_TOP_333,平均情况,Concept,数据结构,第8章 排序,按概率统计的典型输入状态。,,2,3,王道2027数据结构，各种内部排序算法的比较及应用，教材p373（PDF页384）,各种内部排序算法的比较及应用,373,教材在“各种内部排序算法的比较及应用”中出现或讲解“平均情况”；本节点概括为：按概率统计的典型输入状态。
DS_TOP_334,外部排序方法,Mechanism,数据结构,第8章 排序,利用内存缓冲区和外存归并完成大文件排序的方法。,,4,4,王道2027数据结构，外部排序，教材p380（PDF页391）,外部排序,380,教材在“外部排序”中出现或讲解“外部排序方法”；本节点概括为：利用内存缓冲区和外存归并完成大文件排序的方法。
DS_TOP_335,归并段,DataStructure,数据结构,第8章 排序,外部排序中已经有序的一段记录序列。,,4,4,王道2027数据结构，外部排序，教材p380（PDF页391）,外部排序,380,教材在“外部排序”中出现或讲解“归并段”；本节点概括为：外部排序中已经有序的一段记录序列。
DS_TOP_336,多路平衡归并,Algorithm,数据结构,第8章 排序,每趟同时归并多个有序归并段且各路基本均衡的方法。,,4,5,王道2027数据结构，外部排序，教材p380（PDF页391）,外部排序,380,教材在“外部排序”中出现或讲解“多路平衡归并”；本节点概括为：每趟同时归并多个有序归并段且各路基本均衡的方法。
DS_TOP_337,败者树,DataStructure,数据结构,第8章 排序,用于高效选择多路归并中最小关键字记录的选择树。,,5,5,王道2027数据结构，外部排序，教材p380（PDF页391）,外部排序,380,教材在“外部排序”中出现或讲解“败者树”；本节点概括为：用于高效选择多路归并中最小关键字记录的选择树。
DS_TOP_338,置换选择排序,Algorithm,数据结构,第8章 排序,利用工作区生成较长初始归并段的外部排序方法。,,5,5,王道2027数据结构，外部排序，教材p380（PDF页391）,外部排序,380,教材在“外部排序”中出现或讲解“置换选择排序”；本节点概括为：利用工作区生成较长初始归并段的外部排序方法。
DS_TOP_339,初始归并段,DataStructure,数据结构,第8章 排序,外部排序第一阶段生成的有序段。,,4,4,王道2027数据结构，外部排序，教材p380（PDF页391）,外部排序,380,教材在“外部排序”中出现或讲解“初始归并段”；本节点概括为：外部排序第一阶段生成的有序段。
DS_TOP_340,最佳归并树,Algorithm,数据结构,第8章 排序,使外部归并总代价最小的归并方案。,,5,4,王道2027数据结构，外部排序，教材p380（PDF页391）,外部排序,380,教材在“外部排序”中出现或讲解“最佳归并树”；本节点概括为：使外部归并总代价最小的归并方案。
DS_TOP_341,外部归并I/O次数,Metric,数据结构,第8章 排序,衡量外部排序读写外存次数的指标。,,4,4,王道2027数据结构，外部排序，教材p380（PDF页391）,外部排序,380,教材在“外部排序”中出现或讲解“外部归并I/O次数”；本节点概括为：衡量外部排序读写外存次数的指标。
DS_TOP_342,排序效率,Metric,数据结构,第8章 排序,评价排序算法时间、空间和稳定性的综合目标。,,3,4,王道2027数据结构，外部排序，教材p380（PDF页391）,外部排序,380,教材在“外部排序”中出现或讲解“排序效率”；本节点概括为：评价排序算法时间、空间和稳定性的综合目标。
DS_TOP_343,查找效率,Metric,数据结构,第7章 查找,评价查找过程比较次数或访问开销的综合指标。,,3,4,王道2027数据结构，查找的基本概念，教材p264（PDF页275）,查找的基本概念,264,根据教材章节体系和知识点关系补充“查找效率”节点，用于连接相关考点；本节点概括为：评价查找过程比较次数或访问开销的综合指标。
DS_TOP_344,模式匹配效率,Metric,数据结构,第4章 串,评价串模式匹配算法比较次数与回溯开销的指标。,,3,4,王道2027数据结构，串的模式匹配，教材p111（PDF页122）,串的模式匹配,111,根据教材章节体系和知识点关系补充“模式匹配效率”节点，用于连接相关考点；本节点概括为：评价串模式匹配算法比较次数与回溯开销的指标。
DS_TOP_345,多路归并效率,Metric,数据结构,第8章 排序,评价多路归并过程中选择最小记录和归并趟数的效率指标。,,3,4,王道2027数据结构，外部排序，教材p380（PDF页391）,外部排序,380,根据教材章节体系和知识点关系补充“多路归并效率”节点，用于连接相关考点；本节点概括为：评价多路归并过程中选择最小记录和归并趟数的效率指标。
DS_TOP_346,动态查找效率,Metric,数据结构,第7章 查找,评价动态查找结构查找、插入、删除效率的指标。,,3,4,王道2027数据结构，树形查找，教材p278（PDF页289）,树形查找,278,根据教材章节体系和知识点关系补充“动态查找效率”节点，用于连接相关考点；本节点概括为：评价动态查找结构查找、插入、删除效率的指标。
DS_TOP_347,范围查询效率,Metric,数据结构,第7章 查找,评价区间查询或顺序扫描能力的指标。,,3,3,王道2027数据结构，B树和B+树，教材p304（PDF页315）,B树和B+树,304,根据教材章节体系和知识点关系补充“范围查询效率”节点，用于连接相关考点；本节点概括为：评价区间查询或顺序扫描能力的指标。
DS_TOP_348,工程总工期,Metric,数据结构,第6章 图,AOE网中完成整个工程所需的最短时间。,,3,4,王道2027数据结构，图的应用，教材p226（PDF页237）,图的应用,226,根据教材章节体系和知识点关系补充“工程总工期”节点，用于连接相关考点；本节点概括为：AOE网中完成整个工程所需的最短时间。
DS_TOP_349,哈希冲突处理,Mechanism,数据结构,第7章 查找,解决不同关键字映射到同一散列地址的机制。,,3,5,王道2027数据结构，散列(Hash)表，教材p317（PDF页328）,散列(Hash)表,317,根据教材章节体系和知识点关系补充“哈希冲突处理”节点，用于连接相关考点；本节点概括为：解决不同关键字映射到同一散列地址的机制。
DS_TOP_350,查找效率问题,Problem,数据结构,第7章 查找,查找过程中比较次数或访问开销过大的问题。,,3,4,王道2027数据结构，查找的基本概念，教材p264（PDF页275）,查找的基本概念,264,根据教材章节体系和知识点关系补充“查找效率问题”节点，用于连接相关考点；本节点概括为：查找过程中比较次数或访问开销过大的问题。
DS_TOP_351,排序效率问题,Problem,数据结构,第8章 排序,排序过程中比较、移动或I/O代价过高的问题。,,3,4,王道2027数据结构，排序的基本概念，教材p331（PDF页342）,排序的基本概念,331,根据教材章节体系和知识点关系补充“排序效率问题”节点，用于连接相关考点；本节点概括为：排序过程中比较、移动或I/O代价过高的问题。
DS_TOP_352,归并代价最小化,Problem,数据结构,第8章 排序,外部归并中使带权路径长度或总I/O代价尽量小的问题。,,3,4,王道2027数据结构，外部排序，教材p380（PDF页391）,外部排序,380,根据教材章节体系和知识点关系补充“归并代价最小化”节点，用于连接相关考点；本节点概括为：外部归并中使带权路径长度或总I/O代价尽量小的问题。
DS_TOP_353,KMP匹配示例,Example,数据结构,第4章 串,用于说明KMP算法根据next数组移动模式串的典型例题。,,3,3,王道2027数据结构，串的模式匹配，教材p111（PDF页122）,串的模式匹配,111,根据教材章节体系和知识点关系补充“KMP匹配示例”节点，用于连接相关考点；本节点概括为：用于说明KMP算法根据next数组移动模式串的典型例题。
DS_TOP_354,二叉树遍历序列还原示例,Example,数据结构,第5章 树与二叉树,根据先序/中序或后序/中序遍历序列构造二叉树的典型题型。,,3,4,王道2027数据结构，二叉树的遍历和线索二叉树，教材p140（PDF页151）,二叉树的遍历和线索二叉树,140,根据教材章节体系和知识点关系补充“二叉树遍历序列还原示例”节点，用于连接相关考点；本节点概括为：根据先序/中序或后序/中序遍历序列构造二叉树的典型题型。
DS_TOP_355,关键路径计算示例,Example,数据结构,第6章 图,用于计算事件最早/最迟发生时间和关键活动的典型题型。,,3,4,王道2027数据结构，图的应用，教材p226（PDF页237）,图的应用,226,根据教材章节体系和知识点关系补充“关键路径计算示例”节点，用于连接相关考点；本节点概括为：用于计算事件最早/最迟发生时间和关键活动的典型题型。
DS_TOP_356,哈希查找示例,Example,数据结构,第7章 查找,用于说明散列函数、冲突处理和平均查找长度计算的典型题型。,,3,4,王道2027数据结构，散列(Hash)表，教材p317（PDF页328）,散列(Hash)表,317,根据教材章节体系和知识点关系补充“哈希查找示例”节点，用于连接相关考点；本节点概括为：用于说明散列函数、冲突处理和平均查找长度计算的典型题型。
DS_TOP_357,外部排序归并示例,Example,数据结构,第8章 排序,用于说明多路归并、败者树、置换选择排序和最佳归并树的典型题型。,,3,4,王道2027数据结构，外部排序，教材p380（PDF页391）,外部排序,380,根据教材章节体系和知识点关系补充“外部排序归并示例”节点，用于连接相关考点；本节点概括为：用于说明多路归并、败者树、置换选择排序和最佳归并树的典型题型。
DS_TOP_358,编码长度优化,Problem,数据结构,第5章 树与二叉树,通过编码设计降低平均码长或带权路径长度的问题。,,3,4,王道2027数据结构，树与二叉树的应用，教材p180（PDF页191）,树与二叉树的应用,180,根据教材章节体系和知识点关系补充“编码长度优化”节点，用于连接相关考点；本节点概括为：通过编码设计降低平均码长或带权路径长度的问题。
DS_TOP_359,平衡性,Property,数据结构,第7章 查找,树结构保持高度差受限或近似受限的性质。,,3,4,王道2027数据结构，树形查找，教材p278（PDF页289）,树形查找,278,根据教材章节体系和知识点关系补充“平衡性”节点，用于连接相关考点；本节点概括为：树结构保持高度差受限或近似受限的性质。
CP_CRS_001,编译原理,Course,编译原理,编译原理,研究程序设计语言的翻译、分析、优化和目标代码生成原理的计算机专业核心课程。,"Compiler Principles,Compilers",5,5,《编译原理（第3版）》王生原等，清华大学出版社，封面/目录，教材p1,封面/目录,1,教材目录或相应页面在“封面/目录”（教材p1）出现或讲解“编译原理”；本节点/关系用于表示：研究程序设计语言的翻译、分析、优化和目标代码生成原理的计算机专业核心课程。
CP_TOP_001,第1章 引论,Topic,编译原理,第1章 引论,介绍编译程序的概念、编译过程、解释程序及PL/0编译系统。,,3,5,《编译原理（第3版）》王生原等，清华大学出版社，第1章 引论，教材p1,第1章 引论,1,教材目录或相应页面在“第1章 引论”（教材p1）出现或讲解“第1章 引论”；本节点/关系用于表示：介绍编译程序的概念、编译过程、解释程序及PL/0编译系统。
CP_TOP_002,第2章 文法和语言,Topic,编译原理,第2章 文法和语言,介绍文法、符号串、语言形式定义、文法类型、语法树和句型分析。,,3,5,《编译原理（第3版）》王生原等，清华大学出版社，第2章 文法和语言，教材p19,第2章 文法和语言,19,教材目录或相应页面在“第2章 文法和语言”（教材p19）出现或讲解“第2章 文法和语言”；本节点/关系用于表示：介绍文法、符号串、语言形式定义、文法类型、语法树和句型分析。
CP_TOP_003,第3章 词法分析,Topic,编译原理,第3章 词法分析,研究单词识别、正规文法、正规式、有穷自动机及词法分析器构造工具。,,3,5,《编译原理（第3版）》王生原等，清华大学出版社，第3章 词法分析，教材p37,第3章 词法分析,37,教材目录或相应页面在“第3章 词法分析”（教材p37）出现或讲解“第3章 词法分析”；本节点/关系用于表示：研究单词识别、正规文法、正规式、有穷自动机及词法分析器构造工具。
CP_TOP_004,第4章 自顶向下语法分析方法,Topic,编译原理,第4章 自顶向下语法分析方法,研究LL(1)文法、自顶向下分析、递归下降和预测分析表。,,3,5,《编译原理（第3版）》王生原等，清华大学出版社，第4章 自顶向下语法分析方法，教材p68,第4章 自顶向下语法分析方法,68,教材目录或相应页面在“第4章 自顶向下语法分析方法”（教材p68）出现或讲解“第4章 自顶向下语法分析方法”；本节点/关系用于表示：研究LL(1)文法、自顶向下分析、递归下降和预测分析表。
CP_TOP_005,第5章 自底向上优先分析,Topic,编译原理,第5章 自底向上优先分析,研究简单优先分析、算符优先分析及优先关系表。,,3,5,《编译原理（第3版）》王生原等，清华大学出版社，第5章 自底向上优先分析，教材p103,第5章 自底向上优先分析,103,教材目录或相应页面在“第5章 自底向上优先分析”（教材p103）出现或讲解“第5章 自底向上优先分析”；本节点/关系用于表示：研究简单优先分析、算符优先分析及优先关系表。
CP_TOP_006,第6章 LR分析,Topic,编译原理,第6章 LR分析,研究LR(0)、SLR(1)、LR(1)、LALR(1)及LR分析表构造。,,3,5,《编译原理（第3版）》王生原等，清华大学出版社，第6章 LR分析，教材p123,第6章 LR分析,123,教材目录或相应页面在“第6章 LR分析”（教材p123）出现或讲解“第6章 LR分析”；本节点/关系用于表示：研究LR(0)、SLR(1)、LR(1)、LALR(1)及LR分析表构造。
CP_TOP_007,第7章 语法制导的语义计算,Topic,编译原理,第7章 语法制导的语义计算,研究属性文法、S属性/L属性文法和翻译模式。,,3,5,《编译原理（第3版）》王生原等，清华大学出版社，第7章 语法制导的语义计算，教材p160,第7章 语法制导的语义计算,160,教材目录或相应页面在“第7章 语法制导的语义计算”（教材p160）出现或讲解“第7章 语法制导的语义计算”；本节点/关系用于表示：研究属性文法、S属性/L属性文法和翻译模式。
CP_TOP_008,第8章 静态语义分析和中间代码生成,Topic,编译原理,第8章 静态语义分析和中间代码生成,研究符号表、静态语义分析、类型检查和中间代码生成。,,3,5,《编译原理（第3版）》王生原等，清华大学出版社，第8章 静态语义分析和中间代码生成，教材p195,第8章 静态语义分析和中间代码生成,195,教材目录或相应页面在“第8章 静态语义分析和中间代码生成”（教材p195）出现或讲解“第8章 静态语义分析和中间代码生成”；本节点/关系用于表示：研究符号表、静态语义分析、类型检查和中间代码生成。
CP_TOP_009,第9章 运行时存储组织,Topic,编译原理,第9章 运行时存储组织,研究活动记录、过程调用、运行时存储布局和面向对象运行时组织。,,3,5,《编译原理（第3版）》王生原等，清华大学出版社，第9章 运行时存储组织，教材p229,第9章 运行时存储组织,229,教材目录或相应页面在“第9章 运行时存储组织”（教材p229）出现或讲解“第9章 运行时存储组织”；本节点/关系用于表示：研究活动记录、过程调用、运行时存储布局和面向对象运行时组织。
CP_TOP_010,第10章 代码优化和目标代码生成,Topic,编译原理,第10章 代码优化和目标代码生成,研究基本块、流图、数据流分析、代码优化和目标代码生成。,,3,5,《编译原理（第3版）》王生原等，清华大学出版社，第10章 代码优化和目标代码生成，教材p255,第10章 代码优化和目标代码生成,255,教材目录或相应页面在“第10章 代码优化和目标代码生成”（教材p255）出现或讲解“第10章 代码优化和目标代码生成”；本节点/关系用于表示：研究基本块、流图、数据流分析、代码优化和目标代码生成。
CP_TOP_011,第11章 课程设计,Topic,编译原理,第11章 课程设计,基于PL/0和Decaf编译器组织课程设计与阶段实验。,,3,5,《编译原理（第3版）》王生原等，清华大学出版社，第11章 课程设计，教材p296,第11章 课程设计,296,教材目录或相应页面在“第11章 课程设计”（教材p296）出现或讲解“第11章 课程设计”；本节点/关系用于表示：基于PL/0和Decaf编译器组织课程设计与阶段实验。
CP_TOP_012,第12章 编译器和相关工具实例——GCC/Binutils,Topic,编译原理,第12章 编译器和相关工具实例——GCC/Binutils,介绍GCC、Binutils及编译器工具链使用实例。,,3,5,《编译原理（第3版）》王生原等，清华大学出版社，第12章 编译器和相关工具实例——GCC/Binutils，教材p336,第12章 编译器和相关工具实例——GCC/Binutils,336,教材目录或相应页面在“第12章 编译器和相关工具实例——GCC/Binutils”（教材p336）出现或讲解“第12章 编译器和相关工具实例——GCC/Binutils”；本节点/关系用于表示：介绍GCC、Binutils及编译器工具链使用实例。
CP_TOP_013,1.1 什么是编译程序,Topic,编译原理,第1章 引论,围绕“1.1 什么是编译程序”展开的编译原理知识模块。,,3,4,《编译原理（第3版）》王生原等，清华大学出版社，1.1 什么是编译程序，教材p1,1.1 什么是编译程序,1,教材目录或相应页面在“1.1 什么是编译程序”（教材p1）出现或讲解“1.1 什么是编译程序”；本节点/关系用于表示：围绕“1.1 什么是编译程序”展开的编译原理知识模块。
CP_TOP_014,1.2 编译过程和编译程序的结构,Topic,编译原理,第1章 引论,围绕“1.2 编译过程和编译程序的结构”展开的编译原理知识模块。,,3,4,《编译原理（第3版）》王生原等，清华大学出版社，1.2 编译过程和编译程序的结构，教材p2,1.2 编译过程和编译程序的结构,2,教材目录或相应页面在“1.2 编译过程和编译程序的结构”（教材p2）出现或讲解“1.2 编译过程和编译程序的结构”；本节点/关系用于表示：围绕“1.2 编译过程和编译程序的结构”展开的编译原理知识模块。
CP_TOP_015,1.2.1 编译过程概述,Topic,编译原理,第1章 引论,围绕“1.2.1 编译过程概述”展开的编译原理知识模块。,,3,4,《编译原理（第3版）》王生原等，清华大学出版社，1.2.1 编译过程概述，教材p2,1.2.1 编译过程概述,2,教材目录或相应页面在“1.2.1 编译过程概述”（教材p2）出现或讲解“1.2.1 编译过程概述”；本节点/关系用于表示：围绕“1.2.1 编译过程概述”展开的编译原理知识模块。
CP_TOP_016,1.2.2 编译程序的结构,Topic,编译原理,第1章 引论,围绕“1.2.2 编译程序的结构”展开的编译原理知识模块。,,3,4,《编译原理（第3版）》王生原等，清华大学出版社，1.2.2 编译程序的结构，教材p5,1.2.2 编译程序的结构,5,教材目录或相应页面在“1.2.2 编译程序的结构”（教材p5）出现或讲解“1.2.2 编译程序的结构”；本节点/关系用于表示：围绕“1.2.2 编译程序的结构”展开的编译原理知识模块。
CP_TOP_017,1.2.3 编译程序的组合,Topic,编译原理,第1章 引论,围绕“1.2.3 编译程序的组合”展开的编译原理知识模块。,,3,4,《编译原理（第3版）》王生原等，清华大学出版社，1.2.3 编译程序的组合，教材p6,1.2.3 编译程序的组合,6,教材目录或相应页面在“1.2.3 编译程序的组合”（教材p6）出现或讲解“1.2.3 编译程序的组合”；本节点/关系用于表示：围绕“1.2.3 编译程序的组合”展开的编译原理知识模块。
CP_TOP_018,1.3 解释程序和一些软件工具,Topic,编译原理,第1章 引论,围绕“1.3 解释程序和一些软件工具”展开的编译原理知识模块。,,3,4,《编译原理（第3版）》王生原等，清华大学出版社，1.3 解释程序和一些软件工具，教材p7,1.3 解释程序和一些软件工具,7,教材目录或相应页面在“1.3 解释程序和一些软件工具”（教材p7）出现或讲解“1.3 解释程序和一些软件工具”；本节点/关系用于表示：围绕“1.3 解释程序和一些软件工具”展开的编译原理知识模块。
CP_TOP_019,1.3.1 解释程序,Topic,编译原理,第1章 引论,围绕“1.3.1 解释程序”展开的编译原理知识模块。,,3,4,《编译原理（第3版）》王生原等，清华大学出版社，1.3.1 解释程序，教材p7,1.3.1 解释程序,7,教材目录或相应页面在“1.3.1 解释程序”（教材p7）出现或讲解“1.3.1 解释程序”；本节点/关系用于表示：围绕“1.3.1 解释程序”展开的编译原理知识模块。
CP_TOP_020,1.3.2 处理源程序的软件工具,Topic,编译原理,第1章 引论,围绕“1.3.2 处理源程序的软件工具”展开的编译原理知识模块。,,3,4,《编译原理（第3版）》王生原等，清华大学出版社，1.3.2 处理源程序的软件工具，教材p8,1.3.2 处理源程序的软件工具,8,教材目录或相应页面在“1.3.2 处理源程序的软件工具”（教材p8）出现或讲解“1.3.2 处理源程序的软件工具”；本节点/关系用于表示：围绕“1.3.2 处理源程序的软件工具”展开的编译原理知识模块。
CP_TOP_021,1.4 PL/0语言编译系统,Topic,编译原理,第1章 引论,围绕“1.4 PL/0语言编译系统”展开的编译原理知识模块。,,3,4,《编译原理（第3版）》王生原等，清华大学出版社，1.4 PL/0语言编译系统，教材p10,1.4 PL/0语言编译系统,10,教材目录或相应页面在“1.4 PL/0语言编译系统”（教材p10）出现或讲解“1.4 PL/0语言编译系统”；本节点/关系用于表示：围绕“1.4 PL/0语言编译系统”展开的编译原理知识模块。
CP_TOP_022,1.4.1 PL/0语言编译系统构成,Topic,编译原理,第1章 引论,围绕“1.4.1 PL/0语言编译系统构成”展开的编译原理知识模块。,,3,4,《编译原理（第3版）》王生原等，清华大学出版社，1.4.1 PL/0语言编译系统构成，教材p11,1.4.1 PL/0语言编译系统构成,11,教材目录或相应页面在“1.4.1 PL/0语言编译系统构成”（教材p11）出现或讲解“1.4.1 PL/0语言编译系统构成”；本节点/关系用于表示：围绕“1.4.1 PL/0语言编译系统构成”展开的编译原理知识模块。
CP_TOP_023,1.4.2 PL/0语言,Topic,编译原理,第1章 引论,围绕“1.4.2 PL/0语言”展开的编译原理知识模块。,,3,4,《编译原理（第3版）》王生原等，清华大学出版社，1.4.2 PL/0语言，教材p11,1.4.2 PL/0语言,11,教材目录或相应页面在“1.4.2 PL/0语言”（教材p11）出现或讲解“1.4.2 PL/0语言”；本节点/关系用于表示：围绕“1.4.2 PL/0语言”展开的编译原理知识模块。
CP_TOP_024,1.4.3 类P-code语言,Topic,编译原理,第1章 引论,围绕“1.4.3 类P-code语言”展开的编译原理知识模块。,,3,4,《编译原理（第3版）》王生原等，清华大学出版社，1.4.3 类P-code语言，教材p14,1.4.3 类P-code语言,14,教材目录或相应页面在“1.4.3 类P-code语言”（教材p14）出现或讲解“1.4.3 类P-code语言”；本节点/关系用于表示：围绕“1.4.3 类P-code语言”展开的编译原理知识模块。
CP_TOP_025,1.4.4 PL/0编译程序,Topic,编译原理,第1章 引论,围绕“1.4.4 PL/0编译程序”展开的编译原理知识模块。,,3,4,《编译原理（第3版）》王生原等，清华大学出版社，1.4.4 PL/0编译程序，教材p15,1.4.4 PL/0编译程序,15,教材目录或相应页面在“1.4.4 PL/0编译程序”（教材p15）出现或讲解“1.4.4 PL/0编译程序”；本节点/关系用于表示：围绕“1.4.4 PL/0编译程序”展开的编译原理知识模块。
CP_TOP_026,1.4.5 PL/0语言编译系统的驱动代码,Topic,编译原理,第1章 引论,围绕“1.4.5 PL/0语言编译系统的驱动代码”展开的编译原理知识模块。,,3,4,《编译原理（第3版）》王生原等，清华大学出版社，1.4.5 PL/0语言编译系统的驱动代码，教材p16,1.4.5 PL/0语言编译系统的驱动代码,16,教材目录或相应页面在“1.4.5 PL/0语言编译系统的驱动代码”（教材p16）出现或讲解“1.4.5 PL/0语言编译系统的驱动代码”；本节点/关系用于表示：围绕“1.4.5 PL/0语言编译系统的驱动代码”展开的编译原理知识模块。
CP_TOP_027,2.1 文法的直观概念,Topic,编译原理,第2章 文法和语言,围绕“2.1 文法的直观概念”展开的编译原理知识模块。,,3,4,《编译原理（第3版）》王生原等，清华大学出版社，2.1 文法的直观概念，教材p19,2.1 文法的直观概念,19,教材目录或相应页面在“2.1 文法的直观概念”（教材p19）出现或讲解“2.1 文法的直观概念”；本节点/关系用于表示：围绕“2.1 文法的直观概念”展开的编译原理知识模块。
CP_TOP_028,2.2 符号和符号串,Topic,编译原理,第2章 文法和语言,围绕“2.2 符号和符号串”展开的编译原理知识模块。,,3,4,《编译原理（第3版）》王生原等，清华大学出版社，2.2 符号和符号串，教材p20,2.2 符号和符号串,20,教材目录或相应页面在“2.2 符号和符号串”（教材p20）出现或讲解“2.2 符号和符号串”；本节点/关系用于表示：围绕“2.2 符号和符号串”展开的编译原理知识模块。
CP_TOP_029,2.3 文法和语言的形式定义,Topic,编译原理,第2章 文法和语言,围绕“2.3 文法和语言的形式定义”展开的编译原理知识模块。,,3,4,《编译原理（第3版）》王生原等，清华大学出版社，2.3 文法和语言的形式定义，教材p21,2.3 文法和语言的形式定义,21,教材目录或相应页面在“2.3 文法和语言的形式定义”（教材p21）出现或讲解“2.3 文法和语言的形式定义”；本节点/关系用于表示：围绕“2.3 文法和语言的形式定义”展开的编译原理知识模块。
CP_TOP_030,2.4 文法的类型,Topic,编译原理,第2章 文法和语言,围绕“2.4 文法的类型”展开的编译原理知识模块。,,3,4,《编译原理（第3版）》王生原等，清华大学出版社，2.4 文法的类型，教材p25,2.4 文法的类型,25,教材目录或相应页面在“2.4 文法的类型”（教材p25）出现或讲解“2.4 文法的类型”；本节点/关系用于表示：围绕“2.4 文法的类型”展开的编译原理知识模块。
CP_TOP_031,2.5 上下文无关文法及其语法树,Topic,编译原理,第2章 文法和语言,围绕“2.5 上下文无关文法及其语法树”展开的编译原理知识模块。,,3,4,《编译原理（第3版）》王生原等，清华大学出版社，2.5 上下文无关文法及其语法树，教材p26,2.5 上下文无关文法及其语法树,26,教材目录或相应页面在“2.5 上下文无关文法及其语法树”（教材p26）出现或讲解“2.5 上下文无关文法及其语法树”；本节点/关系用于表示：围绕“2.5 上下文无关文法及其语法树”展开的编译原理知识模块。
CP_TOP_032,2.6 句型的分析,Topic,编译原理,第2章 文法和语言,围绕“2.6 句型的分析”展开的编译原理知识模块。,,3,4,《编译原理（第3版）》王生原等，清华大学出版社，2.6 句型的分析，教材p29,2.6 句型的分析,29,教材目录或相应页面在“2.6 句型的分析”（教材p29）出现或讲解“2.6 句型的分析”；本节点/关系用于表示：围绕“2.6 句型的分析”展开的编译原理知识模块。
CP_TOP_033,2.6.1 自上而下的分析方法,Topic,编译原理,第2章 文法和语言,围绕“2.6.1 自上而下的分析方法”展开的编译原理知识模块。,,3,4,《编译原理（第3版）》王生原等，清华大学出版社，2.6.1 自上而下的分析方法，教材p30,2.6.1 自上而下的分析方法,30,教材目录或相应页面在“2.6.1 自上而下的分析方法”（教材p30）出现或讲解“2.6.1 自上而下的分析方法”；本节点/关系用于表示：围绕“2.6.1 自上而下的分析方法”展开的编译原理知识模块。
CP_TOP_034,2.6.2 自下而上的分析方法,Topic,编译原理,第2章 文法和语言,围绕“2.6.2 自下而上的分析方法”展开的编译原理知识模块。,,3,4,《编译原理（第3版）》王生原等，清华大学出版社，2.6.2 自下而上的分析方法，教材p30,2.6.2 自下而上的分析方法,30,教材目录或相应页面在“2.6.2 自下而上的分析方法”（教材p30）出现或讲解“2.6.2 自下而上的分析方法”；本节点/关系用于表示：围绕“2.6.2 自下而上的分析方法”展开的编译原理知识模块。
CP_TOP_035,2.6.3 句型分析的有关问题,Topic,编译原理,第2章 文法和语言,围绕“2.6.3 句型分析的有关问题”展开的编译原理知识模块。,,3,4,《编译原理（第3版）》王生原等，清华大学出版社，2.6.3 句型分析的有关问题，教材p31,2.6.3 句型分析的有关问题,31,教材目录或相应页面在“2.6.3 句型分析的有关问题”（教材p31）出现或讲解“2.6.3 句型分析的有关问题”；本节点/关系用于表示：围绕“2.6.3 句型分析的有关问题”展开的编译原理知识模块。
CP_TOP_036,2.7 有关文法实际应用的一些说明,Topic,编译原理,第2章 文法和语言,围绕“2.7 有关文法实际应用的一些说明”展开的编译原理知识模块。,,3,4,《编译原理（第3版）》王生原等，清华大学出版社，2.7 有关文法实际应用的一些说明，教材p32,2.7 有关文法实际应用的一些说明,32,教材目录或相应页面在“2.7 有关文法实际应用的一些说明”（教材p32）出现或讲解“2.7 有关文法实际应用的一些说明”；本节点/关系用于表示：围绕“2.7 有关文法实际应用的一些说明”展开的编译原理知识模块。
CP_TOP_037,2.7.1 有关文法的实用限制,Topic,编译原理,第2章 文法和语言,围绕“2.7.1 有关文法的实用限制”展开的编译原理知识模块。,,3,4,《编译原理（第3版）》王生原等，清华大学出版社，2.7.1 有关文法的实用限制，教材p32,2.7.1 有关文法的实用限制,32,教材目录或相应页面在“2.7.1 有关文法的实用限制”（教材p32）出现或讲解“2.7.1 有关文法的实用限制”；本节点/关系用于表示：围绕“2.7.1 有关文法的实用限制”展开的编译原理知识模块。
CP_TOP_038,2.7.2 上下文无关文法中的二义性,Topic,编译原理,第2章 文法和语言,围绕“2.7.2 上下文无关文法中的二义性”展开的编译原理知识模块。,,3,4,《编译原理（第3版）》王生原等，清华大学出版社，2.7.2 上下文无关文法中的二义性，教材p33,2.7.2 上下文无关文法中的二义性,33,教材目录或相应页面在“2.7.2 上下文无关文法中的二义性”（教材p33）出现或讲解“2.7.2 上下文无关文法中的二义性”；本节点/关系用于表示：围绕“2.7.2 上下文无关文法中的二义性”展开的编译原理知识模块。
CP_TOP_039,2.7.3 上下文无关文法中的规则,Topic,编译原理,第2章 文法和语言,围绕“2.7.3 上下文无关文法中的规则”展开的编译原理知识模块。,,3,4,《编译原理（第3版）》王生原等，清华大学出版社，2.7.3 上下文无关文法中的规则，教材p33,2.7.3 上下文无关文法中的规则,33,教材目录或相应页面在“2.7.3 上下文无关文法中的规则”（教材p33）出现或讲解“2.7.3 上下文无关文法中的规则”；本节点/关系用于表示：围绕“2.7.3 上下文无关文法中的规则”展开的编译原理知识模块。
CP_TOP_040,3.1 词法分析程序的设计,Topic,编译原理,第3章 词法分析,围绕“3.1 词法分析程序的设计”展开的编译原理知识模块。,,3,4,《编译原理（第3版）》王生原等，清华大学出版社，3.1 词法分析程序的设计，教材p37,3.1 词法分析程序的设计,37,教材目录或相应页面在“3.1 词法分析程序的设计”（教材p37）出现或讲解“3.1 词法分析程序的设计”；本节点/关系用于表示：围绕“3.1 词法分析程序的设计”展开的编译原理知识模块。
CP_TOP_041,3.1.1 词法分析程序和语法分析程序的接口方式,Topic,编译原理,第3章 词法分析,围绕“3.1.1 词法分析程序和语法分析程序的接口方式”展开的编译原理知识模块。,,3,4,《编译原理（第3版）》王生原等，清华大学出版社，3.1.1 词法分析程序和语法分析程序的接口方式，教材p37,3.1.1 词法分析程序和语法分析程序的接口方式,37,教材目录或相应页面在“3.1.1 词法分析程序和语法分析程序的接口方式”（教材p37）出现或讲解“3.1.1 词法分析程序和语法分析程序的接口方式”；本节点/关系用于表示：围绕“3.1.1 词法分析程序和语法分析程序的接口方式”展开的编译原理知识模块。
CP_TOP_042,3.1.2 词法分析程序的输出,Topic,编译原理,第3章 词法分析,围绕“3.1.2 词法分析程序的输出”展开的编译原理知识模块。,,3,4,《编译原理（第3版）》王生原等，清华大学出版社，3.1.2 词法分析程序的输出，教材p38,3.1.2 词法分析程序的输出,38,教材目录或相应页面在“3.1.2 词法分析程序的输出”（教材p38）出现或讲解“3.1.2 词法分析程序的输出”；本节点/关系用于表示：围绕“3.1.2 词法分析程序的输出”展开的编译原理知识模块。
CP_TOP_043,3.1.3 将词法分析工作分离的考虑,Topic,编译原理,第3章 词法分析,围绕“3.1.3 将词法分析工作分离的考虑”展开的编译原理知识模块。,,3,4,《编译原理（第3版）》王生原等，清华大学出版社，3.1.3 将词法分析工作分离的考虑，教材p38,3.1.3 将词法分析工作分离的考虑,38,教材目录或相应页面在“3.1.3 将词法分析工作分离的考虑”（教材p38）出现或讲解“3.1.3 将词法分析工作分离的考虑”；本节点/关系用于表示：围绕“3.1.3 将词法分析工作分离的考虑”展开的编译原理知识模块。
CP_TOP_044,3.1.4 词法分析程序中的规则和单词,Topic,编译原理,第3章 词法分析,围绕“3.1.4 词法分析程序中的规则和单词”展开的编译原理知识模块。,,3,4,《编译原理（第3版）》王生原等，清华大学出版社，3.1.4 词法分析程序中的规则和单词，教材p39,3.1.4 词法分析程序中的规则和单词,39,教材目录或相应页面在“3.1.4 词法分析程序中的规则和单词”（教材p39）出现或讲解“3.1.4 词法分析程序中的规则和单词”；本节点/关系用于表示：围绕“3.1.4 词法分析程序中的规则和单词”展开的编译原理知识模块。
CP_TOP_045,3.2 PL/0编译程序中的词法分析程序设计和实现,Topic,编译原理,第3章 词法分析,围绕“3.2 PL/0编译程序中的词法分析程序设计和实现”展开的编译原理知识模块。,,3,4,《编译原理（第3版）》王生原等，清华大学出版社，3.2 PL/0编译程序中的词法分析程序设计和实现，教材p40,3.2 PL/0编译程序中的词法分析程序设计和实现,40,教材目录或相应页面在“3.2 PL/0编译程序中的词法分析程序设计和实现”（教材p40）出现或讲解“3.2 PL/0编译程序中的词法分析程序设计和实现”；本节点/关系用于表示：围绕“3.2 PL/0编译程序中的词法分析程序设计和实现”展开的编译原理知识模块。
CP_TOP_046,3.3 单词的形式化描述工具,Topic,编译原理,第3章 词法分析,围绕“3.3 单词的形式化描述工具”展开的编译原理知识模块。,,3,4,《编译原理（第3版）》王生原等，清华大学出版社，3.3 单词的形式化描述工具，教材p44,3.3 单词的形式化描述工具,44,教材目录或相应页面在“3.3 单词的形式化描述工具”（教材p44）出现或讲解“3.3 单词的形式化描述工具”；本节点/关系用于表示：围绕“3.3 单词的形式化描述工具”展开的编译原理知识模块。
CP_TOP_047,3.3.1 正规文法,Topic,编译原理,第3章 词法分析,围绕“3.3.1 正规文法”展开的编译原理知识模块。,,3,4,《编译原理（第3版）》王生原等，清华大学出版社，3.3.1 正规文法，教材p44,3.3.1 正规文法,44,教材目录或相应页面在“3.3.1 正规文法”（教材p44）出现或讲解“3.3.1 正规文法”；本节点/关系用于表示：围绕“3.3.1 正规文法”展开的编译原理知识模块。
CP_TOP_048,3.3.2 正规式,Topic,编译原理,第3章 词法分析,围绕“3.3.2 正规式”展开的编译原理知识模块。,,3,4,《编译原理（第3版）》王生原等，清华大学出版社，3.3.2 正规式，教材p45,3.3.2 正规式,45,教材目录或相应页面在“3.3.2 正规式”（教材p45）出现或讲解“3.3.2 正规式”；本节点/关系用于表示：围绕“3.3.2 正规式”展开的编译原理知识模块。
CP_TOP_049,3.3.3 正规文法和正规式的等价性,Topic,编译原理,第3章 词法分析,围绕“3.3.3 正规文法和正规式的等价性”展开的编译原理知识模块。,,3,4,《编译原理（第3版）》王生原等，清华大学出版社，3.3.3 正规文法和正规式的等价性，教材p46,3.3.3 正规文法和正规式的等价性,46,教材目录或相应页面在“3.3.3 正规文法和正规式的等价性”（教材p46）出现或讲解“3.3.3 正规文法和正规式的等价性”；本节点/关系用于表示：围绕“3.3.3 正规文法和正规式的等价性”展开的编译原理知识模块。
CP_TOP_050,3.4 有穷自动机,Topic,编译原理,第3章 词法分析,围绕“3.4 有穷自动机”展开的编译原理知识模块。,,3,4,《编译原理（第3版）》王生原等，清华大学出版社，3.4 有穷自动机，教材p47,3.4 有穷自动机,47,教材目录或相应页面在“3.4 有穷自动机”（教材p47）出现或讲解“3.4 有穷自动机”；本节点/关系用于表示：围绕“3.4 有穷自动机”展开的编译原理知识模块。
CP_TOP_051,3.4.1 确定的有穷自动机(DFA),Topic,编译原理,第3章 词法分析,围绕“3.4.1 确定的有穷自动机(DFA)”展开的编译原理知识模块。,,3,4,《编译原理（第3版）》王生原等，清华大学出版社，3.4.1 确定的有穷自动机(DFA)，教材p47,3.4.1 确定的有穷自动机(DFA),47,教材目录或相应页面在“3.4.1 确定的有穷自动机(DFA)”（教材p47）出现或讲解“3.4.1 确定的有穷自动机(DFA)”；本节点/关系用于表示：围绕“3.4.1 确定的有穷自动机(DFA)”展开的编译原理知识模块。
CP_TOP_052,3.4.2 不确定的有穷自动机(NFA),Topic,编译原理,第3章 词法分析,围绕“3.4.2 不确定的有穷自动机(NFA)”展开的编译原理知识模块。,,3,4,《编译原理（第3版）》王生原等，清华大学出版社，3.4.2 不确定的有穷自动机(NFA)，教材p49,3.4.2 不确定的有穷自动机(NFA),49,教材目录或相应页面在“3.4.2 不确定的有穷自动机(NFA)”（教材p49）出现或讲解“3.4.2 不确定的有穷自动机(NFA)”；本节点/关系用于表示：围绕“3.4.2 不确定的有穷自动机(NFA)”展开的编译原理知识模块。
CP_TOP_053,3.4.3 NFA转换为等价DFA,Topic,编译原理,第3章 词法分析,围绕“3.4.3 NFA转换为等价DFA”展开的编译原理知识模块。,,3,4,《编译原理（第3版）》王生原等，清华大学出版社，3.4.3 NFA转换为等价DFA，教材p50,3.4.3 NFA转换为等价DFA,50,教材目录或相应页面在“3.4.3 NFA转换为等价DFA”（教材p50）出现或讲解“3.4.3 NFA转换为等价DFA”；本节点/关系用于表示：围绕“3.4.3 NFA转换为等价DFA”展开的编译原理知识模块。
CP_TOP_054,3.4.4 确定有穷自动机的化简,Topic,编译原理,第3章 词法分析,围绕“3.4.4 确定有穷自动机的化简”展开的编译原理知识模块。,,3,4,《编译原理（第3版）》王生原等，清华大学出版社，3.4.4 确定有穷自动机的化简，教材p52,3.4.4 确定有穷自动机的化简,52,教材目录或相应页面在“3.4.4 确定有穷自动机的化简”（教材p52）出现或讲解“3.4.4 确定有穷自动机的化简”；本节点/关系用于表示：围绕“3.4.4 确定有穷自动机的化简”展开的编译原理知识模块。
CP_TOP_055,3.5 正规式和有穷自动机的等价性,Topic,编译原理,第3章 词法分析,围绕“3.5 正规式和有穷自动机的等价性”展开的编译原理知识模块。,,3,4,《编译原理（第3版）》王生原等，清华大学出版社，3.5 正规式和有穷自动机的等价性，教材p54,3.5 正规式和有穷自动机的等价性,54,教材目录或相应页面在“3.5 正规式和有穷自动机的等价性”（教材p54）出现或讲解“3.5 正规式和有穷自动机的等价性”；本节点/关系用于表示：围绕“3.5 正规式和有穷自动机的等价性”展开的编译原理知识模块。
CP_TOP_056,3.6 正规文法和有穷自动机的等价性,Topic,编译原理,第3章 词法分析,围绕“3.6 正规文法和有穷自动机的等价性”展开的编译原理知识模块。,,3,4,《编译原理（第3版）》王生原等，清华大学出版社，3.6 正规文法和有穷自动机的等价性，教材p57,3.6 正规文法和有穷自动机的等价性,57,教材目录或相应页面在“3.6 正规文法和有穷自动机的等价性”（教材p57）出现或讲解“3.6 正规文法和有穷自动机的等价性”；本节点/关系用于表示：围绕“3.6 正规文法和有穷自动机的等价性”展开的编译原理知识模块。
CP_TOP_057,3.7 词法分析程序的自动构造工具,Topic,编译原理,第3章 词法分析,围绕“3.7 词法分析程序的自动构造工具”展开的编译原理知识模块。,,3,4,《编译原理（第3版）》王生原等，清华大学出版社，3.7 词法分析程序的自动构造工具，教材p58,3.7 词法分析程序的自动构造工具,58,教材目录或相应页面在“3.7 词法分析程序的自动构造工具”（教材p58）出现或讲解“3.7 词法分析程序的自动构造工具”；本节点/关系用于表示：围绕“3.7 词法分析程序的自动构造工具”展开的编译原理知识模块。
CP_TOP_058,3.7.1 lex描述文件中的正规表达式,Topic,编译原理,第3章 词法分析,围绕“3.7.1 lex描述文件中的正规表达式”展开的编译原理知识模块。,,3,4,《编译原理（第3版）》王生原等，清华大学出版社，3.7.1 lex描述文件中的正规表达式，教材p59,3.7.1 lex描述文件中的正规表达式,59,教材目录或相应页面在“3.7.1 lex描述文件中的正规表达式”（教材p59）出现或讲解“3.7.1 lex描述文件中的正规表达式”；本节点/关系用于表示：围绕“3.7.1 lex描述文件中的正规表达式”展开的编译原理知识模块。
CP_TOP_059,3.7.2 lex描述文件的辅助定义,Topic,编译原理,第3章 词法分析,围绕“3.7.2 lex描述文件的辅助定义”展开的编译原理知识模块。,,3,4,《编译原理（第3版）》王生原等，清华大学出版社，3.7.2 lex描述文件的辅助定义，教材p60,3.7.2 lex描述文件的辅助定义,60,教材目录或相应页面在“3.7.2 lex描述文件的辅助定义”（教材p60）出现或讲解“3.7.2 lex描述文件的辅助定义”；本节点/关系用于表示：围绕“3.7.2 lex描述文件的辅助定义”展开的编译原理知识模块。
CP_TOP_060,3.7.3 lex的使用,Topic,编译原理,第3章 词法分析,围绕“3.7.3 lex的使用”展开的编译原理知识模块。,,3,4,《编译原理（第3版）》王生原等，清华大学出版社，3.7.3 lex的使用，教材p63,3.7.3 lex的使用,63,教材目录或相应页面在“3.7.3 lex的使用”（教材p63）出现或讲解“3.7.3 lex的使用”；本节点/关系用于表示：围绕“3.7.3 lex的使用”展开的编译原理知识模块。
CP_TOP_061,3.7.4 与yacc的接口约定,Topic,编译原理,第3章 词法分析,围绕“3.7.4 与yacc的接口约定”展开的编译原理知识模块。,,3,4,《编译原理（第3版）》王生原等，清华大学出版社，3.7.4 与yacc的接口约定，教材p63,3.7.4 与yacc的接口约定,63,教材目录或相应页面在“3.7.4 与yacc的接口约定”（教材p63）出现或讲解“3.7.4 与yacc的接口约定”；本节点/关系用于表示：围绕“3.7.4 与yacc的接口约定”展开的编译原理知识模块。
CP_TOP_062,4.1 确定的自顶向下分析思想,Topic,编译原理,第4章 自顶向下语法分析方法,围绕“4.1 确定的自顶向下分析思想”展开的编译原理知识模块。,,3,4,《编译原理（第3版）》王生原等，清华大学出版社，4.1 确定的自顶向下分析思想，教材p68,4.1 确定的自顶向下分析思想,68,教材目录或相应页面在“4.1 确定的自顶向下分析思想”（教材p68）出现或讲解“4.1 确定的自顶向下分析思想”；本节点/关系用于表示：围绕“4.1 确定的自顶向下分析思想”展开的编译原理知识模块。
CP_TOP_063,4.2 LL(1)文法的判别,Topic,编译原理,第4章 自顶向下语法分析方法,围绕“4.2 LL(1)文法的判别”展开的编译原理知识模块。,,3,4,《编译原理（第3版）》王生原等，清华大学出版社，4.2 LL(1)文法的判别，教材p72,4.2 LL(1)文法的判别,72,教材目录或相应页面在“4.2 LL(1)文法的判别”（教材p72）出现或讲解“4.2 LL(1)文法的判别”；本节点/关系用于表示：围绕“4.2 LL(1)文法的判别”展开的编译原理知识模块。
CP_TOP_064,4.3 某些非LL(1)文法到LL(1)文法的等价变换,Topic,编译原理,第4章 自顶向下语法分析方法,围绕“4.3 某些非LL(1)文法到LL(1)文法的等价变换”展开的编译原理知识模块。,,3,4,《编译原理（第3版）》王生原等，清华大学出版社，4.3 某些非LL(1)文法到LL(1)文法的等价变换，教材p77,4.3 某些非LL(1)文法到LL(1)文法的等价变换,77,教材目录或相应页面在“4.3 某些非LL(1)文法到LL(1)文法的等价变换”（教材p77）出现或讲解“4.3 某些非LL(1)文法到LL(1)文法的等价变换”；本节点/关系用于表示：围绕“4.3 某些非LL(1)文法到LL(1)文法的等价变换”展开的编译原理知识模块。
CP_TOP_065,4.3.1 提取左公共因子,Topic,编译原理,第4章 自顶向下语法分析方法,围绕“4.3.1 提取左公共因子”展开的编译原理知识模块。,,3,4,《编译原理（第3版）》王生原等，清华大学出版社，4.3.1 提取左公共因子，教材p79,4.3.1 提取左公共因子,79,教材目录或相应页面在“4.3.1 提取左公共因子”（教材p79）出现或讲解“4.3.1 提取左公共因子”；本节点/关系用于表示：围绕“4.3.1 提取左公共因子”展开的编译原理知识模块。
CP_TOP_066,4.3.2 消除左递归,Topic,编译原理,第4章 自顶向下语法分析方法,围绕“4.3.2 消除左递归”展开的编译原理知识模块。,,3,4,《编译原理（第3版）》王生原等，清华大学出版社，4.3.2 消除左递归，教材p80,4.3.2 消除左递归,80,教材目录或相应页面在“4.3.2 消除左递归”（教材p80）出现或讲解“4.3.2 消除左递归”；本节点/关系用于表示：围绕“4.3.2 消除左递归”展开的编译原理知识模块。
CP_TOP_067,4.4 不确定的自顶向下分析思想,Topic,编译原理,第4章 自顶向下语法分析方法,围绕“4.4 不确定的自顶向下分析思想”展开的编译原理知识模块。,,3,4,《编译原理（第3版）》王生原等，清华大学出版社，4.4 不确定的自顶向下分析思想，教材p81,4.4 不确定的自顶向下分析思想,81,教材目录或相应页面在“4.4 不确定的自顶向下分析思想”（教材p81）出现或讲解“4.4 不确定的自顶向下分析思想”；本节点/关系用于表示：围绕“4.4 不确定的自顶向下分析思想”展开的编译原理知识模块。
CP_TOP_068,4.5 LL(1)分析的实现,Topic,编译原理,第4章 自顶向下语法分析方法,围绕“4.5 LL(1)分析的实现”展开的编译原理知识模块。,,3,4,《编译原理（第3版）》王生原等，清华大学出版社，4.5 LL(1)分析的实现，教材p85,4.5 LL(1)分析的实现,85,教材目录或相应页面在“4.5 LL(1)分析的实现”（教材p85）出现或讲解“4.5 LL(1)分析的实现”；本节点/关系用于表示：围绕“4.5 LL(1)分析的实现”展开的编译原理知识模块。
CP_TOP_069,4.5.1 递归下降LL(1)分析程序,Topic,编译原理,第4章 自顶向下语法分析方法,围绕“4.5.1 递归下降LL(1)分析程序”展开的编译原理知识模块。,,3,4,《编译原理（第3版）》王生原等，清华大学出版社，4.5.1 递归下降LL(1)分析程序，教材p85,4.5.1 递归下降LL(1)分析程序,85,教材目录或相应页面在“4.5.1 递归下降LL(1)分析程序”（教材p85）出现或讲解“4.5.1 递归下降LL(1)分析程序”；本节点/关系用于表示：围绕“4.5.1 递归下降LL(1)分析程序”展开的编译原理知识模块。
CP_TOP_070,4.5.2 表驱动LL(1)分析程序,Topic,编译原理,第4章 自顶向下语法分析方法,围绕“4.5.2 表驱动LL(1)分析程序”展开的编译原理知识模块。,,3,4,《编译原理（第3版）》王生原等，清华大学出版社，4.5.2 表驱动LL(1)分析程序，教材p92,4.5.2 表驱动LL(1)分析程序,92,教材目录或相应页面在“4.5.2 表驱动LL(1)分析程序”（教材p92）出现或讲解“4.5.2 表驱动LL(1)分析程序”；本节点/关系用于表示：围绕“4.5.2 表驱动LL(1)分析程序”展开的编译原理知识模块。
CP_TOP_071,4.6 LL(1)分析中的出错处理,Topic,编译原理,第4章 自顶向下语法分析方法,围绕“4.6 LL(1)分析中的出错处理”展开的编译原理知识模块。,,3,4,《编译原理（第3版）》王生原等，清华大学出版社，4.6 LL(1)分析中的出错处理，教材p95,4.6 LL(1)分析中的出错处理,95,教材目录或相应页面在“4.6 LL(1)分析中的出错处理”（教材p95）出现或讲解“4.6 LL(1)分析中的出错处理”；本节点/关系用于表示：围绕“4.6 LL(1)分析中的出错处理”展开的编译原理知识模块。
CP_TOP_072,4.6.1 应急恢复,Topic,编译原理,第4章 自顶向下语法分析方法,围绕“4.6.1 应急恢复”展开的编译原理知识模块。,,3,4,《编译原理（第3版）》王生原等，清华大学出版社，4.6.1 应急恢复，教材p95,4.6.1 应急恢复,95,教材目录或相应页面在“4.6.1 应急恢复”（教材p95）出现或讲解“4.6.1 应急恢复”；本节点/关系用于表示：围绕“4.6.1 应急恢复”展开的编译原理知识模块。
CP_TOP_073,4.6.2 短语层恢复,Topic,编译原理,第4章 自顶向下语法分析方法,围绕“4.6.2 短语层恢复”展开的编译原理知识模块。,,3,4,《编译原理（第3版）》王生原等，清华大学出版社，4.6.2 短语层恢复，教材p96,4.6.2 短语层恢复,96,教材目录或相应页面在“4.6.2 短语层恢复”（教材p96）出现或讲解“4.6.2 短语层恢复”；本节点/关系用于表示：围绕“4.6.2 短语层恢复”展开的编译原理知识模块。
CP_TOP_074,4.6.3 PL/0语法分析程序中的错误处理,Topic,编译原理,第4章 自顶向下语法分析方法,围绕“4.6.3 PL/0语法分析程序中的错误处理”展开的编译原理知识模块。,,3,4,《编译原理（第3版）》王生原等，清华大学出版社，4.6.3 PL/0语法分析程序中的错误处理，教材p96,4.6.3 PL/0语法分析程序中的错误处理,96,教材目录或相应页面在“4.6.3 PL/0语法分析程序中的错误处理”（教材p96）出现或讲解“4.6.3 PL/0语法分析程序中的错误处理”；本节点/关系用于表示：围绕“4.6.3 PL/0语法分析程序中的错误处理”展开的编译原理知识模块。
CP_TOP_075,5.1 自底向上优先分析概述,Topic,编译原理,第5章 自底向上优先分析,围绕“5.1 自底向上优先分析概述”展开的编译原理知识模块。,,3,4,《编译原理（第3版）》王生原等，清华大学出版社，5.1 自底向上优先分析概述，教材p103,5.1 自底向上优先分析概述,103,教材目录或相应页面在“5.1 自底向上优先分析概述”（教材p103）出现或讲解“5.1 自底向上优先分析概述”；本节点/关系用于表示：围绕“5.1 自底向上优先分析概述”展开的编译原理知识模块。
CP_TOP_076,5.2 简单优先分析,Topic,编译原理,第5章 自底向上优先分析,围绕“5.2 简单优先分析”展开的编译原理知识模块。,,3,4,《编译原理（第3版）》王生原等，清华大学出版社，5.2 简单优先分析，教材p104,5.2 简单优先分析,104,教材目录或相应页面在“5.2 简单优先分析”（教材p104）出现或讲解“5.2 简单优先分析”；本节点/关系用于表示：围绕“5.2 简单优先分析”展开的编译原理知识模块。
CP_TOP_077,5.2.1 优先关系定义,Topic,编译原理,第5章 自底向上优先分析,围绕“5.2.1 优先关系定义”展开的编译原理知识模块。,,3,4,《编译原理（第3版）》王生原等，清华大学出版社，5.2.1 优先关系定义，教材p105,5.2.1 优先关系定义,105,教材目录或相应页面在“5.2.1 优先关系定义”（教材p105）出现或讲解“5.2.1 优先关系定义”；本节点/关系用于表示：围绕“5.2.1 优先关系定义”展开的编译原理知识模块。
CP_TOP_078,5.2.2 简单优先关系的定义,Topic,编译原理,第5章 自底向上优先分析,围绕“5.2.2 简单优先关系的定义”展开的编译原理知识模块。,,3,4,《编译原理（第3版）》王生原等，清华大学出版社，5.2.2 简单优先关系的定义，教材p106,5.2.2 简单优先关系的定义,106,教材目录或相应页面在“5.2.2 简单优先关系的定义”（教材p106）出现或讲解“5.2.2 简单优先关系的定义”；本节点/关系用于表示：围绕“5.2.2 简单优先关系的定义”展开的编译原理知识模块。
CP_TOP_079,5.2.3 简单优先分析法的构造步骤,Topic,编译原理,第5章 自底向上优先分析,围绕“5.2.3 简单优先分析法的构造步骤”展开的编译原理知识模块。,,3,4,《编译原理（第3版）》王生原等，清华大学出版社，5.2.3 简单优先分析法的构造步骤，教材p106,5.2.3 简单优先分析法的构造步骤,106,教材目录或相应页面在“5.2.3 简单优先分析法的构造步骤”（教材p106）出现或讲解“5.2.3 简单优先分析法的构造步骤”；本节点/关系用于表示：围绕“5.2.3 简单优先分析法的构造步骤”展开的编译原理知识模块。
CP_TOP_080,5.3 算符优先分析法,Topic,编译原理,第5章 自底向上优先分析,围绕“5.3 算符优先分析法”展开的编译原理知识模块。,,3,4,《编译原理（第3版）》王生原等，清华大学出版社，5.3 算符优先分析法，教材p107,5.3 算符优先分析法,107,教材目录或相应页面在“5.3 算符优先分析法”（教材p107）出现或讲解“5.3 算符优先分析法”；本节点/关系用于表示：围绕“5.3 算符优先分析法”展开的编译原理知识模块。
CP_TOP_081,5.3.1 直观算符优先分析法,Topic,编译原理,第5章 自底向上优先分析,围绕“5.3.1 直观算符优先分析法”展开的编译原理知识模块。,,3,4,《编译原理（第3版）》王生原等，清华大学出版社，5.3.1 直观算符优先分析法，教材p107,5.3.1 直观算符优先分析法,107,教材目录或相应页面在“5.3.1 直观算符优先分析法”（教材p107）出现或讲解“5.3.1 直观算符优先分析法”；本节点/关系用于表示：围绕“5.3.1 直观算符优先分析法”展开的编译原理知识模块。
CP_TOP_082,5.3.2 算符优先文法的定义,Topic,编译原理,第5章 自底向上优先分析,围绕“5.3.2 算符优先文法的定义”展开的编译原理知识模块。,,3,4,《编译原理（第3版）》王生原等，清华大学出版社，5.3.2 算符优先文法的定义，教材p108,5.3.2 算符优先文法的定义,108,教材目录或相应页面在“5.3.2 算符优先文法的定义”（教材p108）出现或讲解“5.3.2 算符优先文法的定义”；本节点/关系用于表示：围绕“5.3.2 算符优先文法的定义”展开的编译原理知识模块。
CP_TOP_083,5.3.3 算符优先关系表的构造,Topic,编译原理,第5章 自底向上优先分析,围绕“5.3.3 算符优先关系表的构造”展开的编译原理知识模块。,,3,4,《编译原理（第3版）》王生原等，清华大学出版社，5.3.3 算符优先关系表的构造，教材p110,5.3.3 算符优先关系表的构造,110,教材目录或相应页面在“5.3.3 算符优先关系表的构造”（教材p110）出现或讲解“5.3.3 算符优先关系表的构造”；本节点/关系用于表示：围绕“5.3.3 算符优先关系表的构造”展开的编译原理知识模块。
CP_TOP_084,5.3.4 算符优先分析算法,Topic,编译原理,第5章 自底向上优先分析,围绕“5.3.4 算符优先分析算法”展开的编译原理知识模块。,,3,4,《编译原理（第3版）》王生原等，清华大学出版社，5.3.4 算符优先分析算法，教材p111,5.3.4 算符优先分析算法,111,教材目录或相应页面在“5.3.4 算符优先分析算法”（教材p111）出现或讲解“5.3.4 算符优先分析算法”；本节点/关系用于表示：围绕“5.3.4 算符优先分析算法”展开的编译原理知识模块。
CP_TOP_085,5.3.5 优先函数,Topic,编译原理,第5章 自底向上优先分析,围绕“5.3.5 优先函数”展开的编译原理知识模块。,,3,4,《编译原理（第3版）》王生原等，清华大学出版社，5.3.5 优先函数，教材p117,5.3.5 优先函数,117,教材目录或相应页面在“5.3.5 优先函数”（教材p117）出现或讲解“5.3.5 优先函数”；本节点/关系用于表示：围绕“5.3.5 优先函数”展开的编译原理知识模块。
CP_TOP_086,5.3.6 算符优先分析法的局限性,Topic,编译原理,第5章 自底向上优先分析,围绕“5.3.6 算符优先分析法的局限性”展开的编译原理知识模块。,,3,4,《编译原理（第3版）》王生原等，清华大学出版社，5.3.6 算符优先分析法的局限性，教材p121,5.3.6 算符优先分析法的局限性,121,教材目录或相应页面在“5.3.6 算符优先分析法的局限性”（教材p121）出现或讲解“5.3.6 算符优先分析法的局限性”；本节点/关系用于表示：围绕“5.3.6 算符优先分析法的局限性”展开的编译原理知识模块。
CP_TOP_087,6.1 LR分析概述,Topic,编译原理,第6章 LR分析,围绕“6.1 LR分析概述”展开的编译原理知识模块。,,3,4,《编译原理（第3版）》王生原等，清华大学出版社，6.1 LR分析概述，教材p123,6.1 LR分析概述,123,教材目录或相应页面在“6.1 LR分析概述”（教材p123）出现或讲解“6.1 LR分析概述”；本节点/关系用于表示：围绕“6.1 LR分析概述”展开的编译原理知识模块。
CP_TOP_088,6.2 LR(0)分析,Topic,编译原理,第6章 LR分析,围绕“6.2 LR(0)分析”展开的编译原理知识模块。,,3,4,《编译原理（第3版）》王生原等，清华大学出版社，6.2 LR(0)分析，教材p124,6.2 LR(0)分析,124,教材目录或相应页面在“6.2 LR(0)分析”（教材p124）出现或讲解“6.2 LR(0)分析”；本节点/关系用于表示：围绕“6.2 LR(0)分析”展开的编译原理知识模块。
CP_TOP_089,6.2.1 LR(0)项目和汇集,Topic,编译原理,第6章 LR分析,围绕“6.2.1 LR(0)项目和汇集”展开的编译原理知识模块。,,3,4,《编译原理（第3版）》王生原等，清华大学出版社，6.2.1 LR(0)项目和汇集，教材p124,6.2.1 LR(0)项目和汇集,124,教材目录或相应页面在“6.2.1 LR(0)项目和汇集”（教材p124）出现或讲解“6.2.1 LR(0)项目和汇集”；本节点/关系用于表示：围绕“6.2.1 LR(0)项目和汇集”展开的编译原理知识模块。
CP_TOP_090,6.2.2 识别活前缀的有限自动机,Topic,编译原理,第6章 LR分析,围绕“6.2.2 识别活前缀的有限自动机”展开的编译原理知识模块。,,3,4,《编译原理（第3版）》王生原等，清华大学出版社，6.2.2 识别活前缀的有限自动机，教材p127,6.2.2 识别活前缀的有限自动机,127,教材目录或相应页面在“6.2.2 识别活前缀的有限自动机”（教材p127）出现或讲解“6.2.2 识别活前缀的有限自动机”；本节点/关系用于表示：围绕“6.2.2 识别活前缀的有限自动机”展开的编译原理知识模块。
CP_TOP_091,6.2.3 活前缀文法的LR(0)项目集族的构造,Topic,编译原理,第6章 LR分析,围绕“6.2.3 活前缀文法的LR(0)项目集族的构造”展开的编译原理知识模块。,,3,4,《编译原理（第3版）》王生原等，清华大学出版社，6.2.3 活前缀文法的LR(0)项目集族的构造，教材p128,6.2.3 活前缀文法的LR(0)项目集族的构造,128,教材目录或相应页面在“6.2.3 活前缀文法的LR(0)项目集族的构造”（教材p128）出现或讲解“6.2.3 活前缀文法的LR(0)项目集族的构造”；本节点/关系用于表示：围绕“6.2.3 活前缀文法的LR(0)项目集族的构造”展开的编译原理知识模块。
CP_TOP_092,6.2.4 LR(0)项目集规范族的构造,Topic,编译原理,第6章 LR分析,围绕“6.2.4 LR(0)项目集规范族的构造”展开的编译原理知识模块。,,3,4,《编译原理（第3版）》王生原等，清华大学出版社，6.2.4 LR(0)项目集规范族的构造，教材p130,6.2.4 LR(0)项目集规范族的构造,130,教材目录或相应页面在“6.2.4 LR(0)项目集规范族的构造”（教材p130）出现或讲解“6.2.4 LR(0)项目集规范族的构造”；本节点/关系用于表示：围绕“6.2.4 LR(0)项目集规范族的构造”展开的编译原理知识模块。
CP_TOP_093,6.3 SLR(1)分析,Topic,编译原理,第6章 LR分析,围绕“6.3 SLR(1)分析”展开的编译原理知识模块。,,3,4,《编译原理（第3版）》王生原等，清华大学出版社，6.3 SLR(1)分析，教材p137,6.3 SLR(1)分析,137,教材目录或相应页面在“6.3 SLR(1)分析”（教材p137）出现或讲解“6.3 SLR(1)分析”；本节点/关系用于表示：围绕“6.3 SLR(1)分析”展开的编译原理知识模块。
CP_TOP_094,6.4 LR(1)分析,Topic,编译原理,第6章 LR分析,围绕“6.4 LR(1)分析”展开的编译原理知识模块。,,3,4,《编译原理（第3版）》王生原等，清华大学出版社，6.4 LR(1)分析，教材p144,6.4 LR(1)分析,144,教材目录或相应页面在“6.4 LR(1)分析”（教材p144）出现或讲解“6.4 LR(1)分析”；本节点/关系用于表示：围绕“6.4 LR(1)分析”展开的编译原理知识模块。
CP_TOP_095,6.4.1 LR(1)项目集族的构造,Topic,编译原理,第6章 LR分析,围绕“6.4.1 LR(1)项目集族的构造”展开的编译原理知识模块。,,3,4,《编译原理（第3版）》王生原等，清华大学出版社，6.4.1 LR(1)项目集族的构造，教材p145,6.4.1 LR(1)项目集族的构造,145,教材目录或相应页面在“6.4.1 LR(1)项目集族的构造”（教材p145）出现或讲解“6.4.1 LR(1)项目集族的构造”；本节点/关系用于表示：围绕“6.4.1 LR(1)项目集族的构造”展开的编译原理知识模块。
CP_TOP_096,6.4.2 LR(1)分析表的构造,Topic,编译原理,第6章 LR分析,围绕“6.4.2 LR(1)分析表的构造”展开的编译原理知识模块。,,3,4,《编译原理（第3版）》王生原等，清华大学出版社，6.4.2 LR(1)分析表的构造，教材p146,6.4.2 LR(1)分析表的构造,146,教材目录或相应页面在“6.4.2 LR(1)分析表的构造”（教材p146）出现或讲解“6.4.2 LR(1)分析表的构造”；本节点/关系用于表示：围绕“6.4.2 LR(1)分析表的构造”展开的编译原理知识模块。
CP_TOP_097,6.5 LALR(1)分析,Topic,编译原理,第6章 LR分析,围绕“6.5 LALR(1)分析”展开的编译原理知识模块。,,3,4,《编译原理（第3版）》王生原等，清华大学出版社，6.5 LALR(1)分析，教材p148,6.5 LALR(1)分析,148,教材目录或相应页面在“6.5 LALR(1)分析”（教材p148）出现或讲解“6.5 LALR(1)分析”；本节点/关系用于表示：围绕“6.5 LALR(1)分析”展开的编译原理知识模块。
CP_TOP_098,6.6 二义性文法在LR分析中的应用,Topic,编译原理,第6章 LR分析,围绕“6.6 二义性文法在LR分析中的应用”展开的编译原理知识模块。,,3,4,《编译原理（第3版）》王生原等，清华大学出版社，6.6 二义性文法在LR分析中的应用，教材p153,6.6 二义性文法在LR分析中的应用,153,教材目录或相应页面在“6.6 二义性文法在LR分析中的应用”（教材p153）出现或讲解“6.6 二义性文法在LR分析中的应用”；本节点/关系用于表示：围绕“6.6 二义性文法在LR分析中的应用”展开的编译原理知识模块。
CP_TOP_099,7.1 基于属性文法的语义计算,Topic,编译原理,第7章 语法制导的语义计算,围绕“7.1 基于属性文法的语义计算”展开的编译原理知识模块。,,3,4,《编译原理（第3版）》王生原等，清华大学出版社，7.1 基于属性文法的语义计算，教材p160,7.1 基于属性文法的语义计算,160,教材目录或相应页面在“7.1 基于属性文法的语义计算”（教材p160）出现或讲解“7.1 基于属性文法的语义计算”；本节点/关系用于表示：围绕“7.1 基于属性文法的语义计算”展开的编译原理知识模块。
CP_TOP_100,7.1.1 属性文法,Topic,编译原理,第7章 语法制导的语义计算,围绕“7.1.1 属性文法”展开的编译原理知识模块。,,3,4,《编译原理（第3版）》王生原等，清华大学出版社，7.1.1 属性文法，教材p160,7.1.1 属性文法,160,教材目录或相应页面在“7.1.1 属性文法”（教材p160）出现或讲解“7.1.1 属性文法”；本节点/关系用于表示：围绕“7.1.1 属性文法”展开的编译原理知识模块。
CP_TOP_101,7.1.2 通用分析树进行语义计算,Topic,编译原理,第7章 语法制导的语义计算,围绕“7.1.2 通用分析树进行语义计算”展开的编译原理知识模块。,,3,4,《编译原理（第3版）》王生原等，清华大学出版社，7.1.2 通用分析树进行语义计算，教材p164,7.1.2 通用分析树进行语义计算,164,教材目录或相应页面在“7.1.2 通用分析树进行语义计算”（教材p164）出现或讲解“7.1.2 通用分析树进行语义计算”；本节点/关系用于表示：围绕“7.1.2 通用分析树进行语义计算”展开的编译原理知识模块。
CP_TOP_102,7.1.3 S-属性文法和L-属性文法,Topic,编译原理,第7章 语法制导的语义计算,围绕“7.1.3 S-属性文法和L-属性文法”展开的编译原理知识模块。,,3,4,《编译原理（第3版）》王生原等，清华大学出版社，7.1.3 S-属性文法和L-属性文法，教材p166,7.1.3 S-属性文法和L-属性文法,166,教材目录或相应页面在“7.1.3 S-属性文法和L-属性文法”（教材p166）出现或讲解“7.1.3 S-属性文法和L-属性文法”；本节点/关系用于表示：围绕“7.1.3 S-属性文法和L-属性文法”展开的编译原理知识模块。
CP_TOP_103,7.1.4 基于S-属性文法的语义计算,Topic,编译原理,第7章 语法制导的语义计算,围绕“7.1.4 基于S-属性文法的语义计算”展开的编译原理知识模块。,,3,4,《编译原理（第3版）》王生原等，清华大学出版社，7.1.4 基于S-属性文法的语义计算，教材p168,7.1.4 基于S-属性文法的语义计算,168,教材目录或相应页面在“7.1.4 基于S-属性文法的语义计算”（教材p168）出现或讲解“7.1.4 基于S-属性文法的语义计算”；本节点/关系用于表示：围绕“7.1.4 基于S-属性文法的语义计算”展开的编译原理知识模块。
CP_TOP_104,7.1.5 基于L-属性文法的语义计算,Topic,编译原理,第7章 语法制导的语义计算,围绕“7.1.5 基于L-属性文法的语义计算”展开的编译原理知识模块。,,3,4,《编译原理（第3版）》王生原等，清华大学出版社，7.1.5 基于L-属性文法的语义计算，教材p171,7.1.5 基于L-属性文法的语义计算,171,教材目录或相应页面在“7.1.5 基于L-属性文法的语义计算”（教材p171）出现或讲解“7.1.5 基于L-属性文法的语义计算”；本节点/关系用于表示：围绕“7.1.5 基于L-属性文法的语义计算”展开的编译原理知识模块。
CP_TOP_105,7.2 基于翻译模式的语义计算,Topic,编译原理,第7章 语法制导的语义计算,围绕“7.2 基于翻译模式的语义计算”展开的编译原理知识模块。,,3,4,《编译原理（第3版）》王生原等，清华大学出版社，7.2 基于翻译模式的语义计算，教材p172,7.2 基于翻译模式的语义计算,172,教材目录或相应页面在“7.2 基于翻译模式的语义计算”（教材p172）出现或讲解“7.2 基于翻译模式的语义计算”；本节点/关系用于表示：围绕“7.2 基于翻译模式的语义计算”展开的编译原理知识模块。
CP_TOP_106,7.2.1 翻译模式,Topic,编译原理,第7章 语法制导的语义计算,围绕“7.2.1 翻译模式”展开的编译原理知识模块。,,3,4,《编译原理（第3版）》王生原等，清华大学出版社，7.2.1 翻译模式，教材p172,7.2.1 翻译模式,172,教材目录或相应页面在“7.2.1 翻译模式”（教材p172）出现或讲解“7.2.1 翻译模式”；本节点/关系用于表示：围绕“7.2.1 翻译模式”展开的编译原理知识模块。
CP_TOP_107,7.2.2 基于S-翻译模式的语义计算,Topic,编译原理,第7章 语法制导的语义计算,围绕“7.2.2 基于S-翻译模式的语义计算”展开的编译原理知识模块。,,3,4,《编译原理（第3版）》王生原等，清华大学出版社，7.2.2 基于S-翻译模式的语义计算，教材p173,7.2.2 基于S-翻译模式的语义计算,173,教材目录或相应页面在“7.2.2 基于S-翻译模式的语义计算”（教材p173）出现或讲解“7.2.2 基于S-翻译模式的语义计算”；本节点/关系用于表示：围绕“7.2.2 基于S-翻译模式的语义计算”展开的编译原理知识模块。
CP_TOP_108,7.2.3 基于L-翻译模式的自顶向下语义计算,Topic,编译原理,第7章 语法制导的语义计算,围绕“7.2.3 基于L-翻译模式的自顶向下语义计算”展开的编译原理知识模块。,,3,4,《编译原理（第3版）》王生原等，清华大学出版社，7.2.3 基于L-翻译模式的自顶向下语义计算，教材p174,7.2.3 基于L-翻译模式的自顶向下语义计算,174,教材目录或相应页面在“7.2.3 基于L-翻译模式的自顶向下语义计算”（教材p174）出现或讲解“7.2.3 基于L-翻译模式的自顶向下语义计算”；本节点/关系用于表示：围绕“7.2.3 基于L-翻译模式的自顶向下语义计算”展开的编译原理知识模块。
CP_TOP_109,7.2.4 基于L-翻译模式的自底向上语义计算,Topic,编译原理,第7章 语法制导的语义计算,围绕“7.2.4 基于L-翻译模式的自底向上语义计算”展开的编译原理知识模块。,,3,4,《编译原理（第3版）》王生原等，清华大学出版社，7.2.4 基于L-翻译模式的自底向上语义计算，教材p178,7.2.4 基于L-翻译模式的自底向上语义计算,178,教材目录或相应页面在“7.2.4 基于L-翻译模式的自底向上语义计算”（教材p178）出现或讲解“7.2.4 基于L-翻译模式的自底向上语义计算”；本节点/关系用于表示：围绕“7.2.4 基于L-翻译模式的自底向上语义计算”展开的编译原理知识模块。
CP_TOP_110,7.3 分析和翻译程序的自动生成工具yacc,Topic,编译原理,第7章 语法制导的语义计算,围绕“7.3 分析和翻译程序的自动生成工具yacc”展开的编译原理知识模块。,,3,4,《编译原理（第3版）》王生原等，清华大学出版社，7.3 分析和翻译程序的自动生成工具yacc，教材p183,7.3 分析和翻译程序的自动生成工具yacc,183,教材目录或相应页面在“7.3 分析和翻译程序的自动生成工具yacc”（教材p183）出现或讲解“7.3 分析和翻译程序的自动生成工具yacc”；本节点/关系用于表示：围绕“7.3 分析和翻译程序的自动生成工具yacc”展开的编译原理知识模块。
CP_TOP_111,7.3.1 yacc描述文件,Topic,编译原理,第7章 语法制导的语义计算,围绕“7.3.1 yacc描述文件”展开的编译原理知识模块。,,3,4,《编译原理（第3版）》王生原等，清华大学出版社，7.3.1 yacc描述文件，教材p184,7.3.1 yacc描述文件,184,教材目录或相应页面在“7.3.1 yacc描述文件”（教材p184）出现或讲解“7.3.1 yacc描述文件”；本节点/关系用于表示：围绕“7.3.1 yacc描述文件”展开的编译原理知识模块。
CP_TOP_112,7.3.2 使用yacc的一个简单例子,Topic,编译原理,第7章 语法制导的语义计算,围绕“7.3.2 使用yacc的一个简单例子”展开的编译原理知识模块。,,3,4,《编译原理（第3版）》王生原等，清华大学出版社，7.3.2 使用yacc的一个简单例子，教材p182,7.3.2 使用yacc的一个简单例子,182,教材目录或相应页面在“7.3.2 使用yacc的一个简单例子”（教材p182）出现或讲解“7.3.2 使用yacc的一个简单例子”；本节点/关系用于表示：围绕“7.3.2 使用yacc的一个简单例子”展开的编译原理知识模块。
CP_TOP_113,8.1 符号表,Topic,编译原理,第8章 静态语义分析和中间代码生成,围绕“8.1 符号表”展开的编译原理知识模块。,,3,4,《编译原理（第3版）》王生原等，清华大学出版社，8.1 符号表，教材p195,8.1 符号表,195,教材目录或相应页面在“8.1 符号表”（教材p195）出现或讲解“8.1 符号表”；本节点/关系用于表示：围绕“8.1 符号表”展开的编译原理知识模块。
CP_TOP_114,8.1.1 符号表的作用,Topic,编译原理,第8章 静态语义分析和中间代码生成,围绕“8.1.1 符号表的作用”展开的编译原理知识模块。,,3,4,《编译原理（第3版）》王生原等，清华大学出版社，8.1.1 符号表的作用，教材p195,8.1.1 符号表的作用,195,教材目录或相应页面在“8.1.1 符号表的作用”（教材p195）出现或讲解“8.1.1 符号表的作用”；本节点/关系用于表示：围绕“8.1.1 符号表的作用”展开的编译原理知识模块。
CP_TOP_115,8.1.2 符号的常见属性,Topic,编译原理,第8章 静态语义分析和中间代码生成,围绕“8.1.2 符号的常见属性”展开的编译原理知识模块。,,3,4,《编译原理（第3版）》王生原等，清华大学出版社，8.1.2 符号的常见属性，教材p196,8.1.2 符号的常见属性,196,教材目录或相应页面在“8.1.2 符号的常见属性”（教材p196）出现或讲解“8.1.2 符号的常见属性”；本节点/关系用于表示：围绕“8.1.2 符号的常见属性”展开的编译原理知识模块。
CP_TOP_116,8.1.3 符号表的实现,Topic,编译原理,第8章 静态语义分析和中间代码生成,围绕“8.1.3 符号表的实现”展开的编译原理知识模块。,,3,4,《编译原理（第3版）》王生原等，清华大学出版社，8.1.3 符号表的实现，教材p197,8.1.3 符号表的实现,197,教材目录或相应页面在“8.1.3 符号表的实现”（教材p197）出现或讲解“8.1.3 符号表的实现”；本节点/关系用于表示：围绕“8.1.3 符号表的实现”展开的编译原理知识模块。
CP_TOP_117,8.1.4 符号表在属性判别中的应用,Topic,编译原理,第8章 静态语义分析和中间代码生成,围绕“8.1.4 符号表在属性判别中的应用”展开的编译原理知识模块。,,3,4,《编译原理（第3版）》王生原等，清华大学出版社，8.1.4 符号表在属性判别中的应用，教材p197,8.1.4 符号表在属性判别中的应用,197,教材目录或相应页面在“8.1.4 符号表在属性判别中的应用”（教材p197）出现或讲解“8.1.4 符号表在属性判别中的应用”；本节点/关系用于表示：围绕“8.1.4 符号表在属性判别中的应用”展开的编译原理知识模块。
CP_TOP_118,8.1.5 实例：PL/0编译程序中符号表的设计与实现,Topic,编译原理,第8章 静态语义分析和中间代码生成,围绕“8.1.5 实例：PL/0编译程序中符号表的设计与实现”展开的编译原理知识模块。,,3,4,《编译原理（第3版）》王生原等，清华大学出版社，8.1.5 实例：PL/0编译程序中符号表的设计与实现，教材p199,8.1.5 实例：PL/0编译程序中符号表的设计与实现,199,教材目录或相应页面在“8.1.5 实例：PL/0编译程序中符号表的设计与实现”（教材p199）出现或讲解“8.1.5 实例：PL/0编译程序中符号表的设计与实现”；本节点/关系用于表示：围绕“8.1.5 实例：PL/0编译程序中符号表的设计与实现”展开的编译原理知识模块。
CP_TOP_119,8.2 静态语义分析,Topic,编译原理,第8章 静态语义分析和中间代码生成,围绕“8.2 静态语义分析”展开的编译原理知识模块。,,3,4,《编译原理（第3版）》王生原等，清华大学出版社，8.2 静态语义分析，教材p203,8.2 静态语义分析,203,教材目录或相应页面在“8.2 静态语义分析”（教材p203）出现或讲解“8.2 静态语义分析”；本节点/关系用于表示：围绕“8.2 静态语义分析”展开的编译原理知识模块。
CP_TOP_120,8.2.1 静态语义分析的主要任务,Topic,编译原理,第8章 静态语义分析和中间代码生成,围绕“8.2.1 静态语义分析的主要任务”展开的编译原理知识模块。,,3,4,《编译原理（第3版）》王生原等，清华大学出版社，8.2.1 静态语义分析的主要任务，教材p203,8.2.1 静态语义分析的主要任务,203,教材目录或相应页面在“8.2.1 静态语义分析的主要任务”（教材p203）出现或讲解“8.2.1 静态语义分析的主要任务”；本节点/关系用于表示：围绕“8.2.1 静态语义分析的主要任务”展开的编译原理知识模块。
CP_TOP_121,8.2.2 静态类型检查,Topic,编译原理,第8章 静态语义分析和中间代码生成,围绕“8.2.2 静态类型检查”展开的编译原理知识模块。,,3,4,《编译原理（第3版）》王生原等，清华大学出版社，8.2.2 静态类型检查，教材p204,8.2.2 静态类型检查,204,教材目录或相应页面在“8.2.2 静态类型检查”（教材p204）出现或讲解“8.2.2 静态类型检查”；本节点/关系用于表示：围绕“8.2.2 静态类型检查”展开的编译原理知识模块。
CP_TOP_122,8.3 中间代码生成,Topic,编译原理,第8章 静态语义分析和中间代码生成,围绕“8.3 中间代码生成”展开的编译原理知识模块。,,3,4,《编译原理（第3版）》王生原等，清华大学出版社，8.3 中间代码生成，教材p208,8.3 中间代码生成,208,教材目录或相应页面在“8.3 中间代码生成”（教材p208）出现或讲解“8.3 中间代码生成”；本节点/关系用于表示：围绕“8.3 中间代码生成”展开的编译原理知识模块。
CP_TOP_123,8.3.1 常见的中间表示形式,Topic,编译原理,第8章 静态语义分析和中间代码生成,围绕“8.3.1 常见的中间表示形式”展开的编译原理知识模块。,,3,4,《编译原理（第3版）》王生原等，清华大学出版社，8.3.1 常见的中间表示形式，教材p208,8.3.1 常见的中间表示形式,208,教材目录或相应页面在“8.3.1 常见的中间表示形式”（教材p208）出现或讲解“8.3.1 常见的中间表示形式”；本节点/关系用于表示：围绕“8.3.1 常见的中间表示形式”展开的编译原理知识模块。
CP_TOP_124,8.3.2 生成抽象语法树,Topic,编译原理,第8章 静态语义分析和中间代码生成,围绕“8.3.2 生成抽象语法树”展开的编译原理知识模块。,,3,4,《编译原理（第3版）》王生原等，清华大学出版社，8.3.2 生成抽象语法树，教材p210,8.3.2 生成抽象语法树,210,教材目录或相应页面在“8.3.2 生成抽象语法树”（教材p210）出现或讲解“8.3.2 生成抽象语法树”；本节点/关系用于表示：围绕“8.3.2 生成抽象语法树”展开的编译原理知识模块。
CP_TOP_125,8.3.3 生成三地址码,Topic,编译原理,第8章 静态语义分析和中间代码生成,围绕“8.3.3 生成三地址码”展开的编译原理知识模块。,,3,4,《编译原理（第3版）》王生原等，清华大学出版社，8.3.3 生成三地址码，教材p211,8.3.3 生成三地址码,211,教材目录或相应页面在“8.3.3 生成三地址码”（教材p211）出现或讲解“8.3.3 生成三地址码”；本节点/关系用于表示：围绕“8.3.3 生成三地址码”展开的编译原理知识模块。
CP_TOP_126,8.4 语法制导方法,Topic,编译原理,第8章 静态语义分析和中间代码生成,围绕“8.4 语法制导方法”展开的编译原理知识模块。,,3,4,《编译原理（第3版）》王生原等，清华大学出版社，8.4 语法制导方法，教材p220,8.4 语法制导方法,220,教材目录或相应页面在“8.4 语法制导方法”（教材p220）出现或讲解“8.4 语法制导方法”；本节点/关系用于表示：围绕“8.4 语法制导方法”展开的编译原理知识模块。
CP_TOP_127,9.1 运行时存储组织概述,Topic,编译原理,第9章 运行时存储组织,围绕“9.1 运行时存储组织概述”展开的编译原理知识模块。,,3,4,《编译原理（第3版）》王生原等，清华大学出版社，9.1 运行时存储组织概述，教材p229,9.1 运行时存储组织概述,229,教材目录或相应页面在“9.1 运行时存储组织概述”（教材p229）出现或讲解“9.1 运行时存储组织概述”；本节点/关系用于表示：围绕“9.1 运行时存储组织概述”展开的编译原理知识模块。
CP_TOP_128,9.1.1 运行时存储组织的作用与任务,Topic,编译原理,第9章 运行时存储组织,围绕“9.1.1 运行时存储组织的作用与任务”展开的编译原理知识模块。,,3,4,《编译原理（第3版）》王生原等，清华大学出版社，9.1.1 运行时存储组织的作用与任务，教材p229,9.1.1 运行时存储组织的作用与任务,229,教材目录或相应页面在“9.1.1 运行时存储组织的作用与任务”（教材p229）出现或讲解“9.1.1 运行时存储组织的作用与任务”；本节点/关系用于表示：围绕“9.1.1 运行时存储组织的作用与任务”展开的编译原理知识模块。
CP_TOP_129,9.1.2 程序运行时存储空间的布局,Topic,编译原理,第9章 运行时存储组织,围绕“9.1.2 程序运行时存储空间的布局”展开的编译原理知识模块。,,3,4,《编译原理（第3版）》王生原等，清华大学出版社，9.1.2 程序运行时存储空间的布局，教材p230,9.1.2 程序运行时存储空间的布局,230,教材目录或相应页面在“9.1.2 程序运行时存储空间的布局”（教材p230）出现或讲解“9.1.2 程序运行时存储空间的布局”；本节点/关系用于表示：围绕“9.1.2 程序运行时存储空间的布局”展开的编译原理知识模块。
CP_TOP_130,9.1.3 存储分配策略,Topic,编译原理,第9章 运行时存储组织,围绕“9.1.3 存储分配策略”展开的编译原理知识模块。,,3,4,《编译原理（第3版）》王生原等，清华大学出版社，9.1.3 存储分配策略，教材p231,9.1.3 存储分配策略,231,教材目录或相应页面在“9.1.3 存储分配策略”（教材p231）出现或讲解“9.1.3 存储分配策略”；本节点/关系用于表示：围绕“9.1.3 存储分配策略”展开的编译原理知识模块。
CP_TOP_131,9.2 活动记录,Topic,编译原理,第9章 运行时存储组织,围绕“9.2 活动记录”展开的编译原理知识模块。,,3,4,《编译原理（第3版）》王生原等，清华大学出版社，9.2 活动记录，教材p234,9.2 活动记录,234,教材目录或相应页面在“9.2 活动记录”（教材p234）出现或讲解“9.2 活动记录”；本节点/关系用于表示：围绕“9.2 活动记录”展开的编译原理知识模块。
CP_TOP_132,9.2.1 过程活动记录,Topic,编译原理,第9章 运行时存储组织,围绕“9.2.1 过程活动记录”展开的编译原理知识模块。,,3,4,《编译原理（第3版）》王生原等，清华大学出版社，9.2.1 过程活动记录，教材p234,9.2.1 过程活动记录,234,教材目录或相应页面在“9.2.1 过程活动记录”（教材p234）出现或讲解“9.2.1 过程活动记录”；本节点/关系用于表示：围绕“9.2.1 过程活动记录”展开的编译原理知识模块。
CP_TOP_133,9.2.2 嵌套过程和嵌套函数的访问,Topic,编译原理,第9章 运行时存储组织,围绕“9.2.2 嵌套过程和嵌套函数的访问”展开的编译原理知识模块。,,3,4,《编译原理（第3版）》王生原等，清华大学出版社，9.2.2 嵌套过程和嵌套函数的访问，教材p236,9.2.2 嵌套过程和嵌套函数的访问,236,教材目录或相应页面在“9.2.2 嵌套过程和嵌套函数的访问”（教材p236）出现或讲解“9.2.2 嵌套过程和嵌套函数的访问”；本节点/关系用于表示：围绕“9.2.2 嵌套过程和嵌套函数的访问”展开的编译原理知识模块。
CP_TOP_134,9.2.3 嵌套函数的调用环境访问,Topic,编译原理,第9章 运行时存储组织,围绕“9.2.3 嵌套函数的调用环境访问”展开的编译原理知识模块。,,3,4,《编译原理（第3版）》王生原等，清华大学出版社，9.2.3 嵌套函数的调用环境访问，教材p239,9.2.3 嵌套函数的调用环境访问,239,教材目录或相应页面在“9.2.3 嵌套函数的调用环境访问”（教材p239）出现或讲解“9.2.3 嵌套函数的调用环境访问”；本节点/关系用于表示：围绕“9.2.3 嵌套函数的调用环境访问”展开的编译原理知识模块。
CP_TOP_135,9.2.4 嵌套作用域规则和静态作用域规则,Topic,编译原理,第9章 运行时存储组织,围绕“9.2.4 嵌套作用域规则和静态作用域规则”展开的编译原理知识模块。,,3,4,《编译原理（第3版）》王生原等，清华大学出版社，9.2.4 嵌套作用域规则和静态作用域规则，教材p240,9.2.4 嵌套作用域规则和静态作用域规则,240,教材目录或相应页面在“9.2.4 嵌套作用域规则和静态作用域规则”（教材p240）出现或讲解“9.2.4 嵌套作用域规则和静态作用域规则”；本节点/关系用于表示：围绕“9.2.4 嵌套作用域规则和静态作用域规则”展开的编译原理知识模块。
CP_TOP_136,9.3 过程调用,Topic,编译原理,第9章 运行时存储组织,围绕“9.3 过程调用”展开的编译原理知识模块。,,3,4,《编译原理（第3版）》王生原等，清华大学出版社，9.3 过程调用，教材p241,9.3 过程调用,241,教材目录或相应页面在“9.3 过程调用”（教材p241）出现或讲解“9.3 过程调用”；本节点/关系用于表示：围绕“9.3 过程调用”展开的编译原理知识模块。
CP_TOP_137,9.4 PL/0编译程序的运行时存储组织,Topic,编译原理,第9章 运行时存储组织,围绕“9.4 PL/0编译程序的运行时存储组织”展开的编译原理知识模块。,,3,4,《编译原理（第3版）》王生原等，清华大学出版社，9.4 PL/0编译程序的运行时存储组织，教材p243,9.4 PL/0编译程序的运行时存储组织,243,教材目录或相应页面在“9.4 PL/0编译程序的运行时存储组织”（教材p243）出现或讲解“9.4 PL/0编译程序的运行时存储组织”；本节点/关系用于表示：围绕“9.4 PL/0编译程序的运行时存储组织”展开的编译原理知识模块。
CP_TOP_138,9.4.1 PL/0和P-code子程序中的过程活动记录,Topic,编译原理,第9章 运行时存储组织,围绕“9.4.1 PL/0和P-code子程序中的过程活动记录”展开的编译原理知识模块。,,3,4,《编译原理（第3版）》王生原等，清华大学出版社，9.4.1 PL/0和P-code子程序中的过程活动记录，教材p244,9.4.1 PL/0和P-code子程序中的过程活动记录,244,教材目录或相应页面在“9.4.1 PL/0和P-code子程序中的过程活动记录”（教材p244）出现或讲解“9.4.1 PL/0和P-code子程序中的过程活动记录”；本节点/关系用于表示：围绕“9.4.1 PL/0和P-code子程序中的过程活动记录”展开的编译原理知识模块。
CP_TOP_139,9.4.2 实现过程调用和返回的类P-code指令,Topic,编译原理,第9章 运行时存储组织,围绕“9.4.2 实现过程调用和返回的类P-code指令”展开的编译原理知识模块。,,3,4,《编译原理（第3版）》王生原等，清华大学出版社，9.4.2 实现过程调用和返回的类P-code指令，教材p245,9.4.2 实现过程调用和返回的类P-code指令,245,教材目录或相应页面在“9.4.2 实现过程调用和返回的类P-code指令”（教材p245）出现或讲解“9.4.2 实现过程调用和返回的类P-code指令”；本节点/关系用于表示：围绕“9.4.2 实现过程调用和返回的类P-code指令”展开的编译原理知识模块。
CP_TOP_140,9.5 面向对象语言的运行时存储组织,Topic,编译原理,第9章 运行时存储组织,围绕“9.5 面向对象语言的运行时存储组织”展开的编译原理知识模块。,,3,4,《编译原理（第3版）》王生原等，清华大学出版社，9.5 面向对象语言的运行时存储组织，教材p247,9.5 面向对象语言的运行时存储组织,247,教材目录或相应页面在“9.5 面向对象语言的运行时存储组织”（教材p247）出现或讲解“9.5 面向对象语言的运行时存储组织”；本节点/关系用于表示：围绕“9.5 面向对象语言的运行时存储组织”展开的编译原理知识模块。
CP_TOP_141,9.5.1 类和对象的角色,Topic,编译原理,第9章 运行时存储组织,围绕“9.5.1 类和对象的角色”展开的编译原理知识模块。,,3,4,《编译原理（第3版）》王生原等，清华大学出版社，9.5.1 类和对象的角色，教材p247,9.5.1 类和对象的角色,247,教材目录或相应页面在“9.5.1 类和对象的角色”（教材p247）出现或讲解“9.5.1 类和对象的角色”；本节点/关系用于表示：围绕“9.5.1 类和对象的角色”展开的编译原理知识模块。
CP_TOP_142,9.5.2 面向对象程序运行时的特征,Topic,编译原理,第9章 运行时存储组织,围绕“9.5.2 面向对象程序运行时的特征”展开的编译原理知识模块。,,3,4,《编译原理（第3版）》王生原等，清华大学出版社，9.5.2 面向对象程序运行时的特征，教材p247,9.5.2 面向对象程序运行时的特征,247,教材目录或相应页面在“9.5.2 面向对象程序运行时的特征”（教材p247）出现或讲解“9.5.2 面向对象程序运行时的特征”；本节点/关系用于表示：围绕“9.5.2 面向对象程序运行时的特征”展开的编译原理知识模块。
CP_TOP_143,9.5.3 对象的存储组织,Topic,编译原理,第9章 运行时存储组织,围绕“9.5.3 对象的存储组织”展开的编译原理知识模块。,,3,4,《编译原理（第3版）》王生原等，清华大学出版社，9.5.3 对象的存储组织，教材p248,9.5.3 对象的存储组织,248,教材目录或相应页面在“9.5.3 对象的存储组织”（教材p248）出现或讲解“9.5.3 对象的存储组织”；本节点/关系用于表示：围绕“9.5.3 对象的存储组织”展开的编译原理知识模块。
CP_TOP_144,9.5.4 例程的动态绑定,Topic,编译原理,第9章 运行时存储组织,围绕“9.5.4 例程的动态绑定”展开的编译原理知识模块。,,3,4,《编译原理（第3版）》王生原等，清华大学出版社，9.5.4 例程的动态绑定，教材p249,9.5.4 例程的动态绑定,249,教材目录或相应页面在“9.5.4 例程的动态绑定”（教材p249）出现或讲解“9.5.4 例程的动态绑定”；本节点/关系用于表示：围绕“9.5.4 例程的动态绑定”展开的编译原理知识模块。
CP_TOP_145,9.5.5 其他问题,Topic,编译原理,第9章 运行时存储组织,围绕“9.5.5 其他问题”展开的编译原理知识模块。,,3,4,《编译原理（第3版）》王生原等，清华大学出版社，9.5.5 其他问题，教材p251,9.5.5 其他问题,251,教材目录或相应页面在“9.5.5 其他问题”（教材p251）出现或讲解“9.5.5 其他问题”；本节点/关系用于表示：围绕“9.5.5 其他问题”展开的编译原理知识模块。
CP_TOP_146,10.1 基本块、流图和循环,Topic,编译原理,第10章 代码优化和目标代码生成,围绕“10.1 基本块、流图和循环”展开的编译原理知识模块。,,3,4,《编译原理（第3版）》王生原等，清华大学出版社，10.1 基本块、流图和循环，教材p255,10.1 基本块、流图和循环,255,教材目录或相应页面在“10.1 基本块、流图和循环”（教材p255）出现或讲解“10.1 基本块、流图和循环”；本节点/关系用于表示：围绕“10.1 基本块、流图和循环”展开的编译原理知识模块。
CP_TOP_147,10.1.1 基本块,Topic,编译原理,第10章 代码优化和目标代码生成,围绕“10.1.1 基本块”展开的编译原理知识模块。,,3,4,《编译原理（第3版）》王生原等，清华大学出版社，10.1.1 基本块，教材p255,10.1.1 基本块,255,教材目录或相应页面在“10.1.1 基本块”（教材p255）出现或讲解“10.1.1 基本块”；本节点/关系用于表示：围绕“10.1.1 基本块”展开的编译原理知识模块。
CP_TOP_148,10.1.2 流图,Topic,编译原理,第10章 代码优化和目标代码生成,围绕“10.1.2 流图”展开的编译原理知识模块。,,3,4,《编译原理（第3版）》王生原等，清华大学出版社，10.1.2 流图，教材p256,10.1.2 流图,256,教材目录或相应页面在“10.1.2 流图”（教材p256）出现或讲解“10.1.2 流图”；本节点/关系用于表示：围绕“10.1.2 流图”展开的编译原理知识模块。
CP_TOP_149,10.1.3 循环,Topic,编译原理,第10章 代码优化和目标代码生成,围绕“10.1.3 循环”展开的编译原理知识模块。,,3,4,《编译原理（第3版）》王生原等，清华大学出版社，10.1.3 循环，教材p257,10.1.3 循环,257,教材目录或相应页面在“10.1.3 循环”（教材p257）出现或讲解“10.1.3 循环”；本节点/关系用于表示：围绕“10.1.3 循环”展开的编译原理知识模块。
CP_TOP_150,10.2 数据流分析基础,Topic,编译原理,第10章 代码优化和目标代码生成,围绕“10.2 数据流分析基础”展开的编译原理知识模块。,,3,4,《编译原理（第3版）》王生原等，清华大学出版社，10.2 数据流分析基础，教材p258,10.2 数据流分析基础,258,教材目录或相应页面在“10.2 数据流分析基础”（教材p258）出现或讲解“10.2 数据流分析基础”；本节点/关系用于表示：围绕“10.2 数据流分析基础”展开的编译原理知识模块。
CP_TOP_151,10.2.1 数据流分析的概念,Topic,编译原理,第10章 代码优化和目标代码生成,围绕“10.2.1 数据流分析的概念”展开的编译原理知识模块。,,3,4,《编译原理（第3版）》王生原等，清华大学出版社，10.2.1 数据流分析的概念，教材p259,10.2.1 数据流分析的概念,259,教材目录或相应页面在“10.2.1 数据流分析的概念”（教材p259）出现或讲解“10.2.1 数据流分析的概念”；本节点/关系用于表示：围绕“10.2.1 数据流分析的概念”展开的编译原理知识模块。
CP_TOP_152,10.2.2 到达-定值数据流分析,Topic,编译原理,第10章 代码优化和目标代码生成,围绕“10.2.2 到达-定值数据流分析”展开的编译原理知识模块。,,3,4,《编译原理（第3版）》王生原等，清华大学出版社，10.2.2 到达-定值数据流分析，教材p259,10.2.2 到达-定值数据流分析,259,教材目录或相应页面在“10.2.2 到达-定值数据流分析”（教材p259）出现或讲解“10.2.2 到达-定值数据流分析”；本节点/关系用于表示：围绕“10.2.2 到达-定值数据流分析”展开的编译原理知识模块。
CP_TOP_153,10.2.3 确定变量数据流分析,Topic,编译原理,第10章 代码优化和目标代码生成,围绕“10.2.3 确定变量数据流分析”展开的编译原理知识模块。,,3,4,《编译原理（第3版）》王生原等，清华大学出版社，10.2.3 确定变量数据流分析，教材p262,10.2.3 确定变量数据流分析,262,教材目录或相应页面在“10.2.3 确定变量数据流分析”（教材p262）出现或讲解“10.2.3 确定变量数据流分析”；本节点/关系用于表示：围绕“10.2.3 确定变量数据流分析”展开的编译原理知识模块。
CP_TOP_154,10.2.4 几种重要的变量使用数据流信息,Topic,编译原理,第10章 代码优化和目标代码生成,围绕“10.2.4 几种重要的变量使用数据流信息”展开的编译原理知识模块。,,3,4,《编译原理（第3版）》王生原等，清华大学出版社，10.2.4 几种重要的变量使用数据流信息，教材p263,10.2.4 几种重要的变量使用数据流信息,263,教材目录或相应页面在“10.2.4 几种重要的变量使用数据流信息”（教材p263）出现或讲解“10.2.4 几种重要的变量使用数据流信息”；本节点/关系用于表示：围绕“10.2.4 几种重要的变量使用数据流信息”展开的编译原理知识模块。
CP_TOP_155,10.3 代码优化技术,Topic,编译原理,第10章 代码优化和目标代码生成,围绕“10.3 代码优化技术”展开的编译原理知识模块。,,3,4,《编译原理（第3版）》王生原等，清华大学出版社，10.3 代码优化技术，教材p268,10.3 代码优化技术,268,教材目录或相应页面在“10.3 代码优化技术”（教材p268）出现或讲解“10.3 代码优化技术”；本节点/关系用于表示：围绕“10.3 代码优化技术”展开的编译原理知识模块。
CP_TOP_156,10.3.1 强度削弱,Topic,编译原理,第10章 代码优化和目标代码生成,围绕“10.3.1 强度削弱”展开的编译原理知识模块。,,3,4,《编译原理（第3版）》王生原等，清华大学出版社，10.3.1 强度削弱，教材p270,10.3.1 强度削弱,270,教材目录或相应页面在“10.3.1 强度削弱”（教材p270）出现或讲解“10.3.1 强度削弱”；本节点/关系用于表示：围绕“10.3.1 强度削弱”展开的编译原理知识模块。
CP_TOP_157,10.3.2 局部优化,Topic,编译原理,第10章 代码优化和目标代码生成,围绕“10.3.2 局部优化”展开的编译原理知识模块。,,3,4,《编译原理（第3版）》王生原等，清华大学出版社，10.3.2 局部优化，教材p271,10.3.2 局部优化,271,教材目录或相应页面在“10.3.2 局部优化”（教材p271）出现或讲解“10.3.2 局部优化”；本节点/关系用于表示：围绕“10.3.2 局部优化”展开的编译原理知识模块。
CP_TOP_158,10.3.3 循环优化,Topic,编译原理,第10章 代码优化和目标代码生成,围绕“10.3.3 循环优化”展开的编译原理知识模块。,,3,4,《编译原理（第3版）》王生原等，清华大学出版社，10.3.3 循环优化，教材p275,10.3.3 循环优化,275,教材目录或相应页面在“10.3.3 循环优化”（教材p275）出现或讲解“10.3.3 循环优化”；本节点/关系用于表示：围绕“10.3.3 循环优化”展开的编译原理知识模块。
CP_TOP_159,10.3.4 全局优化,Topic,编译原理,第10章 代码优化和目标代码生成,围绕“10.3.4 全局优化”展开的编译原理知识模块。,,3,4,《编译原理（第3版）》王生原等，清华大学出版社，10.3.4 全局优化，教材p278,10.3.4 全局优化,278,教材目录或相应页面在“10.3.4 全局优化”（教材p278）出现或讲解“10.3.4 全局优化”；本节点/关系用于表示：围绕“10.3.4 全局优化”展开的编译原理知识模块。
CP_TOP_160,10.4 目标代码生成技术,Topic,编译原理,第10章 代码优化和目标代码生成,围绕“10.4 目标代码生成技术”展开的编译原理知识模块。,,3,4,《编译原理（第3版）》王生原等，清华大学出版社，10.4 目标代码生成技术，教材p280,10.4 目标代码生成技术,280,教材目录或相应页面在“10.4 目标代码生成技术”（教材p280）出现或讲解“10.4 目标代码生成技术”；本节点/关系用于表示：围绕“10.4 目标代码生成技术”展开的编译原理知识模块。
CP_TOP_161,10.4.1 目标代码生成的主要环节,Topic,编译原理,第10章 代码优化和目标代码生成,围绕“10.4.1 目标代码生成的主要环节”展开的编译原理知识模块。,,3,4,《编译原理（第3版）》王生原等，清华大学出版社，10.4.1 目标代码生成的主要环节，教材p280,10.4.1 目标代码生成的主要环节,280,教材目录或相应页面在“10.4.1 目标代码生成的主要环节”（教材p280）出现或讲解“10.4.1 目标代码生成的主要环节”；本节点/关系用于表示：围绕“10.4.1 目标代码生成的主要环节”展开的编译原理知识模块。
CP_TOP_162,10.4.2 一个简单的代码生成过程,Topic,编译原理,第10章 代码优化和目标代码生成,围绕“10.4.2 一个简单的代码生成过程”展开的编译原理知识模块。,,3,4,《编译原理（第3版）》王生原等，清华大学出版社，10.4.2 一个简单的代码生成过程，教材p282,10.4.2 一个简单的代码生成过程,282,教材目录或相应页面在“10.4.2 一个简单的代码生成过程”（教材p282）出现或讲解“10.4.2 一个简单的代码生成过程”；本节点/关系用于表示：围绕“10.4.2 一个简单的代码生成过程”展开的编译原理知识模块。
CP_TOP_163,10.4.3 高效使用寄存器,Topic,编译原理,第10章 代码优化和目标代码生成,围绕“10.4.3 高效使用寄存器”展开的编译原理知识模块。,,3,4,《编译原理（第3版）》王生原等，清华大学出版社，10.4.3 高效使用寄存器，教材p285,10.4.3 高效使用寄存器,285,教材目录或相应页面在“10.4.3 高效使用寄存器”（教材p285）出现或讲解“10.4.3 高效使用寄存器”；本节点/关系用于表示：围绕“10.4.3 高效使用寄存器”展开的编译原理知识模块。
CP_TOP_164,10.4.4 简单的寄存器分配,Topic,编译原理,第10章 代码优化和目标代码生成,围绕“10.4.4 简单的寄存器分配”展开的编译原理知识模块。,,3,4,《编译原理（第3版）》王生原等，清华大学出版社，10.4.4 简单的寄存器分配，教材p288,10.4.4 简单的寄存器分配,288,教材目录或相应页面在“10.4.4 简单的寄存器分配”（教材p288）出现或讲解“10.4.4 简单的寄存器分配”；本节点/关系用于表示：围绕“10.4.4 简单的寄存器分配”展开的编译原理知识模块。
CP_TOP_165,10.4.5 PL/0编译器的目标代码生成程序,Topic,编译原理,第10章 代码优化和目标代码生成,围绕“10.4.5 PL/0编译器的目标代码生成程序”展开的编译原理知识模块。,,3,4,《编译原理（第3版）》王生原等，清华大学出版社，10.4.5 PL/0编译器的目标代码生成程序，教材p289,10.4.5 PL/0编译器的目标代码生成程序,289,教材目录或相应页面在“10.4.5 PL/0编译器的目标代码生成程序”（教材p289）出现或讲解“10.4.5 PL/0编译器的目标代码生成程序”；本节点/关系用于表示：围绕“10.4.5 PL/0编译器的目标代码生成程序”展开的编译原理知识模块。
CP_TOP_166,11.1 基于PL/0编译器的课程设计,Topic,编译原理,第11章 课程设计,围绕“11.1 基于PL/0编译器的课程设计”展开的编译原理知识模块。,,3,4,《编译原理（第3版）》王生原等，清华大学出版社，11.1 基于PL/0编译器的课程设计，教材p296,11.1 基于PL/0编译器的课程设计,296,教材目录或相应页面在“11.1 基于PL/0编译器的课程设计”（教材p296）出现或讲解“11.1 基于PL/0编译器的课程设计”；本节点/关系用于表示：围绕“11.1 基于PL/0编译器的课程设计”展开的编译原理知识模块。
CP_TOP_167,11.2 基于Decaf编译器的课程设计,Topic,编译原理,第11章 课程设计,围绕“11.2 基于Decaf编译器的课程设计”展开的编译原理知识模块。,,3,4,《编译原理（第3版）》王生原等，清华大学出版社，11.2 基于Decaf编译器的课程设计，教材p297,11.2 基于Decaf编译器的课程设计,297,教材目录或相应页面在“11.2 基于Decaf编译器的课程设计”（教材p297）出现或讲解“11.2 基于Decaf编译器的课程设计”；本节点/关系用于表示：围绕“11.2 基于Decaf编译器的课程设计”展开的编译原理知识模块。
CP_TOP_168,11.2.1 Decaf编译器实验的总体结构,Topic,编译原理,第11章 课程设计,围绕“11.2.1 Decaf编译器实验的总体结构”展开的编译原理知识模块。,,3,4,《编译原理（第3版）》王生原等，清华大学出版社，11.2.1 Decaf编译器实验的总体结构，教材p298,11.2.1 Decaf编译器实验的总体结构,298,教材目录或相应页面在“11.2.1 Decaf编译器实验的总体结构”（教材p298）出现或讲解“11.2.1 Decaf编译器实验的总体结构”；本节点/关系用于表示：围绕“11.2.1 Decaf编译器实验的总体结构”展开的编译原理知识模块。
CP_TOP_169,11.2.2 词法和语法分析(阶段一),Topic,编译原理,第11章 课程设计,围绕“11.2.2 词法和语法分析(阶段一)”展开的编译原理知识模块。,,3,4,《编译原理（第3版）》王生原等，清华大学出版社，11.2.2 词法和语法分析(阶段一)，教材p300,11.2.2 词法和语法分析(阶段一),300,教材目录或相应页面在“11.2.2 词法和语法分析(阶段一)”（教材p300）出现或讲解“11.2.2 词法和语法分析(阶段一)”；本节点/关系用于表示：围绕“11.2.2 词法和语法分析(阶段一)”展开的编译原理知识模块。
CP_TOP_170,11.2.3 语义分析(阶段二),Topic,编译原理,第11章 课程设计,围绕“11.2.3 语义分析(阶段二)”展开的编译原理知识模块。,,3,4,《编译原理（第3版）》王生原等，清华大学出版社，11.2.3 语义分析(阶段二)，教材p303,11.2.3 语义分析(阶段二),303,教材目录或相应页面在“11.2.3 语义分析(阶段二)”（教材p303）出现或讲解“11.2.3 语义分析(阶段二)”；本节点/关系用于表示：围绕“11.2.3 语义分析(阶段二)”展开的编译原理知识模块。
CP_TOP_171,11.2.4 中间代码生成(阶段三),Topic,编译原理,第11章 课程设计,围绕“11.2.4 中间代码生成(阶段三)”展开的编译原理知识模块。,,3,4,《编译原理（第3版）》王生原等，清华大学出版社，11.2.4 中间代码生成(阶段三)，教材p309,11.2.4 中间代码生成(阶段三),309,教材目录或相应页面在“11.2.4 中间代码生成(阶段三)”（教材p309）出现或讲解“11.2.4 中间代码生成(阶段三)”；本节点/关系用于表示：围绕“11.2.4 中间代码生成(阶段三)”展开的编译原理知识模块。
CP_TOP_172,11.2.5 代码优化(阶段四),Topic,编译原理,第11章 课程设计,围绕“11.2.5 代码优化(阶段四)”展开的编译原理知识模块。,,3,4,《编译原理（第3版）》王生原等，清华大学出版社，11.2.5 代码优化(阶段四)，教材p317,11.2.5 代码优化(阶段四),317,教材目录或相应页面在“11.2.5 代码优化(阶段四)”（教材p317）出现或讲解“11.2.5 代码优化(阶段四)”；本节点/关系用于表示：围绕“11.2.5 代码优化(阶段四)”展开的编译原理知识模块。
CP_TOP_173,11.2.6 目标代码生成(阶段五),Topic,编译原理,第11章 课程设计,围绕“11.2.6 目标代码生成(阶段五)”展开的编译原理知识模块。,,3,4,《编译原理（第3版）》王生原等，清华大学出版社，11.2.6 目标代码生成(阶段五)，教材p320,11.2.6 目标代码生成(阶段五),320,教材目录或相应页面在“11.2.6 目标代码生成(阶段五)”（教材p320）出现或讲解“11.2.6 目标代码生成(阶段五)”；本节点/关系用于表示：围绕“11.2.6 目标代码生成(阶段五)”展开的编译原理知识模块。
CP_TOP_174,11.2.7 基于Decaf编译器的课程设计,Topic,编译原理,第11章 课程设计,围绕“11.2.7 基于Decaf编译器的课程设计”展开的编译原理知识模块。,,3,4,《编译原理（第3版）》王生原等，清华大学出版社，11.2.7 基于Decaf编译器的课程设计，教材p333,11.2.7 基于Decaf编译器的课程设计,333,教材目录或相应页面在“11.2.7 基于Decaf编译器的课程设计”（教材p333）出现或讲解“11.2.7 基于Decaf编译器的课程设计”；本节点/关系用于表示：围绕“11.2.7 基于Decaf编译器的课程设计”展开的编译原理知识模块。
CP_TOP_175,11.3 软件包相关信息及使用,Topic,编译原理,第11章 课程设计,围绕“11.3 软件包相关信息及使用”展开的编译原理知识模块。,,3,4,《编译原理（第3版）》王生原等，清华大学出版社，11.3 软件包相关信息及使用，教材p335,11.3 软件包相关信息及使用,335,教材目录或相应页面在“11.3 软件包相关信息及使用”（教材p335）出现或讲解“11.3 软件包相关信息及使用”；本节点/关系用于表示：围绕“11.3 软件包相关信息及使用”展开的编译原理知识模块。
CP_TOP_176,12.1 开源编译器GCC,Topic,编译原理,第12章 编译器和相关工具实例——GCC/Binutils,围绕“12.1 开源编译器GCC”展开的编译原理知识模块。,,3,4,《编译原理（第3版）》王生原等，清华大学出版社，12.1 开源编译器GCC，教材p336,12.1 开源编译器GCC,336,教材目录或相应页面在“12.1 开源编译器GCC”（教材p336）出现或讲解“12.1 开源编译器GCC”；本节点/关系用于表示：围绕“12.1 开源编译器GCC”展开的编译原理知识模块。
CP_TOP_177,12.1.1 GCC介绍,Topic,编译原理,第12章 编译器和相关工具实例——GCC/Binutils,围绕“12.1.1 GCC介绍”展开的编译原理知识模块。,,3,4,《编译原理（第3版）》王生原等，清华大学出版社，12.1.1 GCC介绍，教材p337,12.1.1 GCC介绍,337,教材目录或相应页面在“12.1.1 GCC介绍”（教材p337）出现或讲解“12.1.1 GCC介绍”；本节点/关系用于表示：围绕“12.1.1 GCC介绍”展开的编译原理知识模块。
CP_TOP_178,12.1.2 GCC总体结构,Topic,编译原理,第12章 编译器和相关工具实例——GCC/Binutils,围绕“12.1.2 GCC总体结构”展开的编译原理知识模块。,,3,4,《编译原理（第3版）》王生原等，清华大学出版社，12.1.2 GCC总体结构，教材p338,12.1.2 GCC总体结构,338,教材目录或相应页面在“12.1.2 GCC总体结构”（教材p338）出现或讲解“12.1.2 GCC总体结构”；本节点/关系用于表示：围绕“12.1.2 GCC总体结构”展开的编译原理知识模块。
CP_TOP_179,12.1.3 GCC编译流程,Topic,编译原理,第12章 编译器和相关工具实例——GCC/Binutils,围绕“12.1.3 GCC编译流程”展开的编译原理知识模块。,,3,4,《编译原理（第3版）》王生原等，清华大学出版社，12.1.3 GCC编译流程，教材p339,12.1.3 GCC编译流程,339,教材目录或相应页面在“12.1.3 GCC编译流程”（教材p339）出现或讲解“12.1.3 GCC编译流程”；本节点/关系用于表示：围绕“12.1.3 GCC编译流程”展开的编译原理知识模块。
CP_TOP_180,12.1.4 GCC代码组织,Topic,编译原理,第12章 编译器和相关工具实例——GCC/Binutils,围绕“12.1.4 GCC代码组织”展开的编译原理知识模块。,,3,4,《编译原理（第3版）》王生原等，清华大学出版社，12.1.4 GCC代码组织，教材p341,12.1.4 GCC代码组织,341,教材目录或相应页面在“12.1.4 GCC代码组织”（教材p341）出现或讲解“12.1.4 GCC代码组织”；本节点/关系用于表示：围绕“12.1.4 GCC代码组织”展开的编译原理知识模块。
CP_TOP_181,12.1.5 小结,Topic,编译原理,第12章 编译器和相关工具实例——GCC/Binutils,围绕“12.1.5 小结”展开的编译原理知识模块。,,3,4,《编译原理（第3版）》王生原等，清华大学出版社，12.1.5 小结，教材p341,12.1.5 小结,341,教材目录或相应页面在“12.1.5 小结”（教材p341）出现或讲解“12.1.5 小结”；本节点/关系用于表示：围绕“12.1.5 小结”展开的编译原理知识模块。
CP_TOP_182,12.2 开源工具Binutils,Topic,编译原理,第12章 编译器和相关工具实例——GCC/Binutils,围绕“12.2 开源工具Binutils”展开的编译原理知识模块。,,3,4,《编译原理（第3版）》王生原等，清华大学出版社，12.2 开源工具Binutils，教材p341,12.2 开源工具Binutils,341,教材目录或相应页面在“12.2 开源工具Binutils”（教材p341）出现或讲解“12.2 开源工具Binutils”；本节点/关系用于表示：围绕“12.2 开源工具Binutils”展开的编译原理知识模块。
CP_TOP_183,12.2.1 目标文件,Topic,编译原理,第12章 编译器和相关工具实例——GCC/Binutils,围绕“12.2.1 目标文件”展开的编译原理知识模块。,,3,4,《编译原理（第3版）》王生原等，清华大学出版社，12.2.1 目标文件，教材p341,12.2.1 目标文件,341,教材目录或相应页面在“12.2.1 目标文件”（教材p341）出现或讲解“12.2.1 目标文件”；本节点/关系用于表示：围绕“12.2.1 目标文件”展开的编译原理知识模块。
CP_TOP_184,12.2.2 汇编器和链接器,Topic,编译原理,第12章 编译器和相关工具实例——GCC/Binutils,围绕“12.2.2 汇编器和链接器”展开的编译原理知识模块。,,3,4,《编译原理（第3版）》王生原等，清华大学出版社，12.2.2 汇编器和链接器，教材p342,12.2.2 汇编器和链接器,342,教材目录或相应页面在“12.2.2 汇编器和链接器”（教材p342）出现或讲解“12.2.2 汇编器和链接器”；本节点/关系用于表示：围绕“12.2.2 汇编器和链接器”展开的编译原理知识模块。
CP_TOP_185,12.2.3 其他工具,Topic,编译原理,第12章 编译器和相关工具实例——GCC/Binutils,围绕“12.2.3 其他工具”展开的编译原理知识模块。,,3,4,《编译原理（第3版）》王生原等，清华大学出版社，12.2.3 其他工具，教材p343,12.2.3 其他工具,343,教材目录或相应页面在“12.2.3 其他工具”（教材p343）出现或讲解“12.2.3 其他工具”；本节点/关系用于表示：围绕“12.2.3 其他工具”展开的编译原理知识模块。
CP_TOP_186,12.2.4 小结,Topic,编译原理,第12章 编译器和相关工具实例——GCC/Binutils,围绕“12.2.4 小结”展开的编译原理知识模块。,,3,4,《编译原理（第3版）》王生原等，清华大学出版社，12.2.4 小结，教材p343,12.2.4 小结,343,教材目录或相应页面在“12.2.4 小结”（教材p343）出现或讲解“12.2.4 小结”；本节点/关系用于表示：围绕“12.2.4 小结”展开的编译原理知识模块。
CP_TOP_187,12.3 编译器和工具使用实例,Topic,编译原理,第12章 编译器和相关工具实例——GCC/Binutils,围绕“12.3 编译器和工具使用实例”展开的编译原理知识模块。,,3,4,《编译原理（第3版）》王生原等，清华大学出版社，12.3 编译器和工具使用实例，教材p348,12.3 编译器和工具使用实例,348,教材目录或相应页面在“12.3 编译器和工具使用实例”（教材p348）出现或讲解“12.3 编译器和工具使用实例”；本节点/关系用于表示：围绕“12.3 编译器和工具使用实例”展开的编译原理知识模块。
CP_TOP_188,12.3.1 编译静态库和动态库,Topic,编译原理,第12章 编译器和相关工具实例——GCC/Binutils,围绕“12.3.1 编译静态库和动态库”展开的编译原理知识模块。,,3,4,《编译原理（第3版）》王生原等，清华大学出版社，12.3.1 编译静态库和动态库，教材p349,12.3.1 编译静态库和动态库,349,教材目录或相应页面在“12.3.1 编译静态库和动态库”（教材p349）出现或讲解“12.3.1 编译静态库和动态库”；本节点/关系用于表示：围绕“12.3.1 编译静态库和动态库”展开的编译原理知识模块。
CP_TOP_189,12.3.2 查看目标文件,Topic,编译原理,第12章 编译器和相关工具实例——GCC/Binutils,围绕“12.3.2 查看目标文件”展开的编译原理知识模块。,,3,4,《编译原理（第3版）》王生原等，清华大学出版社，12.3.2 查看目标文件，教材p347,12.3.2 查看目标文件,347,教材目录或相应页面在“12.3.2 查看目标文件”（教材p347）出现或讲解“12.3.2 查看目标文件”；本节点/关系用于表示：围绕“12.3.2 查看目标文件”展开的编译原理知识模块。
CP_TOP_190,12.3.3 程序代码优化,Topic,编译原理,第12章 编译器和相关工具实例——GCC/Binutils,围绕“12.3.3 程序代码优化”展开的编译原理知识模块。,,3,4,《编译原理（第3版）》王生原等，清华大学出版社，12.3.3 程序代码优化，教材p349,12.3.3 程序代码优化,349,教材目录或相应页面在“12.3.3 程序代码优化”（教材p349）出现或讲解“12.3.3 程序代码优化”；本节点/关系用于表示：围绕“12.3.3 程序代码优化”展开的编译原理知识模块。
CP_TOP_191,12.3.4 小结,Topic,编译原理,第12章 编译器和相关工具实例——GCC/Binutils,围绕“12.3.4 小结”展开的编译原理知识模块。,,3,4,《编译原理（第3版）》王生原等，清华大学出版社，12.3.4 小结，教材p352,12.3.4 小结,352,教材目录或相应页面在“12.3.4 小结”（教材p352）出现或讲解“12.3.4 小结”；本节点/关系用于表示：围绕“12.3.4 小结”展开的编译原理知识模块。
CP_CON_001,编译程序,Concept,编译原理,第1章 引论,把源语言程序翻译成等价目标语言程序的系统软件。,compiler,4,5,《编译原理（第3版）》王生原等，清华大学出版社，1.1 什么是编译程序，教材p1,1.1 什么是编译程序,1,教材目录或相应页面在“1.1 什么是编译程序”（教材p1）出现或讲解“编译程序”；本节点/关系用于表示：把源语言程序翻译成等价目标语言程序的系统软件。
CP_OBJ_001,源程序,ComputingObject,编译原理,第1章 引论,由源语言编写、作为编译输入的程序。,source program,2,5,《编译原理（第3版）》王生原等，清华大学出版社，1.1 什么是编译程序，教材p1,1.1 什么是编译程序,1,教材目录或相应页面在“1.1 什么是编译程序”（教材p1）出现或讲解“源程序”；本节点/关系用于表示：由源语言编写、作为编译输入的程序。
CP_OBJ_002,目标程序,ComputingObject,编译原理,第1章 引论,编译程序输出的目标语言程序。,target program,2,5,《编译原理（第3版）》王生原等，清华大学出版社，1.1 什么是编译程序，教材p1,1.1 什么是编译程序,1,教材目录或相应页面在“1.1 什么是编译程序”（教材p1）出现或讲解“目标程序”；本节点/关系用于表示：编译程序输出的目标语言程序。
CP_SYN_001,源语言,SyntaxElement,编译原理,第1章 引论,被翻译程序使用的程序设计语言。,source language,2,4,《编译原理（第3版）》王生原等，清华大学出版社，1.1 什么是编译程序，教材p1,1.1 什么是编译程序,1,教材目录或相应页面在“1.1 什么是编译程序”（教材p1）出现或讲解“源语言”；本节点/关系用于表示：被翻译程序使用的程序设计语言。
CP_SYN_002,目标语言,SyntaxElement,编译原理,第1章 引论,翻译结果所采用的语言或机器代码形式。,target language,2,4,《编译原理（第3版）》王生原等，清华大学出版社，1.1 什么是编译程序，教材p1,1.1 什么是编译程序,1,教材目录或相应页面在“1.1 什么是编译程序”（教材p1）出现或讲解“目标语言”；本节点/关系用于表示：翻译结果所采用的语言或机器代码形式。
CP_MEC_001,词法分析,Mechanism,编译原理,第1章 引论,把字符流识别为单词符号序列的编译阶段。,lexical analysis,4,5,《编译原理（第3版）》王生原等，清华大学出版社，1.2 编译过程和编译程序的结构，教材p2,1.2 编译过程和编译程序的结构,2,教材目录或相应页面在“1.2 编译过程和编译程序的结构”（教材p2）出现或讲解“词法分析”；本节点/关系用于表示：把字符流识别为单词符号序列的编译阶段。
CP_MEC_002,语法分析,Mechanism,编译原理,第1章 引论,按照文法检查单词串结构并构造语法结构的阶段。,"syntax analysis,parsing",5,5,《编译原理（第3版）》王生原等，清华大学出版社，1.2 编译过程和编译程序的结构，教材p2,1.2 编译过程和编译程序的结构,2,教材目录或相应页面在“1.2 编译过程和编译程序的结构”（教材p2）出现或讲解“语法分析”；本节点/关系用于表示：按照文法检查单词串结构并构造语法结构的阶段。
CP_MEC_003,语义分析,Mechanism,编译原理,第1章 引论,检查语义约束并收集类型、作用域等信息的阶段。,semantic analysis,5,5,《编译原理（第3版）》王生原等，清华大学出版社，1.2 编译过程和编译程序的结构，教材p2,1.2 编译过程和编译程序的结构,2,教材目录或相应页面在“1.2 编译过程和编译程序的结构”（教材p2）出现或讲解“语义分析”；本节点/关系用于表示：检查语义约束并收集类型、作用域等信息的阶段。
CP_MEC_004,中间代码生成,Mechanism,编译原理,第1章 引论,把源程序结构转换为便于优化和目标代码生成的中间表示。,intermediate code generation,4,5,《编译原理（第3版）》王生原等，清华大学出版社，1.2 编译过程和编译程序的结构，教材p2,1.2 编译过程和编译程序的结构,2,教材目录或相应页面在“1.2 编译过程和编译程序的结构”（教材p2）出现或讲解“中间代码生成”；本节点/关系用于表示：把源程序结构转换为便于优化和目标代码生成的中间表示。
CP_MEC_005,代码优化,Mechanism,编译原理,第1章 引论,在保持语义不变的前提下改进中间代码或目标代码质量。,optimization,5,5,《编译原理（第3版）》王生原等，清华大学出版社，1.2 编译过程和编译程序的结构，教材p2,1.2 编译过程和编译程序的结构,2,教材目录或相应页面在“1.2 编译过程和编译程序的结构”（教材p2）出现或讲解“代码优化”；本节点/关系用于表示：在保持语义不变的前提下改进中间代码或目标代码质量。
CP_MEC_006,目标代码生成,Mechanism,编译原理,第1章 引论,把中间表示转换为目标机器代码或汇编代码的阶段。,code generation,5,5,《编译原理（第3版）》王生原等，清华大学出版社，1.2 编译过程和编译程序的结构，教材p2,1.2 编译过程和编译程序的结构,2,教材目录或相应页面在“1.2 编译过程和编译程序的结构”（教材p2）出现或讲解“目标代码生成”；本节点/关系用于表示：把中间表示转换为目标机器代码或汇编代码的阶段。
CP_MOD_001,编译程序前端,Model,编译原理,第1章 引论,面向源语言的分析部分，通常包括词法、语法、语义分析和中间代码生成。,front end,4,5,《编译原理（第3版）》王生原等，清华大学出版社，1.2 编译过程和编译程序的结构，教材p2,1.2 编译过程和编译程序的结构,2,教材目录或相应页面在“1.2 编译过程和编译程序的结构”（教材p2）出现或讲解“编译程序前端”；本节点/关系用于表示：面向源语言的分析部分，通常包括词法、语法、语义分析和中间代码生成。
CP_MOD_002,编译程序后端,Model,编译原理,第1章 引论,面向目标机器的综合部分，通常包括优化和目标代码生成。,back end,4,5,《编译原理（第3版）》王生原等，清华大学出版社，1.2 编译过程和编译程序的结构，教材p2,1.2 编译过程和编译程序的结构,2,教材目录或相应页面在“1.2 编译过程和编译程序的结构”（教材p2）出现或讲解“编译程序后端”；本节点/关系用于表示：面向目标机器的综合部分，通常包括优化和目标代码生成。
CP_CON_002,解释程序,Concept,编译原理,1.3.1 解释程序,逐句或逐段分析并直接执行源程序的系统软件。,interpreter,3,4,《编译原理（第3版）》王生原等，清华大学出版社，1.3.1 解释程序，教材p7,1.3.1 解释程序,7,教材目录或相应页面在“1.3.1 解释程序”（教材p7）出现或讲解“解释程序”；本节点用于表示：逐句或逐段分析并直接执行源程序的系统软件。
CP_MEC_007,解释执行,Mechanism,编译原理,1.3.1 解释程序,不生成完整目标程序而边分析边执行的运行方式。,interpretation,3,4,《编译原理（第3版）》王生原等，清华大学出版社，1.3.1 解释程序，教材p7,1.3.1 解释程序,7,教材目录或相应页面在“1.3.1 解释程序”（教材p7）出现或讲解“解释执行”；本节点用于表示：不生成完整目标程序而边分析边执行的运行方式。
CP_CON_003,预处理程序,Concept,编译原理,第1章 引论,在编译前对源程序进行宏展开、文件包含等处理的工具。,preprocessor,3,4,《编译原理（第3版）》王生原等，清华大学出版社，1.3.2 处理源程序的软件工具，教材p8,1.3.2 处理源程序的软件工具,8,教材目录或相应页面在“1.3.2 处理源程序的软件工具”（教材p8）出现或讲解“预处理程序”；本节点/关系用于表示：在编译前对源程序进行宏展开、文件包含等处理的工具。
CP_CON_004,编辑程序,Concept,编译原理,第1章 引论,用于创建和修改源程序文本的工具。,editor,1,3,《编译原理（第3版）》王生原等，清华大学出版社，1.3.2 处理源程序的软件工具，教材p8,1.3.2 处理源程序的软件工具,8,教材目录或相应页面在“1.3.2 处理源程序的软件工具”（教材p8）出现或讲解“编辑程序”；本节点/关系用于表示：用于创建和修改源程序文本的工具。
CP_CON_005,调试程序,Concept,编译原理,第1章 引论,用于跟踪、断点、查看变量并定位程序错误的工具。,debugger,3,4,《编译原理（第3版）》王生原等，清华大学出版社，1.3.2 处理源程序的软件工具，教材p8,1.3.2 处理源程序的软件工具,8,教材目录或相应页面在“1.3.2 处理源程序的软件工具”（教材p8）出现或讲解“调试程序”；本节点/关系用于表示：用于跟踪、断点、查看变量并定位程序错误的工具。
CP_CON_006,程序格式化工具,Concept,编译原理,第1章 引论,按规则调整源代码格式的辅助工具。,formatter,2,3,《编译原理（第3版）》王生原等，清华大学出版社，1.3.2 处理源程序的软件工具，教材p8,1.3.2 处理源程序的软件工具,8,教材目录或相应页面在“1.3.2 处理源程序的软件工具”（教材p8）出现或讲解“程序格式化工具”；本节点/关系用于表示：按规则调整源代码格式的辅助工具。
CP_EXA_001,PL/0语言,Example,编译原理,第1章 引论,用于教学的简化程序设计语言，常用于展示编译器实现。,PL/0,3,5,《编译原理（第3版）》王生原等，清华大学出版社，1.4 PL/0语言编译系统，教材p10,1.4 PL/0语言编译系统,10,教材目录或相应页面在“1.4 PL/0语言编译系统”（教材p10）出现或讲解“PL/0语言”；本节点/关系用于表示：用于教学的简化程序设计语言，常用于展示编译器实现。
CP_EXA_002,PL/0编译器,Example,编译原理,第1章 引论,面向PL/0语言的教学型编译器实例。,PL/0 compiler,4,5,《编译原理（第3版）》王生原等，清华大学出版社，1.4 PL/0语言编译系统，教材p10,1.4 PL/0语言编译系统,10,教材目录或相应页面在“1.4 PL/0语言编译系统”（教材p10）出现或讲解“PL/0编译器”；本节点/关系用于表示：面向PL/0语言的教学型编译器实例。
CP_SYN_003,P-code,SyntaxElement,编译原理,第1章 引论,PL/0系统中常用的类栈机中间代码或目标指令形式。,类P-code,4,4,《编译原理（第3版）》王生原等，清华大学出版社，1.4 PL/0语言编译系统，教材p10,1.4 PL/0语言编译系统,10,教材目录或相应页面在“1.4 PL/0语言编译系统”（教材p10）出现或讲解“P-code”；本节点/关系用于表示：PL/0系统中常用的类栈机中间代码或目标指令形式。
CP_MOD_003,P-code虚拟机,Model,编译原理,第1章 引论,执行P-code目标程序的抽象机器。,P-code VM,4,4,《编译原理（第3版）》王生原等，清华大学出版社，1.4 PL/0语言编译系统，教材p10,1.4 PL/0语言编译系统,10,教材目录或相应页面在“1.4 PL/0语言编译系统”（教材p10）出现或讲解“P-code虚拟机”；本节点/关系用于表示：执行P-code目标程序的抽象机器。
CP_CON_007,字母表,Concept,编译原理,第2章 文法和语言,符号的非空有限集合。,alphabet,2,5,《编译原理（第3版）》王生原等，清华大学出版社，2.2 符号和符号串，教材p20,2.2 符号和符号串,20,教材目录或相应页面在“2.2 符号和符号串”（教材p20）出现或讲解“字母表”；本节点/关系用于表示：符号的非空有限集合。
CP_CON_008,符号串,Concept,编译原理,第2章 文法和语言,由字母表中符号组成的有限序列。,string,2,5,《编译原理（第3版）》王生原等，清华大学出版社，2.2 符号和符号串，教材p20,2.2 符号和符号串,20,教材目录或相应页面在“2.2 符号和符号串”（教材p20）出现或讲解“符号串”；本节点/关系用于表示：由字母表中符号组成的有限序列。
CP_CON_009,空串,Concept,编译原理,第2章 文法和语言,长度为0的符号串。,ε,2,4,《编译原理（第3版）》王生原等，清华大学出版社，2.2 符号和符号串，教材p20,2.2 符号和符号串,20,教材目录或相应页面在“2.2 符号和符号串”（教材p20）出现或讲解“空串”；本节点/关系用于表示：长度为0的符号串。
CP_OPR_001,符号串连接,Operation,编译原理,第2章 文法和语言,把两个符号串首尾相接形成新符号串的运算。,concatenation,2,4,《编译原理（第3版）》王生原等，清华大学出版社，2.2 符号和符号串，教材p20,2.2 符号和符号串,20,教材目录或相应页面在“2.2 符号和符号串”（教材p20）出现或讲解“符号串连接”；本节点/关系用于表示：把两个符号串首尾相接形成新符号串的运算。
CP_CON_010,文法,Concept,编译原理,第2章 文法和语言,用于形式化描述语言句子结构的规则系统。,grammar,4,5,《编译原理（第3版）》王生原等，清华大学出版社，2.3 文法和语言的形式定义，教材p21,2.3 文法和语言的形式定义,21,教材目录或相应页面在“2.3 文法和语言的形式定义”（教材p21）出现或讲解“文法”；本节点/关系用于表示：用于形式化描述语言句子结构的规则系统。
CP_SYN_004,终结符,SyntaxElement,编译原理,第2章 文法和语言,不能再被文法规则替换的基本符号。,terminal,2,5,《编译原理（第3版）》王生原等，清华大学出版社，2.3 文法和语言的形式定义，教材p21,2.3 文法和语言的形式定义,21,教材目录或相应页面在“2.3 文法和语言的形式定义”（教材p21）出现或讲解“终结符”；本节点/关系用于表示：不能再被文法规则替换的基本符号。
CP_SYN_005,非终结符,SyntaxElement,编译原理,第2章 文法和语言,可通过产生式继续推导的语法变量。,nonterminal,2,5,《编译原理（第3版）》王生原等，清华大学出版社，2.3 文法和语言的形式定义，教材p21,2.3 文法和语言的形式定义,21,教材目录或相应页面在“2.3 文法和语言的形式定义”（教材p21）出现或讲解“非终结符”；本节点/关系用于表示：可通过产生式继续推导的语法变量。
CP_SYN_006,开始符号,SyntaxElement,编译原理,第2章 文法和语言,推导过程起始的非终结符。,start symbol,2,5,《编译原理（第3版）》王生原等，清华大学出版社，2.3 文法和语言的形式定义，教材p21,2.3 文法和语言的形式定义,21,教材目录或相应页面在“2.3 文法和语言的形式定义”（教材p21）出现或讲解“开始符号”；本节点/关系用于表示：推导过程起始的非终结符。
CP_SYN_007,产生式,SyntaxElement,编译原理,第2章 文法和语言,描述符号替换关系的文法规则。,production,3,5,《编译原理（第3版）》王生原等，清华大学出版社，2.3 文法和语言的形式定义，教材p21,2.3 文法和语言的形式定义,21,教材目录或相应页面在“2.3 文法和语言的形式定义”（教材p21）出现或讲解“产生式”；本节点/关系用于表示：描述符号替换关系的文法规则。
CP_OPR_002,推导,Operation,编译原理,第2章 文法和语言,从开始符号按产生式逐步替换得到句子的过程。,derivation,3,5,《编译原理（第3版）》王生原等，清华大学出版社，2.3 文法和语言的形式定义，教材p21,2.3 文法和语言的形式定义,21,教材目录或相应页面在“2.3 文法和语言的形式定义”（教材p21）出现或讲解“推导”；本节点/关系用于表示：从开始符号按产生式逐步替换得到句子的过程。
CP_CON_011,语言,Concept,编译原理,第2章 文法和语言,由文法能产生的所有句子的集合。,language,3,5,《编译原理（第3版）》王生原等，清华大学出版社，2.3 文法和语言的形式定义，教材p21,2.3 文法和语言的形式定义,21,教材目录或相应页面在“2.3 文法和语言的形式定义”（教材p21）出现或讲解“语言”；本节点/关系用于表示：由文法能产生的所有句子的集合。
CP_MOD_004,0型文法,Model,编译原理,第2章 文法和语言,Chomsky体系中限制最少的短语结构文法。,Type-0 grammar,3,3,《编译原理（第3版）》王生原等，清华大学出版社，2.4 文法的类型，教材p25,2.4 文法的类型,25,教材目录或相应页面在“2.4 文法的类型”（教材p25）出现或讲解“0型文法”；本节点/关系用于表示：Chomsky体系中限制最少的短语结构文法。
CP_MOD_005,1型文法,Model,编译原理,第2章 文法和语言,又称上下文有关文法，对产生式长度有约束。,context-sensitive grammar,3,3,《编译原理（第3版）》王生原等，清华大学出版社，2.4 文法的类型，教材p25,2.4 文法的类型,25,教材目录或相应页面在“2.4 文法的类型”（教材p25）出现或讲解“1型文法”；本节点/关系用于表示：又称上下文有关文法，对产生式长度有约束。
CP_MOD_006,2型文法,Model,编译原理,第2章 文法和语言,又称上下文无关文法，是程序设计语言语法描述的核心模型。,"context-free grammar,CFG",4,5,《编译原理（第3版）》王生原等，清华大学出版社，2.4 文法的类型，教材p25,2.4 文法的类型,25,教材目录或相应页面在“2.4 文法的类型”（教材p25）出现或讲解“2型文法”；本节点/关系用于表示：又称上下文无关文法，是程序设计语言语法描述的核心模型。
CP_MOD_007,3型文法,Model,编译原理,第2章 文法和语言,又称正规文法，常用于描述单词结构。,regular grammar,3,5,《编译原理（第3版）》王生原等，清华大学出版社，2.4 文法的类型，教材p25,2.4 文法的类型,25,教材目录或相应页面在“2.4 文法的类型”（教材p25）出现或讲解“3型文法”；本节点/关系用于表示：又称正规文法，常用于描述单词结构。
CP_MOD_008,Chomsky文法体系,Model,编译原理,第2章 文法和语言,按规则限制将文法划分为0型、1型、2型和3型的体系。,Chomsky hierarchy,3,4,《编译原理（第3版）》王生原等，清华大学出版社，2.4 文法的类型，教材p25,2.4 文法的类型,25,教材目录或相应页面在“2.4 文法的类型”（教材p25）出现或讲解“Chomsky文法体系”；本节点/关系用于表示：按规则限制将文法划分为0型、1型、2型和3型的体系。
CP_MOD_009,上下文无关文法,Model,编译原理,第2章 文法和语言,产生式左部为单个非终结符的文法。,CFG,4,5,《编译原理（第3版）》王生原等，清华大学出版社，2.5 上下文无关文法及其语法树，教材p26,2.5 上下文无关文法及其语法树,26,教材目录或相应页面在“2.5 上下文无关文法及其语法树”（教材p26）出现或讲解“上下文无关文法”；本节点/关系用于表示：产生式左部为单个非终结符的文法。
CP_DS_001,语法树,DataStructure,编译原理,第2章 文法和语言,用树形结构表示上下文无关文法推导过程。,parse tree,4,5,《编译原理（第3版）》王生原等，清华大学出版社，2.5 上下文无关文法及其语法树，教材p26,2.5 上下文无关文法及其语法树,26,教材目录或相应页面在“2.5 上下文无关文法及其语法树”（教材p26）出现或讲解“语法树”；本节点/关系用于表示：用树形结构表示上下文无关文法推导过程。
CP_CON_012,短语,Concept,编译原理,第2章 文法和语言,语法树中某结点子树的叶子串。,phrase,3,4,《编译原理（第3版）》王生原等，清华大学出版社，2.5 上下文无关文法及其语法树，教材p26,2.5 上下文无关文法及其语法树,26,教材目录或相应页面在“2.5 上下文无关文法及其语法树”（教材p26）出现或讲解“短语”；本节点/关系用于表示：语法树中某结点子树的叶子串。
CP_CON_013,直接短语,Concept,编译原理,第2章 文法和语言,由一次产生式推导直接得到的短语。,direct phrase,3,4,《编译原理（第3版）》王生原等，清华大学出版社，2.5 上下文无关文法及其语法树，教材p26,2.5 上下文无关文法及其语法树,26,教材目录或相应页面在“2.5 上下文无关文法及其语法树”（教材p26）出现或讲解“直接短语”；本节点/关系用于表示：由一次产生式推导直接得到的短语。
CP_CON_014,句柄,Concept,编译原理,第2章 文法和语言,最右推导逆过程中的直接短语，是归约的目标。,handle,4,5,《编译原理（第3版）》王生原等，清华大学出版社，2.5 上下文无关文法及其语法树，教材p26,2.5 上下文无关文法及其语法树,26,教材目录或相应页面在“2.5 上下文无关文法及其语法树”（教材p26）出现或讲解“句柄”；本节点/关系用于表示：最右推导逆过程中的直接短语，是归约的目标。
CP_CON_015,句型,Concept,编译原理,第2章 文法和语言,从开始符号推导出的含终结符和非终结符的符号串。,sentential form,3,4,《编译原理（第3版）》王生原等，清华大学出版社，2.6 句型的分析，教材p29,2.6 句型的分析,29,教材目录或相应页面在“2.6 句型的分析”（教材p29）出现或讲解“句型”；本节点/关系用于表示：从开始符号推导出的含终结符和非终结符的符号串。
CP_CON_016,句子,Concept,编译原理,第2章 文法和语言,只含终结符的句型。,sentence,2,4,《编译原理（第3版）》王生原等，清华大学出版社，2.6 句型的分析，教材p29,2.6 句型的分析,29,教材目录或相应页面在“2.6 句型的分析”（教材p29）出现或讲解“句子”；本节点/关系用于表示：只含终结符的句型。
CP_OPR_003,最左推导,Operation,编译原理,第2章 文法和语言,每步替换最左非终结符的推导方式。,leftmost derivation,3,5,《编译原理（第3版）》王生原等，清华大学出版社，2.6 句型的分析，教材p29,2.6 句型的分析,29,教材目录或相应页面在“2.6 句型的分析”（教材p29）出现或讲解“最左推导”；本节点/关系用于表示：每步替换最左非终结符的推导方式。
CP_OPR_004,最右推导,Operation,编译原理,第2章 文法和语言,每步替换最右非终结符的推导方式。,rightmost derivation,3,5,《编译原理（第3版）》王生原等，清华大学出版社，2.6 句型的分析，教材p29,2.6 句型的分析,29,教材目录或相应页面在“2.6 句型的分析”（教材p29）出现或讲解“最右推导”；本节点/关系用于表示：每步替换最右非终结符的推导方式。
CP_ALG_001,自上而下分析,Algorithm,编译原理,第2章 文法和语言,从开始符号出发试图推导输入串的语法分析方法。,top-down parsing,4,5,《编译原理（第3版）》王生原等，清华大学出版社，2.6 句型的分析，教材p29,2.6 句型的分析,29,教材目录或相应页面在“2.6 句型的分析”（教材p29）出现或讲解“自上而下分析”；本节点/关系用于表示：从开始符号出发试图推导输入串的语法分析方法。
CP_ALG_002,自下而上分析,Algorithm,编译原理,第2章 文法和语言,从输入串出发逐步归约到开始符号的语法分析方法。,bottom-up parsing,5,5,《编译原理（第3版）》王生原等，清华大学出版社，2.6 句型的分析，教材p29,2.6 句型的分析,29,教材目录或相应页面在“2.6 句型的分析”（教材p29）出现或讲解“自下而上分析”；本节点/关系用于表示：从输入串出发逐步归约到开始符号的语法分析方法。
CP_PTY_001,二义性,Property,编译原理,第2章 文法和语言,同一句子存在两棵不同语法树或两种不同最左/最右推导的性质。,ambiguity,4,5,《编译原理（第3版）》王生原等，清华大学出版社，2.7.2 上下文无关文法中的二义性，教材p33,2.7.2 上下文无关文法中的二义性,33,教材目录或相应页面在“2.7.2 上下文无关文法中的二义性”（教材p33）出现或讲解“二义性”；本节点/关系用于表示：同一句子存在两棵不同语法树或两种不同最左/最右推导的性质。
CP_MOD_010,二义性文法,Model,编译原理,第2章 文法和语言,能对某个句子给出多种语法结构的文法。,ambiguous grammar,4,5,《编译原理（第3版）》王生原等，清华大学出版社，2.7.2 上下文无关文法中的二义性，教材p33,2.7.2 上下文无关文法中的二义性,33,教材目录或相应页面在“2.7.2 上下文无关文法中的二义性”（教材p33）出现或讲解“二义性文法”；本节点/关系用于表示：能对某个句子给出多种语法结构的文法。
CP_MEC_008,词法分析程序,Mechanism,编译原理,第3章 词法分析,从源程序字符流中识别单词符号并传给语法分析程序的程序。,"lexer,scanner",4,5,《编译原理（第3版）》王生原等，清华大学出版社，3.1 词法分析程序的设计，教材p37,3.1 词法分析程序的设计,37,教材目录或相应页面在“3.1 词法分析程序的设计”（教材p37）出现或讲解“词法分析程序”；本节点/关系用于表示：从源程序字符流中识别单词符号并传给语法分析程序的程序。
CP_SYN_008,单词符号,SyntaxElement,编译原理,第3章 词法分析,语言中具有独立语法意义的最小词法单位。,token,3,5,《编译原理（第3版）》王生原等，清华大学出版社，3.1 词法分析程序的设计，教材p37,3.1 词法分析程序的设计,37,教材目录或相应页面在“3.1 词法分析程序的设计”（教材p37）出现或讲解“单词符号”；本节点/关系用于表示：语言中具有独立语法意义的最小词法单位。
CP_PBM_001,词法错误,Problem,编译原理,第3章 词法分析,源程序中不符合词法规则的字符或单词问题。,lexical error,3,4,《编译原理（第3版）》王生原等，清华大学出版社，3.1 词法分析程序的设计，教材p37,3.1 词法分析程序的设计,37,教材目录或相应页面在“3.1 词法分析程序的设计”（教材p37）出现或讲解“词法错误”；本节点/关系用于表示：源程序中不符合词法规则的字符或单词问题。
CP_SYN_009,单词类别码,SyntaxElement,编译原理,第3章 词法分析,词法分析输出中表示单词种类的编码。,token kind,2,4,《编译原理（第3版）》王生原等，清华大学出版社，3.1 词法分析程序的设计，教材p37,3.1 词法分析程序的设计,37,教材目录或相应页面在“3.1 词法分析程序的设计”（教材p37）出现或讲解“单词类别码”；本节点/关系用于表示：词法分析输出中表示单词种类的编码。
CP_OBJ_003,属性值,ComputingObject,编译原理,第3章 词法分析,词法单元携带的具体值或符号表指针等附加信息。,attribute value,3,4,《编译原理（第3版）》王生原等，清华大学出版社，3.1 词法分析程序的设计，教材p37,3.1 词法分析程序的设计,37,教材目录或相应页面在“3.1 词法分析程序的设计”（教材p37）出现或讲解“属性值”；本节点/关系用于表示：词法单元携带的具体值或符号表指针等附加信息。
CP_MOD_011,正规文法,Model,编译原理,第3章 词法分析,产生式受限、可用于描述正规语言的文法。,regular grammar,3,5,《编译原理（第3版）》王生原等，清华大学出版社，3.3 单词的形式化描述工具，教材p44,3.3 单词的形式化描述工具,44,教材目录或相应页面在“3.3 单词的形式化描述工具”（教材p44）出现或讲解“正规文法”；本节点/关系用于表示：产生式受限、可用于描述正规语言的文法。
CP_MOD_012,正规式,Model,编译原理,第3章 词法分析,用并、连接、闭包等运算描述正规语言的表达式。,regular expression,4,5,《编译原理（第3版）》王生原等，清华大学出版社，3.3 单词的形式化描述工具，教材p44,3.3 单词的形式化描述工具,44,教材目录或相应页面在“3.3 单词的形式化描述工具”（教材p44）出现或讲解“正规式”；本节点/关系用于表示：用并、连接、闭包等运算描述正规语言的表达式。
CP_CON_017,正规语言,Concept,编译原理,第3章 词法分析,能被正规文法、正规式或有穷自动机描述/识别的语言。,regular language,3,5,《编译原理（第3版）》王生原等，清华大学出版社，3.3 单词的形式化描述工具，教材p44,3.3 单词的形式化描述工具,44,教材目录或相应页面在“3.3 单词的形式化描述工具”（教材p44）出现或讲解“正规语言”；本节点/关系用于表示：能被正规文法、正规式或有穷自动机描述/识别的语言。
CP_MOD_013,有穷自动机,Model,编译原理,第3章 词法分析,由有限状态集合和状态转换函数组成的识别模型。,finite automaton,4,5,《编译原理（第3版）》王生原等，清华大学出版社，3.4 有穷自动机，教材p47,3.4 有穷自动机,47,教材目录或相应页面在“3.4 有穷自动机”（教材p47）出现或讲解“有穷自动机”；本节点/关系用于表示：由有限状态集合和状态转换函数组成的识别模型。
CP_MOD_014,DFA,Model,编译原理,第3章 词法分析,每个状态对每个输入符号最多有一个确定后继状态的有穷自动机。,确定有穷自动机,4,5,《编译原理（第3版）》王生原等，清华大学出版社，3.4 有穷自动机，教材p47,3.4 有穷自动机,47,教材目录或相应页面在“3.4 有穷自动机”（教材p47）出现或讲解“DFA”；本节点/关系用于表示：每个状态对每个输入符号最多有一个确定后继状态的有穷自动机。
CP_MOD_015,NFA,Model,编译原理,第3章 词法分析,状态转换可不确定、可含空边的有穷自动机。,不确定有穷自动机,4,5,《编译原理（第3版）》王生原等，清华大学出版社，3.4 有穷自动机，教材p47,3.4 有穷自动机,47,教材目录或相应页面在“3.4 有穷自动机”（教材p47）出现或讲解“NFA”；本节点/关系用于表示：状态转换可不确定、可含空边的有穷自动机。
CP_MEC_009,状态转换函数,Mechanism,编译原理,第3章 词法分析,描述自动机状态随输入符号变化的函数。,transition function,3,4,《编译原理（第3版）》王生原等，清华大学出版社，3.4 有穷自动机，教材p47,3.4 有穷自动机,47,教材目录或相应页面在“3.4 有穷自动机”（教材p47）出现或讲解“状态转换函数”；本节点/关系用于表示：描述自动机状态随输入符号变化的函数。
CP_SYN_010,初态,SyntaxElement,编译原理,第3章 词法分析,自动机识别过程开始所在的状态。,start state,2,4,《编译原理（第3版）》王生原等，清华大学出版社，3.4 有穷自动机，教材p47,3.4 有穷自动机,47,教材目录或相应页面在“3.4 有穷自动机”（教材p47）出现或讲解“初态”；本节点/关系用于表示：自动机识别过程开始所在的状态。
CP_SYN_011,终态,SyntaxElement,编译原理,第3章 词法分析,自动机接受输入串的状态集合中的状态。,"final state,accepting state",2,4,《编译原理（第3版）》王生原等，清华大学出版社，3.4 有穷自动机，教材p47,3.4 有穷自动机,47,教材目录或相应页面在“3.4 有穷自动机”（教材p47）出现或讲解“终态”；本节点/关系用于表示：自动机接受输入串的状态集合中的状态。
CP_ALG_003,NFA确定化,Algorithm,编译原理,第3章 词法分析,将NFA转换为等价DFA的子集构造算法。,subset construction,5,5,《编译原理（第3版）》王生原等，清华大学出版社，3.4 有穷自动机，教材p47,3.4 有穷自动机,47,教材目录或相应页面在“3.4 有穷自动机”（教材p47）出现或讲解“NFA确定化”；本节点/关系用于表示：将NFA转换为等价DFA的子集构造算法。
CP_ALG_004,DFA最小化,Algorithm,编译原理,第3章 词法分析,合并等价状态以得到较小DFA的算法。,DFA minimization,5,5,《编译原理（第3版）》王生原等，清华大学出版社，3.4 有穷自动机，教材p47,3.4 有穷自动机,47,教材目录或相应页面在“3.4 有穷自动机”（教材p47）出现或讲解“DFA最小化”；本节点/关系用于表示：合并等价状态以得到较小DFA的算法。
CP_APP_001,lex,Application,编译原理,第3章 词法分析,根据正规表达式规则自动生成词法分析程序的工具。,Lex/Flex,3,5,《编译原理（第3版）》王生原等，清华大学出版社，3.7 词法分析程序的自动构造工具，教材p58,3.7 词法分析程序的自动构造工具,58,教材目录或相应页面在“3.7 词法分析程序的自动构造工具”（教材p58）出现或讲解“lex”；本节点/关系用于表示：根据正规表达式规则自动生成词法分析程序的工具。
CP_SYN_012,lex描述文件,SyntaxElement,编译原理,第3章 词法分析,包含正规表达式、动作和辅助定义的lex输入文件。,lex specification,3,4,《编译原理（第3版）》王生原等，清华大学出版社，3.7 词法分析程序的自动构造工具，教材p58,3.7 词法分析程序的自动构造工具,58,教材目录或相应页面在“3.7 词法分析程序的自动构造工具”（教材p58）出现或讲解“lex描述文件”；本节点/关系用于表示：包含正规表达式、动作和辅助定义的lex输入文件。
CP_SYN_013,正规表达式规则,SyntaxElement,编译原理,第3章 词法分析,lex中用于匹配输入单词的模式规则。,lex rule,3,4,《编译原理（第3版）》王生原等，清华大学出版社，3.7 词法分析程序的自动构造工具，教材p58,3.7 词法分析程序的自动构造工具,58,教材目录或相应页面在“3.7 词法分析程序的自动构造工具”（教材p58）出现或讲解“正规表达式规则”；本节点/关系用于表示：lex中用于匹配输入单词的模式规则。
CP_PRO_001,yacc接口约定,Protocol,编译原理,第3章 词法分析,规定lex生成的词法分析器与yacc语法分析器如何传递token。,lex-yacc interface,3,4,《编译原理（第3版）》王生原等，清华大学出版社，3.7 词法分析程序的自动构造工具，教材p58,3.7 词法分析程序的自动构造工具,58,教材目录或相应页面在“3.7 词法分析程序的自动构造工具”（教材p58）出现或讲解“yacc接口约定”；本节点/关系用于表示：规定lex生成的词法分析器与yacc语法分析器如何传递token。
CP_ALG_005,预测分析,Algorithm,编译原理,第4章 自顶向下语法分析方法,根据当前非终结符和输入符号选择产生式的自顶向下分析方法。,predictive parsing,4,5,《编译原理（第3版）》王生原等，清华大学出版社，4.1 确定的自顶向下分析思想，教材p68,4.1 确定的自顶向下分析思想,68,教材目录或相应页面在“4.1 确定的自顶向下分析思想”（教材p68）出现或讲解“预测分析”；本节点/关系用于表示：根据当前非终结符和输入符号选择产生式的自顶向下分析方法。
CP_ALG_006,递归下降分析,Algorithm,编译原理,第4章 自顶向下语法分析方法,用一组递归子程序对应非终结符实现的自顶向下分析。,recursive descent parsing,4,5,《编译原理（第3版）》王生原等，清华大学出版社，4.1 确定的自顶向下分析思想，教材p68,4.1 确定的自顶向下分析思想,68,教材目录或相应页面在“4.1 确定的自顶向下分析思想”（教材p68）出现或讲解“递归下降分析”；本节点/关系用于表示：用一组递归子程序对应非终结符实现的自顶向下分析。
CP_MOD_016,LL(1)文法,Model,编译原理,第4章 自顶向下语法分析方法,能从左到右扫描并用1个向前看符号完成最左推导的文法。,LL(1) grammar,5,5,《编译原理（第3版）》王生原等，清华大学出版社，4.2 LL(1)文法的判别，教材p72,4.2 LL(1)文法的判别,72,教材目录或相应页面在“4.2 LL(1)文法的判别”（教材p72）出现或讲解“LL(1)文法”；本节点/关系用于表示：能从左到右扫描并用1个向前看符号完成最左推导的文法。
CP_DS_002,FIRST集,DataStructure,编译原理,第4章 自顶向下语法分析方法,某符号串可能推导出的首终结符集合。,FIRST,4,5,《编译原理（第3版）》王生原等，清华大学出版社，4.2 LL(1)文法的判别，教材p72,4.2 LL(1)文法的判别,72,教材目录或相应页面在“4.2 LL(1)文法的判别”（教材p72）出现或讲解“FIRST集”；本节点/关系用于表示：某符号串可能推导出的首终结符集合。
CP_DS_003,FOLLOW集,DataStructure,编译原理,第4章 自顶向下语法分析方法,某非终结符在句型中可能紧跟的终结符集合。,FOLLOW,4,5,《编译原理（第3版）》王生原等，清华大学出版社，4.2 LL(1)文法的判别，教材p72,4.2 LL(1)文法的判别,72,教材目录或相应页面在“4.2 LL(1)文法的判别”（教材p72）出现或讲解“FOLLOW集”；本节点/关系用于表示：某非终结符在句型中可能紧跟的终结符集合。
CP_DS_004,SELECT集,DataStructure,编译原理,第4章 自顶向下语法分析方法,产生式在预测分析表中的选择集合。,SELECT,4,5,《编译原理（第3版）》王生原等，清华大学出版社，4.2 LL(1)文法的判别，教材p72,4.2 LL(1)文法的判别,72,教材目录或相应页面在“4.2 LL(1)文法的判别”（教材p72）出现或讲解“SELECT集”；本节点/关系用于表示：产生式在预测分析表中的选择集合。
CP_PBM_002,左递归,Problem,编译原理,第4章 自顶向下语法分析方法,非终结符能推导出以自身开头的形式，可能导致递归下降死循环。,left recursion,4,5,《编译原理（第3版）》王生原等，清华大学出版社，4.3 某些非LL(1)文法到LL(1)文法的等价变换，教材p77,4.3 某些非LL(1)文法到LL(1)文法的等价变换,77,教材目录或相应页面在“4.3 某些非LL(1)文法到LL(1)文法的等价变换”（教材p77）出现或讲解“左递归”；本节点/关系用于表示：非终结符能推导出以自身开头的形式，可能导致递归下降死循环。
CP_OPR_005,提取左公共因子,Operation,编译原理,第4章 自顶向下语法分析方法,把多个产生式共同前缀提取出来以推迟选择。,left factoring,4,5,《编译原理（第3版）》王生原等，清华大学出版社，4.3 某些非LL(1)文法到LL(1)文法的等价变换，教材p77,4.3 某些非LL(1)文法到LL(1)文法的等价变换,77,教材目录或相应页面在“4.3 某些非LL(1)文法到LL(1)文法的等价变换”（教材p77）出现或讲解“提取左公共因子”；本节点/关系用于表示：把多个产生式共同前缀提取出来以推迟选择。
CP_OPR_006,消除左递归,Operation,编译原理,第4章 自顶向下语法分析方法,将左递归文法转换为适合自顶向下分析的等价形式。,eliminate left recursion,5,5,《编译原理（第3版）》王生原等，清华大学出版社，4.3 某些非LL(1)文法到LL(1)文法的等价变换，教材p77,4.3 某些非LL(1)文法到LL(1)文法的等价变换,77,教材目录或相应页面在“4.3 某些非LL(1)文法到LL(1)文法的等价变换”（教材p77）出现或讲解“消除左递归”；本节点/关系用于表示：将左递归文法转换为适合自顶向下分析的等价形式。
CP_DS_005,预测分析表,DataStructure,编译原理,第4章 自顶向下语法分析方法,按非终结符和输入符号索引产生式的LL(1)分析表。,predictive parsing table,5,5,《编译原理（第3版）》王生原等，清华大学出版社，4.5 LL(1)分析的实现，教材p85,4.5 LL(1)分析的实现,85,教材目录或相应页面在“4.5 LL(1)分析的实现”（教材p85）出现或讲解“预测分析表”；本节点/关系用于表示：按非终结符和输入符号索引产生式的LL(1)分析表。
CP_ALG_007,表驱动LL(1)分析,Algorithm,编译原理,第4章 自顶向下语法分析方法,利用分析栈和预测分析表驱动的LL(1)分析算法。,table-driven LL(1),5,5,《编译原理（第3版）》王生原等，清华大学出版社，4.5 LL(1)分析的实现，教材p85,4.5 LL(1)分析的实现,85,教材目录或相应页面在“4.5 LL(1)分析的实现”（教材p85）出现或讲解“表驱动LL(1)分析”；本节点/关系用于表示：利用分析栈和预测分析表驱动的LL(1)分析算法。
CP_DS_006,分析栈,DataStructure,编译原理,第4章 自顶向下语法分析方法,语法分析过程中保存待匹配符号的栈。,parsing stack,3,5,《编译原理（第3版）》王生原等，清华大学出版社，4.5 LL(1)分析的实现，教材p85,4.5 LL(1)分析的实现,85,教材目录或相应页面在“4.5 LL(1)分析的实现”（教材p85）出现或讲解“分析栈”；本节点/关系用于表示：语法分析过程中保存待匹配符号的栈。
CP_PBM_003,语法错误,Problem,编译原理,第4章 自顶向下语法分析方法,输入符号串不符合语言语法规则的错误。,syntax error,3,4,《编译原理（第3版）》王生原等，清华大学出版社，4.6 LL(1)分析中的出错处理，教材p95,4.6 LL(1)分析中的出错处理,95,教材目录或相应页面在“4.6 LL(1)分析中的出错处理”（教材p95）出现或讲解“语法错误”；本节点/关系用于表示：输入符号串不符合语言语法规则的错误。
CP_MEC_010,应急恢复,Mechanism,编译原理,第4章 自顶向下语法分析方法,遇错时丢弃输入符号直到同步符号集合的恢复方法。,panic-mode recovery,4,4,《编译原理（第3版）》王生原等，清华大学出版社，4.6 LL(1)分析中的出错处理，教材p95,4.6 LL(1)分析中的出错处理,95,教材目录或相应页面在“4.6 LL(1)分析中的出错处理”（教材p95）出现或讲解“应急恢复”；本节点/关系用于表示：遇错时丢弃输入符号直到同步符号集合的恢复方法。
CP_MEC_011,短语层恢复,Mechanism,编译原理,第4章 自顶向下语法分析方法,通过局部修正或插入删除符号来恢复分析过程的方法。,phrase-level recovery,4,3,《编译原理（第3版）》王生原等，清华大学出版社，4.6 LL(1)分析中的出错处理，教材p95,4.6 LL(1)分析中的出错处理,95,教材目录或相应页面在“4.6 LL(1)分析中的出错处理”（教材p95）出现或讲解“短语层恢复”；本节点/关系用于表示：通过局部修正或插入删除符号来恢复分析过程的方法。
CP_OPR_007,移进,Operation,编译原理,第5章 自底向上优先分析,把输入符号压入分析栈的自底向上分析动作。,shift,3,5,《编译原理（第3版）》王生原等，清华大学出版社，5.1 自底向上优先分析概述，教材p103,5.1 自底向上优先分析概述,103,教材目录或相应页面在“5.1 自底向上优先分析概述”（教材p103）出现或讲解“移进”；本节点/关系用于表示：把输入符号压入分析栈的自底向上分析动作。
CP_OPR_008,归约,Operation,编译原理,第5章 自底向上优先分析,用产生式左部替换栈顶句柄的动作。,reduce,4,5,《编译原理（第3版）》王生原等，清华大学出版社，5.1 自底向上优先分析概述，教材p103,5.1 自底向上优先分析概述,103,教材目录或相应页面在“5.1 自底向上优先分析概述”（教材p103）出现或讲解“归约”；本节点/关系用于表示：用产生式左部替换栈顶句柄的动作。
CP_ALG_008,移进-归约分析,Algorithm,编译原理,第5章 自底向上优先分析,通过反复移进和归约实现自底向上语法分析的方法。,shift-reduce parsing,5,5,《编译原理（第3版）》王生原等，清华大学出版社，5.1 自底向上优先分析概述，教材p103,5.1 自底向上优先分析概述,103,教材目录或相应页面在“5.1 自底向上优先分析概述”（教材p103）出现或讲解“移进-归约分析”；本节点/关系用于表示：通过反复移进和归约实现自底向上语法分析的方法。
CP_MOD_017,简单优先文法,Model,编译原理,第5章 自底向上优先分析,符号之间优先关系明确且适合简单优先分析的文法。,simple precedence grammar,4,3,《编译原理（第3版）》王生原等，清华大学出版社，5.2 简单优先分析，教材p104,5.2 简单优先分析,104,教材目录或相应页面在“5.2 简单优先分析”（教材p104）出现或讲解“简单优先文法”；本节点/关系用于表示：符号之间优先关系明确且适合简单优先分析的文法。
CP_DS_007,优先关系,DataStructure,编译原理,第5章 自底向上优先分析,描述相邻符号之间高于、低于或等于关系的表。,precedence relation,4,4,《编译原理（第3版）》王生原等，清华大学出版社，5.2 简单优先分析，教材p104,5.2 简单优先分析,104,教材目录或相应页面在“5.2 简单优先分析”（教材p104）出现或讲解“优先关系”；本节点/关系用于表示：描述相邻符号之间高于、低于或等于关系的表。
CP_ALG_009,简单优先分析法,Algorithm,编译原理,第5章 自底向上优先分析,根据简单优先关系确定句柄并归约的分析方法。,simple precedence parsing,4,3,《编译原理（第3版）》王生原等，清华大学出版社，5.2 简单优先分析，教材p104,5.2 简单优先分析,104,教材目录或相应页面在“5.2 简单优先分析”（教材p104）出现或讲解“简单优先分析法”；本节点/关系用于表示：根据简单优先关系确定句柄并归约的分析方法。
CP_MOD_018,算符优先文法,Model,编译原理,第5章 自底向上优先分析,终结符之间优先关系可用于确定归约边界的文法。,operator precedence grammar,4,5,《编译原理（第3版）》王生原等，清华大学出版社，5.3 算符优先分析法，教材p107,5.3 算符优先分析法,107,教材目录或相应页面在“5.3 算符优先分析法”（教材p107）出现或讲解“算符优先文法”；本节点/关系用于表示：终结符之间优先关系可用于确定归约边界的文法。
CP_DS_008,算符优先关系表,DataStructure,编译原理,第5章 自底向上优先分析,记录终结符之间优先关系的表。,operator precedence table,4,5,《编译原理（第3版）》王生原等，清华大学出版社，5.3 算符优先分析法，教材p107,5.3 算符优先分析法,107,教材目录或相应页面在“5.3 算符优先分析法”（教材p107）出现或讲解“算符优先关系表”；本节点/关系用于表示：记录终结符之间优先关系的表。
CP_ALG_010,算符优先分析算法,Algorithm,编译原理,第5章 自底向上优先分析,利用算符优先关系指导移进和归约的自底向上分析算法。,operator precedence parsing,5,5,《编译原理（第3版）》王生原等，清华大学出版社，5.3 算符优先分析法，教材p107,5.3 算符优先分析法,107,教材目录或相应页面在“5.3 算符优先分析法”（教材p107）出现或讲解“算符优先分析算法”；本节点/关系用于表示：利用算符优先关系指导移进和归约的自底向上分析算法。
CP_DS_009,优先函数,DataStructure,编译原理,第5章 自底向上优先分析,用数值函数表示算符优先关系的形式。,precedence function,4,4,《编译原理（第3版）》王生原等，清华大学出版社，5.3 算符优先分析法，教材p107,5.3 算符优先分析法,107,教材目录或相应页面在“5.3 算符优先分析法”（教材p107）出现或讲解“优先函数”；本节点/关系用于表示：用数值函数表示算符优先关系的形式。
CP_ALG_011,LR分析,Algorithm,编译原理,第6章 LR分析,从左到右扫描、构造最右推导逆过程的自底向上分析方法。,LR parsing,5,5,《编译原理（第3版）》王生原等，清华大学出版社，6.1 LR分析概述，教材p123,6.1 LR分析概述,123,教材目录或相应页面在“6.1 LR分析概述”（教材p123）出现或讲解“LR分析”；本节点/关系用于表示：从左到右扫描、构造最右推导逆过程的自底向上分析方法。
CP_MEC_012,LR分析器,Mechanism,编译原理,第6章 LR分析,利用LR分析表进行移进、归约、接受和报错的语法分析器。,LR parser,5,5,《编译原理（第3版）》王生原等，清华大学出版社，6.1 LR分析概述，教材p123,6.1 LR分析概述,123,教材目录或相应页面在“6.1 LR分析概述”（教材p123）出现或讲解“LR分析器”；本节点/关系用于表示：利用LR分析表进行移进、归约、接受和报错的语法分析器。
CP_DS_010,LR分析表,DataStructure,编译原理,第6章 LR分析,由ACTION和GOTO组成的LR语法分析控制表。,LR parsing table,5,5,《编译原理（第3版）》王生原等，清华大学出版社，6.1 LR分析概述，教材p123,6.1 LR分析概述,123,教材目录或相应页面在“6.1 LR分析概述”（教材p123）出现或讲解“LR分析表”；本节点/关系用于表示：由ACTION和GOTO组成的LR语法分析控制表。
CP_DS_011,ACTION表,DataStructure,编译原理,第6章 LR分析,决定移进、归约、接受或报错动作的表。,ACTION,4,5,《编译原理（第3版）》王生原等，清华大学出版社，6.1 LR分析概述，教材p123,6.1 LR分析概述,123,教材目录或相应页面在“6.1 LR分析概述”（教材p123）出现或讲解“ACTION表”；本节点/关系用于表示：决定移进、归约、接受或报错动作的表。
CP_DS_012,GOTO表,DataStructure,编译原理,第6章 LR分析,决定归约后状态转移的表。,GOTO,4,5,《编译原理（第3版）》王生原等，清华大学出版社，6.1 LR分析概述，教材p123,6.1 LR分析概述,123,教材目录或相应页面在“6.1 LR分析概述”（教材p123）出现或讲解“GOTO表”；本节点/关系用于表示：决定归约后状态转移的表。
CP_SYN_014,LR(0)项目,SyntaxElement,编译原理,第6章 LR分析,在产生式右部加入圆点表示识别进度的项目。,LR(0) item,4,5,《编译原理（第3版）》王生原等，清华大学出版社，6.2 LR(0)分析，教材p124,6.2 LR(0)分析,124,教材目录或相应页面在“6.2 LR(0)分析”（教材p124）出现或讲解“LR(0)项目”；本节点/关系用于表示：在产生式右部加入圆点表示识别进度的项目。
CP_DS_013,项目集,DataStructure,编译原理,第6章 LR分析,一组LR项目构成的集合。,item set,4,5,《编译原理（第3版）》王生原等，清华大学出版社，6.2 LR(0)分析，教材p124,6.2 LR(0)分析,124,教材目录或相应页面在“6.2 LR(0)分析”（教材p124）出现或讲解“项目集”；本节点/关系用于表示：一组LR项目构成的集合。
CP_ALG_012,闭包函数,Algorithm,编译原理,第6章 LR分析,扩展项目集以包含圆点后非终结符相关产生式的算法。,closure,4,5,《编译原理（第3版）》王生原等，清华大学出版社，6.2 LR(0)分析，教材p124,6.2 LR(0)分析,124,教材目录或相应页面在“6.2 LR(0)分析”（教材p124）出现或讲解“闭包函数”；本节点/关系用于表示：扩展项目集以包含圆点后非终结符相关产生式的算法。
CP_ALG_013,GOTO函数,Algorithm,编译原理,第6章 LR分析,从项目集经文法符号转移到新项目集的算法。,goto,4,5,《编译原理（第3版）》王生原等，清华大学出版社，6.2 LR(0)分析，教材p124,6.2 LR(0)分析,124,教材目录或相应页面在“6.2 LR(0)分析”（教材p124）出现或讲解“GOTO函数”；本节点/关系用于表示：从项目集经文法符号转移到新项目集的算法。
CP_CON_018,活前缀,Concept,编译原理,第6章 LR分析,规范句型中不超过句柄右端的前缀。,viable prefix,5,5,《编译原理（第3版）》王生原等，清华大学出版社，6.2 LR(0)分析，教材p124,6.2 LR(0)分析,124,教材目录或相应页面在“6.2 LR(0)分析”（教材p124）出现或讲解“活前缀”；本节点/关系用于表示：规范句型中不超过句柄右端的前缀。
CP_DS_014,LR(0)项目集规范族,DataStructure,编译原理,第6章 LR分析,通过闭包和GOTO构造出的LR(0)项目集集合。,canonical collection,5,5,《编译原理（第3版）》王生原等，清华大学出版社，6.2 LR(0)分析，教材p124,6.2 LR(0)分析,124,教材目录或相应页面在“6.2 LR(0)分析”（教材p124）出现或讲解“LR(0)项目集规范族”；本节点/关系用于表示：通过闭包和GOTO构造出的LR(0)项目集集合。
CP_ALG_014,SLR(1)分析,Algorithm,编译原理,第6章 LR分析,利用LR(0)项目集和FOLLOW集构造分析表的LR分析方法。,SLR(1),5,5,《编译原理（第3版）》王生原等，清华大学出版社，6.3 SLR(1)分析，教材p137,6.3 SLR(1)分析,137,教材目录或相应页面在“6.3 SLR(1)分析”（教材p137）出现或讲解“SLR(1)分析”；本节点/关系用于表示：利用LR(0)项目集和FOLLOW集构造分析表的LR分析方法。
CP_SYN_015,LR(1)项目,SyntaxElement,编译原理,第6章 LR分析,带1个向前看符号的LR项目。,LR(1) item,5,5,《编译原理（第3版）》王生原等，清华大学出版社，6.4 LR(1)分析，教材p144,6.4 LR(1)分析,144,教材目录或相应页面在“6.4 LR(1)分析”（教材p144）出现或讲解“LR(1)项目”；本节点/关系用于表示：带1个向前看符号的LR项目。
CP_DS_015,LR(1)项目集族,DataStructure,编译原理,第6章 LR分析,由LR(1)项目经闭包和GOTO构造的规范项目集族。,LR(1) canonical collection,5,5,《编译原理（第3版）》王生原等，清华大学出版社，6.4 LR(1)分析，教材p144,6.4 LR(1)分析,144,教材目录或相应页面在“6.4 LR(1)分析”（教材p144）出现或讲解“LR(1)项目集族”；本节点/关系用于表示：由LR(1)项目经闭包和GOTO构造的规范项目集族。
CP_DS_016,LR(1)分析表,DataStructure,编译原理,第6章 LR分析,基于LR(1)项目集构造的ACTION/GOTO表。,LR(1) table,5,5,《编译原理（第3版）》王生原等，清华大学出版社，6.4 LR(1)分析，教材p144,6.4 LR(1)分析,144,教材目录或相应页面在“6.4 LR(1)分析”（教材p144）出现或讲解“LR(1)分析表”；本节点/关系用于表示：基于LR(1)项目集构造的ACTION/GOTO表。
CP_ALG_015,LALR(1)分析,Algorithm,编译原理,第6章 LR分析,合并同心LR(1)项目集以减小状态数的LR分析方法。,LALR(1),5,5,《编译原理（第3版）》王生原等，清华大学出版社，6.5 LALR(1)分析，教材p148,6.5 LALR(1)分析,148,教材目录或相应页面在“6.5 LALR(1)分析”（教材p148）出现或讲解“LALR(1)分析”；本节点/关系用于表示：合并同心LR(1)项目集以减小状态数的LR分析方法。
CP_CON_019,同心项目集,Concept,编译原理,第6章 LR分析,核心相同而向前看符号不同的LR(1)项目集。,same core item sets,5,4,《编译原理（第3版）》王生原等，清华大学出版社，6.5 LALR(1)分析，教材p148,6.5 LALR(1)分析,148,教材目录或相应页面在“6.5 LALR(1)分析”（教材p148）出现或讲解“同心项目集”；本节点/关系用于表示：核心相同而向前看符号不同的LR(1)项目集。
CP_PBM_004,移进-归约冲突,Problem,编译原理,第6章 LR分析,LR分析表中同一入口同时要求移进和归约的冲突。,shift-reduce conflict,5,5,《编译原理（第3版）》王生原等，清华大学出版社，6.6 二义性文法在LR分析中的应用，教材p153,6.6 二义性文法在LR分析中的应用,153,教材目录或相应页面在“6.6 二义性文法在LR分析中的应用”（教材p153）出现或讲解“移进-归约冲突”；本节点/关系用于表示：LR分析表中同一入口同时要求移进和归约的冲突。
CP_PBM_005,归约-归约冲突,Problem,编译原理,第6章 LR分析,LR分析表中同一入口存在多个归约动作的冲突。,reduce-reduce conflict,5,5,《编译原理（第3版）》王生原等，清华大学出版社，6.6 二义性文法在LR分析中的应用，教材p153,6.6 二义性文法在LR分析中的应用,153,教材目录或相应页面在“6.6 二义性文法在LR分析中的应用”（教材p153）出现或讲解“归约-归约冲突”；本节点/关系用于表示：LR分析表中同一入口存在多个归约动作的冲突。
CP_MOD_019,属性文法,Model,编译原理,第7章 语法制导的语义计算,在上下文无关文法上为符号添加属性和语义规则的形式化体系。,attribute grammar,5,5,《编译原理（第3版）》王生原等，清华大学出版社，7.1 基于属性文法的语义计算，教材p160,7.1 基于属性文法的语义计算,160,教材目录或相应页面在“7.1 基于属性文法的语义计算”（教材p160）出现或讲解“属性文法”；本节点/关系用于表示：在上下文无关文法上为符号添加属性和语义规则的形式化体系。
CP_CON_020,综合属性,Concept,编译原理,第7章 语法制导的语义计算,由子结点或自身信息计算父结点属性的属性。,synthesized attribute,4,5,《编译原理（第3版）》王生原等，清华大学出版社，7.1 基于属性文法的语义计算，教材p160,7.1 基于属性文法的语义计算,160,教材目录或相应页面在“7.1 基于属性文法的语义计算”（教材p160）出现或讲解“综合属性”；本节点/关系用于表示：由子结点或自身信息计算父结点属性的属性。
CP_CON_021,继承属性,Concept,编译原理,第7章 语法制导的语义计算,由父结点或兄弟结点信息传递到结点的属性。,inherited attribute,4,5,《编译原理（第3版）》王生原等，清华大学出版社，7.1 基于属性文法的语义计算，教材p160,7.1 基于属性文法的语义计算,160,教材目录或相应页面在“7.1 基于属性文法的语义计算”（教材p160）出现或讲解“继承属性”；本节点/关系用于表示：由父结点或兄弟结点信息传递到结点的属性。
CP_SYN_016,语义规则,SyntaxElement,编译原理,第7章 语法制导的语义计算,定义属性计算方式的规则。,semantic rule,4,5,《编译原理（第3版）》王生原等，清华大学出版社，7.1 基于属性文法的语义计算，教材p160,7.1 基于属性文法的语义计算,160,教材目录或相应页面在“7.1 基于属性文法的语义计算”（教材p160）出现或讲解“语义规则”；本节点/关系用于表示：定义属性计算方式的规则。
CP_DS_017,属性依赖图,DataStructure,编译原理,第7章 语法制导的语义计算,表示属性之间依赖关系的图。,dependency graph,5,4,《编译原理（第3版）》王生原等，清华大学出版社，7.1 基于属性文法的语义计算，教材p160,7.1 基于属性文法的语义计算,160,教材目录或相应页面在“7.1 基于属性文法的语义计算”（教材p160）出现或讲解“属性依赖图”；本节点/关系用于表示：表示属性之间依赖关系的图。
CP_MOD_020,S-属性文法,Model,编译原理,第7章 语法制导的语义计算,只含综合属性的属性文法。,S-attributed grammar,4,5,《编译原理（第3版）》王生原等，清华大学出版社，7.1 基于属性文法的语义计算，教材p160,7.1 基于属性文法的语义计算,160,教材目录或相应页面在“7.1 基于属性文法的语义计算”（教材p160）出现或讲解“S-属性文法”；本节点/关系用于表示：只含综合属性的属性文法。
CP_MOD_021,L-属性文法,Model,编译原理,第7章 语法制导的语义计算,继承属性受限、适合自顶向下计算的属性文法。,L-attributed grammar,5,5,《编译原理（第3版）》王生原等，清华大学出版社，7.1 基于属性文法的语义计算，教材p160,7.1 基于属性文法的语义计算,160,教材目录或相应页面在“7.1 基于属性文法的语义计算”（教材p160）出现或讲解“L-属性文法”；本节点/关系用于表示：继承属性受限、适合自顶向下计算的属性文法。
CP_MOD_022,翻译模式,Model,编译原理,第7章 语法制导的语义计算,在产生式右部嵌入语义动作的语义计算描述方法。,translation scheme,4,5,《编译原理（第3版）》王生原等，清华大学出版社，7.2 基于翻译模式的语义计算，教材p172,7.2 基于翻译模式的语义计算,172,教材目录或相应页面在“7.2 基于翻译模式的语义计算”（教材p172）出现或讲解“翻译模式”；本节点/关系用于表示：在产生式右部嵌入语义动作的语义计算描述方法。
CP_OPR_009,语义动作,Operation,编译原理,第7章 语法制导的语义计算,在分析过程中执行的属性计算或代码生成操作。,semantic action,4,5,《编译原理（第3版）》王生原等，清华大学出版社，7.2 基于翻译模式的语义计算，教材p172,7.2 基于翻译模式的语义计算,172,教材目录或相应页面在“7.2 基于翻译模式的语义计算”（教材p172）出现或讲解“语义动作”；本节点/关系用于表示：在分析过程中执行的属性计算或代码生成操作。
CP_MOD_023,S-翻译模式,Model,编译原理,第7章 语法制导的语义计算,适合自底向上执行综合属性计算的翻译模式。,S-translation scheme,4,4,《编译原理（第3版）》王生原等，清华大学出版社，7.2 基于翻译模式的语义计算，教材p172,7.2 基于翻译模式的语义计算,172,教材目录或相应页面在“7.2 基于翻译模式的语义计算”（教材p172）出现或讲解“S-翻译模式”；本节点/关系用于表示：适合自底向上执行综合属性计算的翻译模式。
CP_MOD_024,L-翻译模式,Model,编译原理,第7章 语法制导的语义计算,适合自顶向下或混合方式执行继承属性计算的翻译模式。,L-translation scheme,5,4,《编译原理（第3版）》王生原等，清华大学出版社，7.2 基于翻译模式的语义计算，教材p172,7.2 基于翻译模式的语义计算,172,教材目录或相应页面在“7.2 基于翻译模式的语义计算”（教材p172）出现或讲解“L-翻译模式”；本节点/关系用于表示：适合自顶向下或混合方式执行继承属性计算的翻译模式。
CP_APP_002,yacc,Application,编译原理,第7章 语法制导的语义计算,根据文法规则和语义动作自动生成语法分析器的工具。,Yacc/Bison,3,5,《编译原理（第3版）》王生原等，清华大学出版社，7.3 分析和翻译程序的自动生成工具yacc，教材p183,7.3 分析和翻译程序的自动生成工具yacc,183,教材目录或相应页面在“7.3 分析和翻译程序的自动生成工具yacc”（教材p183）出现或讲解“yacc”；本节点/关系用于表示：根据文法规则和语义动作自动生成语法分析器的工具。
CP_SYN_017,yacc描述文件,SyntaxElement,编译原理,第7章 语法制导的语义计算,包含声明、文法规则和语义动作的yacc输入文件。,yacc specification,3,4,《编译原理（第3版）》王生原等，清华大学出版社，7.3 分析和翻译程序的自动生成工具yacc，教材p183,7.3 分析和翻译程序的自动生成工具yacc,183,教材目录或相应页面在“7.3 分析和翻译程序的自动生成工具yacc”（教材p183）出现或讲解“yacc描述文件”；本节点/关系用于表示：包含声明、文法规则和语义动作的yacc输入文件。
CP_APP_003,语法分析器生成器,Application,编译原理,第7章 语法制导的语义计算,根据文法自动生成语法分析程序的工具。,parser generator,3,5,《编译原理（第3版）》王生原等，清华大学出版社，7.3 分析和翻译程序的自动生成工具yacc，教材p183,7.3 分析和翻译程序的自动生成工具yacc,183,教材目录或相应页面在“7.3 分析和翻译程序的自动生成工具yacc”（教材p183）出现或讲解“语法分析器生成器”；本节点/关系用于表示：根据文法自动生成语法分析程序的工具。
CP_DS_018,符号表,DataStructure,编译原理,第8章 静态语义分析和中间代码生成,记录标识符及其类型、作用域、地址等属性的数据结构。,symbol table,4,5,《编译原理（第3版）》王生原等，清华大学出版社，8.1 符号表，教材p195,8.1 符号表,195,教材目录或相应页面在“8.1 符号表”（教材p195）出现或讲解“符号表”；本节点/关系用于表示：记录标识符及其类型、作用域、地址等属性的数据结构。
CP_DS_019,符号表项,DataStructure,编译原理,第8章 静态语义分析和中间代码生成,符号表中关于一个名字及其属性的记录。,symbol entry,3,5,《编译原理（第3版）》王生原等，清华大学出版社，8.1 符号表，教材p195,8.1 符号表,195,教材目录或相应页面在“8.1 符号表”（教材p195）出现或讲解“符号表项”；本节点/关系用于表示：符号表中关于一个名字及其属性的记录。
CP_CON_022,名字空间,Concept,编译原理,第8章 静态语义分析和中间代码生成,名字可见性和唯一性的上下文范围。,namespace,3,4,《编译原理（第3版）》王生原等，清华大学出版社，8.1 符号表，教材p195,8.1 符号表,195,教材目录或相应页面在“8.1 符号表”（教材p195）出现或讲解“名字空间”；本节点/关系用于表示：名字可见性和唯一性的上下文范围。
CP_CON_023,作用域,Concept,编译原理,第8章 静态语义分析和中间代码生成,标识符可被引用的程序范围。,scope,4,5,《编译原理（第3版）》王生原等，清华大学出版社，8.1 符号表，教材p195,8.1 符号表,195,教材目录或相应页面在“8.1 符号表”（教材p195）出现或讲解“作用域”；本节点/关系用于表示：标识符可被引用的程序范围。
CP_OPR_010,符号表查找,Operation,编译原理,第8章 静态语义分析和中间代码生成,根据名字查询其属性信息的操作。,symbol lookup,3,5,《编译原理（第3版）》王生原等，清华大学出版社，8.1 符号表，教材p195,8.1 符号表,195,教材目录或相应页面在“8.1 符号表”（教材p195）出现或讲解“符号表查找”；本节点/关系用于表示：根据名字查询其属性信息的操作。
CP_OPR_011,符号表插入,Operation,编译原理,第8章 静态语义分析和中间代码生成,把新声明的名字及属性加入符号表的操作。,symbol insertion,3,5,《编译原理（第3版）》王生原等，清华大学出版社，8.1 符号表，教材p195,8.1 符号表,195,教材目录或相应页面在“8.1 符号表”（教材p195）出现或讲解“符号表插入”；本节点/关系用于表示：把新声明的名字及属性加入符号表的操作。
CP_MEC_013,静态语义分析,Mechanism,编译原理,第8章 静态语义分析和中间代码生成,在编译期检查语义约束并维护符号属性的阶段。,static semantic analysis,5,5,《编译原理（第3版）》王生原等，清华大学出版社，8.2 静态语义分析，教材p203,8.2 静态语义分析,203,教材目录或相应页面在“8.2 静态语义分析”（教材p203）出现或讲解“静态语义分析”；本节点/关系用于表示：在编译期检查语义约束并维护符号属性的阶段。
CP_MEC_014,类型检查,Mechanism,编译原理,第8章 静态语义分析和中间代码生成,检查表达式、赋值、调用等是否满足类型规则。,type checking,5,5,《编译原理（第3版）》王生原等，清华大学出版社，8.2 静态语义分析，教材p203,8.2 静态语义分析,203,教材目录或相应页面在“8.2 静态语义分析”（教材p203）出现或讲解“类型检查”；本节点/关系用于表示：检查表达式、赋值、调用等是否满足类型规则。
CP_MEC_015,静态类型检查,Mechanism,编译原理,第8章 静态语义分析和中间代码生成,在编译阶段完成的类型一致性检查。,static type checking,5,5,《编译原理（第3版）》王生原等，清华大学出版社，8.2 静态语义分析，教材p203,8.2 静态语义分析,203,教材目录或相应页面在“8.2 静态语义分析”（教材p203）出现或讲解“静态类型检查”；本节点/关系用于表示：在编译阶段完成的类型一致性检查。
CP_MEC_016,声明检查,Mechanism,编译原理,第8章 静态语义分析和中间代码生成,检查标识符是否已声明以及是否重复声明。,declaration checking,4,5,《编译原理（第3版）》王生原等，清华大学出版社，8.2 静态语义分析，教材p203,8.2 静态语义分析,203,教材目录或相应页面在“8.2 静态语义分析”（教材p203）出现或讲解“声明检查”；本节点/关系用于表示：检查标识符是否已声明以及是否重复声明。
CP_MEC_017,作用域检查,Mechanism,编译原理,第8章 静态语义分析和中间代码生成,检查名字引用是否符合作用域规则。,scope checking,4,5,《编译原理（第3版）》王生原等，清华大学出版社，8.2 静态语义分析，教材p203,8.2 静态语义分析,203,教材目录或相应页面在“8.2 静态语义分析”（教材p203）出现或讲解“作用域检查”；本节点/关系用于表示：检查名字引用是否符合作用域规则。
CP_PBM_006,类型错误,Problem,编译原理,第8章 静态语义分析和中间代码生成,程序违反语言类型规则的问题。,type error,3,5,《编译原理（第3版）》王生原等，清华大学出版社，8.2 静态语义分析，教材p203,8.2 静态语义分析,203,教材目录或相应页面在“8.2 静态语义分析”（教材p203）出现或讲解“类型错误”；本节点/关系用于表示：程序违反语言类型规则的问题。
CP_CON_024,中间表示,Concept,编译原理,第8章 静态语义分析和中间代码生成,介于源语言和目标机器之间、便于分析和转换的程序表示。,IR,4,5,《编译原理（第3版）》王生原等，清华大学出版社，8.3 中间代码生成，教材p208,8.3 中间代码生成,208,教材目录或相应页面在“8.3 中间代码生成”（教材p208）出现或讲解“中间表示”；本节点/关系用于表示：介于源语言和目标机器之间、便于分析和转换的程序表示。
CP_DS_020,抽象语法树,DataStructure,编译原理,第8章 静态语义分析和中间代码生成,省略具体语法细节、突出程序结构的树形中间表示。,AST,4,5,《编译原理（第3版）》王生原等，清华大学出版社，8.3 中间代码生成，教材p208,8.3 中间代码生成,208,教材目录或相应页面在“8.3 中间代码生成”（教材p208）出现或讲解“抽象语法树”；本节点/关系用于表示：省略具体语法细节、突出程序结构的树形中间表示。
CP_SYN_018,三地址码,SyntaxElement,编译原理,第8章 静态语义分析和中间代码生成,每条语句最多包含三个地址的中间代码形式。,"three-address code,TAC",4,5,《编译原理（第3版）》王生原等，清华大学出版社，8.3 中间代码生成，教材p208,8.3 中间代码生成,208,教材目录或相应页面在“8.3 中间代码生成”（教材p208）出现或讲解“三地址码”；本节点/关系用于表示：每条语句最多包含三个地址的中间代码形式。
CP_DS_021,四元式,DataStructure,编译原理,第8章 静态语义分析和中间代码生成,以操作符、两个操作数和结果字段表示三地址码的数据结构。,quadruple,3,5,《编译原理（第3版）》王生原等，清华大学出版社，8.3 中间代码生成，教材p208,8.3 中间代码生成,208,教材目录或相应页面在“8.3 中间代码生成”（教材p208）出现或讲解“四元式”；本节点/关系用于表示：以操作符、两个操作数和结果字段表示三地址码的数据结构。
CP_DS_022,三元式,DataStructure,编译原理,第8章 静态语义分析和中间代码生成,以操作符和两个操作数字段表示中间代码的数据结构。,triple,3,4,《编译原理（第3版）》王生原等，清华大学出版社，8.3 中间代码生成，教材p208,8.3 中间代码生成,208,教材目录或相应页面在“8.3 中间代码生成”（教材p208）出现或讲解“三元式”；本节点/关系用于表示：以操作符和两个操作数字段表示中间代码的数据结构。
CP_SYN_019,逆波兰表示,SyntaxElement,编译原理,第8章 静态语义分析和中间代码生成,运算符位于操作数之后的表达式表示。,postfix notation,3,4,《编译原理（第3版）》王生原等，清华大学出版社，8.3 中间代码生成，教材p208,8.3 中间代码生成,208,教材目录或相应页面在“8.3 中间代码生成”（教材p208）出现或讲解“逆波兰表示”；本节点/关系用于表示：运算符位于操作数之后的表达式表示。
CP_MEC_018,运行时存储组织,Mechanism,编译原理,第9章 运行时存储组织,编译器为程序执行安排代码区、静态区、栈区和堆区等空间的机制。,runtime storage organization,5,5,《编译原理（第3版）》王生原等，清华大学出版社，9.1 运行时存储组织概述，教材p229,9.1 运行时存储组织概述,229,教材目录或相应页面在“9.1 运行时存储组织概述”（教材p229）出现或讲解“运行时存储组织”；本节点/关系用于表示：编译器为程序执行安排代码区、静态区、栈区和堆区等空间的机制。
CP_MEC_019,静态分配,Mechanism,编译原理,第9章 运行时存储组织,编译时确定数据对象存储位置的策略。,static allocation,4,4,《编译原理（第3版）》王生原等，清华大学出版社，9.1 运行时存储组织概述，教材p229,9.1 运行时存储组织概述,229,教材目录或相应页面在“9.1 运行时存储组织概述”（教材p229）出现或讲解“静态分配”；本节点/关系用于表示：编译时确定数据对象存储位置的策略。
CP_MEC_020,栈式分配,Mechanism,编译原理,第9章 运行时存储组织,按过程调用进入和退出在运行栈上分配活动记录的策略。,stack allocation,4,5,《编译原理（第3版）》王生原等，清华大学出版社，9.1 运行时存储组织概述，教材p229,9.1 运行时存储组织概述,229,教材目录或相应页面在“9.1 运行时存储组织概述”（教材p229）出现或讲解“栈式分配”；本节点/关系用于表示：按过程调用进入和退出在运行栈上分配活动记录的策略。
CP_MEC_021,堆式分配,Mechanism,编译原理,第9章 运行时存储组织,在运行时动态申请和释放对象空间的策略。,heap allocation,4,5,《编译原理（第3版）》王生原等，清华大学出版社，9.1 运行时存储组织概述，教材p229,9.1 运行时存储组织概述,229,教材目录或相应页面在“9.1 运行时存储组织概述”（教材p229）出现或讲解“堆式分配”；本节点/关系用于表示：在运行时动态申请和释放对象空间的策略。
CP_DS_023,运行时栈,DataStructure,编译原理,第9章 运行时存储组织,保存过程活动记录的栈结构。,runtime stack,4,5,《编译原理（第3版）》王生原等，清华大学出版社，9.1 运行时存储组织概述，教材p229,9.1 运行时存储组织概述,229,教材目录或相应页面在“9.1 运行时存储组织概述”（教材p229）出现或讲解“运行时栈”；本节点/关系用于表示：保存过程活动记录的栈结构。
CP_DS_024,运行时堆,DataStructure,编译原理,第9章 运行时存储组织,用于动态分配对象或数据的存储区域。,heap,4,5,《编译原理（第3版）》王生原等，清华大学出版社，9.1 运行时存储组织概述，教材p229,9.1 运行时存储组织概述,229,教材目录或相应页面在“9.1 运行时存储组织概述”（教材p229）出现或讲解“运行时堆”；本节点/关系用于表示：用于动态分配对象或数据的存储区域。
CP_DS_025,活动记录,DataStructure,编译原理,第9章 运行时存储组织,一次过程调用在运行时栈上的存储单元集合。,"activation record,stack frame",5,5,《编译原理（第3版）》王生原等，清华大学出版社，9.2 活动记录，教材p234,9.2 活动记录,234,教材目录或相应页面在“9.2 活动记录”（教材p234）出现或讲解“活动记录”；本节点/关系用于表示：一次过程调用在运行时栈上的存储单元集合。
CP_OBJ_004,返回地址,ComputingObject,编译原理,第9章 运行时存储组织,过程调用结束后控制返回位置的信息。,return address,3,5,《编译原理（第3版）》王生原等，清华大学出版社，9.2 活动记录，教材p234,9.2 活动记录,234,教材目录或相应页面在“9.2 活动记录”（教材p234）出现或讲解“返回地址”；本节点/关系用于表示：过程调用结束后控制返回位置的信息。
CP_DS_026,动态链,DataStructure,编译原理,第9章 运行时存储组织,指向调用者活动记录的链。,dynamic link,4,5,《编译原理（第3版）》王生原等，清华大学出版社，9.2 活动记录，教材p234,9.2 活动记录,234,教材目录或相应页面在“9.2 活动记录”（教材p234）出现或讲解“动态链”；本节点/关系用于表示：指向调用者活动记录的链。
CP_DS_027,静态链,DataStructure,编译原理,第9章 运行时存储组织,指向词法外层过程活动记录的链。,static link,5,5,《编译原理（第3版）》王生原等，清华大学出版社，9.2 活动记录，教材p234,9.2 活动记录,234,教材目录或相应页面在“9.2 活动记录”（教材p234）出现或讲解“静态链”；本节点/关系用于表示：指向词法外层过程活动记录的链。
CP_DS_028,显示表,DataStructure,编译原理,第9章 运行时存储组织,快速访问外层作用域活动记录的表。,display,5,4,《编译原理（第3版）》王生原等，清华大学出版社，9.2 活动记录，教材p234,9.2 活动记录,234,教材目录或相应页面在“9.2 活动记录”（教材p234）出现或讲解“显示表”；本节点/关系用于表示：快速访问外层作用域活动记录的表。
CP_MEC_022,过程调用,Mechanism,编译原理,第9章 运行时存储组织,控制转移、参数传递、活动记录建立和返回的运行机制。,procedure call,4,5,《编译原理（第3版）》王生原等，清华大学出版社，9.3 过程调用，教材p241,9.3 过程调用,241,教材目录或相应页面在“9.3 过程调用”（教材p241）出现或讲解“过程调用”；本节点/关系用于表示：控制转移、参数传递、活动记录建立和返回的运行机制。
CP_MEC_023,参数传递,Mechanism,编译原理,第9章 运行时存储组织,调用者向被调用者传送实参值或地址的机制。,parameter passing,4,5,《编译原理（第3版）》王生原等，清华大学出版社，9.3 过程调用，教材p241,9.3 过程调用,241,教材目录或相应页面在“9.3 过程调用”（教材p241）出现或讲解“参数传递”；本节点/关系用于表示：调用者向被调用者传送实参值或地址的机制。
CP_OPR_012,调用序列,Operation,编译原理,第9章 运行时存储组织,调用前后由调用者和被调用者执行的指令序列。,calling sequence,4,5,《编译原理（第3版）》王生原等，清华大学出版社，9.3 过程调用，教材p241,9.3 过程调用,241,教材目录或相应页面在“9.3 过程调用”（教材p241）出现或讲解“调用序列”；本节点/关系用于表示：调用前后由调用者和被调用者执行的指令序列。
CP_OPR_013,返回序列,Operation,编译原理,第9章 运行时存储组织,过程执行完成后恢复环境并返回调用点的序列。,return sequence,4,4,《编译原理（第3版）》王生原等，清华大学出版社，9.3 过程调用，教材p241,9.3 过程调用,241,教材目录或相应页面在“9.3 过程调用”（教材p241）出现或讲解“返回序列”；本节点/关系用于表示：过程执行完成后恢复环境并返回调用点的序列。
CP_OBJ_005,对象,ComputingObject,编译原理,第9章 运行时存储组织,面向对象程序中包含状态和行为的运行时实体。,object,3,4,《编译原理（第3版）》王生原等，清华大学出版社，9.5 面向对象语言的运行时存储组织，教材p247,9.5 面向对象语言的运行时存储组织,247,教材目录或相应页面在“9.5 面向对象语言的运行时存储组织”（教材p247）出现或讲解“对象”；本节点/关系用于表示：面向对象程序中包含状态和行为的运行时实体。
CP_CON_025,类,Concept,编译原理,第9章 运行时存储组织,描述对象属性和方法的抽象模板。,class,3,4,《编译原理（第3版）》王生原等，清华大学出版社，9.5 面向对象语言的运行时存储组织，教材p247,9.5 面向对象语言的运行时存储组织,247,教材目录或相应页面在“9.5 面向对象语言的运行时存储组织”（教材p247）出现或讲解“类”；本节点/关系用于表示：描述对象属性和方法的抽象模板。
CP_DS_029,方法表,DataStructure,编译原理,第9章 运行时存储组织,保存对象方法入口地址或调度信息的表。,method table,4,4,《编译原理（第3版）》王生原等，清华大学出版社，9.5 面向对象语言的运行时存储组织，教材p247,9.5 面向对象语言的运行时存储组织,247,教材目录或相应页面在“9.5 面向对象语言的运行时存储组织”（教材p247）出现或讲解“方法表”；本节点/关系用于表示：保存对象方法入口地址或调度信息的表。
CP_MEC_024,动态绑定,Mechanism,编译原理,第9章 运行时存储组织,在运行时根据对象实际类型确定调用方法的机制。,dynamic binding,4,5,《编译原理（第3版）》王生原等，清华大学出版社，9.5 面向对象语言的运行时存储组织，教材p247,9.5 面向对象语言的运行时存储组织,247,教材目录或相应页面在“9.5 面向对象语言的运行时存储组织”（教材p247）出现或讲解“动态绑定”；本节点/关系用于表示：在运行时根据对象实际类型确定调用方法的机制。
CP_DS_030,虚方法表,DataStructure,编译原理,第9章 运行时存储组织,支持动态派发的函数地址表。,vtable,4,4,《编译原理（第3版）》王生原等，清华大学出版社，9.5 面向对象语言的运行时存储组织，教材p247,9.5 面向对象语言的运行时存储组织,247,教材目录或相应页面在“9.5 面向对象语言的运行时存储组织”（教材p247）出现或讲解“虚方法表”；本节点/关系用于表示：支持动态派发的函数地址表。
CP_CON_026,基本块,Concept,编译原理,第10章 代码优化和目标代码生成,只有一个入口和一个出口的连续三地址语句序列。,basic block,4,5,《编译原理（第3版）》王生原等，清华大学出版社，10.1 基本块、流图和循环，教材p255,10.1 基本块、流图和循环,255,教材目录或相应页面在“10.1 基本块、流图和循环”（教材p255）出现或讲解“基本块”；本节点/关系用于表示：只有一个入口和一个出口的连续三地址语句序列。
CP_DS_031,流图,DataStructure,编译原理,第10章 代码优化和目标代码生成,以基本块为结点、控制流为边的有向图。,"flow graph,CFG",4,5,《编译原理（第3版）》王生原等，清华大学出版社，10.1 基本块、流图和循环，教材p255,10.1 基本块、流图和循环,255,教材目录或相应页面在“10.1 基本块、流图和循环”（教材p255）出现或讲解“流图”；本节点/关系用于表示：以基本块为结点、控制流为边的有向图。
CP_CON_027,循环,Concept,编译原理,第10章 代码优化和目标代码生成,流图中可重复执行的控制结构。,loop,3,5,《编译原理（第3版）》王生原等，清华大学出版社，10.1 基本块、流图和循环，教材p255,10.1 基本块、流图和循环,255,教材目录或相应页面在“10.1 基本块、流图和循环”（教材p255）出现或讲解“循环”；本节点/关系用于表示：流图中可重复执行的控制结构。
CP_DS_032,控制流边,DataStructure,编译原理,第10章 代码优化和目标代码生成,表示基本块之间可能控制转移的边。,control-flow edge,3,4,《编译原理（第3版）》王生原等，清华大学出版社，10.1 基本块、流图和循环，教材p255,10.1 基本块、流图和循环,255,教材目录或相应页面在“10.1 基本块、流图和循环”（教材p255）出现或讲解“控制流边”；本节点/关系用于表示：表示基本块之间可能控制转移的边。
CP_ALG_016,数据流分析,Algorithm,编译原理,第10章 代码优化和目标代码生成,通过方程迭代分析程序各点数据属性的技术。,data-flow analysis,5,5,《编译原理（第3版）》王生原等，清华大学出版社，10.2 数据流分析基础，教材p258,10.2 数据流分析基础,258,教材目录或相应页面在“10.2 数据流分析基础”（教材p258）出现或讲解“数据流分析”；本节点/关系用于表示：通过方程迭代分析程序各点数据属性的技术。
CP_ALG_017,到达定值分析,Algorithm,编译原理,第10章 代码优化和目标代码生成,计算某程序点可能到达的变量定义集合。,reaching definitions,5,5,《编译原理（第3版）》王生原等，清华大学出版社，10.2 数据流分析基础，教材p258,10.2 数据流分析基础,258,教材目录或相应页面在“10.2 数据流分析基础”（教材p258）出现或讲解“到达定值分析”；本节点/关系用于表示：计算某程序点可能到达的变量定义集合。
CP_ALG_018,活跃变量分析,Algorithm,编译原理,第10章 代码优化和目标代码生成,判断变量值在程序点之后是否可能被使用的分析。,live variable analysis,5,5,《编译原理（第3版）》王生原等，清华大学出版社，10.2 数据流分析基础，教材p258,10.2 数据流分析基础,258,教材目录或相应页面在“10.2 数据流分析基础”（教材p258）出现或讲解“活跃变量分析”；本节点/关系用于表示：判断变量值在程序点之后是否可能被使用的分析。
CP_DS_033,定值-使用链,DataStructure,编译原理,第10章 代码优化和目标代码生成,连接变量定义和使用位置的关系结构。,def-use chain,4,4,《编译原理（第3版）》王生原等，清华大学出版社，10.2 数据流分析基础，教材p258,10.2 数据流分析基础,258,教材目录或相应页面在“10.2 数据流分析基础”（教材p258）出现或讲解“定值-使用链”；本节点/关系用于表示：连接变量定义和使用位置的关系结构。
CP_MOD_025,数据流方程,Model,编译原理,第10章 代码优化和目标代码生成,描述数据流信息在基本块间传播的方程。,data-flow equations,5,5,《编译原理（第3版）》王生原等，清华大学出版社，10.2 数据流分析基础，教材p258,10.2 数据流分析基础,258,教材目录或相应页面在“10.2 数据流分析基础”（教材p258）出现或讲解“数据流方程”；本节点/关系用于表示：描述数据流信息在基本块间传播的方程。
CP_ALG_019,强度削弱,Algorithm,编译原理,第10章 代码优化和目标代码生成,用代价较低的运算替换代价较高运算的优化方法。,strength reduction,4,5,《编译原理（第3版）》王生原等，清华大学出版社，10.3 代码优化技术，教材p268,10.3 代码优化技术,268,教材目录或相应页面在“10.3 代码优化技术”（教材p268）出现或讲解“强度削弱”；本节点/关系用于表示：用代价较低的运算替换代价较高运算的优化方法。
CP_ALG_020,局部优化,Algorithm,编译原理,第10章 代码优化和目标代码生成,在单个基本块范围内进行的代码优化。,local optimization,4,5,《编译原理（第3版）》王生原等，清华大学出版社，10.3 代码优化技术，教材p268,10.3 代码优化技术,268,教材目录或相应页面在“10.3 代码优化技术”（教材p268）出现或讲解“局部优化”；本节点/关系用于表示：在单个基本块范围内进行的代码优化。
CP_ALG_021,循环优化,Algorithm,编译原理,第10章 代码优化和目标代码生成,针对循环体及循环不变量等进行的优化。,loop optimization,5,5,《编译原理（第3版）》王生原等，清华大学出版社，10.3 代码优化技术，教材p268,10.3 代码优化技术,268,教材目录或相应页面在“10.3 代码优化技术”（教材p268）出现或讲解“循环优化”；本节点/关系用于表示：针对循环体及循环不变量等进行的优化。
CP_ALG_022,全局优化,Algorithm,编译原理,第10章 代码优化和目标代码生成,跨基本块或跨过程范围进行的代码优化。,global optimization,5,5,《编译原理（第3版）》王生原等，清华大学出版社，10.3 代码优化技术，教材p268,10.3 代码优化技术,268,教材目录或相应页面在“10.3 代码优化技术”（教材p268）出现或讲解“全局优化”；本节点/关系用于表示：跨基本块或跨过程范围进行的代码优化。
CP_ALG_023,公共子表达式删除,Algorithm,编译原理,第10章 代码优化和目标代码生成,复用已计算表达式结果以减少重复计算的优化。,common subexpression elimination,4,5,《编译原理（第3版）》王生原等，清华大学出版社，10.3 代码优化技术，教材p268,10.3 代码优化技术,268,教材目录或相应页面在“10.3 代码优化技术”（教材p268）出现或讲解“公共子表达式删除”；本节点/关系用于表示：复用已计算表达式结果以减少重复计算的优化。
CP_ALG_024,死代码删除,Algorithm,编译原理,第10章 代码优化和目标代码生成,删除不会影响程序结果的语句。,dead code elimination,4,5,《编译原理（第3版）》王生原等，清华大学出版社，10.3 代码优化技术，教材p268,10.3 代码优化技术,268,教材目录或相应页面在“10.3 代码优化技术”（教材p268）出现或讲解“死代码删除”；本节点/关系用于表示：删除不会影响程序结果的语句。
CP_ALG_025,常量传播,Algorithm,编译原理,第10章 代码优化和目标代码生成,把已知常量值传播到使用位置的优化。,constant propagation,4,5,《编译原理（第3版）》王生原等，清华大学出版社，10.3 代码优化技术，教材p268,10.3 代码优化技术,268,教材目录或相应页面在“10.3 代码优化技术”（教材p268）出现或讲解“常量传播”；本节点/关系用于表示：把已知常量值传播到使用位置的优化。
CP_MEC_025,目标代码生成技术,Mechanism,编译原理,第10章 代码优化和目标代码生成,将中间代码翻译为目标机器指令并分配寄存器的技术。,target code generation,5,5,《编译原理（第3版）》王生原等，清华大学出版社，10.4 目标代码生成技术，教材p280,10.4 目标代码生成技术,280,教材目录或相应页面在“10.4 目标代码生成技术”（教材p280）出现或讲解“目标代码生成技术”；本节点/关系用于表示：将中间代码翻译为目标机器指令并分配寄存器的技术。
CP_ALG_026,指令选择,Algorithm,编译原理,第10章 代码优化和目标代码生成,为中间代码选择等价目标机器指令的过程。,instruction selection,5,5,《编译原理（第3版）》王生原等，清华大学出版社，10.4 目标代码生成技术，教材p280,10.4 目标代码生成技术,280,教材目录或相应页面在“10.4 目标代码生成技术”（教材p280）出现或讲解“指令选择”；本节点/关系用于表示：为中间代码选择等价目标机器指令的过程。
CP_ALG_027,寄存器分配,Algorithm,编译原理,第10章 代码优化和目标代码生成,决定变量或临时值放入哪些寄存器的过程。,register allocation,5,5,《编译原理（第3版）》王生原等，清华大学出版社，10.4 目标代码生成技术，教材p280,10.4 目标代码生成技术,280,教材目录或相应页面在“10.4 目标代码生成技术”（教材p280）出现或讲解“寄存器分配”；本节点/关系用于表示：决定变量或临时值放入哪些寄存器的过程。
CP_DS_034,寄存器描述符,DataStructure,编译原理,第10章 代码优化和目标代码生成,记录寄存器当前保存哪些变量或临时值的数据结构。,register descriptor,4,5,《编译原理（第3版）》王生原等，清华大学出版社，10.4 目标代码生成技术，教材p280,10.4 目标代码生成技术,280,教材目录或相应页面在“10.4 目标代码生成技术”（教材p280）出现或讲解“寄存器描述符”；本节点/关系用于表示：记录寄存器当前保存哪些变量或临时值的数据结构。
CP_DS_035,地址描述符,DataStructure,编译原理,第10章 代码优化和目标代码生成,记录变量当前可在哪些位置找到的数据结构。,address descriptor,4,5,《编译原理（第3版）》王生原等，清华大学出版社，10.4 目标代码生成技术，教材p280,10.4 目标代码生成技术,280,教材目录或相应页面在“10.4 目标代码生成技术”（教材p280）出现或讲解“地址描述符”；本节点/关系用于表示：记录变量当前可在哪些位置找到的数据结构。
CP_OBJ_006,目标机器,ComputingObject,编译原理,第10章 代码优化和目标代码生成,目标代码运行的硬件或抽象机器。,target machine,3,4,《编译原理（第3版）》王生原等，清华大学出版社，10.4 目标代码生成技术，教材p280,10.4 目标代码生成技术,280,教材目录或相应页面在“10.4 目标代码生成技术”（教材p280）出现或讲解“目标机器”；本节点/关系用于表示：目标代码运行的硬件或抽象机器。
CP_EXA_003,PL/0课程设计,Example,编译原理,第11章 课程设计,围绕PL/0编译器实现的教学实践项目。,PL/0 project,3,4,《编译原理（第3版）》王生原等，清华大学出版社，11.1 基于PL/0编译器的课程设计，教材p296,11.1 基于PL/0编译器的课程设计,296,教材目录或相应页面在“11.1 基于PL/0编译器的课程设计”（教材p296）出现或讲解“PL/0课程设计”；本节点/关系用于表示：围绕PL/0编译器实现的教学实践项目。
CP_EXA_004,Decaf语言,Example,编译原理,第11章 课程设计,用于课程实验的面向对象教学语言。,Decaf,3,4,《编译原理（第3版）》王生原等，清华大学出版社，11.2 基于Decaf编译器的课程设计，教材p297,11.2 基于Decaf编译器的课程设计,297,教材目录或相应页面在“11.2 基于Decaf编译器的课程设计”（教材p297）出现或讲解“Decaf语言”；本节点/关系用于表示：用于课程实验的面向对象教学语言。
CP_EXA_005,Decaf编译器,Example,编译原理,第11章 课程设计,基于Decaf语言分阶段实现的课程设计编译器。,Decaf compiler,4,4,《编译原理（第3版）》王生原等，清华大学出版社，11.2 基于Decaf编译器的课程设计，教材p297,11.2 基于Decaf编译器的课程设计,297,教材目录或相应页面在“11.2 基于Decaf编译器的课程设计”（教材p297）出现或讲解“Decaf编译器”；本节点/关系用于表示：基于Decaf语言分阶段实现的课程设计编译器。
CP_APP_004,编译器阶段实验,Application,编译原理,第11章 课程设计,按词法语法、语义、中间代码、优化、目标代码分阶段实现的实验。,compiler lab,3,4,《编译原理（第3版）》王生原等，清华大学出版社，11.2 基于Decaf编译器的课程设计，教材p297,11.2 基于Decaf编译器的课程设计,297,教材目录或相应页面在“11.2 基于Decaf编译器的课程设计”（教材p297）出现或讲解“编译器阶段实验”；本节点/关系用于表示：按词法语法、语义、中间代码、优化、目标代码分阶段实现的实验。
CP_APP_005,GCC,Application,编译原理,第12章 编译器和相关工具实例——GCC/Binutils,GNU Compiler Collection，开源多语言编译器套件。,GNU Compiler Collection,3,5,《编译原理（第3版）》王生原等，清华大学出版社，12.1 开源编译器GCC，教材p336,12.1 开源编译器GCC,336,教材目录或相应页面在“12.1 开源编译器GCC”（教材p336）出现或讲解“GCC”；本节点/关系用于表示：GNU Compiler Collection，开源多语言编译器套件。
CP_MOD_026,GCC前端,Model,编译原理,第12章 编译器和相关工具实例——GCC/Binutils,处理源语言解析并生成中间表示的GCC组件。,GCC front end,4,4,《编译原理（第3版）》王生原等，清华大学出版社，12.1 开源编译器GCC，教材p336,12.1 开源编译器GCC,336,教材目录或相应页面在“12.1 开源编译器GCC”（教材p336）出现或讲解“GCC前端”；本节点/关系用于表示：处理源语言解析并生成中间表示的GCC组件。
CP_MOD_027,GCC中端,Model,编译原理,第12章 编译器和相关工具实例——GCC/Binutils,执行通用优化和中间表示转换的GCC组件。,GCC middle end,4,4,《编译原理（第3版）》王生原等，清华大学出版社，12.1 开源编译器GCC，教材p336,12.1 开源编译器GCC,336,教材目录或相应页面在“12.1 开源编译器GCC”（教材p336）出现或讲解“GCC中端”；本节点/关系用于表示：执行通用优化和中间表示转换的GCC组件。
CP_MOD_028,GCC后端,Model,编译原理,第12章 编译器和相关工具实例——GCC/Binutils,面向目标机器生成目标代码的GCC组件。,GCC back end,4,4,《编译原理（第3版）》王生原等，清华大学出版社，12.1 开源编译器GCC，教材p336,12.1 开源编译器GCC,336,教材目录或相应页面在“12.1 开源编译器GCC”（教材p336）出现或讲解“GCC后端”；本节点/关系用于表示：面向目标机器生成目标代码的GCC组件。
CP_MEC_026,GCC编译流程,Mechanism,编译原理,第12章 编译器和相关工具实例——GCC/Binutils,从预处理、编译、汇编到链接的工具链流程。,GCC pipeline,3,5,《编译原理（第3版）》王生原等，清华大学出版社，12.1 开源编译器GCC，教材p336,12.1 开源编译器GCC,336,教材目录或相应页面在“12.1 开源编译器GCC”（教材p336）出现或讲解“GCC编译流程”；本节点/关系用于表示：从预处理、编译、汇编到链接的工具链流程。
CP_APP_006,Binutils,Application,编译原理,第12章 编译器和相关工具实例——GCC/Binutils,包含汇编器、链接器和目标文件分析工具的GNU工具集合。,GNU Binutils,3,5,《编译原理（第3版）》王生原等，清华大学出版社，12.2 开源工具Binutils，教材p341,12.2 开源工具Binutils,341,教材目录或相应页面在“12.2 开源工具Binutils”（教材p341）出现或讲解“Binutils”；本节点/关系用于表示：包含汇编器、链接器和目标文件分析工具的GNU工具集合。
CP_OBJ_007,目标文件,ComputingObject,编译原理,第12章 编译器和相关工具实例——GCC/Binutils,汇编或编译后生成、可链接的二进制文件。,object file,3,5,《编译原理（第3版）》王生原等，清华大学出版社，12.2 开源工具Binutils，教材p341,12.2 开源工具Binutils,341,教材目录或相应页面在“12.2 开源工具Binutils”（教材p341）出现或讲解“目标文件”；本节点/关系用于表示：汇编或编译后生成、可链接的二进制文件。
CP_APP_007,汇编器,Application,编译原理,第12章 编译器和相关工具实例——GCC/Binutils,把汇编语言程序翻译成目标文件的工具。,assembler,3,5,《编译原理（第3版）》王生原等，清华大学出版社，12.2 开源工具Binutils，教材p341,12.2 开源工具Binutils,341,教材目录或相应页面在“12.2 开源工具Binutils”（教材p341）出现或讲解“汇编器”；本节点/关系用于表示：把汇编语言程序翻译成目标文件的工具。
CP_APP_008,链接器,Application,编译原理,第12章 编译器和相关工具实例——GCC/Binutils,把目标文件和库合成为可执行文件或库的工具。,linker,4,5,《编译原理（第3版）》王生原等，清华大学出版社，12.2 开源工具Binutils，教材p341,12.2 开源工具Binutils,341,教材目录或相应页面在“12.2 开源工具Binutils”（教材p341）出现或讲解“链接器”；本节点/关系用于表示：把目标文件和库合成为可执行文件或库的工具。
CP_OBJ_008,静态库,ComputingObject,编译原理,第12章 编译器和相关工具实例——GCC/Binutils,链接时复制所需代码到目标程序的库文件。,static library,3,4,《编译原理（第3版）》王生原等，清华大学出版社，12.2 开源工具Binutils，教材p341,12.2 开源工具Binutils,341,教材目录或相应页面在“12.2 开源工具Binutils”（教材p341）出现或讲解“静态库”；本节点/关系用于表示：链接时复制所需代码到目标程序的库文件。
CP_OBJ_009,动态库,ComputingObject,编译原理,第12章 编译器和相关工具实例——GCC/Binutils,程序运行或装载时动态链接的库文件。,shared library,3,4,《编译原理（第3版）》王生原等，清华大学出版社，12.2 开源工具Binutils，教材p341,12.2 开源工具Binutils,341,教材目录或相应页面在“12.2 开源工具Binutils”（教材p341）出现或讲解“动态库”；本节点/关系用于表示：程序运行或装载时动态链接的库文件。
CP_OPR_014,查看目标文件,Operation,编译原理,第12章 编译器和相关工具实例——GCC/Binutils,使用工具检查目标文件头、符号表、反汇编等信息。,objdump/readelf,3,4,《编译原理（第3版）》王生原等，清华大学出版社，12.3 编译器和工具使用实例，教材p348,12.3 编译器和工具使用实例,348,教材目录或相应页面在“12.3 编译器和工具使用实例”（教材p348）出现或讲解“查看目标文件”；本节点/关系用于表示：使用工具检查目标文件头、符号表、反汇编等信息。
CP_EXA_006,程序代码优化实例,Example,编译原理,第12章 编译器和相关工具实例——GCC/Binutils,使用编译器优化选项观察代码性能或结构变化的实践案例。,optimization example,3,4,《编译原理（第3版）》王生原等，清华大学出版社，12.3 编译器和工具使用实例，教材p348,12.3 编译器和工具使用实例,348,教材目录或相应页面在“12.3 编译器和工具使用实例”（教材p348）出现或讲解“程序代码优化实例”；本节点/关系用于表示：使用编译器优化选项观察代码性能或结构变化的实践案例。
CP_PTY_002,类型一致性,Property,编译原理,第8章 静态语义分析和中间代码生成,程序各表达式、赋值、调用等满足语言类型规则的性质。,type consistency,3,4,《编译原理（第3版）》王生原等，清华大学出版社，第8章 静态语义分析和中间代码生成，教材p203,第8章 静态语义分析和中间代码生成,203,教材目录或相应页面在“第8章 静态语义分析和中间代码生成”（教材p203）出现或讲解“类型一致性”；本节点/关系用于表示：程序各表达式、赋值、调用等满足语言类型规则的性质。
CP_MET_001,运行效率,Metric,编译原理,第10章 代码优化和目标代码生成,目标代码运行时间、访存次数等综合效率指标。,runtime efficiency,3,4,《编译原理（第3版）》王生原等，清华大学出版社，第10章 代码优化和目标代码生成，教材p255,第10章 代码优化和目标代码生成,255,教材目录或相应页面在“第10章 代码优化和目标代码生成”（教材p255）出现或讲解“运行效率”；本节点/关系用于表示：目标代码运行时间、访存次数等综合效率指标。
CO_CRS_001,计算机组成原理,Course,计算机组成原理,,研究计算机硬件系统组成、数据表示、指令执行、存储、总线与I/O的核心课程。,"计组,计算机组成",3,5,王道2027计组，内容简介，PDF页2,内容简介,2,教材在“内容简介”中出现或讲解“计算机组成原理”；本节点概括为：研究计算机硬件系统组成、数据表示、指令执行、存储、总线与I/O的核心课程。
CO_TOP_001,第1章 计算机系统概述,Topic,计算机组成原理,第1章 计算机系统概述,建立计算机系统整体结构、层次结构、工作原理和性能指标的基础认识。,,2,5,王道2027计组，第1章 计算机系统概述，教材p1（PDF页12）,第1章 计算机系统概述,1,教材在“第1章 计算机系统概述”中出现或讲解“第1章 计算机系统概述”；本节点概括为：建立计算机系统整体结构、层次结构、工作原理和性能指标的基础认识。
CO_TOP_002,第2章 数据的表示和运算,Topic,计算机组成原理,第2章 数据的表示和运算,研究数制、定点数、浮点数及算术逻辑运算的表示与实现。,,4,5,王道2027计组，第2章 数据的表示和运算，教材p20（PDF页31）,第2章 数据的表示和运算,20,教材在“第2章 数据的表示和运算”中出现或讲解“第2章 数据的表示和运算”；本节点概括为：研究数制、定点数、浮点数及算术逻辑运算的表示与实现。
CO_TOP_003,第3章 存储系统,Topic,计算机组成原理,第3章 存储系统,研究主存、Cache、外存和虚拟存储器等多层次存储结构。,,4,5,王道2027计组，第3章 存储系统，教材p77（PDF页88）,第3章 存储系统,77,教材在“第3章 存储系统”中出现或讲解“第3章 存储系统”；本节点概括为：研究主存、Cache、外存和虚拟存储器等多层次存储结构。
CO_TOP_004,第4章 指令系统,Topic,计算机组成原理,第4章 指令系统,研究指令格式、寻址方式、机器级代码及CISC/RISC。,,4,5,王道2027计组，第4章 指令系统，教材p148（PDF页159）,第4章 指令系统,148,教材在“第4章 指令系统”中出现或讲解“第4章 指令系统”；本节点概括为：研究指令格式、寻址方式、机器级代码及CISC/RISC。
CO_TOP_005,第5章 中央处理器,Topic,计算机组成原理,第5章 中央处理器,研究CPU结构、指令执行、数据通路、控制器、中断、流水线与多处理器。,,5,5,王道2027计组，第5章 中央处理器，教材p195（PDF页206）,第5章 中央处理器,195,教材在“第5章 中央处理器”中出现或讲解“第5章 中央处理器”；本节点概括为：研究CPU结构、指令执行、数据通路、控制器、中断、流水线与多处理器。
CO_TOP_006,第6章 总线,Topic,计算机组成原理,第6章 总线,研究总线分类、性能、结构、事务与定时。,,3,4,王道2027计组，第6章 总线，教材p274（PDF页285）,第6章 总线,274,教材在“第6章 总线”中出现或讲解“第6章 总线”；本节点概括为：研究总线分类、性能、结构、事务与定时。
CO_TOP_007,第7章 输入/输出系统,Topic,计算机组成原理,第7章 输入/输出系统,研究I/O接口、I/O端口编址和程序查询、中断、DMA等I/O方式。,,4,5,王道2027计组，第7章 输入/输出系统，教材p291（PDF页302）,第7章 输入/输出系统,291,教材在“第7章 输入/输出系统”中出现或讲解“第7章 输入/输出系统”；本节点概括为：研究I/O接口、I/O端口编址和程序查询、中断、DMA等I/O方式。
CO_TOP_008,计算机发展历程,Topic,计算机组成原理,第1章 计算机系统概述,计算机硬件、软件的发展脉络。,,3,4,王道2027计组，计算机发展历程，教材p1（PDF页12）,计算机发展历程,1,教材在“计算机发展历程”中出现或讲解“计算机发展历程”；本节点概括为：计算机硬件、软件的发展脉络。
CO_TOP_009,计算机系统层次结构,Topic,计算机组成原理,第1章 计算机系统概述,计算机系统组成、硬件、软件、层次结构与工作原理。,,3,4,王道2027计组，计算机系统层次结构，教材p2（PDF页13）,计算机系统层次结构,2,教材在“计算机系统层次结构”中出现或讲解“计算机系统层次结构”；本节点概括为：计算机系统组成、硬件、软件、层次结构与工作原理。
CO_TOP_010,计算机的性能指标,Topic,计算机组成原理,第1章 计算机系统概述,吞吐量、响应时间、CPI、MIPS、FLOPS等指标。,,3,4,王道2027计组，计算机的性能指标，教材p11（PDF页22）,计算机的性能指标,11,教材在“计算机的性能指标”中出现或讲解“计算机的性能指标”；本节点概括为：吞吐量、响应时间、CPI、MIPS、FLOPS等指标。
CO_TOP_011,数制与编码,Topic,计算机组成原理,第2章 数据的表示和运算,进位计数制、定点数编码、整数类型与转换。,,3,4,王道2027计组，数制与编码，教材p20（PDF页31）,数制与编码,20,教材在“数制与编码”中出现或讲解“数制与编码”；本节点概括为：进位计数制、定点数编码、整数类型与转换。
CO_TOP_012,运算方法和运算电路,Topic,计算机组成原理,第2章 数据的表示和运算,ALU、加减乘除、移位、溢出判断。,,3,4,王道2027计组，运算方法和运算电路，教材p32（PDF页43）,运算方法和运算电路,32,教材在“运算方法和运算电路”中出现或讲解“运算方法和运算电路”；本节点概括为：ALU、加减乘除、移位、溢出判断。
CO_TOP_013,浮点数的表示与运算,Topic,计算机组成原理,第2章 数据的表示和运算,IEEE 754、浮点加减、数据宽度与存储。,,3,4,王道2027计组，浮点数的表示与运算，教材p53（PDF页64）,浮点数的表示与运算,53,教材在“浮点数的表示与运算”中出现或讲解“浮点数的表示与运算”；本节点概括为：IEEE 754、浮点加减、数据宽度与存储。
CO_TOP_014,存储器概述,Topic,计算机组成原理,第3章 存储系统,存储器分类、主存组成、层次化结构和性能指标。,,3,4,王道2027计组，存储器概述，教材p77（PDF页88）,存储器概述,77,教材在“存储器概述”中出现或讲解“存储器概述”；本节点概括为：存储器分类、主存组成、层次化结构和性能指标。
CO_TOP_015,主存储器,Topic,计算机组成原理,第3章 存储系统,SRAM、DRAM、ROM/Flash与多模块存储器。,,3,5,王道2027计组，主存储器，教材p82（PDF页93）,主存储器,82,教材在“主存储器”中出现或讲解“主存储器”；本节点概括为：SRAM、DRAM、ROM/Flash与多模块存储器。
CO_TOP_016,主存储器与CPU的连接,Topic,计算机组成原理,第3章 存储系统,连接原理和主存容量扩展。,,3,4,王道2027计组，主存储器与CPU的连接，教材p97（PDF页108）,主存储器与CPU的连接,97,教材在“主存储器与CPU的连接”中出现或讲解“主存储器与CPU的连接”；本节点概括为：连接原理和主存容量扩展。
CO_TOP_017,外部存储器,Topic,计算机组成原理,第3章 存储系统,磁盘和固态硬盘。,,3,4,王道2027计组，外部存储器，教材p102（PDF页113）,外部存储器,102,教材在“外部存储器”中出现或讲解“外部存储器”；本节点概括为：磁盘和固态硬盘。
CO_TOP_018,高速缓冲存储器,Topic,计算机组成原理,第3章 存储系统,Cache工作原理、映射、替换、一致性和容量计算。,,3,4,王道2027计组，高速缓冲存储器，教材p109（PDF页120）,高速缓冲存储器,109,教材在“高速缓冲存储器”中出现或讲解“高速缓冲存储器”；本节点概括为：Cache工作原理、映射、替换、一致性和容量计算。
CO_TOP_019,虚拟存储器,Topic,计算机组成原理,第3章 存储系统,页式、段式、段页式虚拟存储器及TLB、缺页处理。,,3,5,王道2027计组，虚拟存储器，教材p130（PDF页141）,虚拟存储器,130,教材在“虚拟存储器”中出现或讲解“虚拟存储器”；本节点概括为：页式、段式、段页式虚拟存储器及TLB、缺页处理。
CO_TOP_020,指令系统,Topic,计算机组成原理,第4章 指令系统,ISA、指令格式、操作码和指令类型。,,3,5,王道2027计组，指令系统，教材p148（PDF页159）,指令系统,148,教材在“指令系统”中出现或讲解“指令系统”；本节点概括为：ISA、指令格式、操作码和指令类型。
CO_TOP_021,寻址方式,Topic,计算机组成原理,第4章 指令系统,指令寻址和数据寻址方式。,,3,4,王道2027计组，寻址方式，教材p156（PDF页167）,寻址方式,156,教材在“寻址方式”中出现或讲解“寻址方式”；本节点概括为：指令寻址和数据寻址方式。
CO_TOP_022,程序的机器级代码表示,Topic,计算机组成原理,第4章 指令系统,汇编指令、选择/循环/过程调用的机器级表示。,,3,4,王道2027计组，程序的机器级代码表示，教材p171（PDF页182）,程序的机器级代码表示,171,教材在“程序的机器级代码表示”中出现或讲解“程序的机器级代码表示”；本节点概括为：汇编指令、选择/循环/过程调用的机器级表示。
CO_TOP_023,CISC和RISC的基本概念,Topic,计算机组成原理,第4章 指令系统,复杂指令系统与精简指令系统比较。,,3,4,王道2027计组，CISC和RISC的基本概念，教材p190（PDF页201）,CISC和RISC的基本概念,190,教材在“CISC和RISC的基本概念”中出现或讲解“CISC和RISC的基本概念”；本节点概括为：复杂指令系统与精简指令系统比较。
CO_TOP_024,CPU的功能和基本结构,Topic,计算机组成原理,第5章 中央处理器,CPU功能、组成和寄存器。,,3,4,王道2027计组，CPU的功能和基本结构，教材p195（PDF页206）,CPU的功能和基本结构,195,教材在“CPU的功能和基本结构”中出现或讲解“CPU的功能和基本结构”；本节点概括为：CPU功能、组成和寄存器。
CO_TOP_025,指令执行过程,Topic,计算机组成原理,第5章 中央处理器,取指、译码、执行、指令周期和时序控制。,,3,4,王道2027计组，指令执行过程，教材p201（PDF页212）,指令执行过程,201,教材在“指令执行过程”中出现或讲解“指令执行过程”；本节点概括为：取指、译码、执行、指令周期和时序控制。
CO_TOP_026,数据通路的功能和基本结构,Topic,计算机组成原理,第5章 中央处理器,数据通路的组成、组织、单总线和专用结构。,,3,4,王道2027计组，数据通路的功能和基本结构，教材p206（PDF页217）,数据通路的功能和基本结构,206,教材在“数据通路的功能和基本结构”中出现或讲解“数据通路的功能和基本结构”；本节点概括为：数据通路的组成、组织、单总线和专用结构。
CO_TOP_027,控制器的功能和工作原理,Topic,计算机组成原理,第5章 中央处理器,硬布线控制器与微程序控制器。,,3,4,王道2027计组，控制器的功能和工作原理，教材p228（PDF页239）,控制器的功能和工作原理,228,教材在“控制器的功能和工作原理”中出现或讲解“控制器的功能和工作原理”；本节点概括为：硬布线控制器与微程序控制器。
CO_TOP_028,异常和中断机制,Topic,计算机组成原理,第5章 中央处理器,异常、中断分类与响应过程。,,3,4,王道2027计组，异常和中断机制，教材p242（PDF页253）,异常和中断机制,242,教材在“异常和中断机制”中出现或讲解“异常和中断机制”；本节点概括为：异常、中断分类与响应过程。
CO_TOP_029,指令流水线,Topic,计算机组成原理,第5章 中央处理器,流水线实现、冒险处理和高级流水线技术。,,3,5,王道2027计组，指令流水线，教材p247（PDF页258）,指令流水线,247,教材在“指令流水线”中出现或讲解“指令流水线”；本节点概括为：流水线实现、冒险处理和高级流水线技术。
CO_TOP_030,多处理器的基本概念,Topic,计算机组成原理,第5章 中央处理器,SISD/SIMD/MIMD、多核和共享内存多处理器。,,3,4,王道2027计组，多处理器的基本概念，教材p267（PDF页278）,多处理器的基本概念,267,教材在“多处理器的基本概念”中出现或讲解“多处理器的基本概念”；本节点概括为：SISD/SIMD/MIMD、多核和共享内存多处理器。
CO_TOP_031,总线概述,Topic,计算机组成原理,第6章 总线,总线分类、结构、性能指标和常见标准。,,3,4,王道2027计组，总线概述，教材p274（PDF页285）,总线概述,274,教材在“总线概述”中出现或讲解“总线概述”；本节点概括为：总线分类、结构、性能指标和常见标准。
CO_TOP_032,总线事务和定时,Topic,计算机组成原理,第6章 总线,总线事务、同步/异步/半同步定时。,,3,4,王道2027计组，总线事务和定时，教材p283（PDF页294）,总线事务和定时,283,教材在“总线事务和定时”中出现或讲解“总线事务和定时”；本节点概括为：总线事务、同步/异步/半同步定时。
CO_TOP_033,I/O系统基本概念,Topic,计算机组成原理,第7章 输入/输出系统,I/O系统与外部设备。,,3,4,王道2027计组，I/O系统基本概念，教材p291（PDF页302）,I/O系统基本概念,291,教材在“I/O系统基本概念”中出现或讲解“I/O系统基本概念”；本节点概括为：I/O系统与外部设备。
CO_TOP_034,I/O接口,Topic,计算机组成原理,第7章 输入/输出系统,I/O接口功能、结构、类型、端口和编址。,,3,5,王道2027计组，I/O接口，教材p293（PDF页304）,I/O接口,293,教材在“I/O接口”中出现或讲解“I/O接口”；本节点概括为：I/O接口功能、结构、类型、端口和编址。
CO_TOP_035,I/O方式,Topic,计算机组成原理,第7章 输入/输出系统,程序查询、中断和DMA。,,3,4,王道2027计组，I/O方式，教材p299（PDF页310）,I/O方式,299,教材在“I/O方式”中出现或讲解“I/O方式”；本节点概括为：程序查询、中断和DMA。
CO_CON_001,电子管时代,Concept,计算机组成原理,计算机发展历程,第一代计算机的典型硬件时代。,第一代计算机,1,2,王道2027计组，计算机发展历程，教材p1（PDF页12）,计算机发展历程,1,教材在“计算机发展历程”中出现或讲解“第一代计算机”；本节点概括为：第一代计算机的典型硬件时代。
CO_CON_002,晶体管时代,Concept,计算机组成原理,计算机发展历程,第二代计算机的典型硬件时代。,第二代计算机,1,2,王道2027计组，计算机发展历程，教材p2（PDF页13）,计算机发展历程,2,教材在“计算机发展历程”中出现或讲解“第二代计算机”；本节点概括为：第二代计算机的典型硬件时代。
CO_CON_003,集成电路时代,Concept,计算机组成原理,计算机发展历程,第三代计算机使用中小规模集成电路。,第三代计算机,1,2,王道2027计组，计算机发展历程，教材p2（PDF页13）,计算机发展历程,2,教材在“计算机发展历程”中出现或讲解“集成电路时代”；本节点概括为：第三代计算机使用中小规模集成电路。
CO_CON_004,超大规模集成电路时代,Concept,计算机组成原理,计算机发展历程,第四代计算机使用大规模和超大规模集成电路。,第四代计算机,1,2,王道2027计组，计算机发展历程，教材p2（PDF页13）,计算机发展历程,2,教材在“计算机发展历程”中出现或讲解“超大规模集成电路时代”；本节点概括为：第四代计算机使用大规模和超大规模集成电路。
CO_CON_005,摩尔定律,Concept,计算机组成原理,计算机发展历程,集成电路可容纳晶体管数随时间快速增长的经验规律。,Moore's Law,2,3,王道2027计组，计算机发展历程，教材p2（PDF页13）,计算机发展历程,2,教材在“计算机发展历程”中出现或讲解“摩尔定律”；本节点概括为：集成电路可容纳晶体管数随时间快速增长的经验规律。
CO_CON_006,计算机系统,Concept,计算机组成原理,计算机系统层次结构,由硬件和软件共同组成的完整系统。,computer system,2,5,王道2027计组，计算机系统层次结构，教材p2（PDF页13）,计算机系统层次结构,2,教材在“计算机系统层次结构”中出现或讲解“计算机系统”；本节点概括为：由硬件和软件共同组成的完整系统。
CO_CON_007,计算机硬件,Concept,计算机组成原理,计算机系统层次结构,计算机系统中有形的物理部件。,硬件,2,5,王道2027计组，计算机系统层次结构，教材p3（PDF页14）,计算机系统层次结构,3,教材在“计算机系统层次结构”中出现或讲解“计算机硬件”；本节点概括为：计算机系统中有形的物理部件。
CO_CON_008,计算机软件,Concept,计算机组成原理,计算机系统层次结构,在硬件上运行的程序、数据和相关文档。,软件,2,5,王道2027计组，计算机系统层次结构，教材p2（PDF页13）,计算机系统层次结构,2,教材在“计算机系统层次结构”中出现或讲解“计算机软件”；本节点概括为：在硬件上运行的程序、数据和相关文档。
CO_MOD_001,冯·诺依曼结构,Model,计算机组成原理,计算机系统层次结构,以存储程序为核心思想的现代计算机基本结构。,冯·诺依曼机,3,5,王道2027计组，计算机系统层次结构，教材p3（PDF页14）,计算机系统层次结构,3,教材在“计算机系统层次结构”中出现或讲解“冯·诺依曼结构”；本节点概括为：以存储程序为核心思想的现代计算机基本结构。
CO_MEC_001,存储程序,Mechanism,计算机组成原理,计算机系统层次结构,程序和数据预先存入主存，CPU自动取指并执行。,stored program,3,5,王道2027计组，计算机系统层次结构，教材p3（PDF页14）,计算机系统层次结构,3,教材在“计算机系统层次结构”中出现或讲解“存储程序”；本节点概括为：程序和数据预先存入主存，CPU自动取指并执行。
CO_OBJ_001,CPU,ComputingObject,计算机组成原理,计算机系统层次结构,负责取指、译码、执行指令的核心处理部件。,中央处理器,3,5,王道2027计组，计算机系统层次结构，教材p3（PDF页14）,计算机系统层次结构,3,教材在“计算机系统层次结构”中出现或讲解“中央处理器”；本节点概括为：负责取指、译码、执行指令的核心处理部件。
CO_OBJ_002,运算器,ComputingObject,计算机组成原理,计算机系统层次结构,执行算术和逻辑运算的功能部件。,ALU相关,2,4,王道2027计组，计算机系统层次结构，教材p3（PDF页14）,计算机系统层次结构,3,教材在“计算机系统层次结构”中出现或讲解“运算器”；本节点概括为：执行算术和逻辑运算的功能部件。
CO_OBJ_003,控制器,ComputingObject,计算机组成原理,计算机系统层次结构,产生控制信号并协调各部件工作的功能部件。,control unit,3,5,王道2027计组，计算机系统层次结构，教材p3（PDF页14）,计算机系统层次结构,3,教材在“计算机系统层次结构”中出现或讲解“控制器”；本节点概括为：产生控制信号并协调各部件工作的功能部件。
CO_OBJ_004,存储器,ComputingObject,计算机组成原理,计算机系统层次结构,用于存放程序和数据的部件。,memory,3,5,王道2027计组，计算机系统层次结构，教材p2（PDF页13）,计算机系统层次结构,2,教材在“计算机系统层次结构”中出现或讲解“存储器”；本节点概括为：用于存放程序和数据的部件。
CO_OBJ_005,输入设备,ComputingObject,计算机组成原理,计算机系统层次结构,把外部信息输入计算机的设备。,input device,1,3,王道2027计组，计算机系统层次结构，教材p3（PDF页14）,计算机系统层次结构,3,教材在“计算机系统层次结构”中出现或讲解“输入设备”；本节点概括为：把外部信息输入计算机的设备。
CO_OBJ_006,输出设备,ComputingObject,计算机组成原理,计算机系统层次结构,把计算机处理结果输出到外部的设备。,output device,1,3,王道2027计组，计算机系统层次结构，教材p3（PDF页14）,计算机系统层次结构,3,教材在“计算机系统层次结构”中出现或讲解“输出设备”；本节点概括为：把计算机处理结果输出到外部的设备。
CO_OBJ_007,总线,ComputingObject,计算机组成原理,计算机系统层次结构,连接并传输各部件信息的公共通路。,bus,3,5,王道2027计组，计算机系统层次结构，教材p3（PDF页14）,计算机系统层次结构,3,教材在“计算机系统层次结构”中出现或讲解“总线”；本节点概括为：连接并传输各部件信息的公共通路。
CO_CON_009,系统软件,Concept,计算机组成原理,计算机系统层次结构,管理和调度系统资源并提供基础服务的软件。,system software,2,4,王道2027计组，计算机系统层次结构，教材p2（PDF页13）,计算机系统层次结构,2,教材在“计算机系统层次结构”中出现或讲解“系统软件”；本节点概括为：管理和调度系统资源并提供基础服务的软件。
CO_CON_010,应用软件,Concept,计算机组成原理,计算机系统层次结构,为解决具体应用问题而开发的软件。,application software,1,3,王道2027计组，计算机系统层次结构，教材p4（PDF页15）,计算机系统层次结构,4,教材在“计算机系统层次结构”中出现或讲解“应用软件”；本节点概括为：为解决具体应用问题而开发的软件。
CO_CON_011,机器语言,Concept,计算机组成原理,计算机系统层次结构,由二进制机器指令组成、可被硬件直接执行的语言。,machine language,2,5,王道2027计组，计算机系统层次结构，教材p2（PDF页13）,计算机系统层次结构,2,教材在“计算机系统层次结构”中出现或讲解“机器语言”；本节点概括为：由二进制机器指令组成、可被硬件直接执行的语言。
CO_CON_012,汇编语言,Concept,计算机组成原理,计算机系统层次结构,使用助记符表示机器指令的低级语言。,assembly language,2,4,王道2027计组，计算机系统层次结构，教材p2（PDF页13）,计算机系统层次结构,2,教材在“计算机系统层次结构”中出现或讲解“汇编语言”；本节点概括为：使用助记符表示机器指令的低级语言。
CO_CON_013,高级语言,Concept,计算机组成原理,计算机系统层次结构,接近自然语言和数学表达的编程语言。,high-level language,2,4,王道2027计组，计算机系统层次结构，教材p2（PDF页13）,计算机系统层次结构,2,教材在“计算机系统层次结构”中出现或讲解“高级语言”；本节点概括为：接近自然语言和数学表达的编程语言。
CO_CON_014,汇编程序,Concept,计算机组成原理,计算机系统层次结构,把汇编语言程序翻译为机器语言程序的软件。,assembler,2,4,王道2027计组，计算机系统层次结构，教材p5（PDF页16）,计算机系统层次结构,5,教材在“计算机系统层次结构”中出现或讲解“汇编程序”；本节点概括为：把汇编语言程序翻译为机器语言程序的软件。
CO_CON_015,编译程序,Concept,计算机组成原理,计算机系统层次结构,把高级语言源程序翻译为目标程序的软件。,compiler,3,4,王道2027计组，计算机系统层次结构，教材p2（PDF页13）,计算机系统层次结构,2,教材在“计算机系统层次结构”中出现或讲解“编译程序”；本节点概括为：把高级语言源程序翻译为目标程序的软件。
CO_CON_016,解释程序,Concept,计算机组成原理,计算机系统层次结构,逐条翻译并执行高级语言语句的软件。,interpreter,3,3,王道2027计组，计算机系统层次结构，教材p5（PDF页16）,计算机系统层次结构,5,教材在“计算机系统层次结构”中出现或讲解“解释程序”；本节点概括为：逐条翻译并执行高级语言语句的软件。
CO_CON_017,操作系统,Concept,计算机组成原理,计算机系统层次结构,管理计算机软硬件资源并提供运行环境的系统软件。,OS,3,5,王道2027计组，计算机系统层次结构，教材p2（PDF页13）,计算机系统层次结构,2,教材在“计算机系统层次结构”中出现或讲解“操作系统”；本节点概括为：管理计算机软硬件资源并提供运行环境的系统软件。
CO_MOD_002,指令集体系结构,Model,计算机组成原理,计算机系统层次结构,软件可见的硬件接口，定义指令格式、操作类型、寻址方式和寄存器等。,ISA,4,5,王道2027计组，计算机系统层次结构，教材p5（PDF页16）,计算机系统层次结构,5,教材在“计算机系统层次结构”中出现或讲解“指令集体系结构”；本节点概括为：软件可见的硬件接口，定义指令格式、操作类型、寻址方式和寄存器等。
CO_MOD_003,微体系结构,Model,计算机组成原理,计算机系统层次结构,实现ISA的处理器内部硬件组织方式。,微架构,4,4,王道2027计组，计算机系统层次结构，教材p5（PDF页16）,计算机系统层次结构,5,教材在“计算机系统层次结构”中出现或讲解“微体系结构”；本节点概括为：实现ISA的处理器内部硬件组织方式。
CO_MET_001,吞吐量,Metric,计算机组成原理,计算机的性能指标,单位时间内系统完成任务的数量。,throughput,2,4,王道2027计组，计算机的性能指标，教材p11（PDF页22）,计算机的性能指标,11,教材在“计算机的性能指标”中出现或讲解“吞吐量”；本节点概括为：单位时间内系统完成任务的数量。
CO_MET_002,响应时间,Metric,计算机组成原理,计算机的性能指标,从任务提交到结果返回所需时间。,response time,2,4,王道2027计组，计算机的性能指标，教材p11（PDF页22）,计算机的性能指标,11,教材在“计算机的性能指标”中出现或讲解“响应时间”；本节点概括为：从任务提交到结果返回所需时间。
CO_MET_003,CPU时钟周期,Metric,计算机组成原理,计算机的性能指标,CPU时钟信号的一个周期。,clock cycle,2,5,王道2027计组，计算机的性能指标，教材p11（PDF页22）,计算机的性能指标,11,教材在“计算机的性能指标”中出现或讲解“CPU时钟周期”；本节点概括为：CPU时钟信号的一个周期。
CO_MET_004,主频,Metric,计算机组成原理,计算机的性能指标,CPU时钟频率，等于时钟周期的倒数。,clock rate,2,5,王道2027计组，计算机的性能指标，教材p11（PDF页22）,计算机的性能指标,11,教材在“计算机的性能指标”中出现或讲解“主频”；本节点概括为：CPU时钟频率，等于时钟周期的倒数。
CO_MET_005,CPI,Metric,计算机组成原理,计算机的性能指标,执行一条指令平均需要的CPU时钟周期数。,cycles per instruction,3,5,王道2027计组，计算机的性能指标，教材p11（PDF页22）,计算机的性能指标,11,教材在“计算机的性能指标”中出现或讲解“CPI”；本节点概括为：执行一条指令平均需要的CPU时钟周期数。
CO_MET_006,CPU执行时间,Metric,计算机组成原理,计算机的性能指标,程序在CPU上实际执行所需时间。,CPU time,3,5,王道2027计组，计算机的性能指标，教材p16（PDF页27）,计算机的性能指标,16,教材在“计算机的性能指标”中出现或讲解“CPU 执行时间”；本节点概括为：程序在CPU上实际执行所需时间。
CO_MET_007,MIPS,Metric,计算机组成原理,计算机的性能指标,每秒执行百万条指令数。,million instructions per second,3,4,王道2027计组，计算机的性能指标，教材p12（PDF页23）,计算机的性能指标,12,教材在“计算机的性能指标”中出现或讲解“MIPS”；本节点概括为：每秒执行百万条指令数。
CO_MET_008,FLOPS,Metric,计算机组成原理,计算机的性能指标,每秒浮点运算次数。,"MFLOPS,GFLOPS,TFLOPS",3,4,王道2027计组，计算机的性能指标，教材p12（PDF页23）,计算机的性能指标,12,教材在“计算机的性能指标”中出现或讲解“MFLOPS”；本节点概括为：每秒浮点运算次数。
CO_EXA_001,基准程序,Example,计算机组成原理,计算机的性能指标,用于评价和比较计算机系统性能的测试程序。,benchmark,3,3,王道2027计组，计算机的性能指标，教材p12（PDF页23）,计算机的性能指标,12,教材在“计算机的性能指标”中出现或讲解“基准程序”；本节点概括为：用于评价和比较计算机系统性能的测试程序。
CO_CON_018,进位计数制,Concept,计算机组成原理,数制与编码,按基数和位权表示数值的方法。,"二进制,八进制,十进制,十六进制",2,5,王道2027计组，数制与编码，教材p20（PDF页31）,数制与编码,20,教材在“数制与编码”中出现或讲解“进位计数制”；本节点概括为：按基数和位权表示数值的方法。
CO_CON_019,二进制,Concept,计算机组成原理,数制与编码,以2为基数的进位计数制。,binary,1,5,王道2027计组，数制与编码，教材p20（PDF页31）,数制与编码,20,教材在“数制与编码”中出现或讲解“二进制”；本节点概括为：以2为基数的进位计数制。
CO_CON_020,原码,Concept,计算机组成原理,数制与编码,符号位加数值位的机器数表示。,sign-magnitude,3,4,王道2027计组，数制与编码，教材p23（PDF页34）,数制与编码,23,教材在“数制与编码”中出现或讲解“原码”；本节点概括为：符号位加数值位的机器数表示。
CO_CON_021,反码,Concept,计算机组成原理,数制与编码,负数数值位按位取反的机器数表示。,ones' complement,3,3,王道2027计组，数制与编码，教材p23（PDF页34）,数制与编码,23,教材在“数制与编码”中出现或讲解“反码”；本节点概括为：负数数值位按位取反的机器数表示。
CO_CON_022,补码,Concept,计算机组成原理,数制与编码,计算机中最常用的有符号整数编码。,two's complement,4,5,王道2027计组，数制与编码，教材p20（PDF页31）,数制与编码,20,教材在“数制与编码”中出现或讲解“补码”；本节点概括为：计算机中最常用的有符号整数编码。
CO_CON_023,移码,Concept,计算机组成原理,数制与编码,常用于浮点阶码的带偏置编码。,biased code,3,4,王道2027计组，数制与编码，教材p20（PDF页31）,数制与编码,20,教材在“数制与编码”中出现或讲解“移码”；本节点概括为：常用于浮点阶码的带偏置编码。
CO_CON_024,定点整数,Concept,计算机组成原理,数制与编码,小数点位置固定的整数表示。,fixed-point integer,3,5,王道2027计组，数制与编码，教材p23（PDF页34）,数制与编码,23,教材在“数制与编码”中出现或讲解“定点整数”；本节点概括为：小数点位置固定的整数表示。
CO_CON_025,无符号整数,Concept,计算机组成原理,数制与编码,所有位均表示数值大小的整数。,unsigned integer,2,4,王道2027计组，数制与编码，教材p20（PDF页31）,数制与编码,20,教材在“数制与编码”中出现或讲解“无符号整数”；本节点概括为：所有位均表示数值大小的整数。
CO_CON_026,C语言整数类型,Concept,计算机组成原理,数制与编码,C语言中char、short、int、long等整数类型及转换规则。,integer types,3,4,王道2027计组，数制与编码，教材p20-31（PDF页31起）,数制与编码,20,根据“数制与编码”的目录和知识点归纳入图；本节点概括为：C语言中char、short、int、long等整数类型及转换规则。
CO_OPE_001,类型转换,Operation,计算机组成原理,数制与编码,不同数据类型之间的表示转换。,type conversion,3,4,王道2027计组，数制与编码，教材p20（PDF页31）,数制与编码,20,教材在“数制与编码”中出现或讲解“类型转换”；本节点概括为：不同数据类型之间的表示转换。
CO_OBJ_008,算术逻辑单元,ComputingObject,计算机组成原理,运算方法和运算电路,执行算术和逻辑运算的组合逻辑部件。,ALU,3,5,王道2027计组，运算方法和运算电路，教材p32（PDF页43）,运算方法和运算电路,32,教材在“运算方法和运算电路”中出现或讲解“算术逻辑单元”；本节点概括为：执行算术和逻辑运算的组合逻辑部件。
CO_OBJ_009,加法器,ComputingObject,计算机组成原理,运算方法和运算电路,实现二进制加法的运算电路。,adder,3,5,王道2027计组，运算方法和运算电路，教材p33（PDF页44）,运算方法和运算电路,33,教材在“运算方法和运算电路”中出现或讲解“加法器”；本节点概括为：实现二进制加法的运算电路。
CO_OBJ_010,串行进位加法器,ComputingObject,计算机组成原理,运算方法和运算电路,进位逐位传递的加法器。,ripple-carry adder,3,3,王道2027计组，运算方法和运算电路，教材p33（PDF页44）,运算方法和运算电路,33,教材在“运算方法和运算电路”中出现或讲解“串行进位加法器”；本节点概括为：进位逐位传递的加法器。
CO_OBJ_011,超前进位加法器,ComputingObject,计算机组成原理,运算方法和运算电路,通过提前生成进位来提高速度的加法器。,carry-lookahead adder,4,4,王道2027计组，运算方法和运算电路，教材p32-52（PDF页43起）,运算方法和运算电路,32,根据“运算方法和运算电路”的目录和知识点归纳入图；本节点概括为：通过提前生成进位来提高速度的加法器。
CO_OPE_002,移位运算,Operation,计算机组成原理,运算方法和运算电路,对二进制位进行左移或右移的运算。,shift,2,4,王道2027计组，运算方法和运算电路，教材p35（PDF页46）,运算方法和运算电路,35,教材在“运算方法和运算电路”中出现或讲解“移位运算”；本节点概括为：对二进制位进行左移或右移的运算。
CO_OPE_003,定点加减运算,Operation,计算机组成原理,运算方法和运算电路,基于补码等编码完成定点数加法和减法。,fixed-point addition/subtraction,4,5,王道2027计组，运算方法和运算电路，教材p32-52（PDF页43起）,运算方法和运算电路,32,根据“运算方法和运算电路”的目录和知识点归纳入图；本节点概括为：基于补码等编码完成定点数加法和减法。
CO_PRB_001,溢出,Problem,计算机组成原理,运算方法和运算电路,运算结果超出机器数可表示范围的现象。,overflow,4,5,王道2027计组，运算方法和运算电路，教材p33（PDF页44）,运算方法和运算电路,33,教材在“运算方法和运算电路”中出现或讲解“溢出”；本节点概括为：运算结果超出机器数可表示范围的现象。
CO_OPE_004,乘法运算,Operation,计算机组成原理,运算方法和运算电路,定点数乘法的机器实现。,multiplication,4,4,王道2027计组，运算方法和运算电路，教材p39（PDF页50）,运算方法和运算电路,39,教材在“运算方法和运算电路”中出现或讲解“乘法运算”；本节点概括为：定点数乘法的机器实现。
CO_OPE_005,除法运算,Operation,计算机组成原理,运算方法和运算电路,定点数除法的机器实现。,division,4,4,王道2027计组，运算方法和运算电路，教材p41（PDF页52）,运算方法和运算电路,41,教材在“运算方法和运算电路”中出现或讲解“除法运算”；本节点概括为：定点数除法的机器实现。
CO_OPE_006,逻辑运算,Operation,计算机组成原理,运算方法和运算电路,与、或、非、异或等位级运算。,logic operation,2,4,王道2027计组，运算方法和运算电路，教材p33（PDF页44）,运算方法和运算电路,33,教材在“运算方法和运算电路”中出现或讲解“逻辑运算”；本节点概括为：与、或、非、异或等位级运算。
CO_CON_027,浮点数,Concept,计算机组成原理,浮点数的表示与运算,用符号、阶码和尾数表示实数近似值的数据格式。,floating point,4,5,王道2027计组，浮点数的表示与运算，教材p53（PDF页64）,浮点数的表示与运算,53,教材在“浮点数的表示与运算”中出现或讲解“浮点数”；本节点概括为：用符号、阶码和尾数表示实数近似值的数据格式。
CO_CON_028,IEEE 754,Concept,计算机组成原理,浮点数的表示与运算,浮点数表示和运算的国际标准。,IEEE754,4,5,王道2027计组，浮点数的表示与运算，教材p54（PDF页65）,浮点数的表示与运算,54,教材在“浮点数的表示与运算”中出现或讲解“IEEE 754”；本节点概括为：浮点数表示和运算的国际标准。
CO_CON_029,阶码,Concept,计算机组成原理,浮点数的表示与运算,浮点数中表示数量级的字段。,exponent,3,5,王道2027计组，浮点数的表示与运算，教材p54（PDF页65）,浮点数的表示与运算,54,教材在“浮点数的表示与运算”中出现或讲解“阶码”；本节点概括为：浮点数中表示数量级的字段。
CO_CON_030,尾数,Concept,计算机组成原理,浮点数的表示与运算,浮点数中表示有效数字的字段。,"mantissa, significand",3,5,王道2027计组，浮点数的表示与运算，教材p54（PDF页65）,浮点数的表示与运算,54,教材在“浮点数的表示与运算”中出现或讲解“尾数”；本节点概括为：浮点数中表示有效数字的字段。
CO_OPE_007,规格化,Operation,计算机组成原理,浮点数的表示与运算,调整尾数和阶码使浮点数满足规范形式。,normalization,4,5,王道2027计组，浮点数的表示与运算，教材p54（PDF页65）,浮点数的表示与运算,54,教材在“浮点数的表示与运算”中出现或讲解“规格化”；本节点概括为：调整尾数和阶码使浮点数满足规范形式。
CO_OPE_008,对阶,Operation,计算机组成原理,浮点数的表示与运算,浮点加减运算中使两个操作数阶码相同的步骤。,alignment,4,5,王道2027计组，浮点数的表示与运算，教材p56（PDF页67）,浮点数的表示与运算,56,教材在“浮点数的表示与运算”中出现或讲解“对阶”；本节点概括为：浮点加减运算中使两个操作数阶码相同的步骤。
CO_OPE_009,舍入,Operation,计算机组成原理,浮点数的表示与运算,将无限或超长精度结果转换为目标精度的处理。,rounding,4,4,王道2027计组，浮点数的表示与运算，教材p55（PDF页66）,浮点数的表示与运算,55,教材在“浮点数的表示与运算”中出现或讲解“舍入”；本节点概括为：将无限或超长精度结果转换为目标精度的处理。
CO_OPE_010,浮点加减运算,Operation,计算机组成原理,浮点数的表示与运算,包含对阶、尾数运算、规格化和舍入等步骤的浮点运算。,floating addition/subtraction,5,5,王道2027计组，浮点数的表示与运算，教材p53-76（PDF页64起）,浮点数的表示与运算,53,根据“浮点数的表示与运算”的目录和知识点归纳入图；本节点概括为：包含对阶、尾数运算、规格化和舍入等步骤的浮点运算。
CO_MET_009,数据宽度,Metric,计算机组成原理,浮点数的表示与运算,数据在机器中占用的位数或字节数。,data width,2,4,王道2027计组，浮点数的表示与运算，教材p53-76（PDF页64起）,浮点数的表示与运算,53,根据“浮点数的表示与运算”的目录和知识点归纳入图；本节点概括为：数据在机器中占用的位数或字节数。
CO_CON_031,大端方式,Concept,计算机组成原理,浮点数的表示与运算,高位字节存放在低地址的字节序。,big-endian,2,3,王道2027计组，浮点数的表示与运算，教材p59（PDF页70）,浮点数的表示与运算,59,教材在“浮点数的表示与运算”中出现或讲解“大端方式”；本节点概括为：高位字节存放在低地址的字节序。
CO_CON_032,小端方式,Concept,计算机组成原理,浮点数的表示与运算,低位字节存放在低地址的字节序。,little-endian,2,3,王道2027计组，浮点数的表示与运算，教材p59（PDF页70）,浮点数的表示与运算,59,教材在“浮点数的表示与运算”中出现或讲解“小端方式”；本节点概括为：低位字节存放在低地址的字节序。
CO_APP_001,科学计算,Application,计算机组成原理,浮点数的表示与运算,需要大量浮点运算的计算场景。,scientific computing,2,3,王道2027计组，浮点数的表示与运算，教材p53-76（PDF页64起）,浮点数的表示与运算,53,根据“浮点数的表示与运算”的目录和知识点归纳入图；本节点概括为：需要大量浮点运算的计算场景。
CO_MOD_004,存储层次结构,Model,计算机组成原理,存储器概述,由寄存器、Cache、主存、外存等构成的多级存储体系。,memory hierarchy,4,5,王道2027计组，存储器概述，教材p77-81（PDF页88起）,存储器概述,77,根据“存储器概述”的目录和知识点归纳入图；本节点概括为：由寄存器、Cache、主存、外存等构成的多级存储体系。
CO_MET_010,存储容量,Metric,计算机组成原理,存储器概述,存储器可存放信息的总量。,capacity,2,4,王道2027计组，存储器概述，教材p79（PDF页90）,存储器概述,79,教材在“存储器概述”中出现或讲解“存储容量”；本节点概括为：存储器可存放信息的总量。
CO_MET_011,存取时间,Metric,计算机组成原理,存储器概述,从启动访存到完成访问所需时间。,access time,3,4,王道2027计组，存储器概述，教材p78（PDF页89）,存储器概述,78,教材在“存储器概述”中出现或讲解“存取时间”；本节点概括为：从启动访存到完成访问所需时间。
CO_MET_012,存储周期,Metric,计算机组成原理,存储器概述,连续两次存储器访问之间所需最小时间间隔。,memory cycle,3,4,王道2027计组，存储器概述，教材p80（PDF页91）,存储器概述,80,教材在“存储器概述”中出现或讲解“存储周期”；本节点概括为：连续两次存储器访问之间所需最小时间间隔。
CO_MET_013,存储器带宽,Metric,计算机组成原理,存储器概述,单位时间内存储器可传输的数据量。,memory bandwidth,3,4,王道2027计组，存储器概述，教材p80（PDF页91）,存储器概述,80,教材在“存储器概述”中出现或讲解“存储器带宽”；本节点概括为：单位时间内存储器可传输的数据量。
CO_OBJ_012,SRAM,ComputingObject,计算机组成原理,主存储器,静态随机存取存储器，速度快、成本高，常用于Cache。,static RAM,3,4,王道2027计组，主存储器，教材p82（PDF页93）,主存储器,82,教材在“主存储器”中出现或讲解“SRAM”；本节点概括为：静态随机存取存储器，速度快、成本高，常用于Cache。
CO_OBJ_013,DRAM,ComputingObject,计算机组成原理,主存储器,动态随机存取存储器，密度高、需刷新，常用于主存。,dynamic RAM,3,4,王道2027计组，主存储器，教材p82（PDF页93）,主存储器,82,教材在“主存储器”中出现或讲解“DRAM”；本节点概括为：动态随机存取存储器，密度高、需刷新，常用于主存。
CO_OBJ_014,ROM,ComputingObject,计算机组成原理,主存储器,只读存储器，断电后信息仍可保持。,read-only memory,2,3,王道2027计组，主存储器，教材p85（PDF页96）,主存储器,85,教材在“主存储器”中出现或讲解“ROM”；本节点概括为：只读存储器，断电后信息仍可保持。
CO_OBJ_015,Flash,ComputingObject,计算机组成原理,主存储器,非易失性半导体存储器。,闪存,2,3,王道2027计组，主存储器，教材p85（PDF页96）,主存储器,85,教材在“主存储器”中出现或讲解“Flash”；本节点概括为：非易失性半导体存储器。
CO_MEC_002,多模块存储器,Mechanism,计算机组成原理,主存储器,将主存分成多个模块以提高并行访问能力的组织方式。,interleaved memory,4,4,王道2027计组，主存储器，教材p85（PDF页96）,主存储器,85,教材在“主存储器”中出现或讲解“多模块存储器”；本节点概括为：将主存分成多个模块以提高并行访问能力的组织方式。
CO_OPE_011,地址译码,Operation,计算机组成原理,主存储器与CPU的连接,根据地址信号选择具体存储芯片或存储单元。,address decoding,3,4,王道2027计组，主存储器与CPU的连接，教材p97-101（PDF页108起）,主存储器与CPU的连接,97,根据“主存储器与CPU的连接”的目录和知识点归纳入图；本节点概括为：根据地址信号选择具体存储芯片或存储单元。
CO_MEC_003,位扩展,Mechanism,计算机组成原理,主存储器与CPU的连接,通过并联芯片增加字长位数的存储容量扩展方式。,bit expansion,3,4,王道2027计组，主存储器与CPU的连接，教材p98（PDF页109）,主存储器与CPU的连接,98,教材在“主存储器与CPU的连接”中出现或讲解“位扩展”；本节点概括为：通过并联芯片增加字长位数的存储容量扩展方式。
CO_MEC_004,字扩展,Mechanism,计算机组成原理,主存储器与CPU的连接,通过增加芯片组数量扩大存储字数的容量扩展方式。,word expansion,3,4,王道2027计组，主存储器与CPU的连接，教材p98（PDF页109）,主存储器与CPU的连接,98,教材在“主存储器与CPU的连接”中出现或讲解“字扩展”；本节点概括为：通过增加芯片组数量扩大存储字数的容量扩展方式。
CO_MEC_005,字位同时扩展,Mechanism,计算机组成原理,主存储器与CPU的连接,同时扩大存储字数和字长的容量扩展方式。,word-bit expansion,4,4,王道2027计组，主存储器与CPU的连接，教材p99（PDF页110）,主存储器与CPU的连接,99,教材在“主存储器与CPU的连接”中出现或讲解“字位同时扩展”；本节点概括为：同时扩大存储字数和字长的容量扩展方式。
CO_OBJ_016,磁盘存储器,ComputingObject,计算机组成原理,外部存储器,以磁介质保存数据的外部存储器。,hard disk,3,4,王道2027计组，外部存储器，教材p102（PDF页113）,外部存储器,102,教材在“外部存储器”中出现或讲解“磁盘存储器”；本节点概括为：以磁介质保存数据的外部存储器。
CO_OBJ_017,固态硬盘,ComputingObject,计算机组成原理,外部存储器,基于闪存的外部存储器。,SSD,2,4,王道2027计组，外部存储器，教材p104（PDF页115）,外部存储器,104,教材在“外部存储器”中出现或讲解“固态硬盘”；本节点概括为：基于闪存的外部存储器。
CO_OBJ_018,Cache,ComputingObject,计算机组成原理,高速缓冲存储器,位于CPU和主存之间、利用局部性提高访存速度的高速缓冲存储器。,高速缓存,4,5,王道2027计组，高速缓冲存储器，教材p109（PDF页120）,高速缓冲存储器,109,教材在“高速缓冲存储器”中出现或讲解“Cache”；本节点概括为：位于CPU和主存之间、利用局部性提高访存速度的高速缓冲存储器。
CO_PRP_001,局部性原理,Property,计算机组成原理,高速缓冲存储器,程序访问地址在时间和空间上集中分布的特性。,locality,3,5,王道2027计组，高速缓冲存储器，教材p109（PDF页120）,高速缓冲存储器,109,教材在“高速缓冲存储器”中出现或讲解“局部性原理”；本节点概括为：程序访问地址在时间和空间上集中分布的特性。
CO_PRP_002,时间局部性,Property,计算机组成原理,高速缓冲存储器,近期访问过的信息未来可能再次被访问。,temporal locality,3,4,王道2027计组，高速缓冲存储器，教材p109（PDF页120）,高速缓冲存储器,109,教材在“高速缓冲存储器”中出现或讲解“时间局部性”；本节点概括为：近期访问过的信息未来可能再次被访问。
CO_PRP_003,空间局部性,Property,计算机组成原理,高速缓冲存储器,被访问地址附近的信息未来可能被访问。,spatial locality,3,4,王道2027计组，高速缓冲存储器，教材p109（PDF页120）,高速缓冲存储器,109,教材在“高速缓冲存储器”中出现或讲解“空间局部性”；本节点概括为：被访问地址附近的信息未来可能被访问。
CO_MEC_006,直接映射,Mechanism,计算机组成原理,高速缓冲存储器,主存块只能映射到Cache中唯一位置的映射方式。,direct mapping,4,5,王道2027计组，高速缓冲存储器，教材p111（PDF页122）,高速缓冲存储器,111,教材在“高速缓冲存储器”中出现或讲解“直接映射”；本节点概括为：主存块只能映射到Cache中唯一位置的映射方式。
CO_MEC_007,全相联映射,Mechanism,计算机组成原理,高速缓冲存储器,主存块可映射到Cache任意位置的映射方式。,fully associative mapping,4,4,王道2027计组，高速缓冲存储器，教材p111（PDF页122）,高速缓冲存储器,111,教材在“高速缓冲存储器”中出现或讲解“全相联映射”；本节点概括为：主存块可映射到Cache任意位置的映射方式。
CO_MEC_008,组相联映射,Mechanism,计算机组成原理,高速缓冲存储器,主存块可映射到指定组内任意行的映射方式。,set associative mapping,4,5,王道2027计组，高速缓冲存储器，教材p111（PDF页122）,高速缓冲存储器,111,教材在“高速缓冲存储器”中出现或讲解“组相联映射”；本节点概括为：主存块可映射到指定组内任意行的映射方式。
CO_ALG_001,替换算法,Algorithm,计算机组成原理,高速缓冲存储器,Cache满时选择被替换块的策略。,replacement algorithm,4,4,王道2027计组，高速缓冲存储器，教材p110（PDF页121）,高速缓冲存储器,110,教材在“高速缓冲存储器”中出现或讲解“替换算法”；本节点概括为：Cache满时选择被替换块的策略。
CO_ALG_002,LRU,Algorithm,计算机组成原理,高速缓冲存储器,优先替换最近最少使用的块。,least recently used,4,4,王道2027计组，高速缓冲存储器，教材p114（PDF页125）,高速缓冲存储器,114,教材在“高速缓冲存储器”中出现或讲解“LRU”；本节点概括为：优先替换最近最少使用的块。
CO_ALG_003,FIFO,Algorithm,计算机组成原理,高速缓冲存储器,优先替换最早进入Cache的块。,first in first out,3,3,王道2027计组，高速缓冲存储器，教材p114（PDF页125）,高速缓冲存储器,114,教材在“高速缓冲存储器”中出现或讲解“FIFO”；本节点概括为：优先替换最早进入Cache的块。
CO_MEC_009,写直达,Mechanism,计算机组成原理,高速缓冲存储器,写Cache时同时写主存的写策略。,write-through,4,4,王道2027计组，高速缓冲存储器，教材p109-129（PDF页120起）,高速缓冲存储器,109,根据“高速缓冲存储器”的目录和知识点归纳入图；本节点概括为：写Cache时同时写主存的写策略。
CO_MEC_010,写回,Mechanism,计算机组成原理,高速缓冲存储器,写Cache时先只修改Cache，替换时再写回主存的策略。,write-back,4,5,王道2027计组，高速缓冲存储器，教材p115（PDF页126）,高速缓冲存储器,115,教材在“高速缓冲存储器”中出现或讲解“写回”；本节点概括为：写Cache时先只修改Cache，替换时再写回主存的策略。
CO_PRB_002,Cache一致性,Problem,计算机组成原理,高速缓冲存储器,多个Cache或Cache与主存内容保持一致的问题。,cache coherence,4,4,王道2027计组，高速缓冲存储器，教材p122（PDF页133）,高速缓冲存储器,122,教材在“高速缓冲存储器”中出现或讲解“Cache一致性”；本节点概括为：多个Cache或Cache与主存内容保持一致的问题。
CO_MET_014,命中率,Metric,计算机组成原理,高速缓冲存储器,访问命中Cache的比例。,hit rate,3,5,王道2027计组，高速缓冲存储器，教材p109（PDF页120）,高速缓冲存储器,109,教材在“高速缓冲存储器”中出现或讲解“命中率”；本节点概括为：访问命中Cache的比例。
CO_MET_015,平均访存时间,Metric,计算机组成原理,高速缓冲存储器,综合Cache命中与缺失代价后的平均访存时间。,AMAT,4,5,王道2027计组，高速缓冲存储器，教材p109-129（PDF页120起）,高速缓冲存储器,109,根据“高速缓冲存储器”的目录和知识点归纳入图；本节点概括为：综合Cache命中与缺失代价后的平均访存时间。
CO_EXA_002,Cache容量计算举例,Example,计算机组成原理,高速缓冲存储器,用于训练标记位、索引位、块内地址和容量计算的典型题。,Cache容量计算,4,4,王道2027计组，高速缓冲存储器，教材p109-129（PDF页120起）,高速缓冲存储器,109,根据“高速缓冲存储器”的目录和知识点归纳入图；本节点概括为：用于训练标记位、索引位、块内地址和容量计算的典型题。
CO_CON_033,逻辑地址,Concept,计算机组成原理,虚拟存储器,程序使用的虚拟地址。,"虚地址,virtual address",3,5,王道2027计组，虚拟存储器，教材p130（PDF页141）,虚拟存储器,130,教材在“虚拟存储器”中出现或讲解“逻辑地址”；本节点概括为：程序使用的虚拟地址。
CO_CON_034,物理地址,Concept,计算机组成原理,虚拟存储器,主存实际访问地址。,physical address,3,5,王道2027计组，虚拟存储器，教材p130（PDF页141）,虚拟存储器,130,教材在“虚拟存储器”中出现或讲解“物理地址”；本节点概括为：主存实际访问地址。
CO_MEC_011,页式虚拟存储器,Mechanism,计算机组成原理,虚拟存储器,以页为单位进行地址映射和调入调出的虚拟存储器。,paging,4,5,王道2027计组，虚拟存储器，教材p130（PDF页141）,虚拟存储器,130,教材在“虚拟存储器”中出现或讲解“页式虚拟存储器”；本节点概括为：以页为单位进行地址映射和调入调出的虚拟存储器。
CO_OBJ_019,页,ComputingObject,计算机组成原理,虚拟存储器,虚拟地址空间和主存划分的固定大小块。,page,3,5,王道2027计组，虚拟存储器，教材p130（PDF页141）,虚拟存储器,130,教材在“虚拟存储器”中出现或讲解“页”；本节点概括为：虚拟地址空间和主存划分的固定大小块。
CO_OBJ_020,页框,ComputingObject,计算机组成原理,虚拟存储器,主存中用于装入页面的固定大小块。,frame,3,4,王道2027计组，虚拟存储器，教材p130（PDF页141）,虚拟存储器,130,教材在“虚拟存储器”中出现或讲解“页框”；本节点概括为：主存中用于装入页面的固定大小块。
CO_DST_001,页表,DataStructure,计算机组成原理,虚拟存储器,记录虚页到物理页框映射关系的数据结构。,page table,4,5,王道2027计组，虚拟存储器，教材p130（PDF页141）,虚拟存储器,130,教材在“虚拟存储器”中出现或讲解“页表”；本节点概括为：记录虚页到物理页框映射关系的数据结构。
CO_OBJ_021,TLB,ComputingObject,计算机组成原理,虚拟存储器,缓存页表项、加速地址转换的高速部件。,快表,4,5,王道2027计组，虚拟存储器，教材p132（PDF页143）,虚拟存储器,132,教材在“虚拟存储器”中出现或讲解“TLB”；本节点概括为：缓存页表项、加速地址转换的高速部件。
CO_PRB_003,缺页,Problem,计算机组成原理,虚拟存储器,访问的虚页不在主存而需要调入的事件。,page fault,4,5,王道2027计组，虚拟存储器，教材p130（PDF页141）,虚拟存储器,130,教材在“虚拟存储器”中出现或讲解“缺页”；本节点概括为：访问的虚页不在主存而需要调入的事件。
CO_ALG_004,页面置换算法,Algorithm,计算机组成原理,虚拟存储器,缺页且主存页框不足时选择换出页面的策略。,page replacement,4,5,王道2027计组，虚拟存储器，教材p130-147（PDF页141起）,虚拟存储器,130,根据“虚拟存储器”的目录和知识点归纳入图；本节点概括为：缺页且主存页框不足时选择换出页面的策略。
CO_MEC_012,段式虚拟存储器,Mechanism,计算机组成原理,虚拟存储器,按逻辑段进行地址管理的虚拟存储器。,segmentation,4,3,王道2027计组，虚拟存储器，教材p131（PDF页142）,虚拟存储器,131,教材在“虚拟存储器”中出现或讲解“段式虚拟存储器”；本节点概括为：按逻辑段进行地址管理的虚拟存储器。
CO_MEC_013,段页式虚拟存储器,Mechanism,计算机组成原理,虚拟存储器,先分段再分页的虚拟存储器组织方式。,segmented paging,4,3,王道2027计组，虚拟存储器，教材p134（PDF页145）,虚拟存储器,134,教材在“虚拟存储器”中出现或讲解“段页式虚拟存储器”；本节点概括为：先分段再分页的虚拟存储器组织方式。
CO_CON_035,指令格式,Concept,计算机组成原理,指令系统,指令中操作码和地址码等字段的组织形式。,instruction format,3,5,王道2027计组，指令系统，教材p148（PDF页159）,指令系统,148,教材在“指令系统”中出现或讲解“指令格式”；本节点概括为：指令中操作码和地址码等字段的组织形式。
CO_CON_036,操作码,Concept,计算机组成原理,指令系统,指明指令操作类型的字段。,opcode,3,5,王道2027计组，指令系统，教材p149（PDF页160）,指令系统,149,教材在“指令系统”中出现或讲解“操作码”；本节点概括为：指明指令操作类型的字段。
CO_CON_037,地址码,Concept,计算机组成原理,指令系统,指出操作数或结果地址的字段。,address field,3,5,王道2027计组，指令系统，教材p149（PDF页160）,指令系统,149,教材在“指令系统”中出现或讲解“地址码”；本节点概括为：指出操作数或结果地址的字段。
CO_CON_038,定长操作码,Concept,计算机组成原理,指令系统,所有指令操作码字段长度相同的编码方式。,fixed-length opcode,3,4,王道2027计组，指令系统，教材p150（PDF页161）,指令系统,150,教材在“指令系统”中出现或讲解“定长操作码”；本节点概括为：所有指令操作码字段长度相同的编码方式。
CO_MEC_014,扩展操作码,Mechanism,计算机组成原理,指令系统,通过不同长度操作码扩大指令种类的编码方式。,expanding opcode,4,5,王道2027计组，指令系统，教材p150（PDF页161）,指令系统,150,教材在“指令系统”中出现或讲解“扩展操作码”；本节点概括为：通过不同长度操作码扩大指令种类的编码方式。
CO_CON_039,数据传送指令,Concept,计算机组成原理,指令系统,完成寄存器、主存等部件之间数据传送的指令。,move/load/store,2,4,王道2027计组，指令系统，教材p151（PDF页162）,指令系统,151,教材在“指令系统”中出现或讲解“数据传送指令”；本节点概括为：完成寄存器、主存等部件之间数据传送的指令。
CO_CON_040,算术逻辑指令,Concept,计算机组成原理,指令系统,完成算术或逻辑运算的指令。,ALU instruction,2,4,王道2027计组，指令系统，教材p148-155（PDF页159起）,指令系统,148,根据“指令系统”的目录和知识点归纳入图；本节点概括为：完成算术或逻辑运算的指令。
CO_CON_041,控制转移指令,Concept,计算机组成原理,指令系统,改变程序执行顺序的指令。,branch/jump,3,4,王道2027计组，指令系统，教材p148-155（PDF页159起）,指令系统,148,根据“指令系统”的目录和知识点归纳入图；本节点概括为：改变程序执行顺序的指令。
CO_MEC_015,指令寻址,Mechanism,计算机组成原理,寻址方式,确定下一条要执行指令地址的方式。,instruction addressing,3,5,王道2027计组，寻址方式，教材p156（PDF页167）,寻址方式,156,教材在“寻址方式”中出现或讲解“指令寻址”；本节点概括为：确定下一条要执行指令地址的方式。
CO_MEC_016,数据寻址,Mechanism,计算机组成原理,寻址方式,确定指令操作数有效地址的方式。,data addressing,4,5,王道2027计组，寻址方式，教材p156（PDF页167）,寻址方式,156,教材在“寻址方式”中出现或讲解“数据寻址”；本节点概括为：确定指令操作数有效地址的方式。
CO_MEC_017,立即寻址,Mechanism,计算机组成原理,寻址方式,操作数直接包含在指令中的寻址方式。,immediate addressing,3,4,王道2027计组，寻址方式，教材p157（PDF页168）,寻址方式,157,教材在“寻址方式”中出现或讲解“立即寻址”；本节点概括为：操作数直接包含在指令中的寻址方式。
CO_MEC_018,直接寻址,Mechanism,计算机组成原理,寻址方式,指令地址码直接给出操作数地址的寻址方式。,direct addressing,3,4,王道2027计组，寻址方式，教材p157（PDF页168）,寻址方式,157,教材在“寻址方式”中出现或讲解“直接寻址”；本节点概括为：指令地址码直接给出操作数地址的寻址方式。
CO_MEC_019,间接寻址,Mechanism,计算机组成原理,寻址方式,指令地址码给出存放操作数地址的地址。,indirect addressing,4,4,王道2027计组，寻址方式，教材p157（PDF页168）,寻址方式,157,教材在“寻址方式”中出现或讲解“间接寻址”；本节点概括为：指令地址码给出存放操作数地址的地址。
CO_MEC_020,寄存器寻址,Mechanism,计算机组成原理,寻址方式,操作数存放在寄存器中的寻址方式。,register addressing,3,4,王道2027计组，寻址方式，教材p157（PDF页168）,寻址方式,157,教材在“寻址方式”中出现或讲解“寄存器寻址”；本节点概括为：操作数存放在寄存器中的寻址方式。
CO_MEC_021,寄存器间接寻址,Mechanism,计算机组成原理,寻址方式,寄存器中存放操作数有效地址的寻址方式。,register indirect,4,4,王道2027计组，寻址方式，教材p157（PDF页168）,寻址方式,157,教材在“寻址方式”中出现或讲解“寄存器间接寻址”；本节点概括为：寄存器中存放操作数有效地址的寻址方式。
CO_MEC_022,基址寻址,Mechanism,计算机组成原理,寻址方式,基址寄存器内容与形式地址相加得到有效地址。,base addressing,4,4,王道2027计组，寻址方式，教材p159（PDF页170）,寻址方式,159,教材在“寻址方式”中出现或讲解“基址寻址”；本节点概括为：基址寄存器内容与形式地址相加得到有效地址。
CO_MEC_023,变址寻址,Mechanism,计算机组成原理,寻址方式,变址寄存器内容与形式地址相加得到有效地址。,indexed addressing,4,4,王道2027计组，寻址方式，教材p159（PDF页170）,寻址方式,159,教材在“寻址方式”中出现或讲解“变址寻址”；本节点概括为：变址寄存器内容与形式地址相加得到有效地址。
CO_MEC_024,相对寻址,Mechanism,计算机组成原理,寻址方式,PC内容与位移量相加得到目标地址。,relative addressing,4,5,王道2027计组，寻址方式，教材p158（PDF页169）,寻址方式,158,教材在“寻址方式”中出现或讲解“相对寻址”；本节点概括为：PC内容与位移量相加得到目标地址。
CO_CON_042,有效地址,Concept,计算机组成原理,寻址方式,根据寻址方式计算得到的操作数实际地址。,"EA,effective address",4,5,王道2027计组，寻址方式，教材p156（PDF页167）,寻址方式,156,教材在“寻址方式”中出现或讲解“有效地址”；本节点概括为：根据寻址方式计算得到的操作数实际地址。
CO_SYN_001,汇编指令,SyntaxElement,计算机组成原理,程序的机器级代码表示,机器指令的助记符形式。,assembly instruction,3,4,王道2027计组，程序的机器级代码表示，教材p171（PDF页182）,程序的机器级代码表示,171,教材在“程序的机器级代码表示”中出现或讲解“汇编指令”；本节点概括为：机器指令的助记符形式。
CO_SYN_002,选择语句机器级表示,SyntaxElement,计算机组成原理,程序的机器级代码表示,if/switch等选择结构在机器级代码中的实现方式。,if机器级表示,4,4,王道2027计组，程序的机器级代码表示，教材p171-189（PDF页182起）,程序的机器级代码表示,171,根据“程序的机器级代码表示”的目录和知识点归纳入图；本节点概括为：if/switch等选择结构在机器级代码中的实现方式。
CO_SYN_003,循环语句机器级表示,SyntaxElement,计算机组成原理,程序的机器级代码表示,while/for等循环结构在机器级代码中的实现方式。,loop机器级表示,4,4,王道2027计组，程序的机器级代码表示，教材p171-189（PDF页182起）,程序的机器级代码表示,171,根据“程序的机器级代码表示”的目录和知识点归纳入图；本节点概括为：while/for等循环结构在机器级代码中的实现方式。
CO_SYN_004,过程调用,SyntaxElement,计算机组成原理,程序的机器级代码表示,调用子程序/函数时保存返回地址、传参和恢复现场的机制。,"procedure call,function call",4,5,王道2027计组，程序的机器级代码表示，教材p179（PDF页190）,程序的机器级代码表示,179,教材在“程序的机器级代码表示”中出现或讲解“过程调用”；本节点概括为：调用子程序/函数时保存返回地址、传参和恢复现场的机制。
CO_DST_002,栈帧,DataStructure,计算机组成原理,程序的机器级代码表示,过程调用时在栈上保存参数、返回地址和局部变量的区域。,stack frame,4,4,王道2027计组，程序的机器级代码表示，教材p177（PDF页188）,程序的机器级代码表示,177,教材在“程序的机器级代码表示”中出现或讲解“栈帧”；本节点概括为：过程调用时在栈上保存参数、返回地址和局部变量的区域。
CO_EXA_003,机器级代码题,Example,计算机组成原理,程序的机器级代码表示,将C语言控制结构或过程调用分析为机器级执行过程的题目。,机器代码例题,4,3,王道2027计组，程序的机器级代码表示，教材p171-189（PDF页182起）,程序的机器级代码表示,171,根据“程序的机器级代码表示”的目录和知识点归纳入图；本节点概括为：将C语言控制结构或过程调用分析为机器级执行过程的题目。
CO_MOD_005,CISC,Model,计算机组成原理,CISC和RISC的基本概念,复杂指令系统计算机，指令复杂且长度/周期可能不规则。,复杂指令系统计算机,3,4,王道2027计组，CISC和RISC的基本概念，教材p190（PDF页201）,CISC和RISC的基本概念,190,教材在“CISC和RISC的基本概念”中出现或讲解“复杂指令系统计算机”；本节点概括为：复杂指令系统计算机，指令复杂且长度/周期可能不规则。
CO_MOD_006,RISC,Model,计算机组成原理,CISC和RISC的基本概念,精简指令系统计算机，指令简单规整并利于流水线。,精简指令系统计算机,3,4,王道2027计组，CISC和RISC的基本概念，教材p190（PDF页201）,CISC和RISC的基本概念,190,教材在“CISC和RISC的基本概念”中出现或讲解“精简指令系统计算机”；本节点概括为：精简指令系统计算机，指令简单规整并利于流水线。
CO_OBJ_022,寄存器组,ComputingObject,计算机组成原理,CPU的功能和基本结构,CPU内部用于高速暂存数据和地址的一组寄存器。,register file,3,5,王道2027计组，CPU的功能和基本结构，教材p196（PDF页207）,CPU的功能和基本结构,196,教材在“CPU的功能和基本结构”中出现或讲解“寄存器组”；本节点概括为：CPU内部用于高速暂存数据和地址的一组寄存器。
CO_OBJ_023,程序计数器,ComputingObject,计算机组成原理,CPU的功能和基本结构,保存下一条指令地址的寄存器。,PC,3,5,王道2027计组，CPU的功能和基本结构，教材p196（PDF页207）,CPU的功能和基本结构,196,教材在“CPU的功能和基本结构”中出现或讲解“程序计数器”；本节点概括为：保存下一条指令地址的寄存器。
CO_OBJ_024,指令寄存器,ComputingObject,计算机组成原理,CPU的功能和基本结构,保存当前正在执行指令的寄存器。,IR,3,5,王道2027计组，CPU的功能和基本结构，教材p196（PDF页207）,CPU的功能和基本结构,196,教材在“CPU的功能和基本结构”中出现或讲解“指令寄存器”；本节点概括为：保存当前正在执行指令的寄存器。
CO_OBJ_025,存储器地址寄存器,ComputingObject,计算机组成原理,CPU的功能和基本结构,保存要访问的主存地址的寄存器。,MAR,3,4,王道2027计组，CPU的功能和基本结构，教材p196（PDF页207）,CPU的功能和基本结构,196,教材在“CPU的功能和基本结构”中出现或讲解“存储器地址寄存器”；本节点概括为：保存要访问的主存地址的寄存器。
CO_OBJ_026,存储器数据寄存器,ComputingObject,计算机组成原理,CPU的功能和基本结构,保存从主存读出或写入主存数据的寄存器。,MDR,3,4,王道2027计组，CPU的功能和基本结构，教材p196（PDF页207）,CPU的功能和基本结构,196,教材在“CPU的功能和基本结构”中出现或讲解“存储器数据寄存器”；本节点概括为：保存从主存读出或写入主存数据的寄存器。
CO_CON_043,指令周期,Concept,计算机组成原理,指令执行过程,CPU取出并执行一条指令所需的完整时间过程。,instruction cycle,4,5,王道2027计组，指令执行过程，教材p202（PDF页213）,指令执行过程,202,教材在“指令执行过程”中出现或讲解“指令周期”；本节点概括为：CPU取出并执行一条指令所需的完整时间过程。
CO_OPE_012,取指,Operation,计算机组成原理,指令执行过程,根据PC从主存取出指令的操作。,fetch,3,5,王道2027计组，指令执行过程，教材p201（PDF页212）,指令执行过程,201,教材在“指令执行过程”中出现或讲解“取指”；本节点概括为：根据PC从主存取出指令的操作。
CO_OPE_013,译码,Operation,计算机组成原理,指令执行过程,分析指令操作码和地址码以确定操作的过程。,decode,3,5,王道2027计组，指令执行过程，教材p201（PDF页212）,指令执行过程,201,教材在“指令执行过程”中出现或讲解“译码”；本节点概括为：分析指令操作码和地址码以确定操作的过程。
CO_OPE_014,执行,Operation,计算机组成原理,指令执行过程,根据指令功能完成运算、访存或转移等动作。,execute,3,5,王道2027计组，指令执行过程，教材p201（PDF页212）,指令执行过程,201,教材在“指令执行过程”中出现或讲解“执行”；本节点概括为：根据指令功能完成运算、访存或转移等动作。
CO_OPE_015,访存,Operation,计算机组成原理,指令执行过程,访问主存读取或写入数据的操作。,memory access,3,4,王道2027计组，指令执行过程，教材p202（PDF页213）,指令执行过程,202,教材在“指令执行过程”中出现或讲解“访存”；本节点概括为：访问主存读取或写入数据的操作。
CO_MEC_025,时序控制,Mechanism,计算机组成原理,指令执行过程,按时钟和节拍组织控制信号的机制。,timing control,4,4,王道2027计组，指令执行过程，教材p202（PDF页213）,指令执行过程,202,教材在“指令执行过程”中出现或讲解“时序控制”；本节点概括为：按时钟和节拍组织控制信号的机制。
CO_OBJ_027,数据通路,ComputingObject,计算机组成原理,数据通路的功能和基本结构,CPU中数据流经并完成处理的硬件通路。,datapath,4,5,王道2027计组，数据通路的功能和基本结构，教材p206（PDF页217）,数据通路的功能和基本结构,206,教材在“数据通路的功能和基本结构”中出现或讲解“数据通路”；本节点概括为：CPU中数据流经并完成处理的硬件通路。
CO_MEC_026,单总线数据通路,Mechanism,计算机组成原理,数据通路的功能和基本结构,CPU内部各部件通过一条公共总线传送数据的数据通路结构。,single-bus datapath,4,5,王道2027计组，数据通路的功能和基本结构，教材p208（PDF页219）,数据通路的功能和基本结构,208,教材在“数据通路的功能和基本结构”中出现或讲解“单总线数据通路”；本节点概括为：CPU内部各部件通过一条公共总线传送数据的数据通路结构。
CO_MEC_027,专用数据通路,Mechanism,计算机组成原理,数据通路的功能和基本结构,为特定数据传送设置专用通路的数据通路结构。,dedicated datapath,4,4,王道2027计组，数据通路的功能和基本结构，教材p208（PDF页219）,数据通路的功能和基本结构,208,教材在“数据通路的功能和基本结构”中出现或讲解“专用数据通路”；本节点概括为：为特定数据传送设置专用通路的数据通路结构。
CO_OBJ_028,多路选择器,ComputingObject,计算机组成原理,数据通路的功能和基本结构,根据控制信号选择一路输入输出的部件。,MUX,3,4,王道2027计组，数据通路的功能和基本结构，教材p206（PDF页217）,数据通路的功能和基本结构,206,教材在“数据通路的功能和基本结构”中出现或讲解“多路选择器”；本节点概括为：根据控制信号选择一路输入输出的部件。
CO_OBJ_029,硬布线控制器,ComputingObject,计算机组成原理,控制器的功能和工作原理,由组合逻辑直接产生控制信号的控制器。,hardwired control,4,5,王道2027计组，控制器的功能和工作原理，教材p229（PDF页240）,控制器的功能和工作原理,229,教材在“控制器的功能和工作原理”中出现或讲解“硬布线控制器”；本节点概括为：由组合逻辑直接产生控制信号的控制器。
CO_OBJ_030,微程序控制器,ComputingObject,计算机组成原理,控制器的功能和工作原理,通过微指令和控制存储器产生控制信号的控制器。,microprogrammed control,4,5,王道2027计组，控制器的功能和工作原理，教材p229（PDF页240）,控制器的功能和工作原理,229,教材在“控制器的功能和工作原理”中出现或讲解“微程序控制器”；本节点概括为：通过微指令和控制存储器产生控制信号的控制器。
CO_CON_044,微指令,Concept,计算机组成原理,控制器的功能和工作原理,控制一个或多个微操作的控制字。,microinstruction,4,4,王道2027计组，控制器的功能和工作原理，教材p229（PDF页240）,控制器的功能和工作原理,229,教材在“控制器的功能和工作原理”中出现或讲解“微指令”；本节点概括为：控制一个或多个微操作的控制字。
CO_OPE_016,微操作,Operation,计算机组成原理,控制器的功能和工作原理,CPU内部一步基本操作。,micro-operation,4,4,王道2027计组，控制器的功能和工作原理，教材p229（PDF页240）,控制器的功能和工作原理,229,教材在“控制器的功能和工作原理”中出现或讲解“微操作”；本节点概括为：CPU内部一步基本操作。
CO_OBJ_031,控制存储器,ComputingObject,计算机组成原理,控制器的功能和工作原理,存放微程序的只读或高速控制存储部件。,control memory,4,4,王道2027计组，控制器的功能和工作原理，教材p230（PDF页241）,控制器的功能和工作原理,230,教材在“控制器的功能和工作原理”中出现或讲解“控制存储器”；本节点概括为：存放微程序的只读或高速控制存储部件。
CO_MEC_028,异常,Mechanism,计算机组成原理,异常和中断机制,CPU执行指令过程中由内部事件引起的控制流改变。,exception,4,5,王道2027计组，异常和中断机制，教材p242（PDF页253）,异常和中断机制,242,教材在“异常和中断机制”中出现或讲解“异常”；本节点概括为：CPU执行指令过程中由内部事件引起的控制流改变。
CO_MEC_029,中断,Mechanism,计算机组成原理,异常和中断机制,通常由外部事件引起、使CPU暂停当前程序转去处理事件的机制。,interrupt,4,5,王道2027计组，异常和中断机制，教材p242（PDF页253）,异常和中断机制,242,教材在“异常和中断机制”中出现或讲解“中断”；本节点概括为：通常由外部事件引起、使CPU暂停当前程序转去处理事件的机制。
CO_OPE_017,中断响应,Operation,计算机组成原理,异常和中断机制,CPU识别并转入中断服务程序的过程。,interrupt response,4,5,王道2027计组，异常和中断机制，教材p243（PDF页254）,异常和中断机制,243,教材在“异常和中断机制”中出现或讲解“中断响应”；本节点概括为：CPU识别并转入中断服务程序的过程。
CO_CON_045,中断服务程序,Concept,计算机组成原理,异常和中断机制,处理中断事件的程序。,ISR,4,4,王道2027计组，异常和中断机制，教材p242（PDF页253）,异常和中断机制,242,教材在“异常和中断机制”中出现或讲解“中断服务程序”；本节点概括为：处理中断事件的程序。
CO_DST_003,中断向量,DataStructure,计算机组成原理,异常和中断机制,保存中断服务程序入口地址的信息。,interrupt vector,4,4,王道2027计组，异常和中断机制，教材p244（PDF页255）,异常和中断机制,244,教材在“异常和中断机制”中出现或讲解“中断向量”；本节点概括为：保存中断服务程序入口地址的信息。
CO_MEC_030,中断屏蔽,Mechanism,计算机组成原理,异常和中断机制,根据屏蔽字控制是否响应某些中断请求的机制。,interrupt mask,4,4,王道2027计组，异常和中断机制，教材p243（PDF页254）,异常和中断机制,243,教材在“异常和中断机制”中出现或讲解“中断屏蔽”；本节点概括为：根据屏蔽字控制是否响应某些中断请求的机制。
CO_PRP_004,及时响应,Property,计算机组成原理,异常和中断机制,系统能及时处理外部或内部事件的性质。,responsiveness,3,4,王道2027计组，异常和中断机制，教材p243（PDF页254）,异常和中断机制,243,教材在“异常和中断机制”中出现或讲解“及时响应”；本节点概括为：系统能及时处理外部或内部事件的性质。
CO_CON_046,流水段,Concept,计算机组成原理,指令流水线,流水线中的一个处理阶段。,pipeline stage,4,4,王道2027计组，指令流水线，教材p247（PDF页258）,指令流水线,247,教材在“指令流水线”中出现或讲解“流水段”；本节点概括为：流水线中的一个处理阶段。
CO_PRB_004,结构冒险,Problem,计算机组成原理,指令流水线,多条指令同时争用同一硬件资源造成的冲突。,structural hazard,4,5,王道2027计组，指令流水线，教材p251（PDF页262）,指令流水线,251,教材在“指令流水线”中出现或讲解“结构冒险”；本节点概括为：多条指令同时争用同一硬件资源造成的冲突。
CO_PRB_005,数据冒险,Problem,计算机组成原理,指令流水线,指令间数据相关导致的冲突。,data hazard,4,5,王道2027计组，指令流水线，教材p251（PDF页262）,指令流水线,251,教材在“指令流水线”中出现或讲解“数据冒险”；本节点概括为：指令间数据相关导致的冲突。
CO_PRB_006,控制冒险,Problem,计算机组成原理,指令流水线,分支等控制转移指令导致取指方向不确定的冲突。,control hazard,4,5,王道2027计组，指令流水线，教材p251（PDF页262）,指令流水线,251,教材在“指令流水线”中出现或讲解“控制冒险”；本节点概括为：分支等控制转移指令导致取指方向不确定的冲突。
CO_MEC_031,转发,Mechanism,计算机组成原理,指令流水线,把中间结果直接送给后续指令以减少数据冒险的技术。,forwarding,4,4,王道2027计组，指令流水线，教材p253（PDF页264）,指令流水线,253,教材在“指令流水线”中出现或讲解“转发”；本节点概括为：把中间结果直接送给后续指令以减少数据冒险的技术。
CO_MEC_032,阻塞,Mechanism,计算机组成原理,指令流水线,暂停流水线部分阶段等待条件满足的处理方式。,stall,4,4,王道2027计组，指令流水线，教材p249（PDF页260）,指令流水线,249,教材在“指令流水线”中出现或讲解“阻塞”；本节点概括为：暂停流水线部分阶段等待条件满足的处理方式。
CO_MEC_033,分支预测,Mechanism,计算机组成原理,指令流水线,预测分支方向以降低控制冒险代价的技术。,branch prediction,5,4,王道2027计组，指令流水线，教材p254（PDF页265）,指令流水线,254,教材在“指令流水线”中出现或讲解“分支预测”；本节点概括为：预测分支方向以降低控制冒险代价的技术。
CO_MEC_034,超标量,Mechanism,计算机组成原理,指令流水线,每个时钟周期可发射多条指令的高级流水线技术。,superscalar,5,3,王道2027计组，指令流水线，教材p247（PDF页258）,指令流水线,247,教材在“指令流水线”中出现或讲解“超标量”；本节点概括为：每个时钟周期可发射多条指令的高级流水线技术。
CO_MOD_007,SISD,Model,计算机组成原理,多处理器的基本概念,单指令流单数据流的计算机组织。,single instruction single data,3,3,王道2027计组，多处理器的基本概念，教材p267（PDF页278）,多处理器的基本概念,267,教材在“多处理器的基本概念”中出现或讲解“SISD”；本节点概括为：单指令流单数据流的计算机组织。
CO_MOD_008,SIMD,Model,计算机组成原理,多处理器的基本概念,单指令流多数据流的并行处理模型。,single instruction multiple data,3,4,王道2027计组，多处理器的基本概念，教材p267（PDF页278）,多处理器的基本概念,267,教材在“多处理器的基本概念”中出现或讲解“SIMD”；本节点概括为：单指令流多数据流的并行处理模型。
CO_MOD_009,MIMD,Model,计算机组成原理,多处理器的基本概念,多指令流多数据流的并行处理模型。,multiple instruction multiple data,3,4,王道2027计组，多处理器的基本概念，教材p267（PDF页278）,多处理器的基本概念,267,教材在“多处理器的基本概念”中出现或讲解“MIMD”；本节点概括为：多指令流多数据流的并行处理模型。
CO_MEC_035,硬件多线程,Mechanism,计算机组成原理,多处理器的基本概念,处理器硬件同时维护多个线程状态以提高利用率的技术。,hardware multithreading,4,3,王道2027计组，多处理器的基本概念，教材p268（PDF页279）,多处理器的基本概念,268,教材在“多处理器的基本概念”中出现或讲解“硬件多线程”；本节点概括为：处理器硬件同时维护多个线程状态以提高利用率的技术。
CO_OBJ_032,多核处理器,ComputingObject,计算机组成原理,多处理器的基本概念,在一个芯片上集成多个处理核心的处理器。,multi-core processor,3,4,王道2027计组，多处理器的基本概念，教材p269（PDF页280）,多处理器的基本概念,269,教材在“多处理器的基本概念”中出现或讲解“多核处理器”；本节点概括为：在一个芯片上集成多个处理核心的处理器。
CO_MOD_010,共享内存多处理器,Model,计算机组成原理,多处理器的基本概念,多个处理器共享同一地址空间的多处理器系统。,shared-memory multiprocessor,4,4,王道2027计组，多处理器的基本概念，教材p269（PDF页280）,多处理器的基本概念,269,教材在“多处理器的基本概念”中出现或讲解“共享内存多处理器”；本节点概括为：多个处理器共享同一地址空间的多处理器系统。
CO_OBJ_033,数据总线,ComputingObject,计算机组成原理,总线概述,传输数据信息的总线。,data bus,2,4,王道2027计组，总线概述，教材p274（PDF页285）,总线概述,274,教材在“总线概述”中出现或讲解“数据总线”；本节点概括为：传输数据信息的总线。
CO_OBJ_034,地址总线,ComputingObject,计算机组成原理,总线概述,传输地址信息的总线。,address bus,2,4,王道2027计组，总线概述，教材p274（PDF页285）,总线概述,274,教材在“总线概述”中出现或讲解“地址总线”；本节点概括为：传输地址信息的总线。
CO_OBJ_035,控制总线,ComputingObject,计算机组成原理,总线概述,传输控制和状态信号的总线。,control bus,2,4,王道2027计组，总线概述，教材p275（PDF页286）,总线概述,275,教材在“总线概述”中出现或讲解“控制总线”；本节点概括为：传输控制和状态信号的总线。
CO_OBJ_036,片内总线,ComputingObject,计算机组成原理,总线概述,芯片内部部件之间的连接通路。,on-chip bus,2,3,王道2027计组，总线概述，教材p274（PDF页285）,总线概述,274,教材在“总线概述”中出现或讲解“片内总线”；本节点概括为：芯片内部部件之间的连接通路。
CO_OBJ_037,系统总线,ComputingObject,计算机组成原理,总线概述,连接CPU、主存和I/O接口等主要部件的总线。,system bus,3,5,王道2027计组，总线概述，教材p274（PDF页285）,总线概述,274,教材在“总线概述”中出现或讲解“系统总线”；本节点概括为：连接CPU、主存和I/O接口等主要部件的总线。
CO_OBJ_038,I/O总线,ComputingObject,计算机组成原理,总线概述,连接I/O设备和主机系统的总线。,I/O bus,3,4,王道2027计组，总线概述，教材p275（PDF页286）,总线概述,275,教材在“总线概述”中出现或讲解“I/O总线”；本节点概括为：连接I/O设备和主机系统的总线。
CO_MET_016,总线带宽,Metric,计算机组成原理,总线概述,单位时间内总线可传输的数据量。,bus bandwidth,3,5,王道2027计组，总线概述，教材p274（PDF页285）,总线概述,274,教材在“总线概述”中出现或讲解“总线带宽”；本节点概括为：单位时间内总线可传输的数据量。
CO_MET_017,总线周期,Metric,计算机组成原理,总线概述,完成一次总线操作所需时间。,bus cycle,3,4,王道2027计组，总线概述，教材p276（PDF页287）,总线概述,276,教材在“总线概述”中出现或讲解“总线周期”；本节点概括为：完成一次总线操作所需时间。
CO_MOD_011,总线结构,Model,计算机组成原理,总线概述,总线在系统中的连接组织方式。,bus structure,3,4,王道2027计组，总线概述，教材p274（PDF页285）,总线概述,274,教材在“总线概述”中出现或讲解“总线结构”；本节点概括为：总线在系统中的连接组织方式。
CO_PTC_001,总线事务,Protocol,计算机组成原理,总线事务和定时,一次完整总线操作过程，包括申请、寻址、传输和结束等。,bus transaction,4,5,王道2027计组，总线事务和定时，教材p283（PDF页294）,总线事务和定时,283,教材在“总线事务和定时”中出现或讲解“总线事务”；本节点概括为：一次完整总线操作过程，包括申请、寻址、传输和结束等。
CO_OPE_018,读事务,Operation,计算机组成原理,总线事务和定时,通过总线从目标部件读取数据的事务。,read transaction,3,4,王道2027计组，总线事务和定时，教材p283-290（PDF页294起）,总线事务和定时,283,根据“总线事务和定时”的目录和知识点归纳入图；本节点概括为：通过总线从目标部件读取数据的事务。
CO_OPE_019,写事务,Operation,计算机组成原理,总线事务和定时,通过总线向目标部件写入数据的事务。,write transaction,3,4,王道2027计组，总线事务和定时，教材p283-290（PDF页294起）,总线事务和定时,283,根据“总线事务和定时”的目录和知识点归纳入图；本节点概括为：通过总线向目标部件写入数据的事务。
CO_MEC_036,总线定时,Mechanism,计算机组成原理,总线事务和定时,规定总线通信中各信号时序关系的机制。,bus timing,4,5,王道2027计组，总线事务和定时，教材p284（PDF页295）,总线事务和定时,284,教材在“总线事务和定时”中出现或讲解“总线定时”；本节点概括为：规定总线通信中各信号时序关系的机制。
CO_MEC_037,同步定时,Mechanism,计算机组成原理,总线事务和定时,以统一时钟控制总线操作的定时方式。,synchronous timing,3,4,王道2027计组，总线事务和定时，教材p284（PDF页295）,总线事务和定时,284,教材在“总线事务和定时”中出现或讲解“同步定时”；本节点概括为：以统一时钟控制总线操作的定时方式。
CO_MEC_038,异步定时,Mechanism,计算机组成原理,总线事务和定时,通过握手信号协调总线操作的定时方式。,asynchronous timing,4,4,王道2027计组，总线事务和定时，教材p285（PDF页296）,总线事务和定时,285,教材在“总线事务和定时”中出现或讲解“异步定时”；本节点概括为：通过握手信号协调总线操作的定时方式。
CO_MEC_039,半同步定时,Mechanism,计算机组成原理,总线事务和定时,兼具同步控制和等待响应的总线定时方式。,semi-synchronous timing,4,3,王道2027计组，总线事务和定时，教材p285（PDF页296）,总线事务和定时,285,教材在“总线事务和定时”中出现或讲解“半同步定时”；本节点概括为：兼具同步控制和等待响应的总线定时方式。
CO_PRB_007,总线仲裁,Problem,计算机组成原理,总线事务和定时,多个主设备竞争总线使用权时的分配问题。,bus arbitration,4,4,王道2027计组，总线事务和定时，教材p286（PDF页297）,总线事务和定时,286,教材在“总线事务和定时”中出现或讲解“总线仲裁”；本节点概括为：多个主设备竞争总线使用权时的分配问题。
CO_CON_047,I/O系统,Concept,计算机组成原理,I/O系统基本概念,连接主机与外部设备并完成输入输出的系统。,input/output system,3,5,王道2027计组，I/O系统基本概念，教材p291（PDF页302）,I/O系统基本概念,291,教材在“I/O系统基本概念”中出现或讲解“I/O系统”；本节点概括为：连接主机与外部设备并完成输入输出的系统。
CO_OBJ_039,外部设备,ComputingObject,计算机组成原理,I/O系统基本概念,与主机交换信息的输入、输出或外存设备。,peripheral,2,4,王道2027计组，I/O系统基本概念，教材p291（PDF页302）,I/O系统基本概念,291,教材在“I/O系统基本概念”中出现或讲解“外部设备”；本节点概括为：与主机交换信息的输入、输出或外存设备。
CO_OBJ_040,I/O端口,ComputingObject,计算机组成原理,I/O接口,CPU访问I/O接口内部寄存器的地址单元。,I/O port,4,5,王道2027计组，I/O接口，教材p293（PDF页304）,I/O接口,293,教材在“I/O接口”中出现或讲解“I/O端口”；本节点概括为：CPU访问I/O接口内部寄存器的地址单元。
CO_MEC_040,统一编址,Mechanism,计算机组成原理,I/O接口,I/O端口与主存统一在一个地址空间中编址。,memory-mapped I/O,4,4,王道2027计组，I/O接口，教材p295（PDF页306）,I/O接口,295,教材在“I/O接口”中出现或讲解“统一编址”；本节点概括为：I/O端口与主存统一在一个地址空间中编址。
CO_MEC_041,独立编址,Mechanism,计算机组成原理,I/O接口,I/O端口拥有独立于主存的地址空间。,isolated I/O,4,4,王道2027计组，I/O接口，教材p295（PDF页306）,I/O接口,295,教材在“I/O接口”中出现或讲解“独立编址”；本节点概括为：I/O端口拥有独立于主存的地址空间。
CO_OBJ_041,数据寄存器,ComputingObject,计算机组成原理,I/O接口,I/O接口中暂存输入输出数据的寄存器。,data register,3,4,王道2027计组，I/O接口，教材p293-298（PDF页304起）,I/O接口,293,根据“I/O接口”的目录和知识点归纳入图；本节点概括为：I/O接口中暂存输入输出数据的寄存器。
CO_OBJ_042,状态寄存器,ComputingObject,计算机组成原理,I/O接口,I/O接口中保存设备状态的寄存器。,status register,3,4,王道2027计组，I/O接口，教材p294（PDF页305）,I/O接口,294,教材在“I/O接口”中出现或讲解“状态寄存器”；本节点概括为：I/O接口中保存设备状态的寄存器。
CO_OBJ_043,控制寄存器,ComputingObject,计算机组成原理,I/O接口,I/O接口中保存控制命令的寄存器。,control register,3,4,王道2027计组，I/O接口，教材p294（PDF页305）,I/O接口,294,教材在“I/O接口”中出现或讲解“控制寄存器”；本节点概括为：I/O接口中保存控制命令的寄存器。
CO_MEC_042,程序查询方式,Mechanism,计算机组成原理,I/O方式,CPU反复查询设备状态并完成数据传送的I/O方式。,polling,3,5,王道2027计组，I/O方式，教材p299（PDF页310）,I/O方式,299,教材在“I/O方式”中出现或讲解“程序查询方式”；本节点概括为：CPU反复查询设备状态并完成数据传送的I/O方式。
CO_MEC_043,程序中断方式,Mechanism,计算机组成原理,I/O方式,设备就绪后通过中断通知CPU进行处理的I/O方式。,interrupt-driven I/O,4,5,王道2027计组，I/O方式，教材p300（PDF页311）,I/O方式,300,教材在“I/O方式”中出现或讲解“程序中断方式”；本节点概括为：设备就绪后通过中断通知CPU进行处理的I/O方式。
CO_MEC_044,DMA方式,Mechanism,计算机组成原理,I/O方式,外设与主存之间直接成批传送数据、减少CPU干预的I/O方式。,direct memory access,4,5,王道2027计组，I/O方式，教材p305（PDF页316）,I/O方式,305,教材在“I/O方式”中出现或讲解“DMA方式”；本节点概括为：外设与主存之间直接成批传送数据、减少CPU干预的I/O方式。
CO_OBJ_044,DMA控制器,ComputingObject,计算机组成原理,I/O方式,控制DMA传送过程的专用部件。,DMAC,4,5,王道2027计组，I/O方式，教材p306（PDF页317）,I/O方式,306,教材在“I/O方式”中出现或讲解“DMA控制器”；本节点概括为：控制DMA传送过程的专用部件。
CO_MET_018,CPU利用率,Metric,计算机组成原理,I/O方式,CPU有效执行程序时间占总时间的比例。,CPU utilization,3,4,王道2027计组，I/O方式，教材p299-327（PDF页310起）,I/O方式,299,根据“I/O方式”的目录和知识点归纳入图；本节点概括为：CPU有效执行程序时间占总时间的比例。
CO_MET_019,数据传输效率,Metric,计算机组成原理,I/O方式,I/O数据传输的效率或速度。,I/O throughput,3,4,王道2027计组，I/O方式，教材p299-327（PDF页310起）,I/O方式,299,根据“I/O方式”的目录和知识点归纳入图；本节点概括为：I/O数据传输的效率或速度。
CO_PRP_005,透明性,Property,计算机组成原理,虚拟存储器,底层机制对上层程序员不可见或不必关心的性质。,transparent,3,3,王道2027计组，虚拟存储器，教材p130-147（PDF页141起）,虚拟存储器,130,根据“虚拟存储器”的目录和知识点归纳入图；本节点概括为：底层机制对上层程序员不可见或不必关心的性质。
CO_MET_020,中断优先级,Metric,计算机组成原理,异常和中断机制,多个中断源同时请求时的响应或处理先后顺序。,interrupt priority,4,4,王道2027计组，异常和中断机制，教材p242-246（PDF页253起）,异常和中断机制,242,根据“异常和中断机制”的目录和知识点归纳入图；本节点概括为：多个中断源同时请求时的响应或处理先后顺序。
CO_PRP_006,高速性,Property,计算机组成原理,高速缓冲存储器,访问速度高、靠近CPU的性质。,,2,3,王道2027计组，高速缓冲存储器，教材p109-129（PDF页120起）,高速缓冲存储器,109,根据“高速缓冲存储器”的目录和知识点归纳入图；本节点概括为：访问速度高、靠近CPU的性质。
CO_PRP_007,非易失性,Property,计算机组成原理,主存储器,断电后数据仍可保持的性质。,,2,3,王道2027计组，主存储器，教材p85（PDF页96）,主存储器,85,教材在“主存储器”中出现或讲解“非易失性”；本节点概括为：断电后数据仍可保持的性质。
CO_PRP_008,并行性,Property,计算机组成原理,多处理器的基本概念,多个操作可同时进行的性质。,,2,3,王道2027计组，多处理器的基本概念，教材p267-273（PDF页278起）,多处理器的基本概念,267,根据“多处理器的基本概念”的目录和知识点归纳入图；本节点概括为：多个操作可同时进行的性质。
CN_CRS_001,计算机网络,Course,计算机网络,,由分散自治的计算机系统经通信设备和线路互连，并依靠协议实现资源共享与信息传递的系统。,"计网,网络,Computer Network",3,5,王道2027计网，内容简介，PDF页2,内容简介,2,教材内容简介说明本书包括网络体系结构、物理层、数据链路层、网络层、传输层、应用层等内容；本节点概括为：由分散自治的计算机系统经通信设备和线路互连，并依靠协议实现资源共享与信息传递的系统。
CN_TOP_001,第1章 计算机网络体系结构,Topic,计算机网络,第1章 计算机网络体系结构,建立计算机网络概念、组成、交换方式、性能指标、分层结构与参考模型的基础认识。,,3,5,王道2027计网，第1章 计算机网络体系结构，教材p1（PDF页12）,第1章 计算机网络体系结构,1,教材在“第1章 计算机网络体系结构”中出现或讲解“第1章 计算机网络体系结构”；本节点概括为：建立计算机网络概念、组成、交换方式、性能指标、分层结构与参考模型的基础认识。
CN_TOP_002,计算机网络概述,Topic,计算机网络,第1章 计算机网络体系结构,从整体上介绍计算机网络概述的基本对象、作用、结构和常见考点。,,3,4,王道2027计网，计算机网络概述，教材p1（PDF页12）,计算机网络概述,1,教材在“计算机网络概述”中出现或讲解“计算机网络概述”；本节点概括为：从整体上介绍计算机网络概述的基本对象、作用、结构和常见考点。
CN_TOP_003,计算机网络的概念,Concept,计算机网络,第1章 计算机网络体系结构,说明网络、互连网、互联网、ISP等基本术语及计算机网络的基本定义。,,2,4,王道2027计网，计算机网络的概念，教材p1（PDF页12）,计算机网络的概念,1,教材在“计算机网络的概念”中出现或讲解“计算机网络的概念”；本节点概括为：说明网络、互连网、互联网、ISP等基本术语及计算机网络的基本定义。
CN_TOP_004,计算机网络的组成,Concept,计算机网络,第1章 计算机网络体系结构,从组成部分、工作方式和功能组成三个角度说明网络硬件、软件、协议、边缘/核心和通信/资源子网。,,2,4,王道2027计网，计算机网络的组成，教材p2（PDF页13）,计算机网络的组成,2,教材在“计算机网络的组成”中出现或讲解“计算机网络的组成”；本节点概括为：从组成部分、工作方式和功能组成三个角度说明网络硬件、软件、协议、边缘/核心和通信/资源子网。
CN_TOP_005,计算机网络的功能,Concept,计算机网络,第1章 计算机网络体系结构,概括数据通信、资源共享、分布式处理、可靠性提升和负载均衡等网络作用。,,2,4,王道2027计网，计算机网络的功能，教材p2（PDF页13）,计算机网络的功能,2,教材在“计算机网络的功能”中出现或讲解“计算机网络的功能”；本节点概括为：概括数据通信、资源共享、分布式处理、可靠性提升和负载均衡等网络作用。
CN_TOP_006,数据通信,Concept,计算机网络,第1章 计算机网络体系结构,属于“计算机网络的功能”下的核心知识点，用于理解第1章 计算机网络体系结构中的相关原理和考点。,,3,4,王道2027计网，数据通信，教材p2（PDF页13）,数据通信,2,教材在“数据通信”中出现或讲解“数据通信”；本节点概括为：属于“计算机网络的功能”下的核心知识点，用于理解第1章 计算机网络体系结构中的相关原理和考点。
CN_TOP_007,资源共享,Concept,计算机网络,第1章 计算机网络体系结构,属于“计算机网络的功能”下的核心知识点，用于理解第1章 计算机网络体系结构中的相关原理和考点。,,3,4,王道2027计网，资源共享，教材p2（PDF页13）,资源共享,2,教材在“资源共享”中出现或讲解“资源共享”；本节点概括为：属于“计算机网络的功能”下的核心知识点，用于理解第1章 计算机网络体系结构中的相关原理和考点。
CN_TOP_008,分布式处理,Concept,计算机网络,第1章 计算机网络体系结构,属于“计算机网络的功能”下的核心知识点，用于理解第1章 计算机网络体系结构中的相关原理和考点。,,3,4,王道2027计网，分布式处理，教材p2（PDF页13）,分布式处理,2,教材在“分布式处理”中出现或讲解“分布式处理”；本节点概括为：属于“计算机网络的功能”下的核心知识点，用于理解第1章 计算机网络体系结构中的相关原理和考点。
CN_TOP_009,提高可靠性,Concept,计算机网络,第1章 计算机网络体系结构,属于“计算机网络的功能”下的核心知识点，用于理解第1章 计算机网络体系结构中的相关原理和考点。,,4,4,王道2027计网，提高可靠性，教材p2（PDF页13）,提高可靠性,2,教材在“提高可靠性”中出现或讲解“提高可靠性”；本节点概括为：属于“计算机网络的功能”下的核心知识点，用于理解第1章 计算机网络体系结构中的相关原理和考点。
CN_TOP_010,负载均衡,Concept,计算机网络,第1章 计算机网络体系结构,属于“计算机网络的功能”下的核心知识点，用于理解第1章 计算机网络体系结构中的相关原理和考点。,,3,4,王道2027计网，负载均衡，教材p3（PDF页14）,负载均衡,3,教材在“负载均衡”中出现或讲解“负载均衡”；本节点概括为：属于“计算机网络的功能”下的核心知识点，用于理解第1章 计算机网络体系结构中的相关原理和考点。
CN_TOP_011,电路交换、报文交换与分组交换,DataStructure,计算机网络,第1章 计算机网络体系结构,描述电路交换、报文交换与分组交换的数据组织方式、字段含义或标识作用。,,3,5,王道2027计网，电路交换、报文交换与分组交换，教材p3（PDF页14）,电路交换、报文交换与分组交换,3,教材在“电路交换、报文交换与分组交换”中出现或讲解“电路交换、报文交换与分组交换”；本节点概括为：描述电路交换、报文交换与分组交换的数据组织方式、字段含义或标识作用。
CN_TOP_012,电路交换,Mechanism,计算机网络,第1章 计算机网络体系结构,通信前建立端到端专用物理通路，通信期间独占线路，适合连续、大量、实时的数据传输。,,3,4,王道2027计网，电路交换，教材p3（PDF页14）,电路交换,3,教材在“电路交换”中出现或讲解“电路交换”；本节点概括为：通信前建立端到端专用物理通路，通信期间独占线路，适合连续、大量、实时的数据传输。
CN_TOP_013,报文交换,DataStructure,计算机网络,第1章 计算机网络体系结构,以完整报文为单位进行存储转发，无需预先建立连接，但节点缓存和时延开销较大。,,3,4,王道2027计网，报文交换，教材p3（PDF页14）,报文交换,3,教材在“报文交换”中出现或讲解“报文交换”；本节点概括为：以完整报文为单位进行存储转发，无需预先建立连接，但节点缓存和时延开销较大。
CN_TOP_014,分组交换,DataStructure,计算机网络,第1章 计算机网络体系结构,把报文划分为较小分组并逐跳存储转发，适合突发式数据通信，是现代计算机网络核心方式。,,3,5,王道2027计网，分组交换，教材p4（PDF页15）,分组交换,4,教材在“分组交换”中出现或讲解“分组交换”；本节点概括为：把报文划分为较小分组并逐跳存储转发，适合突发式数据通信，是现代计算机网络核心方式。
CN_TOP_015,计算机网络的分类,Concept,计算机网络,第1章 计算机网络体系结构,属于“计算机网络概述”下的核心知识点，用于理解第1章 计算机网络体系结构中的相关原理和考点。,,2,4,王道2027计网，计算机网络的分类，教材p5（PDF页16）,计算机网络的分类,5,教材在“计算机网络的分类”中出现或讲解“计算机网络的分类”；本节点概括为：属于“计算机网络概述”下的核心知识点，用于理解第1章 计算机网络体系结构中的相关原理和考点。
CN_TOP_016,按分布范围分类,Concept,计算机网络,第1章 计算机网络体系结构,属于“计算机网络的分类”下的核心知识点，用于理解第1章 计算机网络体系结构中的相关原理和考点。,,2,4,王道2027计网，按分布范围分类，教材p5（PDF页16）,按分布范围分类,5,教材在“按分布范围分类”中出现或讲解“按分布范围分类”；本节点概括为：属于“计算机网络的分类”下的核心知识点，用于理解第1章 计算机网络体系结构中的相关原理和考点。
CN_TOP_017,按传输技术分类,Concept,计算机网络,第1章 计算机网络体系结构,属于“计算机网络的分类”下的核心知识点，用于理解第1章 计算机网络体系结构中的相关原理和考点。,,2,4,王道2027计网，按传输技术分类，教材p6（PDF页17）,按传输技术分类,6,教材在“按传输技术分类”中出现或讲解“按传输技术分类”；本节点概括为：属于“计算机网络的分类”下的核心知识点，用于理解第1章 计算机网络体系结构中的相关原理和考点。
CN_TOP_018,按拓扑结构分类,Concept,计算机网络,第1章 计算机网络体系结构,属于“计算机网络的分类”下的核心知识点，用于理解第1章 计算机网络体系结构中的相关原理和考点。,,2,4,王道2027计网，按拓扑结构分类，教材p6（PDF页17）,按拓扑结构分类,6,教材在“按拓扑结构分类”中出现或讲解“按拓扑结构分类”；本节点概括为：属于“计算机网络的分类”下的核心知识点，用于理解第1章 计算机网络体系结构中的相关原理和考点。
CN_TOP_019,按使用者分类,Concept,计算机网络,第1章 计算机网络体系结构,属于“计算机网络的分类”下的核心知识点，用于理解第1章 计算机网络体系结构中的相关原理和考点。,,2,4,王道2027计网，按使用者分类，教材p6（PDF页17）,按使用者分类,6,教材在“按使用者分类”中出现或讲解“按使用者分类”；本节点概括为：属于“计算机网络的分类”下的核心知识点，用于理解第1章 计算机网络体系结构中的相关原理和考点。
CN_TOP_020,按传输介质分类,ComputingObject,计算机网络,第1章 计算机网络体系结构,属于“计算机网络的分类”下的核心知识点，用于理解第1章 计算机网络体系结构中的相关原理和考点。,,2,4,王道2027计网，按传输介质分类，教材p6（PDF页17）,按传输介质分类,6,教材在“按传输介质分类”中出现或讲解“按传输介质分类”；本节点概括为：属于“计算机网络的分类”下的核心知识点，用于理解第1章 计算机网络体系结构中的相关原理和考点。
CN_TOP_021,计算机网络的性能指标,Metric,计算机网络,第1章 计算机网络体系结构,用速率、带宽、吞吐量、时延、时延带宽积、往返时延和信道利用率等指标衡量网络性能。,,3,5,王道2027计网，计算机网络的性能指标，教材p7（PDF页18）,计算机网络的性能指标,7,教材在“计算机网络的性能指标”中出现或讲解“计算机网络的性能指标”；本节点概括为：用速率、带宽、吞吐量、时延、时延带宽积、往返时延和信道利用率等指标衡量网络性能。
CN_TOP_022,计算机网络体系结构与参考模型,Topic,计算机网络,第1章 计算机网络体系结构,用于抽象描述计算机网络体系结构与参考模型的组成层次、交互关系或工作方式。,,3,4,王道2027计网，计算机网络体系结构与参考模型，教材p15（PDF页26）,计算机网络体系结构与参考模型,15,教材在“计算机网络体系结构与参考模型”中出现或讲解“计算机网络体系结构与参考模型”；本节点概括为：用于抽象描述计算机网络体系结构与参考模型的组成层次、交互关系或工作方式。
CN_TOP_023,计算机网络分层结构,Concept,计算机网络,第1章 计算机网络体系结构,把复杂通信过程划分为相互配合的层次，每层向上提供服务并使用下层服务。,,3,4,王道2027计网，计算机网络分层结构，教材p15（PDF页26）,计算机网络分层结构,15,教材在“计算机网络分层结构”中出现或讲解“计算机网络分层结构”；本节点概括为：把复杂通信过程划分为相互配合的层次，每层向上提供服务并使用下层服务。
CN_TOP_024,计算机网络协议、服务、接口的概念,Protocol,计算机网络,第1章 计算机网络体系结构,区分协议、服务与接口三类概念，理解分层体系结构中同层通信和相邻层交互。,,2,4,王道2027计网，计算机网络协议、服务、接口的概念，教材p16（PDF页27）,计算机网络协议、服务、接口的概念,16,教材在“计算机网络协议、服务、接口的概念”中出现或讲解“计算机网络协议、服务、接口的概念”；本节点概括为：区分协议、服务与接口三类概念，理解分层体系结构中同层通信和相邻层交互。
CN_TOP_025,协议,Protocol,计算机网络,第1章 计算机网络体系结构,规定协议相关通信实体之间的报文格式、交互过程和处理规则。,,3,4,王道2027计网，协议，教材p16（PDF页27）,协议,16,教材在“协议”中出现或讲解“协议”；本节点概括为：规定协议相关通信实体之间的报文格式、交互过程和处理规则。
CN_TOP_026,接口,Concept,计算机网络,第1章 计算机网络体系结构,属于“计算机网络协议、服务、接口的概念”下的核心知识点，用于理解第1章 计算机网络体系结构中的相关原理和考点。,,3,4,王道2027计网，接口，教材p16（PDF页27）,接口,16,教材在“接口”中出现或讲解“接口”；本节点概括为：属于“计算机网络协议、服务、接口的概念”下的核心知识点，用于理解第1章 计算机网络体系结构中的相关原理和考点。
CN_TOP_027,服务,Concept,计算机网络,第1章 计算机网络体系结构,属于“计算机网络协议、服务、接口的概念”下的核心知识点，用于理解第1章 计算机网络体系结构中的相关原理和考点。,,3,4,王道2027计网，服务，教材p17（PDF页28）,服务,17,教材在“服务”中出现或讲解“服务”；本节点概括为：属于“计算机网络协议、服务、接口的概念”下的核心知识点，用于理解第1章 计算机网络体系结构中的相关原理和考点。
CN_TOP_028,OSI参考模型和TCP/IP模型,Model,计算机网络,第1章 计算机网络体系结构,对比七层OSI参考模型和四/五层TCP/IP模型，说明各层功能及协议体系。,,4,5,王道2027计网，OSI参考模型和TCP/IP模型，教材p17（PDF页28）,OSI参考模型和TCP/IP模型,17,教材在“OSI参考模型和TCP/IP模型”中出现或讲解“OSI参考模型和TCP/IP模型”；本节点概括为：对比七层OSI参考模型和四/五层TCP/IP模型，说明各层功能及协议体系。
CN_TOP_029,OSI参考模型,Model,计算机网络,第1章 计算机网络体系结构,用于抽象描述OSI参考模型的组成层次、交互关系或工作方式。,"ISO/OSI模型, OSI七层模型",3,5,王道2027计网，OSI参考模型，教材p17（PDF页28）,OSI参考模型,17,教材在“OSI参考模型”中出现或讲解“OSI参考模型”；本节点概括为：用于抽象描述OSI参考模型的组成层次、交互关系或工作方式。
CN_TOP_030,TCP/IP模型,Model,计算机网络,第1章 计算机网络体系结构,用于抽象描述TCP/IP模型的组成层次、交互关系或工作方式。,"TCP/IP参考模型, Internet协议栈",4,5,王道2027计网，TCP/IP模型，教材p20（PDF页31）,TCP/IP模型,20,教材在“TCP/IP模型”中出现或讲解“TCP/IP模型”；本节点概括为：用于抽象描述TCP/IP模型的组成层次、交互关系或工作方式。
CN_TOP_031,TCP/IP模型与OSI参考模型的比较,Model,计算机网络,第1章 计算机网络体系结构,用于抽象描述TCP/IP模型与OSI参考模型的比较的组成层次、交互关系或工作方式。,,4,5,王道2027计网，TCP/IP模型与OSI参考模型的比较，教材p21（PDF页32）,TCP/IP模型与OSI参考模型的比较,21,教材在“TCP/IP模型与OSI参考模型的比较”中出现或讲解“TCP/IP模型与OSI参考模型的比较”；本节点概括为：用于抽象描述TCP/IP模型与OSI参考模型的比较的组成层次、交互关系或工作方式。
CN_TOP_032,第2章 物理层,Topic,计算机网络,第2章 物理层,研究比特在物理介质上的传输，包括信道容量、编码调制、传输介质和物理层设备。,,3,5,王道2027计网，第2章 物理层，教材p30（PDF页41）,第2章 物理层,30,教材在“第2章 物理层”中出现或讲解“第2章 物理层”；本节点概括为：研究比特在物理介质上的传输，包括信道容量、编码调制、传输介质和物理层设备。
CN_TOP_033,通信基础,Topic,计算机网络,第2章 物理层,属于“第2章 物理层”下的核心知识点，用于理解第2章 物理层中的相关原理和考点。,,3,4,王道2027计网，通信基础，教材p30（PDF页41）,通信基础,30,教材在“通信基础”中出现或讲解“通信基础”；本节点概括为：属于“第2章 物理层”下的核心知识点，用于理解第2章 物理层中的相关原理和考点。
CN_TOP_034,通信基础：基本概念,Concept,计算机网络,第2章 物理层,梳理通信基础：基本概念涉及的基础术语、组成对象和相互关系。,,2,4,王道2027计网，通信基础：基本概念，教材p30（PDF页41）,通信基础：基本概念,30,教材在“通信基础：基本概念”中出现或讲解“通信基础：基本概念”；本节点概括为：梳理通信基础：基本概念涉及的基础术语、组成对象和相互关系。
CN_TOP_035,数据、信号与码元,DataStructure,计算机网络,第2章 物理层,属于“通信基础：基本概念”下的核心知识点，用于理解第2章 物理层中的相关原理和考点。,,3,4,王道2027计网，数据、信号与码元，教材p30（PDF页41）,数据、信号与码元,30,教材在“数据、信号与码元”中出现或讲解“数据、信号与码元”；本节点概括为：属于“通信基础：基本概念”下的核心知识点，用于理解第2章 物理层中的相关原理和考点。
CN_TOP_036,信源、信道与信宿,Concept,计算机网络,第2章 物理层,属于“通信基础：基本概念”下的核心知识点，用于理解第2章 物理层中的相关原理和考点。,,3,4,王道2027计网，信源、信道与信宿，教材p30（PDF页41）,信源、信道与信宿,30,教材在“信源、信道与信宿”中出现或讲解“信源、信道与信宿”；本节点概括为：属于“通信基础：基本概念”下的核心知识点，用于理解第2章 物理层中的相关原理和考点。
CN_TOP_037,速率、波特与带宽,Metric,计算机网络,第2章 物理层,属于“通信基础：基本概念”下的核心知识点，用于理解第2章 物理层中的相关原理和考点。,,3,4,王道2027计网，速率、波特与带宽，教材p31（PDF页42）,速率、波特与带宽,31,教材在“速率、波特与带宽”中出现或讲解“速率、波特与带宽”；本节点概括为：属于“通信基础：基本概念”下的核心知识点，用于理解第2章 物理层中的相关原理和考点。
CN_TOP_038,信道的极限容量,Metric,计算机网络,第2章 物理层,属于“通信基础”下的核心知识点，用于理解第2章 物理层中的相关原理和考点。,,5,4,王道2027计网，信道的极限容量，教材p31（PDF页42）,信道的极限容量,31,教材在“信道的极限容量”中出现或讲解“信道的极限容量”；本节点概括为：属于“通信基础”下的核心知识点，用于理解第2章 物理层中的相关原理和考点。
CN_TOP_039,奈奎斯特定理（奈氏准则）,Algorithm,计算机网络,第2章 物理层,属于“信道的极限容量”下的核心知识点，用于理解第2章 物理层中的相关原理和考点。,,3,4,王道2027计网，奈奎斯特定理（奈氏准则），教材p32（PDF页43）,奈奎斯特定理（奈氏准则）,32,教材在“奈奎斯特定理（奈氏准则）”中出现或讲解“奈奎斯特定理（奈氏准则）”；本节点概括为：属于“信道的极限容量”下的核心知识点，用于理解第2章 物理层中的相关原理和考点。
CN_TOP_040,香农定理,Algorithm,计算机网络,第2章 物理层,描述有噪声信道在给定带宽和信噪比条件下的极限信息传输速率。,Shannon theorem,3,4,王道2027计网，香农定理，教材p32（PDF页43）,香农定理,32,教材在“香农定理”中出现或讲解“香农定理”；本节点概括为：描述有噪声信道在给定带宽和信噪比条件下的极限信息传输速率。
CN_TOP_041,编码与调制,Mechanism,计算机网络,第2章 物理层,研究数据与信号之间的变换，包括数字编码、模拟编码和调制方式。,,4,4,王道2027计网，编码与调制，教材p33（PDF页44）,编码与调制,33,教材在“编码与调制”中出现或讲解“编码与调制”；本节点概括为：研究数据与信号之间的变换，包括数字编码、模拟编码和调制方式。
CN_TOP_042,数字数据编码为数字信号,DataStructure,计算机网络,第2章 物理层,说明数字数据编码为数字信号的基本原理、处理流程和适用场景。,,4,4,王道2027计网，数字数据编码为数字信号，教材p33（PDF页44）,数字数据编码为数字信号,33,教材在“数字数据编码为数字信号”中出现或讲解“数字数据编码为数字信号”；本节点概括为：说明数字数据编码为数字信号的基本原理、处理流程和适用场景。
CN_TOP_043,模拟数据编码为数字信号,DataStructure,计算机网络,第2章 物理层,说明模拟数据编码为数字信号的基本原理、处理流程和适用场景。,,4,4,王道2027计网，模拟数据编码为数字信号，教材p34（PDF页45）,模拟数据编码为数字信号,34,教材在“模拟数据编码为数字信号”中出现或讲解“模拟数据编码为数字信号”；本节点概括为：说明模拟数据编码为数字信号的基本原理、处理流程和适用场景。
CN_TOP_044,数字数据调制为模拟信号,DataStructure,计算机网络,第2章 物理层,说明数字数据调制为模拟信号的基本原理、处理流程和适用场景。,,4,4,王道2027计网，数字数据调制为模拟信号，教材p34（PDF页45）,数字数据调制为模拟信号,34,教材在“数字数据调制为模拟信号”中出现或讲解“数字数据调制为模拟信号”；本节点概括为：说明数字数据调制为模拟信号的基本原理、处理流程和适用场景。
CN_TOP_045,模拟数据直接传输为模拟信号,DataStructure,计算机网络,第2章 物理层,属于“编码与调制”下的核心知识点，用于理解第2章 物理层中的相关原理和考点。,,3,4,王道2027计网，模拟数据直接传输为模拟信号，教材p35（PDF页46）,模拟数据直接传输为模拟信号,35,教材在“模拟数据直接传输为模拟信号”中出现或讲解“模拟数据直接传输为模拟信号”；本节点概括为：属于“编码与调制”下的核心知识点，用于理解第2章 物理层中的相关原理和考点。
CN_TOP_046,传输介质,Topic,计算机网络,第2章 物理层,属于“第2章 物理层”下的核心知识点，用于理解第2章 物理层中的相关原理和考点。,,3,4,王道2027计网，传输介质，教材p42（PDF页53）,传输介质,42,教材在“传输介质”中出现或讲解“传输介质”；本节点概括为：属于“第2章 物理层”下的核心知识点，用于理解第2章 物理层中的相关原理和考点。
CN_TOP_047,双绞线、同轴电缆、光纤与无线传输介质,ComputingObject,计算机网络,第2章 物理层,属于“传输介质”下的核心知识点，用于理解第2章 物理层中的相关原理和考点。,,3,4,王道2027计网，双绞线、同轴电缆、光纤与无线传输介质，教材p42（PDF页53）,双绞线、同轴电缆、光纤与无线传输介质,42,教材在“双绞线、同轴电缆、光纤与无线传输介质”中出现或讲解“双绞线、同轴电缆、光纤与无线传输介质”；本节点概括为：属于“传输介质”下的核心知识点，用于理解第2章 物理层中的相关原理和考点。
CN_TOP_048,双绞线,ComputingObject,计算机网络,第2章 物理层,由两根绝缘铜线绞合而成的有线传输介质，常用于以太网接入。,,3,4,王道2027计网，双绞线，教材p42（PDF页53）,双绞线,42,教材在“双绞线”中出现或讲解“双绞线”；本节点概括为：由两根绝缘铜线绞合而成的有线传输介质，常用于以太网接入。
CN_TOP_049,同轴电缆,ComputingObject,计算机网络,第2章 物理层,具有同心导体结构的有线介质，抗干扰能力较强。,,3,4,王道2027计网，同轴电缆，教材p42（PDF页53）,同轴电缆,42,教材在“同轴电缆”中出现或讲解“同轴电缆”；本节点概括为：具有同心导体结构的有线介质，抗干扰能力较强。
CN_TOP_050,光纤,ComputingObject,计算机网络,第2章 物理层,利用光信号传输数据的介质，具有带宽高、损耗低、抗电磁干扰强等特点。,,3,4,王道2027计网，光纤，教材p42（PDF页53）,光纤,42,教材在“光纤”中出现或讲解“光纤”；本节点概括为：利用光信号传输数据的介质，具有带宽高、损耗低、抗电磁干扰强等特点。
CN_TOP_051,无线传输介质,ComputingObject,计算机网络,第2章 物理层,利用电磁波在自由空间中传输数据的介质，包括无线电、微波和红外等。,,3,4,王道2027计网，无线传输介质，教材p43（PDF页54）,无线传输介质,43,教材在“无线传输介质”中出现或讲解“无线传输介质”；本节点概括为：利用电磁波在自由空间中传输数据的介质，包括无线电、微波和红外等。
CN_TOP_052,物理层接口的特性,Property,计算机网络,第2章 物理层,概括物理层接口的特性的主要性质、优势、限制和适用条件。,,3,4,王道2027计网，物理层接口的特性，教材p44（PDF页55）,物理层接口的特性,44,教材在“物理层接口的特性”中出现或讲解“物理层接口的特性”；本节点概括为：概括物理层接口的特性的主要性质、优势、限制和适用条件。
CN_TOP_053,物理层设备,Topic,计算机网络,第2章 物理层,说明物理层设备的工作层次、组成结构和转发/连接功能。,,3,4,王道2027计网，物理层设备，教材p46（PDF页57）,物理层设备,46,教材在“物理层设备”中出现或讲解“物理层设备”；本节点概括为：说明物理层设备的工作层次、组成结构和转发/连接功能。
CN_TOP_054,中继器,ComputingObject,计算机网络,第2章 物理层,工作在物理层，用于再生和放大信号，扩展物理网络覆盖范围。,,3,4,王道2027计网，中继器，教材p46（PDF页57）,中继器,46,教材在“中继器”中出现或讲解“中继器”；本节点概括为：工作在物理层，用于再生和放大信号，扩展物理网络覆盖范围。
CN_TOP_055,集线器,ComputingObject,计算机网络,第2章 物理层,多端口中继器，工作在物理层，把收到的比特转发到所有其他端口。,,3,4,王道2027计网，集线器，教材p46（PDF页57）,集线器,46,教材在“集线器”中出现或讲解“集线器”；本节点概括为：多端口中继器，工作在物理层，把收到的比特转发到所有其他端口。
CN_TOP_056,第3章 数据链路层,Topic,计算机网络,第3章 数据链路层,研究相邻节点间帧传输，包括组帧、差错控制、流量控制、介质访问控制、局域网和交换设备。,,3,5,王道2027计网，第3章 数据链路层，教材p50（PDF页61）,第3章 数据链路层,50,教材在“第3章 数据链路层”中出现或讲解“第3章 数据链路层”；本节点概括为：研究相邻节点间帧传输，包括组帧、差错控制、流量控制、介质访问控制、局域网和交换设备。
CN_TOP_057,数据链路层的功能,Topic,计算机网络,第3章 数据链路层,为相邻节点间的数据传输提供成帧、差错控制、流量控制、链路管理等功能。,,2,5,王道2027计网，数据链路层的功能，教材p50（PDF页61）,数据链路层的功能,50,教材在“数据链路层的功能”中出现或讲解“数据链路层的功能”；本节点概括为：为相邻节点间的数据传输提供成帧、差错控制、流量控制、链路管理等功能。
CN_TOP_058,数据链路层所处的地位,Concept,计算机网络,第3章 数据链路层,属于“数据链路层的功能”下的核心知识点，用于理解第3章 数据链路层中的相关原理和考点。,,3,5,王道2027计网，数据链路层所处的地位，教材p51（PDF页62）,数据链路层所处的地位,51,教材在“数据链路层所处的地位”中出现或讲解“数据链路层所处的地位”；本节点概括为：属于“数据链路层的功能”下的核心知识点，用于理解第3章 数据链路层中的相关原理和考点。
CN_TOP_059,链路管理,Concept,计算机网络,第3章 数据链路层,属于“数据链路层的功能”下的核心知识点，用于理解第3章 数据链路层中的相关原理和考点。,,3,4,王道2027计网，链路管理，教材p51（PDF页62）,链路管理,51,教材在“链路管理”中出现或讲解“链路管理”；本节点概括为：属于“数据链路层的功能”下的核心知识点，用于理解第3章 数据链路层中的相关原理和考点。
CN_TOP_060,封装成帧与透明传输,DataStructure,计算机网络,第3章 数据链路层,将网络层分组封装为帧，并保证帧定界符不会被数据内容误识别。,,3,4,王道2027计网，封装成帧与透明传输，教材p52（PDF页63）,封装成帧与透明传输,52,教材在“封装成帧与透明传输”中出现或讲解“封装成帧与透明传输”；本节点概括为：将网络层分组封装为帧，并保证帧定界符不会被数据内容误识别。
CN_TOP_061,流量控制,Mechanism,计算机网络,第3章 数据链路层,用于协调流量控制中的访问、差错、流量或拥塞问题。,,4,4,王道2027计网，流量控制，教材p52（PDF页63）,流量控制,52,教材在“流量控制”中出现或讲解“流量控制”；本节点概括为：用于协调流量控制中的访问、差错、流量或拥塞问题。
CN_TOP_062,差错检测与可靠传输,Problem,计算机网络,第3章 数据链路层,属于“数据链路层的功能”下的核心知识点，用于理解第3章 数据链路层中的相关原理和考点。,,4,4,王道2027计网，差错检测与可靠传输，教材p52（PDF页63）,差错检测与可靠传输,52,教材在“差错检测与可靠传输”中出现或讲解“差错检测与可靠传输”；本节点概括为：属于“数据链路层的功能”下的核心知识点，用于理解第3章 数据链路层中的相关原理和考点。
CN_TOP_063,组帧,Topic,计算机网络,第3章 数据链路层,描述组帧的数据组织方式、字段含义或标识作用。,,3,4,王道2027计网，组帧，教材p54（PDF页65）,组帧,54,教材在“组帧”中出现或讲解“组帧”；本节点概括为：描述组帧的数据组织方式、字段含义或标识作用。
CN_TOP_064,字符计数法,Concept,计算机网络,第3章 数据链路层,属于“组帧”下的核心知识点，用于理解第3章 数据链路层中的相关原理和考点。,,3,4,王道2027计网，字符计数法，教材p54（PDF页65）,字符计数法,54,教材在“字符计数法”中出现或讲解“字符计数法”；本节点概括为：属于“组帧”下的核心知识点，用于理解第3章 数据链路层中的相关原理和考点。
CN_TOP_065,字节填充法,Concept,计算机网络,第3章 数据链路层,属于“组帧”下的核心知识点，用于理解第3章 数据链路层中的相关原理和考点。,,3,4,王道2027计网，字节填充法，教材p54（PDF页65）,字节填充法,54,教材在“字节填充法”中出现或讲解“字节填充法”；本节点概括为：属于“组帧”下的核心知识点，用于理解第3章 数据链路层中的相关原理和考点。
CN_TOP_066,零比特填充法,Concept,计算机网络,第3章 数据链路层,属于“组帧”下的核心知识点，用于理解第3章 数据链路层中的相关原理和考点。,,3,4,王道2027计网，零比特填充法，教材p55（PDF页66）,零比特填充法,55,教材在“零比特填充法”中出现或讲解“零比特填充法”；本节点概括为：属于“组帧”下的核心知识点，用于理解第3章 数据链路层中的相关原理和考点。
CN_TOP_067,违规编码法,Mechanism,计算机网络,第3章 数据链路层,说明违规编码法的基本原理、处理流程和适用场景。,,4,4,王道2027计网，违规编码法，教材p55（PDF页66）,违规编码法,55,教材在“违规编码法”中出现或讲解“违规编码法”；本节点概括为：说明违规编码法的基本原理、处理流程和适用场景。
CN_TOP_068,差错控制,Topic,计算机网络,第3章 数据链路层,通过检错和纠错编码发现或纠正传输错误，提高帧传输可靠性。,,4,4,王道2027计网，差错控制，教材p56（PDF页67）,差错控制,56,教材在“差错控制”中出现或讲解“差错控制”；本节点概括为：通过检错和纠错编码发现或纠正传输错误，提高帧传输可靠性。
CN_TOP_069,检错编码,Mechanism,计算机网络,第3章 数据链路层,说明检错编码的基本原理、处理流程和适用场景。,,4,4,王道2027计网，检错编码，教材p57（PDF页68）,检错编码,57,教材在“检错编码”中出现或讲解“检错编码”；本节点概括为：说明检错编码的基本原理、处理流程和适用场景。
CN_TOP_070,奇偶检验码,Concept,计算机网络,第3章 数据链路层,属于“检错编码”下的核心知识点，用于理解第3章 数据链路层中的相关原理和考点。,,3,4,王道2027计网，奇偶检验码，教材p57（PDF页68）,奇偶检验码,57,教材在“奇偶检验码”中出现或讲解“奇偶检验码”；本节点概括为：属于“检错编码”下的核心知识点，用于理解第3章 数据链路层中的相关原理和考点。
CN_TOP_071,循环冗余码,Concept,计算机网络,第3章 数据链路层,基于多项式除法的常用检错编码，能有效检测突发错误。,CRC,3,4,王道2027计网，循环冗余码，教材p57（PDF页68）,循环冗余码,57,教材在“循环冗余码”中出现或讲解“循环冗余码”；本节点概括为：基于多项式除法的常用检错编码，能有效检测突发错误。
CN_TOP_072,纠错编码,Mechanism,计算机网络,第3章 数据链路层,说明纠错编码的基本原理、处理流程和适用场景。,,4,4,王道2027计网，纠错编码，教材p58（PDF页69）,纠错编码,58,教材在“纠错编码”中出现或讲解“纠错编码”；本节点概括为：说明纠错编码的基本原理、处理流程和适用场景。
CN_TOP_073,流量控制与可靠传输机制,Topic,计算机网络,第3章 数据链路层,用于协调流量控制与可靠传输机制中的访问、差错、流量或拥塞问题。,,5,4,王道2027计网，流量控制与可靠传输机制，教材p61（PDF页72）,流量控制与可靠传输机制,61,教材在“流量控制与可靠传输机制”中出现或讲解“流量控制与可靠传输机制”；本节点概括为：用于协调流量控制与可靠传输机制中的访问、差错、流量或拥塞问题。
CN_TOP_074,流量控制与滑动窗口机制,DataStructure,计算机网络,第3章 数据链路层,用于协调流量控制与滑动窗口机制中的访问、差错、流量或拥塞问题。,,5,4,王道2027计网，流量控制与滑动窗口机制，教材p61（PDF页72）,流量控制与滑动窗口机制,61,教材在“流量控制与滑动窗口机制”中出现或讲解“流量控制与滑动窗口机制”；本节点概括为：用于协调流量控制与滑动窗口机制中的访问、差错、流量或拥塞问题。
CN_TOP_075,停止-等待流量控制基本原理,Mechanism,计算机网络,第3章 数据链路层,用于协调停止-等待流量控制基本原理中的访问、差错、流量或拥塞问题。,,4,4,王道2027计网，停止-等待流量控制基本原理，教材p62（PDF页73）,停止-等待流量控制基本原理,62,教材在“停止-等待流量控制基本原理”中出现或讲解“停止-等待流量控制基本原理”；本节点概括为：用于协调停止-等待流量控制基本原理中的访问、差错、流量或拥塞问题。
CN_TOP_076,滑动窗口流量控制基本原理,DataStructure,计算机网络,第3章 数据链路层,通过发送窗口和接收窗口限制未确认帧数量，实现连续发送和流量控制。,,5,4,王道2027计网，滑动窗口流量控制基本原理，教材p62（PDF页73）,滑动窗口流量控制基本原理,62,教材在“滑动窗口流量控制基本原理”中出现或讲解“滑动窗口流量控制基本原理”；本节点概括为：通过发送窗口和接收窗口限制未确认帧数量，实现连续发送和流量控制。
CN_TOP_077,可靠传输机制,Mechanism,计算机网络,第3章 数据链路层,属于“流量控制与可靠传输机制”下的核心知识点，用于理解第3章 数据链路层中的相关原理和考点。,,4,4,王道2027计网，可靠传输机制，教材p63（PDF页74）,可靠传输机制,63,教材在“可靠传输机制”中出现或讲解“可靠传输机制”；本节点概括为：属于“流量控制与可靠传输机制”下的核心知识点，用于理解第3章 数据链路层中的相关原理和考点。
CN_TOP_078,单帧滑动窗口与停止-等待协议（S-W）,DataStructure,计算机网络,第3章 数据链路层,发送方每次只发送一帧，收到确认后再发送下一帧，实现简单但信道利用率较低。,"停止-等待协议, Stop-and-Wait, S-W",5,4,王道2027计网，单帧滑动窗口与停止-等待协议（S-W），教材p64（PDF页75）,单帧滑动窗口与停止-等待协议（S-W）,64,教材在“单帧滑动窗口与停止-等待协议（S-W）”中出现或讲解“单帧滑动窗口与停止-等待协议（S-W）”；本节点概括为：发送方每次只发送一帧，收到确认后再发送下一帧，实现简单但信道利用率较低。
CN_TOP_079,多帧滑动窗口与后退N帧协议（GBN）,DataStructure,计算机网络,第3章 数据链路层,发送方可连续发送多个帧，出错后从出错帧开始重传后续帧。,"后退N帧, Go-Back-N, GBN",5,4,王道2027计网，多帧滑动窗口与后退N帧协议（GBN），教材p64（PDF页75）,多帧滑动窗口与后退N帧协议（GBN）,64,教材在“多帧滑动窗口与后退N帧协议（GBN）”中出现或讲解“多帧滑动窗口与后退N帧协议（GBN）”；本节点概括为：发送方可连续发送多个帧，出错后从出错帧开始重传后续帧。
CN_TOP_080,多帧滑动窗口与选择重传协议（SR）,DataStructure,计算机网络,第3章 数据链路层,只重传出错或丢失的帧，接收方可缓存失序帧，提高传输效率。,"选择重传, Selective Repeat, SR",5,4,王道2027计网，多帧滑动窗口与选择重传协议（SR），教材p65（PDF页76）,多帧滑动窗口与选择重传协议（SR）,65,教材在“多帧滑动窗口与选择重传协议（SR）”中出现或讲解“多帧滑动窗口与选择重传协议（SR）”；本节点概括为：只重传出错或丢失的帧，接收方可缓存失序帧，提高传输效率。
CN_TOP_081,信道利用率的分析,Metric,计算机网络,第3章 数据链路层,属于“可靠传输机制”下的核心知识点，用于理解第3章 数据链路层中的相关原理和考点。,,3,4,王道2027计网，信道利用率的分析，教材p66（PDF页77）,信道利用率的分析,66,教材在“信道利用率的分析”中出现或讲解“信道利用率的分析”；本节点概括为：属于“可靠传输机制”下的核心知识点，用于理解第3章 数据链路层中的相关原理和考点。
CN_TOP_082,介质访问控制,Topic,计算机网络,第3章 数据链路层,解决共享信道上多个节点竞争发送的问题，决定各节点如何获得发送权。,,5,4,王道2027计网，介质访问控制，教材p77（PDF页88）,介质访问控制,77,教材在“介质访问控制”中出现或讲解“介质访问控制”；本节点概括为：解决共享信道上多个节点竞争发送的问题，决定各节点如何获得发送权。
CN_TOP_083,信道划分介质访问控制,Mechanism,计算机网络,第3章 数据链路层,用于协调信道划分介质访问控制中的访问、差错、流量或拥塞问题。,,5,4,王道2027计网，信道划分介质访问控制，教材p78（PDF页89）,信道划分介质访问控制,78,教材在“信道划分介质访问控制”中出现或讲解“信道划分介质访问控制”；本节点概括为：用于协调信道划分介质访问控制中的访问、差错、流量或拥塞问题。
CN_TOP_084,时分复用（TDM）,Mechanism,计算机网络,第3章 数据链路层,按时间片划分信道资源，使多个用户轮流使用同一物理信道。,"TDM, Time Division Multiplexing",3,4,王道2027计网，时分复用（TDM），教材p78（PDF页89）,时分复用（TDM）,78,教材在“时分复用（TDM）”中出现或讲解“时分复用（TDM）”；本节点概括为：按时间片划分信道资源，使多个用户轮流使用同一物理信道。
CN_TOP_085,频分复用（FDM）,Mechanism,计算机网络,第3章 数据链路层,按频带划分信道资源，使多个用户同时使用不同频带传输。,"FDM, Frequency Division Multiplexing",3,4,王道2027计网，频分复用（FDM），教材p79（PDF页90）,频分复用（FDM）,79,教材在“频分复用（FDM）”中出现或讲解“频分复用（FDM）”；本节点概括为：按频带划分信道资源，使多个用户同时使用不同频带传输。
CN_TOP_086,波分复用（WDM）,Mechanism,计算机网络,第3章 数据链路层,在光纤中按不同波长复用多路光信号。,"WDM, Wavelength Division Multiplexing",3,4,王道2027计网，波分复用（WDM），教材p79（PDF页90）,波分复用（WDM）,79,教材在“波分复用（WDM）”中出现或讲解“波分复用（WDM）”；本节点概括为：在光纤中按不同波长复用多路光信号。
CN_TOP_087,码分复用（CDM）,Mechanism,计算机网络,第3章 数据链路层,利用不同码片序列区分用户，使多个用户可在同一频带同时传输。,"CDM, CDMA",3,4,王道2027计网，码分复用（CDM），教材p79（PDF页90）,码分复用（CDM）,79,教材在“码分复用（CDM）”中出现或讲解“码分复用（CDM）”；本节点概括为：利用不同码片序列区分用户，使多个用户可在同一频带同时传输。
CN_TOP_088,随机访问介质访问控制,Mechanism,计算机网络,第3章 数据链路层,用于协调随机访问介质访问控制中的访问、差错、流量或拥塞问题。,,5,4,王道2027计网，随机访问介质访问控制，教材p80（PDF页91）,随机访问介质访问控制,80,教材在“随机访问介质访问控制”中出现或讲解“随机访问介质访问控制”；本节点概括为：用于协调随机访问介质访问控制中的访问、差错、流量或拥塞问题。
CN_TOP_089,ALOHA协议,Protocol,计算机网络,第3章 数据链路层,随机访问类协议，节点有数据即发送，冲突后随机等待再重传。,,3,4,王道2027计网，ALOHA协议，教材p81（PDF页92）,ALOHA协议,81,教材在“ALOHA协议”中出现或讲解“ALOHA协议”；本节点概括为：随机访问类协议，节点有数据即发送，冲突后随机等待再重传。
CN_TOP_090,CSMA协议,Protocol,计算机网络,第3章 数据链路层,发送前先监听信道，根据监听结果决定是否发送，以减少冲突概率。,载波监听多路访问,3,4,王道2027计网，CSMA协议，教材p82（PDF页93）,CSMA协议,82,教材在“CSMA协议”中出现或讲解“CSMA协议”；本节点概括为：发送前先监听信道，根据监听结果决定是否发送，以减少冲突概率。
CN_TOP_091,轮询访问：令牌传递协议,Protocol,计算机网络,第3章 数据链路层,规定轮询访问：令牌传递协议相关通信实体之间的报文格式、交互过程和处理规则。,,3,4,王道2027计网，轮询访问：令牌传递协议，教材p82（PDF页93）,轮询访问：令牌传递协议,82,教材在“轮询访问：令牌传递协议”中出现或讲解“轮询访问：令牌传递协议”；本节点概括为：规定轮询访问：令牌传递协议相关通信实体之间的报文格式、交互过程和处理规则。
CN_TOP_092,局域网,Topic,计算机网络,第3章 数据链路层,属于“第3章 数据链路层”下的核心知识点，用于理解第3章 数据链路层中的相关原理和考点。,,3,4,王道2027计网，局域网，教材p87（PDF页98）,局域网,87,教材在“局域网”中出现或讲解“局域网”；本节点概括为：属于“第3章 数据链路层”下的核心知识点，用于理解第3章 数据链路层中的相关原理和考点。
CN_TOP_093,局域网的基本概念和体系结构,Concept,计算机网络,第3章 数据链路层,梳理局域网的基本概念和体系结构涉及的基础术语、组成对象和相互关系。,,2,4,王道2027计网，局域网的基本概念和体系结构，教材p87（PDF页98）,局域网的基本概念和体系结构,87,教材在“局域网的基本概念和体系结构”中出现或讲解“局域网的基本概念和体系结构”；本节点概括为：梳理局域网的基本概念和体系结构涉及的基础术语、组成对象和相互关系。
CN_TOP_094,以太网与IEEE 802.3,Concept,计算机网络,第3章 数据链路层,介绍以太网介质、MAC地址、CSMA/CD、MAC帧格式和高速以太网。,"Ethernet, IEEE 802.3",4,5,王道2027计网，以太网与IEEE 802.3，教材p88（PDF页99）,以太网与IEEE 802.3,88,教材在“以太网与IEEE 802.3”中出现或讲解“以太网与IEEE 802.3”；本节点概括为：介绍以太网介质、MAC地址、CSMA/CD、MAC帧格式和高速以太网。
CN_TOP_095,以太网的传输介质与网卡,ComputingObject,计算机网络,第3章 数据链路层,属于“以太网与IEEE 802.3”下的核心知识点，用于理解第3章 数据链路层中的相关原理和考点。,,4,5,王道2027计网，以太网的传输介质与网卡，教材p88（PDF页99）,以太网的传输介质与网卡,88,教材在“以太网的传输介质与网卡”中出现或讲解“以太网的传输介质与网卡”；本节点概括为：属于“以太网与IEEE 802.3”下的核心知识点，用于理解第3章 数据链路层中的相关原理和考点。
CN_TOP_096,以太网MAC地址,DataStructure,计算机网络,第3章 数据链路层,链路层硬件地址，用于在局域网中标识网卡接口。,,4,5,王道2027计网，以太网MAC地址，教材p89（PDF页100）,以太网MAC地址,89,教材在“以太网MAC地址”中出现或讲解“以太网MAC地址”；本节点概括为：链路层硬件地址，用于在局域网中标识网卡接口。
CN_TOP_097,CSMA/CD协议,Protocol,计算机网络,第3章 数据链路层,载波监听多路访问/冲突检测协议，用于传统共享式以太网。,载波监听多路访问/冲突检测,5,4,王道2027计网，CSMA/CD协议，教材p89（PDF页100）,CSMA/CD协议,89,教材在“CSMA/CD协议”中出现或讲解“CSMA/CD协议”；本节点概括为：载波监听多路访问/冲突检测协议，用于传统共享式以太网。
CN_TOP_098,以太网的MAC帧,DataStructure,计算机网络,第3章 数据链路层,以太网在数据链路层传输的数据单元，包含目的/源MAC地址、类型、数据和校验字段。,,4,5,王道2027计网，以太网的MAC帧，教材p91（PDF页102）,以太网的MAC帧,91,教材在“以太网的MAC帧”中出现或讲解“以太网的MAC帧”；本节点概括为：以太网在数据链路层传输的数据单元，包含目的/源MAC地址、类型、数据和校验字段。
CN_TOP_099,高速以太网,Concept,计算机网络,第3章 数据链路层,属于“以太网与IEEE 802.3”下的核心知识点，用于理解第3章 数据链路层中的相关原理和考点。,,4,5,王道2027计网，高速以太网，教材p92（PDF页103）,高速以太网,92,教材在“高速以太网”中出现或讲解“高速以太网”；本节点概括为：属于“以太网与IEEE 802.3”下的核心知识点，用于理解第3章 数据链路层中的相关原理和考点。
CN_TOP_100,IEEE 802.11无线局域网,Concept,计算机网络,第3章 数据链路层,无线局域网标准，使用无线介质和CSMA/CA等机制完成数据链路层访问控制。,"WLAN, Wi-Fi, IEEE 802.11",3,4,王道2027计网，IEEE 802.11无线局域网，教材p93（PDF页104）,IEEE 802.11无线局域网,93,教材在“IEEE 802.11无线局域网”中出现或讲解“IEEE 802.11无线局域网”；本节点概括为：无线局域网标准，使用无线介质和CSMA/CA等机制完成数据链路层访问控制。
CN_TOP_101,无线局域网的组成,Concept,计算机网络,第3章 数据链路层,属于“IEEE 802.11无线局域网”下的核心知识点，用于理解第3章 数据链路层中的相关原理和考点。,,2,4,王道2027计网，无线局域网的组成，教材p93（PDF页104）,无线局域网的组成,93,教材在“无线局域网的组成”中出现或讲解“无线局域网的组成”；本节点概括为：属于“IEEE 802.11无线局域网”下的核心知识点，用于理解第3章 数据链路层中的相关原理和考点。
CN_TOP_102,CSMA/CA协议,Protocol,计算机网络,第3章 数据链路层,载波监听多路访问/冲突避免协议，用于无线局域网以降低碰撞影响。,载波监听多路访问/冲突避免,5,4,王道2027计网，CSMA/CA协议，教材p94（PDF页105）,CSMA/CA协议,94,教材在“CSMA/CA协议”中出现或讲解“CSMA/CA协议”；本节点概括为：载波监听多路访问/冲突避免协议，用于无线局域网以降低碰撞影响。
CN_TOP_103,802.11局域网的MAC帧,DataStructure,计算机网络,第3章 数据链路层,描述802.11局域网的MAC帧的数据组织方式、字段含义或标识作用。,,3,4,王道2027计网，802.11局域网的MAC帧，教材p97（PDF页108）,802.11局域网的MAC帧,97,教材在“802.11局域网的MAC帧”中出现或讲解“802.11局域网的MAC帧”；本节点概括为：描述802.11局域网的MAC帧的数据组织方式、字段含义或标识作用。
CN_TOP_104,VLAN基本概念与基本原理,Concept,计算机网络,第3章 数据链路层,通过逻辑划分把同一物理交换网络划分为多个广播域，提高管理性和隔离性。,"VLAN, 虚拟局域网",4,4,王道2027计网，VLAN基本概念与基本原理，教材p99（PDF页110）,VLAN基本概念与基本原理,99,教材在“VLAN基本概念与基本原理”中出现或讲解“VLAN基本概念与基本原理”；本节点概括为：通过逻辑划分把同一物理交换网络划分为多个广播域，提高管理性和隔离性。
CN_TOP_105,广域网,Topic,计算机网络,第3章 数据链路层,属于“第3章 数据链路层”下的核心知识点，用于理解第3章 数据链路层中的相关原理和考点。,,3,4,王道2027计网，广域网，教材p113（PDF页124）,广域网,113,教材在“广域网”中出现或讲解“广域网”；本节点概括为：属于“第3章 数据链路层”下的核心知识点，用于理解第3章 数据链路层中的相关原理和考点。
CN_TOP_106,广域网的基本概念,Concept,计算机网络,第3章 数据链路层,梳理广域网的基本概念涉及的基础术语、组成对象和相互关系。,,2,4,王道2027计网，广域网的基本概念，教材p113（PDF页124）,广域网的基本概念,113,教材在“广域网的基本概念”中出现或讲解“广域网的基本概念”；本节点概括为：梳理广域网的基本概念涉及的基础术语、组成对象和相互关系。
CN_TOP_107,点对点协议,Protocol,计算机网络,第3章 数据链路层,PPP协议用于点到点链路封装和链路控制，常见于广域网接入。,"PPP, Point-to-Point Protocol",3,4,王道2027计网，点对点协议，教材p114（PDF页125）,点对点协议,114,教材在“点对点协议”中出现或讲解“点对点协议”；本节点概括为：PPP协议用于点到点链路封装和链路控制，常见于广域网接入。
CN_TOP_108,数据链路层设备,Topic,计算机网络,第3章 数据链路层,说明数据链路层设备的工作层次、组成结构和转发/连接功能。,,3,5,王道2027计网，数据链路层设备，教材p117（PDF页128）,数据链路层设备,117,教材在“数据链路层设备”中出现或讲解“数据链路层设备”；本节点概括为：说明数据链路层设备的工作层次、组成结构和转发/连接功能。
CN_TOP_109,网桥的基本概念,ComputingObject,计算机网络,第3章 数据链路层,梳理网桥的基本概念涉及的基础术语、组成对象和相互关系。,,2,4,王道2027计网，网桥的基本概念，教材p117（PDF页128）,网桥的基本概念,117,教材在“网桥的基本概念”中出现或讲解“网桥的基本概念”；本节点概括为：梳理网桥的基本概念涉及的基础术语、组成对象和相互关系。
CN_TOP_110,以太网交换机,Mechanism,计算机网络,第3章 数据链路层,工作在数据链路层，依据MAC地址表转发帧，隔离冲突域。,,4,5,王道2027计网，以太网交换机，教材p118（PDF页129）,以太网交换机,118,教材在“以太网交换机”中出现或讲解“以太网交换机”；本节点概括为：工作在数据链路层，依据MAC地址表转发帧，隔离冲突域。
CN_TOP_111,交换机的原理和特点,Mechanism,计算机网络,第3章 数据链路层,说明交换机的原理和特点的工作层次、组成结构和转发/连接功能。,,2,4,王道2027计网，交换机的原理和特点，教材p118（PDF页129）,交换机的原理和特点,118,教材在“交换机的原理和特点”中出现或讲解“交换机的原理和特点”；本节点概括为：说明交换机的原理和特点的工作层次、组成结构和转发/连接功能。
CN_TOP_112,交换机的自学习功能,Mechanism,计算机网络,第3章 数据链路层,说明交换机的自学习功能在网络体系结构中的职责、作用和提供的服务。,,2,4,王道2027计网，交换机的自学习功能，教材p118（PDF页129）,交换机的自学习功能,118,教材在“交换机的自学习功能”中出现或讲解“交换机的自学习功能”；本节点概括为：说明交换机的自学习功能在网络体系结构中的职责、作用和提供的服务。
CN_TOP_113,共享式以太网,Concept,计算机网络,第3章 数据链路层,属于“数据链路层设备”下的核心知识点，用于理解第3章 数据链路层中的相关原理和考点。,,4,5,王道2027计网，共享式以太网，教材p120（PDF页131）,共享式以太网,120,教材在“共享式以太网”中出现或讲解“共享式以太网”；本节点概括为：属于“数据链路层设备”下的核心知识点，用于理解第3章 数据链路层中的相关原理和考点。
CN_TOP_114,共享式以太网的基本特点,Property,计算机网络,第3章 数据链路层,概括共享式以太网的基本特点的主要性质、优势、限制和适用条件。,,4,5,王道2027计网，共享式以太网的基本特点，教材p120（PDF页131）,共享式以太网的基本特点,120,教材在“共享式以太网的基本特点”中出现或讲解“共享式以太网的基本特点”；本节点概括为：概括共享式以太网的基本特点的主要性质、优势、限制和适用条件。
CN_TOP_115,第4章 网络层,Topic,计算机网络,第4章 网络层,研究异构网络互连、IP地址与分组转发、路由选择协议、多播、移动IP和路由器。,,3,5,王道2027计网，第4章 网络层，教材p127（PDF页138）,第4章 网络层,127,教材在“第4章 网络层”中出现或讲解“第4章 网络层”；本节点概括为：研究异构网络互连、IP地址与分组转发、路由选择协议、多播、移动IP和路由器。
CN_TOP_116,网络层的功能,Topic,计算机网络,第4章 网络层,为主机间跨网络通信提供异构网络互连、路由与转发、拥塞控制等功能。,,2,5,王道2027计网，网络层的功能，教材p127（PDF页138）,网络层的功能,127,教材在“网络层的功能”中出现或讲解“网络层的功能”；本节点概括为：为主机间跨网络通信提供异构网络互连、路由与转发、拥塞控制等功能。
CN_TOP_117,异构网络互连,Concept,计算机网络,第4章 网络层,属于“网络层的功能”下的核心知识点，用于理解第4章 网络层中的相关原理和考点。,,3,4,王道2027计网，异构网络互连，教材p128（PDF页139）,异构网络互连,128,教材在“异构网络互连”中出现或讲解“异构网络互连”；本节点概括为：属于“网络层的功能”下的核心知识点，用于理解第4章 网络层中的相关原理和考点。
CN_TOP_118,路由与转发,Mechanism,计算机网络,第4章 网络层,路由决定分组的路径，转发依据转发表把分组送往下一跳。,,4,5,王道2027计网，路由与转发，教材p128（PDF页139）,路由与转发,128,教材在“路由与转发”中出现或讲解“路由与转发”；本节点概括为：路由决定分组的路径，转发依据转发表把分组送往下一跳。
CN_TOP_119,网络层提供的两种服务,Concept,计算机网络,第4章 网络层,属于“网络层的功能”下的核心知识点，用于理解第4章 网络层中的相关原理和考点。,,3,5,王道2027计网，网络层提供的两种服务，教材p129（PDF页140）,网络层提供的两种服务,129,教材在“网络层提供的两种服务”中出现或讲解“网络层提供的两种服务”；本节点概括为：属于“网络层的功能”下的核心知识点，用于理解第4章 网络层中的相关原理和考点。
CN_TOP_120,虚电路,Concept,计算机网络,第4章 网络层,在分组交换网络中先建立逻辑连接，分组沿同一路径按序传输。,,3,4,王道2027计网，虚电路，教材p129（PDF页140）,虚电路,129,教材在“虚电路”中出现或讲解“虚电路”；本节点概括为：在分组交换网络中先建立逻辑连接，分组沿同一路径按序传输。
CN_TOP_121,数据报,DataStructure,计算机网络,第4章 网络层,每个分组独立选择路径转发，不保证按序到达，典型于IP网络。,,3,4,王道2027计网，数据报，教材p130（PDF页141）,数据报,130,教材在“数据报”中出现或讲解“数据报”；本节点概括为：每个分组独立选择路径转发，不保证按序到达，典型于IP网络。
CN_TOP_122,SDN的基本概念,Concept,计算机网络,第4章 网络层,梳理SDN的基本概念涉及的基础术语、组成对象和相互关系。,,2,4,王道2027计网，SDN的基本概念，教材p131（PDF页142）,SDN的基本概念,131,教材在“SDN的基本概念”中出现或讲解“SDN的基本概念”；本节点概括为：梳理SDN的基本概念涉及的基础术语、组成对象和相互关系。
CN_TOP_123,拥塞控制,Mechanism,计算机网络,第4章 网络层,用于协调拥塞控制中的访问、差错、流量或拥塞问题。,,4,4,王道2027计网，拥塞控制，教材p132（PDF页143）,拥塞控制,132,教材在“拥塞控制”中出现或讲解“拥塞控制”；本节点概括为：用于协调拥塞控制中的访问、差错、流量或拥塞问题。
CN_TOP_124,IPv4,Topic,计算机网络,第4章 网络层,互联网协议第4版，定义IP数据报格式、地址编址和网络层分组转发基础。,"Internet Protocol version 4, IP",4,5,王道2027计网，IPv4，教材p137（PDF页148）,IPv4,137,教材在“IPv4”中出现或讲解“IPv4”；本节点概括为：互联网协议第4版，定义IP数据报格式、地址编址和网络层分组转发基础。
CN_TOP_125,IPv4分组,DataStructure,计算机网络,第4章 网络层,IPv4在网络层传输的数据单元，由首部和数据部分组成。,"IP数据报, IPv4数据报",4,5,王道2027计网，IPv4分组，教材p137（PDF页148）,IPv4分组,137,教材在“IPv4分组”中出现或讲解“IPv4分组”；本节点概括为：IPv4在网络层传输的数据单元，由首部和数据部分组成。
CN_TOP_126,IPv4分组的格式,DataStructure,计算机网络,第4章 网络层,描述IPv4分组的格式的数据组织方式、字段含义或标识作用。,,4,5,王道2027计网，IPv4分组的格式，教材p137（PDF页148）,IPv4分组的格式,137,教材在“IPv4分组的格式”中出现或讲解“IPv4分组的格式”；本节点概括为：描述IPv4分组的格式的数据组织方式、字段含义或标识作用。
CN_TOP_127,IP数据报分片,DataStructure,计算机网络,第4章 网络层,当数据报长度超过链路MTU时，将其拆分为多个片段传输并在目的端重组。,,3,4,王道2027计网，IP数据报分片，教材p138（PDF页149）,IP数据报分片,138,教材在“IP数据报分片”中出现或讲解“IP数据报分片”；本节点概括为：当数据报长度超过链路MTU时，将其拆分为多个片段传输并在目的端重组。
CN_TOP_128,IPv4地址,DataStructure,计算机网络,第4章 网络层,32位网络层地址，用于标识互联网中的主机或路由器接口。,IP地址,4,5,王道2027计网，IPv4地址，教材p139（PDF页150）,IPv4地址,139,教材在“IPv4地址”中出现或讲解“IPv4地址”；本节点概括为：32位网络层地址，用于标识互联网中的主机或路由器接口。
CN_TOP_129,IPv4地址：IPv4地址,DataStructure,计算机网络,第4章 网络层,描述IPv4地址：IPv4地址的数据组织方式、字段含义或标识作用。,,4,5,王道2027计网，IPv4地址：IPv4地址，教材p139（PDF页150）,IPv4地址：IPv4地址,139,教材在“IPv4地址：IPv4地址”中出现或讲解“IPv4地址：IPv4地址”；本节点概括为：描述IPv4地址：IPv4地址的数据组织方式、字段含义或标识作用。
CN_TOP_130,分类的IP地址,DataStructure,计算机网络,第4章 网络层,按A、B、C、D、E类划分IPv4地址空间的传统编址方式。,,2,4,王道2027计网，分类的IP地址，教材p139（PDF页150）,分类的IP地址,139,教材在“分类的IP地址”中出现或讲解“分类的IP地址”；本节点概括为：按A、B、C、D、E类划分IPv4地址空间的传统编址方式。
CN_TOP_131,划分子网,Mechanism,计算机网络,第4章 网络层,利用子网掩码把主机号进一步划分为子网号和主机号，提高地址利用率与管理性。,,5,4,王道2027计网，划分子网，教材p141（PDF页152）,划分子网,141,教材在“划分子网”中出现或讲解“划分子网”；本节点概括为：利用子网掩码把主机号进一步划分为子网号和主机号，提高地址利用率与管理性。
CN_TOP_132,无分类编址CIDR,Concept,计算机网络,第4章 网络层,用网络前缀长度替代固定分类边界，实现灵活地址分配和路由聚合。,"CIDR, 无类域间路由",5,4,王道2027计网，无分类编址CIDR，教材p142（PDF页153）,无分类编址CIDR,142,教材在“无分类编址CIDR”中出现或讲解“无分类编址CIDR”；本节点概括为：用网络前缀长度替代固定分类边界，实现灵活地址分配和路由聚合。
CN_TOP_133,路由聚合,Mechanism,计算机网络,第4章 网络层,把多个连续网络前缀合并为较短前缀，减少路由表规模。,,4,5,王道2027计网，路由聚合，教材p143（PDF页154）,路由聚合,143,教材在“路由聚合”中出现或讲解“路由聚合”；本节点概括为：把多个连续网络前缀合并为较短前缀，减少路由表规模。
CN_TOP_134,子网划分的应用举例,Example,计算机网络,第4章 网络层,通过子网划分的应用举例说明相关知识点的典型使用场景或计算方法。,,3,4,王道2027计网，子网划分的应用举例，教材p143（PDF页154）,子网划分的应用举例,143,教材在“子网划分的应用举例”中出现或讲解“子网划分的应用举例”；本节点概括为：通过子网划分的应用举例说明相关知识点的典型使用场景或计算方法。
CN_TOP_135,网络地址转换NAT,DataStructure,计算机网络,第4章 网络层,在私有地址与公网地址之间进行转换，使多个内部主机共享公网地址访问互联网。,"NAT, Network Address Translation",4,4,王道2027计网，网络地址转换NAT，教材p144（PDF页155）,网络地址转换NAT,144,教材在“网络地址转换NAT”中出现或讲解“网络地址转换NAT”；本节点概括为：在私有地址与公网地址之间进行转换，使多个内部主机共享公网地址访问互联网。
CN_TOP_136,网络层转发分组的过程,DataStructure,计算机网络,第4章 网络层,路由器依据目的IP地址查找转发表，选择下一跳并转发分组。,,5,5,王道2027计网，网络层转发分组的过程，教材p146（PDF页157）,网络层转发分组的过程,146,教材在“网络层转发分组的过程”中出现或讲解“网络层转发分组的过程”；本节点概括为：路由器依据目的IP地址查找转发表，选择下一跳并转发分组。
CN_TOP_137,地址解析协议（ARP）,Protocol,计算机网络,第4章 网络层,在同一链路中根据IP地址查询对应的硬件地址。,"ARP, Address Resolution Protocol",4,4,王道2027计网，地址解析协议（ARP），教材p147（PDF页158）,地址解析协议（ARP）,147,教材在“地址解析协议（ARP）”中出现或讲解“地址解析协议（ARP）”；本节点概括为：在同一链路中根据IP地址查询对应的硬件地址。
CN_TOP_138,IP地址与硬件地址,DataStructure,计算机网络,第4章 网络层,描述IP地址与硬件地址的数据组织方式、字段含义或标识作用。,,3,4,王道2027计网，IP地址与硬件地址，教材p147（PDF页158）,IP地址与硬件地址,147,教材在“IP地址与硬件地址”中出现或讲解“IP地址与硬件地址”；本节点概括为：描述IP地址与硬件地址的数据组织方式、字段含义或标识作用。
CN_TOP_139,地址解析协议,DataStructure,计算机网络,第4章 网络层,规定地址解析协议相关通信实体之间的报文格式、交互过程和处理规则。,,3,4,王道2027计网，地址解析协议，教材p147（PDF页158）,地址解析协议,147,教材在“地址解析协议”中出现或讲解“地址解析协议”；本节点概括为：规定地址解析协议相关通信实体之间的报文格式、交互过程和处理规则。
CN_TOP_140,动态主机配置协议DHCP,Protocol,计算机网络,第4章 网络层,为主机自动分配IP地址、子网掩码、默认网关和DNS服务器等网络配置。,"DHCP, Dynamic Host Configuration Protocol",4,4,王道2027计网，动态主机配置协议DHCP，教材p149（PDF页160）,动态主机配置协议DHCP,149,教材在“动态主机配置协议DHCP”中出现或讲解“动态主机配置协议DHCP”；本节点概括为：为主机自动分配IP地址、子网掩码、默认网关和DNS服务器等网络配置。
CN_TOP_141,网际控制报文协议ICMP,Protocol,计算机网络,第4章 网络层,用于在IP层报告差错和传递控制信息，常见应用包括ping和traceroute。,"ICMP, Internet Control Message Protocol",4,4,王道2027计网，网际控制报文协议ICMP，教材p150（PDF页161）,网际控制报文协议ICMP,150,教材在“网际控制报文协议ICMP”中出现或讲解“网际控制报文协议ICMP”；本节点概括为：用于在IP层报告差错和传递控制信息，常见应用包括ping和traceroute。
CN_TOP_142,IPv6,Topic,计算机网络,第4章 网络层,互联网协议第6版，使用128位地址并改进首部结构和扩展机制。,Internet Protocol version 6,4,5,王道2027计网，IPv6，教材p181（PDF页192）,IPv6,181,教材在“IPv6”中出现或讲解“IPv6”；本节点概括为：互联网协议第6版，使用128位地址并改进首部结构和扩展机制。
CN_TOP_143,IPv6的特点,Protocol,计算机网络,第4章 网络层,概括IPv6地址空间大、首部简化、扩展首部和自动配置等特点。,,4,5,王道2027计网，IPv6的特点，教材p181（PDF页192）,IPv6的特点,181,教材在“IPv6的特点”中出现或讲解“IPv6的特点”；本节点概括为：概括IPv6地址空间大、首部简化、扩展首部和自动配置等特点。
CN_TOP_144,IPv6数据报的基本首部,DataStructure,计算机网络,第4章 网络层,描述IPv6数据报的基本首部的数据组织方式、字段含义或标识作用。,,4,5,王道2027计网，IPv6数据报的基本首部，教材p182（PDF页193）,IPv6数据报的基本首部,182,教材在“IPv6数据报的基本首部”中出现或讲解“IPv6数据报的基本首部”；本节点概括为：描述IPv6数据报的基本首部的数据组织方式、字段含义或标识作用。
CN_TOP_145,IPv6地址,DataStructure,计算机网络,第4章 网络层,描述IPv6地址的数据组织方式、字段含义或标识作用。,,4,5,王道2027计网，IPv6地址，教材p183（PDF页194）,IPv6地址,183,教材在“IPv6地址”中出现或讲解“IPv6地址”；本节点概括为：描述IPv6地址的数据组织方式、字段含义或标识作用。
CN_TOP_146,从IPv4向IPv6过渡,Protocol,计算机网络,第4章 网络层,属于“IPv6”下的核心知识点，用于理解第4章 网络层中的相关原理和考点。,,4,5,王道2027计网，从IPv4向IPv6过渡，教材p184（PDF页195）,从IPv4向IPv6过渡,184,教材在“从IPv4向IPv6过渡”中出现或讲解“从IPv4向IPv6过渡”；本节点概括为：属于“IPv6”下的核心知识点，用于理解第4章 网络层中的相关原理和考点。
CN_TOP_147,路由算法与路由协议,Topic,计算机网络,第4章 网络层,规定路由算法与路由协议相关通信实体之间的报文格式、交互过程和处理规则。,,5,5,王道2027计网，路由算法与路由协议，教材p186（PDF页197）,路由算法与路由协议,186,教材在“路由算法与路由协议”中出现或讲解“路由算法与路由协议”；本节点概括为：规定路由算法与路由协议相关通信实体之间的报文格式、交互过程和处理规则。
CN_TOP_148,路由算法,Algorithm,计算机网络,第4章 网络层,根据网络拓扑和代价计算从源到目的的合适路径。,,5,5,王道2027计网，路由算法，教材p186（PDF页197）,路由算法,186,教材在“路由算法”中出现或讲解“路由算法”；本节点概括为：根据网络拓扑和代价计算从源到目的的合适路径。
CN_TOP_149,静态路由与动态路由,Concept,计算机网络,第4章 网络层,属于“路由算法”下的核心知识点，用于理解第4章 网络层中的相关原理和考点。,,4,5,王道2027计网，静态路由与动态路由，教材p186（PDF页197）,静态路由与动态路由,186,教材在“静态路由与动态路由”中出现或讲解“静态路由与动态路由”；本节点概括为：属于“路由算法”下的核心知识点，用于理解第4章 网络层中的相关原理和考点。
CN_TOP_150,距离-向量算法,Algorithm,计算机网络,第4章 网络层,用于解决距离-向量算法相关路径选择、资源分配或控制决策问题。,,3,4,王道2027计网，距离-向量算法，教材p186（PDF页197）,距离-向量算法,186,教材在“距离-向量算法”中出现或讲解“距离-向量算法”；本节点概括为：用于解决距离-向量算法相关路径选择、资源分配或控制决策问题。
CN_TOP_151,链路状态算法,Algorithm,计算机网络,第4章 网络层,用于解决链路状态算法相关路径选择、资源分配或控制决策问题。,,3,4,王道2027计网，链路状态算法，教材p187（PDF页198）,链路状态算法,187,教材在“链路状态算法”中出现或讲解“链路状态算法”；本节点概括为：用于解决链路状态算法相关路径选择、资源分配或控制决策问题。
CN_TOP_152,分层次的路由选择协议,Protocol,计算机网络,第4章 网络层,规定分层次的路由选择协议相关通信实体之间的报文格式、交互过程和处理规则。,,4,5,王道2027计网，分层次的路由选择协议，教材p188（PDF页199）,分层次的路由选择协议,188,教材在“分层次的路由选择协议”中出现或讲解“分层次的路由选择协议”；本节点概括为：规定分层次的路由选择协议相关通信实体之间的报文格式、交互过程和处理规则。
CN_TOP_153,内部网关协议（Interior Gateway Protocol，IGP）,Protocol,计算机网络,第4章 网络层,规定内部网关协议（Interior Gateway Protocol，IGP）相关通信实体之间的报文格式、交互过程和处理规则。,,3,4,王道2027计网，内部网关协议（Interior Gateway Protocol，IGP），教材p188（PDF页199）,内部网关协议（Interior Gateway Protocol，IGP）,188,教材在“内部网关协议（Interior Gateway Protocol，IGP）”中出现或讲解“内部网关协议（Interior Gateway Protocol，IGP）”；本节点概括为：规定内部网关协议（Interior Gateway Protocol，IGP）相关通信实体之间的报文格式、交互过程和处理规则。
CN_TOP_154,外部网关协议（External Gateway Protocol，EGP）,Protocol,计算机网络,第4章 网络层,规定外部网关协议（External Gateway Protocol，EGP）相关通信实体之间的报文格式、交互过程和处理规则。,,3,4,王道2027计网，外部网关协议（External Gateway Protocol，EGP），教材p188（PDF页199）,外部网关协议（External Gateway Protocol，EGP）,188,教材在“外部网关协议（External Gateway Protocol，EGP）”中出现或讲解“外部网关协议（External Gateway Protocol，EGP）”；本节点概括为：规定外部网关协议（External Gateway Protocol，EGP）相关通信实体之间的报文格式、交互过程和处理规则。
CN_TOP_155,路由信息协议,Protocol,计算机网络,第4章 网络层,RIP是基于距离向量的内部网关协议，以跳数作为度量。,"RIP, Routing Information Protocol",4,5,王道2027计网，路由信息协议，教材p188（PDF页199）,路由信息协议,188,教材在“路由信息协议”中出现或讲解“路由信息协议”；本节点概括为：RIP是基于距离向量的内部网关协议，以跳数作为度量。
CN_TOP_156,RIP的规定,Protocol,计算机网络,第4章 网络层,属于“路由信息协议”下的核心知识点，用于理解第4章 网络层中的相关原理和考点。,,3,4,王道2027计网，RIP的规定，教材p188（PDF页199）,RIP的规定,188,教材在“RIP的规定”中出现或讲解“RIP的规定”；本节点概括为：属于“路由信息协议”下的核心知识点，用于理解第4章 网络层中的相关原理和考点。
CN_TOP_157,RIP的特点,Protocol,计算机网络,第4章 网络层,概括RIP的特点的主要性质、优势、限制和适用条件。,,2,4,王道2027计网，RIP的特点，教材p189（PDF页200）,RIP的特点,189,教材在“RIP的特点”中出现或讲解“RIP的特点”；本节点概括为：概括RIP的特点的主要性质、优势、限制和适用条件。
CN_TOP_158,RIP的基本工作原理,Protocol,计算机网络,第4章 网络层,属于“路由信息协议”下的核心知识点，用于理解第4章 网络层中的相关原理和考点。,,3,4,王道2027计网，RIP的基本工作原理，教材p189（PDF页200）,RIP的基本工作原理,189,教材在“RIP的基本工作原理”中出现或讲解“RIP的基本工作原理”；本节点概括为：属于“路由信息协议”下的核心知识点，用于理解第4章 网络层中的相关原理和考点。
CN_TOP_159,RIP的优缺点,Protocol,计算机网络,第4章 网络层,属于“路由信息协议”下的核心知识点，用于理解第4章 网络层中的相关原理和考点。,,3,4,王道2027计网，RIP的优缺点，教材p190（PDF页201）,RIP的优缺点,190,教材在“RIP的优缺点”中出现或讲解“RIP的优缺点”；本节点概括为：属于“路由信息协议”下的核心知识点，用于理解第4章 网络层中的相关原理和考点。
CN_TOP_160,开放最短路径优先协议,Protocol,计算机网络,第4章 网络层,OSPF是基于链路状态的内部网关协议，使用最短路径算法计算路由。,"OSPF, Open Shortest Path First",5,4,王道2027计网，开放最短路径优先协议，教材p191（PDF页202）,开放最短路径优先协议,191,教材在“开放最短路径优先协议”中出现或讲解“开放最短路径优先协议”；本节点概括为：OSPF是基于链路状态的内部网关协议，使用最短路径算法计算路由。
CN_TOP_161,开放最短路径优先（OSPF）的基本特点,Protocol,计算机网络,第4章 网络层,概括开放最短路径优先（OSPF）的基本特点的主要性质、优势、限制和适用条件。,,2,4,王道2027计网，开放最短路径优先（OSPF）的基本特点，教材p191（PDF页202）,开放最短路径优先（OSPF）的基本特点,191,教材在“开放最短路径优先（OSPF）的基本特点”中出现或讲解“开放最短路径优先（OSPF）的基本特点”；本节点概括为：概括开放最短路径优先（OSPF）的基本特点的主要性质、优势、限制和适用条件。
CN_TOP_162,OSPF的五种分组类型,DataStructure,计算机网络,第4章 网络层,描述OSPF的五种分组类型的数据组织方式、字段含义或标识作用。,,3,4,王道2027计网，OSPF的五种分组类型，教材p192（PDF页203）,OSPF的五种分组类型,192,教材在“OSPF的五种分组类型”中出现或讲解“OSPF的五种分组类型”；本节点概括为：描述OSPF的五种分组类型的数据组织方式、字段含义或标识作用。
CN_TOP_163,OSPF的基本工作原理,Protocol,计算机网络,第4章 网络层,属于“开放最短路径优先协议”下的核心知识点，用于理解第4章 网络层中的相关原理和考点。,,3,4,王道2027计网，OSPF的基本工作原理，教材p192（PDF页203）,OSPF的基本工作原理,192,教材在“OSPF的基本工作原理”中出现或讲解“OSPF的基本工作原理”；本节点概括为：属于“开放最短路径优先协议”下的核心知识点，用于理解第4章 网络层中的相关原理和考点。
CN_TOP_164,边界网关协议,Protocol,计算机网络,第4章 网络层,BGP是自治系统之间使用的外部网关协议，用于跨域路由选择。,"BGP, Border Gateway Protocol",5,4,王道2027计网，边界网关协议，教材p193（PDF页204）,边界网关协议,193,教材在“边界网关协议”中出现或讲解“边界网关协议”；本节点概括为：BGP是自治系统之间使用的外部网关协议，用于跨域路由选择。
CN_TOP_165,BGP的基本特点,Protocol,计算机网络,第4章 网络层,概括BGP的基本特点的主要性质、优势、限制和适用条件。,,2,4,王道2027计网，BGP的基本特点，教材p193（PDF页204）,BGP的基本特点,193,教材在“BGP的基本特点”中出现或讲解“BGP的基本特点”；本节点概括为：概括BGP的基本特点的主要性质、优势、限制和适用条件。
CN_TOP_166,BGP路由,Protocol,计算机网络,第4章 网络层,属于“边界网关协议”下的核心知识点，用于理解第4章 网络层中的相关原理和考点。,,4,5,王道2027计网，BGP路由，教材p193（PDF页204）,BGP路由,193,教材在“BGP路由”中出现或讲解“BGP路由”；本节点概括为：属于“边界网关协议”下的核心知识点，用于理解第4章 网络层中的相关原理和考点。
CN_TOP_167,BGP路由选择,Protocol,计算机网络,第4章 网络层,属于“边界网关协议”下的核心知识点，用于理解第4章 网络层中的相关原理和考点。,,4,5,王道2027计网，BGP路由选择，教材p194（PDF页205）,BGP路由选择,194,教材在“BGP路由选择”中出现或讲解“BGP路由选择”；本节点概括为：属于“边界网关协议”下的核心知识点，用于理解第4章 网络层中的相关原理和考点。
CN_TOP_168,BGP的四种报文,DataStructure,计算机网络,第4章 网络层,描述BGP的四种报文的数据组织方式、字段含义或标识作用。,,3,4,王道2027计网，BGP的四种报文，教材p196（PDF页207）,BGP的四种报文,196,教材在“BGP的四种报文”中出现或讲解“BGP的四种报文”；本节点概括为：描述BGP的四种报文的数据组织方式、字段含义或标识作用。
CN_TOP_169,IP多播,Topic,计算机网络,第4章 网络层,把数据发送给一组接收者的通信方式，减少一对多传输中的重复发送。,,3,4,王道2027计网，IP多播，教材p208（PDF页219）,IP多播,208,教材在“IP多播”中出现或讲解“IP多播”；本节点概括为：把数据发送给一组接收者的通信方式，减少一对多传输中的重复发送。
CN_TOP_170,多播的概念,Concept,计算机网络,第4章 网络层,梳理多播的概念涉及的基础术语、组成对象和相互关系。,,2,4,王道2027计网，多播的概念，教材p208（PDF页219）,多播的概念,208,教材在“多播的概念”中出现或讲解“多播的概念”；本节点概括为：梳理多播的概念涉及的基础术语、组成对象和相互关系。
CN_TOP_171,IP多播地址,DataStructure,计算机网络,第4章 网络层,描述IP多播地址的数据组织方式、字段含义或标识作用。,,3,4,王道2027计网，IP多播地址，教材p209（PDF页220）,IP多播地址,209,教材在“IP多播地址”中出现或讲解“IP多播地址”；本节点概括为：描述IP多播地址的数据组织方式、字段含义或标识作用。
CN_TOP_172,在局域网上进行硬件多播,Concept,计算机网络,第4章 网络层,属于“IP多播”下的核心知识点，用于理解第4章 网络层中的相关原理和考点。,,3,4,王道2027计网，在局域网上进行硬件多播，教材p209（PDF页220）,在局域网上进行硬件多播,209,教材在“在局域网上进行硬件多播”中出现或讲解“在局域网上进行硬件多播”；本节点概括为：属于“IP多播”下的核心知识点，用于理解第4章 网络层中的相关原理和考点。
CN_TOP_173,IGMP与多播路由协议,Protocol,计算机网络,第4章 网络层,规定IGMP与多播路由协议相关通信实体之间的报文格式、交互过程和处理规则。,"IGMP, Internet Group Management Protocol",4,5,王道2027计网，IGMP与多播路由协议，教材p210（PDF页221）,IGMP与多播路由协议,210,教材在“IGMP与多播路由协议”中出现或讲解“IGMP与多播路由协议”；本节点概括为：规定IGMP与多播路由协议相关通信实体之间的报文格式、交互过程和处理规则。
CN_TOP_174,移动IP,Topic,计算机网络,第4章 网络层,支持移动主机在改变接入网络时仍保持原有IP通信标识。,,3,4,王道2027计网，移动IP，教材p212（PDF页223）,移动IP,212,教材在“移动IP”中出现或讲解“移动IP”；本节点概括为：支持移动主机在改变接入网络时仍保持原有IP通信标识。
CN_TOP_175,移动IP的概念,Concept,计算机网络,第4章 网络层,梳理移动IP的概念涉及的基础术语、组成对象和相互关系。,,2,4,王道2027计网，移动IP的概念，教材p212（PDF页223）,移动IP的概念,212,教材在“移动IP的概念”中出现或讲解“移动IP的概念”；本节点概括为：梳理移动IP的概念涉及的基础术语、组成对象和相互关系。
CN_TOP_176,移动IP通信过程,Mechanism,计算机网络,第4章 网络层,属于“移动IP”下的核心知识点，用于理解第4章 网络层中的相关原理和考点。,,3,4,王道2027计网，移动IP通信过程，教材p212（PDF页223）,移动IP通信过程,212,教材在“移动IP通信过程”中出现或讲解“移动IP通信过程”；本节点概括为：属于“移动IP”下的核心知识点，用于理解第4章 网络层中的相关原理和考点。
CN_TOP_177,网络层设备,Topic,计算机网络,第4章 网络层,说明网络层设备的工作层次、组成结构和转发/连接功能。,,3,5,王道2027计网，网络层设备，教材p214（PDF页225）,网络层设备,214,教材在“网络层设备”中出现或讲解“网络层设备”；本节点概括为：说明网络层设备的工作层次、组成结构和转发/连接功能。
CN_TOP_178,冲突域和广播域,Problem,计算机网络,第4章 网络层,属于“网络层设备”下的核心知识点，用于理解第4章 网络层中的相关原理和考点。,,3,4,王道2027计网，冲突域和广播域，教材p214（PDF页225）,冲突域和广播域,214,教材在“冲突域和广播域”中出现或讲解“冲突域和广播域”；本节点概括为：属于“网络层设备”下的核心知识点，用于理解第4章 网络层中的相关原理和考点。
CN_TOP_179,冲突域,Problem,计算机网络,第4章 网络层,属于“冲突域和广播域”下的核心知识点，用于理解第4章 网络层中的相关原理和考点。,,3,4,王道2027计网，冲突域，教材p214（PDF页225）,冲突域,214,教材在“冲突域”中出现或讲解“冲突域”；本节点概括为：属于“冲突域和广播域”下的核心知识点，用于理解第4章 网络层中的相关原理和考点。
CN_TOP_180,广播域,Concept,计算机网络,第4章 网络层,属于“冲突域和广播域”下的核心知识点，用于理解第4章 网络层中的相关原理和考点。,,3,4,王道2027计网，广播域，教材p214（PDF页225）,广播域,214,教材在“广播域”中出现或讲解“广播域”；本节点概括为：属于“冲突域和广播域”下的核心知识点，用于理解第4章 网络层中的相关原理和考点。
CN_TOP_181,路由器的组成和功能,ComputingObject,计算机网络,第4章 网络层,路由器工作在网络层，由路由选择和分组转发两大功能组成。,,4,5,王道2027计网，路由器的组成和功能，教材p214（PDF页225）,路由器的组成和功能,214,教材在“路由器的组成和功能”中出现或讲解“路由器的组成和功能”；本节点概括为：路由器工作在网络层，由路由选择和分组转发两大功能组成。
CN_TOP_182,路由表与分组转发,DataStructure,计算机网络,第4章 网络层,路由表/转发表记录目的网络、下一跳和接口，指导路由器转发分组。,,4,5,王道2027计网，路由表与分组转发，教材p215（PDF页226）,路由表与分组转发,215,教材在“路由表与分组转发”中出现或讲解“路由表与分组转发”；本节点概括为：路由表/转发表记录目的网络、下一跳和接口，指导路由器转发分组。
CN_TOP_183,第5章 传输层,Topic,计算机网络,第5章 传输层,研究端到端进程通信，包括端口、UDP、TCP、可靠传输、流量控制和拥塞控制。,,3,5,王道2027计网，第5章 传输层，教材p224（PDF页235）,第5章 传输层,224,教材在“第5章 传输层”中出现或讲解“第5章 传输层”；本节点概括为：研究端到端进程通信，包括端口、UDP、TCP、可靠传输、流量控制和拥塞控制。
CN_TOP_184,传输层提供的服务,Topic,计算机网络,第5章 传输层,为应用进程之间通信提供端到端数据传输、复用/分用、可靠性和流量控制等服务。,,3,5,王道2027计网，传输层提供的服务，教材p224（PDF页235）,传输层提供的服务,224,教材在“传输层提供的服务”中出现或讲解“传输层提供的服务”；本节点概括为：为应用进程之间通信提供端到端数据传输、复用/分用、可靠性和流量控制等服务。
CN_TOP_185,传输层的功能,Concept,计算机网络,第5章 传输层,说明传输层的功能在网络体系结构中的职责、作用和提供的服务。,,2,5,王道2027计网，传输层的功能，教材p224（PDF页235）,传输层的功能,224,教材在“传输层的功能”中出现或讲解“传输层的功能”；本节点概括为：说明传输层的功能在网络体系结构中的职责、作用和提供的服务。
CN_TOP_186,应用进程之间的逻辑通信,Application,计算机网络,第5章 传输层,通过应用进程之间的逻辑通信说明相关知识点的典型使用场景或计算方法。,,3,4,王道2027计网，应用进程之间的逻辑通信，教材p224（PDF页235）,应用进程之间的逻辑通信,224,教材在“应用进程之间的逻辑通信”中出现或讲解“应用进程之间的逻辑通信”；本节点概括为：通过应用进程之间的逻辑通信说明相关知识点的典型使用场景或计算方法。
CN_TOP_187,复用和分用,Mechanism,计算机网络,第5章 传输层,说明复用和分用的基本原理、处理流程和适用场景。,,3,4,王道2027计网，复用和分用，教材p225（PDF页236）,复用和分用,225,教材在“复用和分用”中出现或讲解“复用和分用”；本节点概括为：说明复用和分用的基本原理、处理流程和适用场景。
CN_TOP_188,差错检测,Problem,计算机网络,第5章 传输层,属于“传输层的功能”下的核心知识点，用于理解第5章 传输层中的相关原理和考点。,,3,4,王道2027计网，差错检测，教材p225（PDF页236）,差错检测,225,教材在“差错检测”中出现或讲解“差错检测”；本节点概括为：属于“传输层的功能”下的核心知识点，用于理解第5章 传输层中的相关原理和考点。
CN_TOP_189,提供面向连接和无连接的传输服务,Concept,计算机网络,第5章 传输层,说明提供面向连接和无连接的传输服务的基本原理、处理流程和适用场景。,,3,4,王道2027计网，提供面向连接和无连接的传输服务，教材p225（PDF页236）,提供面向连接和无连接的传输服务,225,教材在“提供面向连接和无连接的传输服务”中出现或讲解“提供面向连接和无连接的传输服务”；本节点概括为：说明提供面向连接和无连接的传输服务的基本原理、处理流程和适用场景。
CN_TOP_190,传输层的寻址与端口,Concept,计算机网络,第5章 传输层,通过端口号标识主机上的应用进程，实现传输层复用和分用。,"端口号, port",3,5,王道2027计网，传输层的寻址与端口，教材p225（PDF页236）,传输层的寻址与端口,225,教材在“传输层的寻址与端口”中出现或讲解“传输层的寻址与端口”；本节点概括为：通过端口号标识主机上的应用进程，实现传输层复用和分用。
CN_TOP_191,端口的作用,Concept,计算机网络,第5章 传输层,属于“传输层的寻址与端口”下的核心知识点，用于理解第5章 传输层中的相关原理和考点。,,3,4,王道2027计网，端口的作用，教材p225（PDF页236）,端口的作用,225,教材在“端口的作用”中出现或讲解“端口的作用”；本节点概括为：属于“传输层的寻址与端口”下的核心知识点，用于理解第5章 传输层中的相关原理和考点。
CN_TOP_192,端口号,Concept,计算机网络,第5章 传输层,属于“传输层的寻址与端口”下的核心知识点，用于理解第5章 传输层中的相关原理和考点。,,3,4,王道2027计网，端口号，教材p226（PDF页237）,端口号,226,教材在“端口号”中出现或讲解“端口号”；本节点概括为：属于“传输层的寻址与端口”下的核心知识点，用于理解第5章 传输层中的相关原理和考点。
CN_TOP_193,套接字,Concept,计算机网络,第5章 传输层,属于“传输层的寻址与端口”下的核心知识点，用于理解第5章 传输层中的相关原理和考点。,,3,4,王道2027计网，套接字，教材p226（PDF页237）,套接字,226,教材在“套接字”中出现或讲解“套接字”；本节点概括为：属于“传输层的寻址与端口”下的核心知识点，用于理解第5章 传输层中的相关原理和考点。
CN_TOP_194,无连接服务与面向连接服务,Concept,计算机网络,第5章 传输层,说明无连接服务与面向连接服务的基本原理、处理流程和适用场景。,,3,4,王道2027计网，无连接服务与面向连接服务，教材p226（PDF页237）,无连接服务与面向连接服务,226,教材在“无连接服务与面向连接服务”中出现或讲解“无连接服务与面向连接服务”；本节点概括为：说明无连接服务与面向连接服务的基本原理、处理流程和适用场景。
CN_TOP_195,UDP,Topic,计算机网络,第5章 传输层,用户数据报协议，提供无连接、尽最大努力交付的传输层服务。,"User Datagram Protocol, 用户数据报协议",3,5,王道2027计网，UDP，教材p229（PDF页240）,UDP,229,教材在“UDP”中出现或讲解“UDP”；本节点概括为：用户数据报协议，提供无连接、尽最大努力交付的传输层服务。
CN_TOP_196,UDP数据报,DataStructure,计算机网络,第5章 传输层,UDP在传输层传输的数据单元，首部简单、开销小。,,3,5,王道2027计网，UDP数据报，教材p229（PDF页240）,UDP数据报,229,教材在“UDP数据报”中出现或讲解“UDP数据报”；本节点概括为：UDP在传输层传输的数据单元，首部简单、开销小。
CN_TOP_197,UDP概述,Protocol,计算机网络,第5章 传输层,从整体上介绍UDP概述的基本对象、作用、结构和常见考点。,,3,5,王道2027计网，UDP概述，教材p229（PDF页240）,UDP概述,229,教材在“UDP概述”中出现或讲解“UDP概述”；本节点概括为：从整体上介绍UDP概述的基本对象、作用、结构和常见考点。
CN_TOP_198,UDP的首部格式,DataStructure,计算机网络,第5章 传输层,描述UDP的首部格式的数据组织方式、字段含义或标识作用。,,3,5,王道2027计网，UDP的首部格式，教材p229（PDF页240）,UDP的首部格式,229,教材在“UDP的首部格式”中出现或讲解“UDP的首部格式”；本节点概括为：描述UDP的首部格式的数据组织方式、字段含义或标识作用。
CN_TOP_199,UDP检验,Protocol,计算机网络,第5章 传输层,属于“UDP”下的核心知识点，用于理解第5章 传输层中的相关原理和考点。,,3,5,王道2027计网，UDP检验，教材p230（PDF页241）,UDP检验,230,教材在“UDP检验”中出现或讲解“UDP检验”；本节点概括为：属于“UDP”下的核心知识点，用于理解第5章 传输层中的相关原理和考点。
CN_TOP_200,TCP,Topic,计算机网络,第5章 传输层,传输控制协议，提供面向连接、可靠、有序、字节流的端到端传输服务。,"Transmission Control Protocol, 传输控制协议",4,5,王道2027计网，TCP，教材p236（PDF页247）,TCP,236,教材在“TCP”中出现或讲解“TCP”；本节点概括为：传输控制协议，提供面向连接、可靠、有序、字节流的端到端传输服务。
CN_TOP_201,TCP的特点,Protocol,计算机网络,第5章 传输层,概括TCP的特点的主要性质、优势、限制和适用条件。,,4,5,王道2027计网，TCP的特点，教材p236（PDF页247）,TCP的特点,236,教材在“TCP的特点”中出现或讲解“TCP的特点”；本节点概括为：概括TCP的特点的主要性质、优势、限制和适用条件。
CN_TOP_202,TCP报文段,DataStructure,计算机网络,第5章 传输层,TCP在传输层传输的数据单元，首部含序号、确认号、窗口等控制字段。,,4,5,王道2027计网，TCP报文段，教材p236（PDF页247）,TCP报文段,236,教材在“TCP报文段”中出现或讲解“TCP报文段”；本节点概括为：TCP在传输层传输的数据单元，首部含序号、确认号、窗口等控制字段。
CN_TOP_203,TCP连接管理,Protocol,计算机网络,第5章 传输层,通过连接建立与释放过程维护TCP端到端连接状态。,,4,5,王道2027计网，TCP连接管理，教材p238（PDF页249）,TCP连接管理,238,教材在“TCP连接管理”中出现或讲解“TCP连接管理”；本节点概括为：通过连接建立与释放过程维护TCP端到端连接状态。
CN_TOP_204,TCP连接的建立,Protocol,计算机网络,第5章 传输层,TCP通过三次握手建立连接，协商初始序号并确认双方收发能力。,三次握手,4,5,王道2027计网，TCP连接的建立，教材p238（PDF页249）,TCP连接的建立,238,教材在“TCP连接的建立”中出现或讲解“TCP连接的建立”；本节点概括为：TCP通过三次握手建立连接，协商初始序号并确认双方收发能力。
CN_TOP_205,TCP连接的释放,Protocol,计算机网络,第5章 传输层,TCP通常通过四次挥手释放连接，分别关闭两个方向的数据传输。,四次挥手,4,5,王道2027计网，TCP连接的释放，教材p239（PDF页250）,TCP连接的释放,239,教材在“TCP连接的释放”中出现或讲解“TCP连接的释放”；本节点概括为：TCP通常通过四次挥手释放连接，分别关闭两个方向的数据传输。
CN_TOP_206,TCP可靠传输,Protocol,计算机网络,第5章 传输层,通过序号、确认、超时重传和快速重传等机制保证字节流可靠交付。,,5,5,王道2027计网，TCP可靠传输，教材p240（PDF页251）,TCP可靠传输,240,教材在“TCP可靠传输”中出现或讲解“TCP可靠传输”；本节点概括为：通过序号、确认、超时重传和快速重传等机制保证字节流可靠交付。
CN_TOP_207,序号,Concept,计算机网络,第5章 传输层,属于“TCP可靠传输”下的核心知识点，用于理解第5章 传输层中的相关原理和考点。,,3,4,王道2027计网，序号，教材p240（PDF页251）,序号,240,教材在“序号”中出现或讲解“序号”；本节点概括为：属于“TCP可靠传输”下的核心知识点，用于理解第5章 传输层中的相关原理和考点。
CN_TOP_208,确认,Concept,计算机网络,第5章 传输层,属于“TCP可靠传输”下的核心知识点，用于理解第5章 传输层中的相关原理和考点。,,3,4,王道2027计网，确认，教材p241（PDF页252）,确认,241,教材在“确认”中出现或讲解“确认”；本节点概括为：属于“TCP可靠传输”下的核心知识点，用于理解第5章 传输层中的相关原理和考点。
CN_TOP_209,重传,Mechanism,计算机网络,第5章 传输层,属于“TCP可靠传输”下的核心知识点，用于理解第5章 传输层中的相关原理和考点。,,3,4,王道2027计网，重传，教材p241（PDF页252）,重传,241,教材在“重传”中出现或讲解“重传”；本节点概括为：属于“TCP可靠传输”下的核心知识点，用于理解第5章 传输层中的相关原理和考点。
CN_TOP_210,TCP流量控制,Protocol,计算机网络,第5章 传输层,利用接收窗口限制发送方速率，避免接收方缓存溢出。,,4,5,王道2027计网，TCP流量控制，教材p242（PDF页253）,TCP流量控制,242,教材在“TCP流量控制”中出现或讲解“TCP流量控制”；本节点概括为：利用接收窗口限制发送方速率，避免接收方缓存溢出。
CN_TOP_211,TCP拥塞控制,Protocol,计算机网络,第5章 传输层,根据网络拥塞程度动态调整发送速率，避免过多分组注入网络。,,5,5,王道2027计网，TCP拥塞控制，教材p243（PDF页254）,TCP拥塞控制,243,教材在“TCP拥塞控制”中出现或讲解“TCP拥塞控制”；本节点概括为：根据网络拥塞程度动态调整发送速率，避免过多分组注入网络。
CN_TOP_212,慢开始和拥塞避免,Problem,计算机网络,第5章 传输层,TCP拥塞控制的基本算法，用拥塞窗口指数增长后线性增长控制发送速率。,,4,4,王道2027计网，慢开始和拥塞避免，教材p243（PDF页254）,慢开始和拥塞避免,243,教材在“慢开始和拥塞避免”中出现或讲解“慢开始和拥塞避免”；本节点概括为：TCP拥塞控制的基本算法，用拥塞窗口指数增长后线性增长控制发送速率。
CN_TOP_213,快重传和快恢复,Mechanism,计算机网络,第5章 传输层,TCP在收到重复确认后快速重传丢失报文段，并通过恢复算法减少拥塞窗口下降幅度。,,3,4,王道2027计网，快重传和快恢复，教材p245（PDF页256）,快重传和快恢复,245,教材在“快重传和快恢复”中出现或讲解“快重传和快恢复”；本节点概括为：TCP在收到重复确认后快速重传丢失报文段，并通过恢复算法减少拥塞窗口下降幅度。
CN_TOP_214,第6章 应用层,Topic,计算机网络,第6章 应用层,研究典型网络应用模型与应用协议，包括DNS、FTP、电子邮件和HTTP。,,3,5,王道2027计网，第6章 应用层，教材p267（PDF页278）,第6章 应用层,267,教材在“第6章 应用层”中出现或讲解“第6章 应用层”；本节点概括为：研究典型网络应用模型与应用协议，包括DNS、FTP、电子邮件和HTTP。
CN_TOP_215,网络应用模型,Topic,计算机网络,第6章 应用层,描述应用进程之间的组织方式，主要包括客户/服务器模型和P2P模型。,,3,4,王道2027计网，网络应用模型，教材p267（PDF页278）,网络应用模型,267,教材在“网络应用模型”中出现或讲解“网络应用模型”；本节点概括为：描述应用进程之间的组织方式，主要包括客户/服务器模型和P2P模型。
CN_TOP_216,客户/服务器模型,Model,计算机网络,第6章 应用层,服务器长期提供服务，客户主动发起请求并获得响应的应用通信模型。,,3,4,王道2027计网，客户/服务器模型，教材p267（PDF页278）,客户/服务器模型,267,教材在“客户/服务器模型”中出现或讲解“客户/服务器模型”；本节点概括为：服务器长期提供服务，客户主动发起请求并获得响应的应用通信模型。
CN_TOP_217,P2P模型,Model,计算机网络,第6章 应用层,对等实体既可请求服务也可提供服务，系统可扩展性较强。,,3,4,王道2027计网，P2P模型，教材p268（PDF页279）,P2P模型,268,教材在“P2P模型”中出现或讲解“P2P模型”；本节点概括为：对等实体既可请求服务也可提供服务，系统可扩展性较强。
CN_TOP_218,域名系统,Topic,计算机网络,第6章 应用层,DNS把易记域名映射为IP地址，是互联网应用访问的重要基础设施。,"DNS, Domain Name System",3,4,王道2027计网，域名系统，教材p270（PDF页281）,域名系统,270,教材在“域名系统”中出现或讲解“域名系统”；本节点概括为：DNS把易记域名映射为IP地址，是互联网应用访问的重要基础设施。
CN_TOP_219,层次域名空间,DataStructure,计算机网络,第6章 应用层,采用树状层次结构组织域名，包括根域、顶级域、二级域等。,,3,4,王道2027计网，层次域名空间，教材p270（PDF页281）,层次域名空间,270,教材在“层次域名空间”中出现或讲解“层次域名空间”；本节点概括为：采用树状层次结构组织域名，包括根域、顶级域、二级域等。
CN_TOP_220,域名服务器,ComputingObject,计算机网络,第6章 应用层,存储域名资源记录并响应域名查询的服务器。,,3,4,王道2027计网，域名服务器，教材p271（PDF页282）,域名服务器,271,教材在“域名服务器”中出现或讲解“域名服务器”；本节点概括为：存储域名资源记录并响应域名查询的服务器。
CN_TOP_221,根域名服务器,ComputingObject,计算机网络,第6章 应用层,说明根域名服务器的工作层次、组成结构和转发/连接功能。,,3,4,王道2027计网，根域名服务器，教材p271（PDF页282）,根域名服务器,271,教材在“根域名服务器”中出现或讲解“根域名服务器”；本节点概括为：说明根域名服务器的工作层次、组成结构和转发/连接功能。
CN_TOP_222,顶级域名服务器,ComputingObject,计算机网络,第6章 应用层,说明顶级域名服务器的工作层次、组成结构和转发/连接功能。,,3,4,王道2027计网，顶级域名服务器，教材p271（PDF页282）,顶级域名服务器,271,教材在“顶级域名服务器”中出现或讲解“顶级域名服务器”；本节点概括为：说明顶级域名服务器的工作层次、组成结构和转发/连接功能。
CN_TOP_223,权限域名服务器（授权域名服务器）,ComputingObject,计算机网络,第6章 应用层,说明权限域名服务器（授权域名服务器）的工作层次、组成结构和转发/连接功能。,,3,4,王道2027计网，权限域名服务器（授权域名服务器），教材p272（PDF页283）,权限域名服务器（授权域名服务器）,272,教材在“权限域名服务器（授权域名服务器）”中出现或讲解“权限域名服务器（授权域名服务器）”；本节点概括为：说明权限域名服务器（授权域名服务器）的工作层次、组成结构和转发/连接功能。
CN_TOP_224,本地域名服务器,ComputingObject,计算机网络,第6章 应用层,说明本地域名服务器的工作层次、组成结构和转发/连接功能。,,3,4,王道2027计网，本地域名服务器，教材p272（PDF页283）,本地域名服务器,272,教材在“本地域名服务器”中出现或讲解“本地域名服务器”；本节点概括为：说明本地域名服务器的工作层次、组成结构和转发/连接功能。
CN_TOP_225,域名解析过程,Mechanism,计算机网络,第6章 应用层,客户端通过本地域名服务器及递归/迭代查询获得目标域名对应的IP地址。,,3,4,王道2027计网，域名解析过程，教材p272（PDF页283）,域名解析过程,272,教材在“域名解析过程”中出现或讲解“域名解析过程”；本节点概括为：客户端通过本地域名服务器及递归/迭代查询获得目标域名对应的IP地址。
CN_TOP_226,文件传输协议,Topic,计算机网络,第6章 应用层,FTP用于在客户与服务器之间传输文件，使用控制连接和数据连接。,"FTP, File Transfer Protocol",3,4,王道2027计网，文件传输协议，教材p277（PDF页288）,文件传输协议,277,教材在“文件传输协议”中出现或讲解“文件传输协议”；本节点概括为：FTP用于在客户与服务器之间传输文件，使用控制连接和数据连接。
CN_TOP_227,FTP的工作原理,Protocol,计算机网络,第6章 应用层,属于“文件传输协议”下的核心知识点，用于理解第6章 应用层中的相关原理和考点。,,3,4,王道2027计网，FTP的工作原理，教材p277（PDF页288）,FTP的工作原理,277,教材在“FTP的工作原理”中出现或讲解“FTP的工作原理”；本节点概括为：属于“文件传输协议”下的核心知识点，用于理解第6章 应用层中的相关原理和考点。
CN_TOP_228,控制连接与数据连接,Mechanism,计算机网络,第6章 应用层,用于协调控制连接与数据连接中的访问、差错、流量或拥塞问题。,,3,4,王道2027计网，控制连接与数据连接，教材p277（PDF页288）,控制连接与数据连接,277,教材在“控制连接与数据连接”中出现或讲解“控制连接与数据连接”；本节点概括为：用于协调控制连接与数据连接中的访问、差错、流量或拥塞问题。
CN_TOP_229,控制连接,Mechanism,计算机网络,第6章 应用层,FTP中用于传输控制命令和响应的连接，通常在整个会话期间保持。,,3,4,王道2027计网，控制连接，教材p278（PDF页289）,控制连接,278,教材在“控制连接”中出现或讲解“控制连接”；本节点概括为：FTP中用于传输控制命令和响应的连接，通常在整个会话期间保持。
CN_TOP_230,数据连接,Concept,计算机网络,第6章 应用层,FTP中用于传输文件数据的连接，可按传输任务建立和释放。,,3,4,王道2027计网，数据连接，教材p278（PDF页289）,数据连接,278,教材在“数据连接”中出现或讲解“数据连接”；本节点概括为：FTP中用于传输文件数据的连接，可按传输任务建立和释放。
CN_TOP_231,电子邮件,Topic,计算机网络,第6章 应用层,由用户代理、邮件服务器和邮件协议组成，实现邮件发送、传输和读取。,,3,4,王道2027计网，电子邮件，教材p283（PDF页294）,电子邮件,283,教材在“电子邮件”中出现或讲解“电子邮件”；本节点概括为：由用户代理、邮件服务器和邮件协议组成，实现邮件发送、传输和读取。
CN_TOP_232,电子邮件系统的组成结构,Application,计算机网络,第6章 应用层,属于“电子邮件”下的核心知识点，用于理解第6章 应用层中的相关原理和考点。,,2,4,王道2027计网，电子邮件系统的组成结构，教材p283（PDF页294）,电子邮件系统的组成结构,283,教材在“电子邮件系统的组成结构”中出现或讲解“电子邮件系统的组成结构”；本节点概括为：属于“电子邮件”下的核心知识点，用于理解第6章 应用层中的相关原理和考点。
CN_TOP_233,电子邮件格式与MIME,DataStructure,计算机网络,第6章 应用层,描述电子邮件格式与MIME的数据组织方式、字段含义或标识作用。,,3,4,王道2027计网，电子邮件格式与MIME，教材p284（PDF页295）,电子邮件格式与MIME,284,教材在“电子邮件格式与MIME”中出现或讲解“电子邮件格式与MIME”；本节点概括为：描述电子邮件格式与MIME的数据组织方式、字段含义或标识作用。
CN_TOP_234,电子邮件格式,DataStructure,计算机网络,第6章 应用层,描述电子邮件格式的数据组织方式、字段含义或标识作用。,,3,4,王道2027计网，电子邮件格式，教材p284（PDF页295）,电子邮件格式,284,教材在“电子邮件格式”中出现或讲解“电子邮件格式”；本节点概括为：描述电子邮件格式的数据组织方式、字段含义或标识作用。
CN_TOP_235,多用途互联网邮件扩展（MIME）,Concept,计算机网络,第6章 应用层,扩展电子邮件格式，使邮件可携带非ASCII文本和多媒体附件。,MIME,3,4,王道2027计网，多用途互联网邮件扩展（MIME），教材p285（PDF页296）,多用途互联网邮件扩展（MIME）,285,教材在“多用途互联网邮件扩展（MIME）”中出现或讲解“多用途互联网邮件扩展（MIME）”；本节点概括为：扩展电子邮件格式，使邮件可携带非ASCII文本和多媒体附件。
CN_TOP_236,SMTP和POP3,Protocol,计算机网络,第6章 应用层,属于“电子邮件”下的核心知识点，用于理解第6章 应用层中的相关原理和考点。,,3,4,王道2027计网，SMTP和POP3，教材p285（PDF页296）,SMTP和POP3,285,教材在“SMTP和POP3”中出现或讲解“SMTP和POP3”；本节点概括为：属于“电子邮件”下的核心知识点，用于理解第6章 应用层中的相关原理和考点。
CN_TOP_237,SMTP,Protocol,计算机网络,第6章 应用层,简单邮件传输协议，用于邮件发送和服务器之间的邮件传输。,Simple Mail Transfer Protocol,3,4,王道2027计网，SMTP，教材p285（PDF页296）,SMTP,285,教材在“SMTP”中出现或讲解“SMTP”；本节点概括为：简单邮件传输协议，用于邮件发送和服务器之间的邮件传输。
CN_TOP_238,POP3和IMAP,Protocol,计算机网络,第6章 应用层,用于邮件读取的应用层协议，其中IMAP更适合在服务器端管理邮件。,"POP3, IMAP",3,4,王道2027计网，POP3和IMAP，教材p286（PDF页297）,POP3和IMAP,286,教材在“POP3和IMAP”中出现或讲解“POP3和IMAP”；本节点概括为：用于邮件读取的应用层协议，其中IMAP更适合在服务器端管理邮件。
CN_TOP_239,万维网,Topic,计算机网络,第6章 应用层,以URL、HTTP和HTML等技术为基础的分布式超文本信息系统。,"WWW, Web",3,4,王道2027计网，万维网，教材p289（PDF页300）,万维网,289,教材在“万维网”中出现或讲解“万维网”；本节点概括为：以URL、HTTP和HTML等技术为基础的分布式超文本信息系统。
CN_TOP_240,万维网的概念与组成结构,Application,计算机网络,第6章 应用层,属于“万维网”下的核心知识点，用于理解第6章 应用层中的相关原理和考点。,,2,4,王道2027计网，万维网的概念与组成结构，教材p289（PDF页300）,万维网的概念与组成结构,289,教材在“万维网的概念与组成结构”中出现或讲解“万维网的概念与组成结构”；本节点概括为：属于“万维网”下的核心知识点，用于理解第6章 应用层中的相关原理和考点。
CN_TOP_241,超文本传输协议,Protocol,计算机网络,第6章 应用层,HTTP规定浏览器与Web服务器之间请求和响应的报文格式及交互过程。,"HTTP, HyperText Transfer Protocol",3,4,王道2027计网，超文本传输协议，教材p290（PDF页301）,超文本传输协议,290,教材在“超文本传输协议”中出现或讲解“超文本传输协议”；本节点概括为：HTTP规定浏览器与Web服务器之间请求和响应的报文格式及交互过程。
CN_TOP_242,HTTP的操作过程,Protocol,计算机网络,第6章 应用层,浏览器建立连接、发送请求、服务器返回响应并传输对象的基本过程。,,3,5,王道2027计网，HTTP的操作过程，教材p290（PDF页301）,HTTP的操作过程,290,教材在“HTTP的操作过程”中出现或讲解“HTTP的操作过程”；本节点概括为：浏览器建立连接、发送请求、服务器返回响应并传输对象的基本过程。
CN_TOP_243,HTTP的特点,Protocol,计算机网络,第6章 应用层,HTTP具有无状态、灵活、可使用持久连接等特点。,,2,5,王道2027计网，HTTP的特点，教材p291（PDF页302）,HTTP的特点,291,教材在“HTTP的特点”中出现或讲解“HTTP的特点”；本节点概括为：HTTP具有无状态、灵活、可使用持久连接等特点。
CN_TOP_244,HTTP的报文结构,DataStructure,计算机网络,第6章 应用层,HTTP报文由开始行、首部行和实体主体等部分组成。,,3,5,王道2027计网，HTTP的报文结构，教材p292（PDF页303）,HTTP的报文结构,292,教材在“HTTP的报文结构”中出现或讲解“HTTP的报文结构”；本节点概括为：HTTP报文由开始行、首部行和实体主体等部分组成。
CN_TOP_245,代理服务器,ComputingObject,计算机网络,第6章 应用层,作为客户端与服务器之间的中间实体，可缓存、转发或过滤HTTP请求。,,3,4,王道2027计网，代理服务器，教材p293（PDF页304）,代理服务器,293,教材在“代理服务器”中出现或讲解“代理服务器”；本节点概括为：作为客户端与服务器之间的中间实体，可缓存、转发或过滤HTTP请求。
CN_TOP_246,HTTP请求报文举例,Example,计算机网络,第6章 应用层,描述HTTP请求报文举例的数据组织方式、字段含义或标识作用。,,3,5,王道2027计网，HTTP请求报文举例，教材p294（PDF页305）,HTTP请求报文举例,294,教材在“HTTP请求报文举例”中出现或讲解“HTTP请求报文举例”；本节点概括为：描述HTTP请求报文举例的数据组织方式、字段含义或标识作用。
CG_CRS_001,计算机图形学,Course,计算机图形学,,系统学习计算机图形学中的图形系统、二维与三维表示、图形管线、交互、视觉感知、光照与层次建模等基础原理与实践。,"Computer Graphics,图形学",4,5,John F. Hughes 等《计算机图形学 原理及实践（第3版 基础篇）》，书名页，PDF页3,书名页,1,教材书名页标明《计算机图形学 原理及实践（第3版 基础篇）》；本节点作为课程级实体统一组织计算机图形学知识。
CG_TOP_001,第1章 绪论,Topic,计算机图形学,第1章 绪论,围绕“绪论”建立本章核心知识体系。,,3,5,John F. Hughes 等《计算机图形学 原理及实践（第3版 基础篇）》，第1章 绪论，教材p1，PDF页30,第1章 绪论,1,教材在“第1章 绪论”中出现或讲解“第1章 绪论”；本节点按知识图谱问答需要进行结构化概括。
CG_TOP_002,第2章 2D图形学简介——基于WPF,Topic,计算机图形学,第2章 2D图形学简介——基于WPF,围绕“2D图形学简介——基于WPF”建立本章核心知识体系。,,3,5,John F. Hughes 等《计算机图形学 原理及实践（第3版 基础篇）》，第2章 2D图形学简介——基于WPF，教材p26，PDF页55,第2章 2D图形学简介——基于WPF,26,教材在“第2章 2D图形学简介——基于WPF”中出现或讲解“第2章 2D图形学简介——基于WPF”；本节点按知识图谱问答需要进行结构化概括。
CG_TOP_003,第3章 一个画布的绘制器,Topic,计算机图形学,第3章 一个画布的绘制器,围绕“一个画布的绘制器”建立本章核心知识体系。,,3,5,John F. Hughes 等《计算机图形学 原理及实践（第3版 基础篇）》，第3章 一个画布的绘制器，教材p47，PDF页76,第3章 一个画布的绘制器,47,教材在“第3章 一个画布的绘制器”中出现或讲解“第3章 一个画布的绘制器”；本节点按知识图谱问答需要进行结构化概括。
CG_TOP_004,第4章 2D图形测试平台,Topic,计算机图形学,第4章 2D图形测试平台,围绕“2D图形测试平台”建立本章核心知识体系。,,3,5,John F. Hughes 等《计算机图形学 原理及实践（第3版 基础篇）》，第4章 2D图形测试平台，教材p62，PDF页91,第4章 2D图形测试平台,62,教材在“第4章 2D图形测试平台”中出现或讲解“第4章 2D图形测试平台”；本节点按知识图谱问答需要进行结构化概括。
CG_TOP_005,第5章 人类视觉感知简介,Topic,计算机图形学,第5章 人类视觉感知简介,围绕“人类视觉感知简介”建立本章核心知识体系。,,3,5,John F. Hughes 等《计算机图形学 原理及实践（第3版 基础篇）》，第5章 人类视觉感知简介，教材p78，PDF页107,第5章 人类视觉感知简介,78,教材在“第5章 人类视觉感知简介”中出现或讲解“第5章 人类视觉感知简介”；本节点按知识图谱问答需要进行结构化概括。
CG_TOP_006,第6章 固定功能的3D图形平台和层次建模简介,Topic,计算机图形学,第6章 固定功能的3D图形平台和层次建模简介,围绕“固定功能的3D图形平台和层次建模简介”建立本章核心知识体系。,,3,5,John F. Hughes 等《计算机图形学 原理及实践（第3版 基础篇）》，第6章 固定功能的3D图形平台和层次建模简介，教材p92，PDF页121,第6章 固定功能的3D图形平台和层次建模简介,92,教材在“第6章 固定功能的3D图形平台和层次建模简介”中出现或讲解“第6章 固定功能的3D图形平台和层次建模简介”；本节点按知识图谱问答需要进行结构化概括。
CG_TOP_007,第7章 2D和3D空间中的基础数学与几何,Topic,计算机图形学,第7章 2D和3D空间中的基础数学与几何,围绕“2D和3D空间中的基础数学与几何”建立本章核心知识体系。,,4,4,John F. Hughes 等《计算机图形学 原理及实践（第3版 基础篇）》，第7章 2D和3D空间中的基础数学与几何，教材p121，PDF页150,第7章 2D和3D空间中的基础数学与几何,121,教材在“第7章 2D和3D空间中的基础数学与几何”中出现或讲解“第7章 2D和3D空间中的基础数学与几何”；本节点按知识图谱问答需要进行结构化概括。
CG_TOP_008,第8章 2D和3D形状的简单表示,Topic,计算机图形学,第8章 2D和3D形状的简单表示,围绕“2D和3D形状的简单表示”建立本章核心知识体系。,,4,4,John F. Hughes 等《计算机图形学 原理及实践（第3版 基础篇）》，目录，PDF页25-29（教材目录标示“第8章 2D和3D形状的简单表示”起始p150；上传PDF正文未覆盖该页）,第8章 2D和3D形状的简单表示,150,教材在“第8章 2D和3D形状的简单表示”中出现或讲解“第8章 2D和3D形状的简单表示”；本节点按知识图谱问答需要进行结构化概括。
CG_TOP_009,第9章 网格函数,Topic,计算机图形学,第9章 网格函数,围绕“网格函数”建立本章核心知识体系。,,4,4,John F. Hughes 等《计算机图形学 原理及实践（第3版 基础篇）》，目录，PDF页25-29（教材目录标示“第9章 网格函数”起始p161；上传PDF正文未覆盖该页）,第9章 网格函数,161,教材在“第9章 网格函数”中出现或讲解“第9章 网格函数”；本节点按知识图谱问答需要进行结构化概括。
CG_TOP_010,第10章 2D变换,Topic,计算机图形学,第10章 2D变换,围绕“2D变换”建立本章核心知识体系。,,4,4,John F. Hughes 等《计算机图形学 原理及实践（第3版 基础篇）》，目录，PDF页25-29（教材目录标示“第10章 2D变换”起始p177；上传PDF正文未覆盖该页）,第10章 2D变换,177,教材在“第10章 2D变换”中出现或讲解“第10章 2D变换”；本节点按知识图谱问答需要进行结构化概括。
CG_TOP_011,第11章 3D变换,Topic,计算机图形学,第11章 3D变换,围绕“3D变换”建立本章核心知识体系。,,4,4,John F. Hughes 等《计算机图形学 原理及实践（第3版 基础篇）》，目录，PDF页25-29（教材目录标示“第11章 3D变换”起始p212；上传PDF正文未覆盖该页）,第11章 3D变换,212,教材在“第11章 3D变换”中出现或讲解“第11章 3D变换”；本节点按知识图谱问答需要进行结构化概括。
CG_TOP_012,第12章 2D和3D图形变换库,Topic,计算机图形学,第12章 2D和3D图形变换库,围绕“2D和3D图形变换库”建立本章核心知识体系。,,4,4,John F. Hughes 等《计算机图形学 原理及实践（第3版 基础篇）》，目录，PDF页25-29（教材目录标示“第12章 2D和3D图形变换库”起始p230；上传PDF正文未覆盖该页）,第12章 2D和3D图形变换库,230,教材在“第12章 2D和3D图形变换库”中出现或讲解“第12章 2D和3D图形变换库”；本节点按知识图谱问答需要进行结构化概括。
CG_TOP_013,第13章 相机设定及变换,Topic,计算机图形学,第13章 相机设定及变换,围绕“相机设定及变换”建立本章核心知识体系。,,4,4,John F. Hughes 等《计算机图形学 原理及实践（第3版 基础篇）》，目录，PDF页25-29（教材目录标示“第13章 相机设定及变换”起始p239；上传PDF正文未覆盖该页）,第13章 相机设定及变换,239,教材在“第13章 相机设定及变换”中出现或讲解“第13章 相机设定及变换”；本节点按知识图谱问答需要进行结构化概括。
CG_TOP_014,第14章 标准化近似和表示,Topic,计算机图形学,第14章 标准化近似和表示,围绕“标准化近似和表示”建立本章核心知识体系。,,4,4,John F. Hughes 等《计算机图形学 原理及实践（第3版 基础篇）》，目录，PDF页25-29（教材目录标示“第14章 标准化近似和表示”起始p256；上传PDF正文未覆盖该页）,第14章 标准化近似和表示,256,教材在“第14章 标准化近似和表示”中出现或讲解“第14章 标准化近似和表示”；本节点按知识图谱问答需要进行结构化概括。
CG_TOP_015,第15章 光照控制与光栅化,Topic,计算机图形学,第15章 光照控制与光栅化,围绕“光照控制与光栅化”建立本章核心知识体系。,,4,4,John F. Hughes 等《计算机图形学 原理及实践（第3版 基础篇）》，目录，PDF页25-29（教材目录标示“第15章 光照控制与光栅化”起始p309；上传PDF正文未覆盖该页）,第15章 光照控制与光栅化,309,教材在“第15章 光照控制与光栅化”中出现或讲解“第15章 光照控制与光栅化”；本节点按知识图谱问答需要进行结构化概括。
CG_TOP_016,第16章 实时3D图形平台综述,Topic,计算机图形学,第16章 实时3D图形平台综述,围绕“实时3D图形平台综述”建立本章核心知识体系。,,4,4,John F. Hughes 等《计算机图形学 原理及实践（第3版 基础篇）》，目录，PDF页25-29（教材目录标示“第16章 实时3D图形平台综述”起始p363；上传PDF正文未覆盖该页）,第16章 实时3D图形平台综述,363,教材在“第16章 实时3D图形平台综述”中出现或讲解“第16章 实时3D图形平台综述”；本节点按知识图谱问答需要进行结构化概括。
CG_TOP_017,计算机图形学简介,Topic,计算机图形学,第1章 绪论,教材1.1“计算机图形学简介”的主题内容，作为第1章下的知识模块。,,3,4,John F. Hughes 等《计算机图形学 原理及实践（第3版 基础篇）》，1.1 计算机图形学简介，教材p1，PDF页30,1.1 计算机图形学简介,1,教材在“1.1 计算机图形学简介”中出现或讲解“计算机图形学简介”；本节点按知识图谱问答需要进行结构化概括。
CG_TOP_018,简要历史,Topic,计算机图形学,第1章 绪论,教材1.2“简要历史”的主题内容，作为第1章下的知识模块。,,3,4,John F. Hughes 等《计算机图形学 原理及实践（第3版 基础篇）》，1.2 简要历史，教材p5，PDF页34,1.2 简要历史,5,教材在“1.2 简要历史”中出现或讲解“简要历史”；本节点按知识图谱问答需要进行结构化概括。
CG_TOP_019,一个光照的例子,Topic,计算机图形学,第1章 绪论,教材1.3“一个光照的例子”的主题内容，作为第1章下的知识模块。,,3,4,John F. Hughes 等《计算机图形学 原理及实践（第3版 基础篇）》，1.3 一个光照的例子，教材p7，PDF页36,1.3 一个光照的例子,7,教材在“1.3 一个光照的例子”中出现或讲解“一个光照的例子”；本节点按知识图谱问答需要进行结构化概括。
CG_TOP_020,目标、资源和适用的抽象,Topic,计算机图形学,第1章 绪论,教材1.4“目标、资源和适用的抽象”的主题内容，作为第1章下的知识模块。,,3,4,John F. Hughes 等《计算机图形学 原理及实践（第3版 基础篇）》，1.4 目标、资源和适用的抽象，教材p8，PDF页37,1.4 目标、资源和适用的抽象,8,教材在“1.4 目标、资源和适用的抽象”中出现或讲解“目标、资源和适用的抽象”；本节点按知识图谱问答需要进行结构化概括。
CG_TOP_021,图形学中的数学和一些参数化的抽象,Topic,计算机图形学,第1章 绪论,教材1.5“图形学中的数学和一些参数化的抽象”的主题内容，作为第1章下的知识模块。,,3,4,John F. Hughes 等《计算机图形学 原理及实践（第3版 基础篇）》，1.5 图形学中的数学和一些参数化的抽象，教材p9，PDF页38,1.5 图形学中的数学和一些参数化的抽象,9,教材在“1.5 图形学中的数学和一些参数化的抽象”中出现或讲解“图形学中的数学和一些参数化的抽象”；本节点按知识图谱问答需要进行结构化概括。
CG_TOP_022,图形管线,Topic,计算机图形学,第1章 绪论,教材1.6“图形管线”的主题内容，作为第1章下的知识模块。,,3,4,John F. Hughes 等《计算机图形学 原理及实践（第3版 基础篇）》，1.6 图形管线，教材p11，PDF页40,1.6 图形管线,11,教材在“1.6 图形管线”中出现或讲解“图形管线”；本节点按知识图谱问答需要进行结构化概括。
CG_TOP_023,图形学与艺术、设计、感知的关系,Topic,计算机图形学,第1章 绪论,教材1.7“图形学与艺术、设计、感知的关系”的主题内容，作为第1章下的知识模块。,,3,4,John F. Hughes 等《计算机图形学 原理及实践（第3版 基础篇）》，1.7 图形学与艺术、设计、感知的关系，教材p15，PDF页44,1.7 图形学与艺术、设计、感知的关系,15,教材在“1.7 图形学与艺术、设计、感知的关系”中出现或讲解“图形学与艺术、设计、感知的关系”；本节点按知识图谱问答需要进行结构化概括。
CG_TOP_024,基本图形系统,Topic,计算机图形学,第1章 绪论,教材1.8“基本图形系统”的主题内容，作为第1章下的知识模块。,,3,4,John F. Hughes 等《计算机图形学 原理及实践（第3版 基础篇）》，1.8 基本图形系统，教材p16，PDF页45,1.8 基本图形系统,16,教材在“1.8 基本图形系统”中出现或讲解“基本图形系统”；本节点按知识图谱问答需要进行结构化概括。
CG_TOP_025,视为黑盒的多边形绘制,Topic,计算机图形学,第1章 绪论,教材1.9“视为黑盒的多边形绘制”的主题内容，作为第1章下的知识模块。,,3,4,John F. Hughes 等《计算机图形学 原理及实践（第3版 基础篇）》，1.9 视为黑盒的多边形绘制，教材p17，PDF页46,1.9 视为黑盒的多边形绘制,17,教材在“1.9 视为黑盒的多边形绘制”中出现或讲解“视为黑盒的多边形绘制”；本节点按知识图谱问答需要进行结构化概括。
CG_TOP_026,图形系统中的交互,Topic,计算机图形学,第1章 绪论,教材1.10“图形系统中的交互”的主题内容，作为第1章下的知识模块。,,3,4,John F. Hughes 等《计算机图形学 原理及实践（第3版 基础篇）》，1.10 图形系统中的交互，教材p18，PDF页47,1.10 图形系统中的交互,18,教材在“1.10 图形系统中的交互”中出现或讲解“图形系统中的交互”；本节点按知识图谱问答需要进行结构化概括。
CG_TOP_027,不同类型的图形应用,Topic,计算机图形学,第1章 绪论,教材1.11“不同类型的图形应用”的主题内容，作为第1章下的知识模块。,,3,4,John F. Hughes 等《计算机图形学 原理及实践（第3版 基础篇）》，1.11 不同类型的图形应用，教材p19，PDF页48,1.11 不同类型的图形应用,19,教材在“1.11 不同类型的图形应用”中出现或讲解“不同类型的图形应用”；本节点按知识图谱问答需要进行结构化概括。
CG_TOP_028,构建高质量绘图模块,Topic,计算机图形学,第1章 绪论,教材1.12“构建高质量绘图模块”的主题内容，作为第1章下的知识模块。,,3,4,John F. Hughes 等《计算机图形学 原理及实践（第3版 基础篇）》，1.12 构建高质量绘图模块，教材p19，PDF页48,1.12 构建高质量绘图模块,19,教材在“1.12 构建高质量绘图模块”中出现或讲解“构建高质量绘图模块”；本节点按知识图谱问答需要进行结构化概括。
CG_TOP_029,构建真实感绘图模块：概述,Topic,计算机图形学,第1章 绪论,教材1.13“构建真实感绘图模块：概述”的主题内容，作为第1章下的知识模块。,,3,4,John F. Hughes 等《计算机图形学 原理及实践（第3版 基础篇）》，1.13 构建真实感绘图模块：概述，教材p20，PDF页49,1.13 构建真实感绘图模块：概述,20,教材在“1.13 构建真实感绘图模块：概述”中出现或讲解“构建真实感绘图模块：概述”；本节点按知识图谱问答需要进行结构化概括。
CG_TOP_030,学习计算机图形学,Topic,计算机图形学,第1章 绪论,教材1.14“学习计算机图形学”的主题内容，作为第1章下的知识模块。,,3,4,John F. Hughes 等《计算机图形学 原理及实践（第3版 基础篇）》，1.14 学习计算机图形学，教材p24，PDF页53,1.14 学习计算机图形学,24,教材在“1.14 学习计算机图形学”中出现或讲解“学习计算机图形学”；本节点按知识图谱问答需要进行结构化概括。
CG_TOP_031,引言,Topic,计算机图形学,第2章 2D图形学简介——基于WPF,教材2.1“引言”的主题内容，作为第2章下的知识模块。,,3,4,John F. Hughes 等《计算机图形学 原理及实践（第3版 基础篇）》，2.1 引言，教材p26，PDF页55,2.1 引言,26,教材在“2.1 引言”中出现或讲解“引言”；本节点按知识图谱问答需要进行结构化概括。
CG_TOP_032,2D图形流水线概述,Topic,计算机图形学,第2章 2D图形学简介——基于WPF,教材2.2“2D图形流水线概述”的主题内容，作为第2章下的知识模块。,,3,4,John F. Hughes 等《计算机图形学 原理及实践（第3版 基础篇）》，2.2 2D图形流水线概述，教材p26，PDF页55,2.2 2D图形流水线概述,26,教材在“2.2 2D图形流水线概述”中出现或讲解“2D图形流水线概述”；本节点按知识图谱问答需要进行结构化概括。
CG_TOP_033,2D图形平台的演变,Topic,计算机图形学,第2章 2D图形学简介——基于WPF,教材2.3“2D图形平台的演变”的主题内容，作为第2章下的知识模块。,,3,4,John F. Hughes 等《计算机图形学 原理及实践（第3版 基础篇）》，2.3 2D图形平台的演变，教材p27，PDF页56,2.3 2D图形平台的演变,27,教材在“2.3 2D图形平台的演变”中出现或讲解“2D图形平台的演变”；本节点按知识图谱问答需要进行结构化概括。
CG_TOP_034,使用WPF定义2D场景,Topic,计算机图形学,第2章 2D图形学简介——基于WPF,教材2.4“使用WPF定义2D场景”的主题内容，作为第2章下的知识模块。,,3,4,John F. Hughes 等《计算机图形学 原理及实践（第3版 基础篇）》，2.4 使用WPF定义2D场景，教材p31，PDF页60,2.4 使用WPF定义2D场景,31,教材在“2.4 使用WPF定义2D场景”中出现或讲解“使用WPF定义2D场景”；本节点按知识图谱问答需要进行结构化概括。
CG_TOP_035,用WPF实现2D图形动态效果,Topic,计算机图形学,第2章 2D图形学简介——基于WPF,教材2.5“用WPF实现2D图形动态效果”的主题内容，作为第2章下的知识模块。,,3,4,John F. Hughes 等《计算机图形学 原理及实践（第3版 基础篇）》，2.5 用WPF实现2D图形动态效果，教材p42，PDF页71,2.5 用WPF实现2D图形动态效果,42,教材在“2.5 用WPF实现2D图形动态效果”中出现或讲解“用WPF实现2D图形动态效果”；本节点按知识图谱问答需要进行结构化概括。
CG_TOP_036,支持各种图形对象,Topic,计算机图形学,第2章 2D图形学简介——基于WPF,教材2.6“支持各种图形对象”的主题内容，作为第2章下的知识模块。,,3,4,John F. Hughes 等《计算机图形学 原理及实践（第3版 基础篇）》，2.6 支持各种图形对象，教材p45，PDF页74,2.6 支持各种图形对象,45,教材在“2.6 支持各种图形对象”中出现或讲解“支持各种图形对象”；本节点按知识图谱问答需要进行结构化概括。
CG_TOP_037,讨论和延伸阅读,Topic,计算机图形学,第2章 2D图形学简介——基于WPF,教材2.7“讨论和延伸阅读”的主题内容，作为第2章下的知识模块。,,3,4,John F. Hughes 等《计算机图形学 原理及实践（第3版 基础篇）》，2.7 讨论和延伸阅读，教材p46，PDF页75,2.7 讨论和延伸阅读,46,教材在“2.7 讨论和延伸阅读”中出现或讲解“讨论和延伸阅读”；本节点按知识图谱问答需要进行结构化概括。
CG_TOP_038,一个动态的本原,Topic,计算机图形学,第3章 一个画布的绘制器,教材3.1“一个动态的本原”的主题内容，作为第3章下的知识模块。,,3,4,John F. Hughes 等《计算机图形学 原理及实践（第3版 基础篇）》，3.1 一个动态的本原，教材p47，PDF页76,3.1 一个动态的本原,47,教材在“3.1 一个动态的本原”中出现或讲解“一个动态的本原”；本节点按知识图谱问答需要进行结构化概括。
CG_TOP_039,可见性,Topic,计算机图形学,第3章 一个画布的绘制器,教材3.2“可见性”的主题内容，作为第3章下的知识模块。,,3,4,John F. Hughes 等《计算机图形学 原理及实践（第3版 基础篇）》，3.2 可见性，教材p49，PDF页78,3.2 可见性,49,教材在“3.2 可见性”中出现或讲解“可见性”；本节点按知识图谱问答需要进行结构化概括。
CG_TOP_040,变量,Topic,计算机图形学,第3章 一个画布的绘制器,教材3.3“变量”的主题内容，作为第3章下的知识模块。,,3,4,John F. Hughes 等《计算机图形学 原理及实践（第3版 基础篇）》，3.3 变量，教材p49，PDF页78,3.3 变量,49,教材在“3.3 变量”中出现或讲解“变量”；本节点按知识图谱问答需要进行结构化概括。
CG_TOP_041,程序,Topic,计算机图形学,第3章 一个画布的绘制器,教材3.4“程序”的主题内容，作为第3章下的知识模块。,,3,4,John F. Hughes 等《计算机图形学 原理及实践（第3版 基础篇）》，3.4 程序，教材p55，PDF页84,3.4 程序,55,教材在“3.4 程序”中出现或讲解“程序”；本节点按知识图谱问答需要进行结构化概括。
CG_TOP_042,动画化,Topic,计算机图形学,第3章 一个画布的绘制器,教材3.5“动画化”的主题内容，作为第3章下的知识模块。,,3,4,John F. Hughes 等《计算机图形学 原理及实践（第3版 基础篇）》，3.5 动画化，教材p57，PDF页86,3.5 动画化,57,教材在“3.5 动画化”中出现或讲解“动画化”；本节点按知识图谱问答需要进行结构化概括。
CG_TOP_043,讨论和延伸阅读,Topic,计算机图形学,第3章 一个画布的绘制器,教材3.6“讨论和延伸阅读”的主题内容，作为第3章下的知识模块。,,3,4,John F. Hughes 等《计算机图形学 原理及实践（第3版 基础篇）》，3.6 讨论和延伸阅读，教材p59，PDF页88,3.6 讨论和延伸阅读,59,教材在“3.6 讨论和延伸阅读”中出现或讲解“讨论和延伸阅读”；本节点按知识图谱问答需要进行结构化概括。
CG_TOP_044,练习,Topic,计算机图形学,第3章 一个画布的绘制器,教材3.7“练习”的主题内容，作为第3章下的知识模块。,,3,4,John F. Hughes 等《计算机图形学 原理及实践（第3版 基础篇）》，3.7 练习，教材p60，PDF页89,3.7 练习,60,教材在“3.7 练习”中出现或讲解“练习”；本节点按知识图谱问答需要进行结构化概括。
CG_TOP_045,引言,Topic,计算机图形学,第4章 2D图形测试平台,教材4.1“引言”的主题内容，作为第4章下的知识模块。,,3,4,John F. Hughes 等《计算机图形学 原理及实践（第3版 基础篇）》，4.1 引言，教材p62，PDF页91,4.1 引言,62,教材在“4.1 引言”中出现或讲解“引言”；本节点按知识图谱问答需要进行结构化概括。
CG_TOP_046,测试平台的结构,Topic,计算机图形学,第4章 2D图形测试平台,教材4.2“测试平台的结构”的主题内容，作为第4章下的知识模块。,,3,4,John F. Hughes 等《计算机图形学 原理及实践（第3版 基础篇）》，4.2 测试平台的结构，教材p62，PDF页91,4.2 测试平台的结构,62,教材在“4.2 测试平台的结构”中出现或讲解“测试平台的结构”；本节点按知识图谱问答需要进行结构化概括。
CG_TOP_047,C#代码,Topic,计算机图形学,第4章 2D图形测试平台,教材4.3“C#代码”的主题内容，作为第4章下的知识模块。,,3,4,John F. Hughes 等《计算机图形学 原理及实践（第3版 基础篇）》，4.3 C#代码，教材p68，PDF页97,4.3 C#代码,68,教材在“4.3 C#代码”中出现或讲解“C#代码”；本节点按知识图谱问答需要进行结构化概括。
CG_TOP_048,动画,Topic,计算机图形学,第4章 2D图形测试平台,教材4.4“动画”的主题内容，作为第4章下的知识模块。,,3,4,John F. Hughes 等《计算机图形学 原理及实践（第3版 基础篇）》，4.4 动画，教材p74，PDF页103,4.4 动画,74,教材在“4.4 动画”中出现或讲解“动画”；本节点按知识图谱问答需要进行结构化概括。
CG_TOP_049,交互,Topic,计算机图形学,第4章 2D图形测试平台,教材4.5“交互”的主题内容，作为第4章下的知识模块。,,3,4,John F. Hughes 等《计算机图形学 原理及实践（第3版 基础篇）》，4.5 交互，教材p77，PDF页106,4.5 交互,77,教材在“4.5 交互”中出现或讲解“交互”；本节点按知识图谱问答需要进行结构化概括。
CG_TOP_050,测试平台的一个应用程序,Topic,计算机图形学,第4章 2D图形测试平台,教材4.6“测试平台的一个应用程序”的主题内容，作为第4章下的知识模块。,,3,4,John F. Hughes 等《计算机图形学 原理及实践（第3版 基础篇）》，4.6 测试平台的一个应用程序，教材p77，PDF页106,4.6 测试平台的一个应用程序,77,教材在“4.6 测试平台的一个应用程序”中出现或讲解“测试平台的一个应用程序”；本节点按知识图谱问答需要进行结构化概括。
CG_TOP_051,讨论,Topic,计算机图形学,第4章 2D图形测试平台,教材4.7“讨论”的主题内容，作为第4章下的知识模块。,,3,4,John F. Hughes 等《计算机图形学 原理及实践（第3版 基础篇）》，4.7 讨论，教材p77，PDF页106,4.7 讨论,77,教材在“4.7 讨论”中出现或讲解“讨论”；本节点按知识图谱问答需要进行结构化概括。
CG_TOP_052,练习,Topic,计算机图形学,第4章 2D图形测试平台,教材4.8“练习”的主题内容，作为第4章下的知识模块。,,3,4,John F. Hughes 等《计算机图形学 原理及实践（第3版 基础篇）》，4.8 练习，教材p77，PDF页106,4.8 练习,77,教材在“4.8 练习”中出现或讲解“练习”；本节点按知识图谱问答需要进行结构化概括。
CG_TOP_053,引言,Topic,计算机图形学,第5章 人类视觉感知简介,教材5.1“引言”的主题内容，作为第5章下的知识模块。,,3,4,John F. Hughes 等《计算机图形学 原理及实践（第3版 基础篇）》，5.1 引言，教材p78，PDF页107,5.1 引言,78,教材在“5.1 引言”中出现或讲解“引言”；本节点按知识图谱问答需要进行结构化概括。
CG_TOP_054,视觉系统,Topic,计算机图形学,第5章 人类视觉感知简介,教材5.2“视觉系统”的主题内容，作为第5章下的知识模块。,,3,4,John F. Hughes 等《计算机图形学 原理及实践（第3版 基础篇）》，5.2 视觉系统，教材p79，PDF页108,5.2 视觉系统,79,教材在“5.2 视觉系统”中出现或讲解“视觉系统”；本节点按知识图谱问答需要进行结构化概括。
CG_TOP_055,眼睛,Topic,计算机图形学,第5章 人类视觉感知简介,教材5.3“眼睛”的主题内容，作为第5章下的知识模块。,,3,4,John F. Hughes 等《计算机图形学 原理及实践（第3版 基础篇）》，5.3 眼睛，教材p82，PDF页111,5.3 眼睛,82,教材在“5.3 眼睛”中出现或讲解“眼睛”；本节点按知识图谱问答需要进行结构化概括。
CG_TOP_056,视觉信息处理,Topic,计算机图形学,第5章 人类视觉感知简介,教材5.4“视觉信息处理”的主题内容，作为第5章下的知识模块。,,3,4,John F. Hughes 等《计算机图形学 原理及实践（第3版 基础篇）》，5.4 视觉信息处理，教材p85，PDF页114,5.4 视觉信息处理,85,教材在“5.4 视觉信息处理”中出现或讲解“视觉信息处理”；本节点按知识图谱问答需要进行结构化概括。
CG_TOP_057,亮度,Topic,计算机图形学,第5章 人类视觉感知简介,教材5.5“亮度”的主题内容，作为第5章下的知识模块。,,3,4,John F. Hughes 等《计算机图形学 原理及实践（第3版 基础篇）》，5.5 亮度，教材p85，PDF页114,5.5 亮度,85,教材在“5.5 亮度”中出现或讲解“亮度”；本节点按知识图谱问答需要进行结构化概括。
CG_TOP_058,对照,Topic,计算机图形学,第5章 人类视觉感知简介,教材5.6“对照”的主题内容，作为第5章下的知识模块。,,3,4,John F. Hughes 等《计算机图形学 原理及实践（第3版 基础篇）》，5.6 对照，教材p89，PDF页118,5.6 对照,89,教材在“5.6 对照”中出现或讲解“对照”；本节点按知识图谱问答需要进行结构化概括。
CG_TOP_059,讨论和延伸阅读,Topic,计算机图形学,第5章 人类视觉感知简介,教材5.7“讨论和延伸阅读”的主题内容，作为第5章下的知识模块。,,3,4,John F. Hughes 等《计算机图形学 原理及实践（第3版 基础篇）》，5.7 讨论和延伸阅读，教材p89，PDF页118,5.7 讨论和延伸阅读,89,教材在“5.7 讨论和延伸阅读”中出现或讲解“讨论和延伸阅读”；本节点按知识图谱问答需要进行结构化概括。
CG_TOP_060,练习,Topic,计算机图形学,第5章 人类视觉感知简介,教材5.8“练习”的主题内容，作为第5章下的知识模块。,,3,4,John F. Hughes 等《计算机图形学 原理及实践（第3版 基础篇）》，5.8 练习，教材p90，PDF页119,5.8 练习,90,教材在“5.8 练习”中出现或讲解“练习”；本节点按知识图谱问答需要进行结构化概括。
CG_TOP_061,引言,Topic,计算机图形学,第6章 固定功能的3D图形平台和层次建模简介,教材6.1“引言”的主题内容，作为第6章下的知识模块。,,3,4,John F. Hughes 等《计算机图形学 原理及实践（第3版 基础篇）》，6.1 引言，教材p92，PDF页121,6.1 引言,92,教材在“6.1 引言”中出现或讲解“引言”；本节点按知识图谱问答需要进行结构化概括。
CG_TOP_062,网格和光照属性,Topic,计算机图形学,第6章 固定功能的3D图形平台和层次建模简介,教材6.2“网格和光照属性”的主题内容，作为第6章下的知识模块。,,3,4,John F. Hughes 等《计算机图形学 原理及实践（第3版 基础篇）》，6.2 网格和光照属性，教材p94，PDF页123,6.2 网格和光照属性,94,教材在“6.2 网格和光照属性”中出现或讲解“网格和光照属性”；本节点按知识图谱问答需要进行结构化概括。
CG_TOP_063,地面上的三角形,Topic,计算机图形学,第6章 固定功能的3D图形平台和层次建模简介,教材6.3“地面上的三角形”的主题内容，作为第6章下的知识模块。,,3,4,John F. Hughes 等《计算机图形学 原理及实践（第3版 基础篇）》，6.3 地面上的三角形，教材p102，PDF页131,6.3 地面上的三角形,102,教材在“6.3 地面上的三角形”中出现或讲解“地面上的三角形”；本节点按知识图谱问答需要进行结构化概括。
CG_TOP_064,WPF中的交互模型,Topic,计算机图形学,第6章 固定功能的3D图形平台和层次建模简介,教材6.4“WPF中的交互模型”的主题内容，作为第6章下的知识模块。,,3,4,John F. Hughes 等《计算机图形学 原理及实践（第3版 基础篇）》，6.4 WPF中的交互模型，教材p105，PDF页134,6.4 WPF中的交互模型,105,教材在“6.4 WPF中的交互模型”中出现或讲解“WPF中的交互模型”；本节点按知识图谱问答需要进行结构化概括。
CG_TOP_065,WPF光照设置,Topic,计算机图形学,第6章 固定功能的3D图形平台和层次建模简介,教材6.5“WPF光照设置”的主题内容，作为第6章下的知识模块。,,3,4,John F. Hughes 等《计算机图形学 原理及实践（第3版 基础篇）》，6.5 WPF光照设置，教材p107，PDF页136,6.5 WPF光照设置,107,教材在“6.5 WPF光照设置”中出现或讲解“WPF光照设置”；本节点按知识图谱问答需要进行结构化概括。
CG_TOP_066,基于场景图进行层次建模,Topic,计算机图形学,第6章 固定功能的3D图形平台和层次建模简介,教材6.6“基于场景图进行层次建模”的主题内容，作为第6章下的知识模块。,,3,4,John F. Hughes 等《计算机图形学 原理及实践（第3版 基础篇）》，6.6 基于场景图进行层次建模，教材p112，PDF页141,6.6 基于场景图进行层次建模,112,教材在“6.6 基于场景图进行层次建模”中出现或讲解“基于场景图进行层次建模”；本节点按知识图谱问答需要进行结构化概括。
CG_TOP_067,讨论,Topic,计算机图形学,第6章 固定功能的3D图形平台和层次建模简介,教材6.7“讨论”的主题内容，作为第6章下的知识模块。,,3,4,John F. Hughes 等《计算机图形学 原理及实践（第3版 基础篇）》，6.7 讨论，教材p120，PDF页149,6.7 讨论,120,教材在“6.7 讨论”中出现或讲解“讨论”；本节点按知识图谱问答需要进行结构化概括。
CG_TOP_068,引言,Topic,计算机图形学,第7章 2D和3D空间中的基础数学与几何,教材7.1“引言”的主题内容，作为第7章下的知识模块。,,3,4,John F. Hughes 等《计算机图形学 原理及实践（第3版 基础篇）》，7.1 引言，教材p121，PDF页150,7.1 引言,121,教材在“7.1 引言”中出现或讲解“引言”；本节点按知识图谱问答需要进行结构化概括。
CG_TOP_069,记号,Topic,计算机图形学,第7章 2D和3D空间中的基础数学与几何,教材7.2“记号”的主题内容，作为第7章下的知识模块。,,3,4,John F. Hughes 等《计算机图形学 原理及实践（第3版 基础篇）》，7.2 记号，教材p121，PDF页150,7.2 记号,121,教材在“7.2 记号”中出现或讲解“记号”；本节点按知识图谱问答需要进行结构化概括。
CG_TOP_070,集合,Topic,计算机图形学,第7章 2D和3D空间中的基础数学与几何,教材7.3“集合”的主题内容，作为第7章下的知识模块。,,3,4,John F. Hughes 等《计算机图形学 原理及实践（第3版 基础篇）》，7.3 集合，教材p121，PDF页150,7.3 集合,121,教材在“7.3 集合”中出现或讲解“集合”；本节点按知识图谱问答需要进行结构化概括。
CG_CON_001,计算机图形学,Concept,计算机图形学,第1章 绪论,研究利用计算机生成、表示、处理和交互操纵图形图像的方法与系统。,Computer Graphics,3,5,John F. Hughes 等《计算机图形学 原理及实践（第3版 基础篇）》，1.1 计算机图形学简介，教材p1，PDF页30,1.1 计算机图形学简介,1,教材在“1.1 计算机图形学简介”中出现或讲解“计算机图形学”；本节点按知识图谱问答需要进行结构化概括。
CG_CON_002,几何模型,Model,计算机图形学,第1章 绪论,用点、线、曲面、网格等数学对象描述场景中物体形状与结构的模型。,,3,5,John F. Hughes 等《计算机图形学 原理及实践（第3版 基础篇）》，1.1 计算机图形学简介，教材p1，PDF页30,1.1 计算机图形学简介,1,教材在“1.1 计算机图形学简介”中出现或讲解“几何模型”；本节点按知识图谱问答需要进行结构化概括。
CG_CON_003,图像生成,Operation,计算机图形学,第1章 绪论,从场景描述、几何与外观信息计算最终二维图像的过程。,渲染图像,3,5,John F. Hughes 等《计算机图形学 原理及实践（第3版 基础篇）》，1.1 计算机图形学简介，教材p1，PDF页30,1.1 计算机图形学简介,1,教材在“1.1 计算机图形学简介”中出现或讲解“图像生成”；本节点按知识图谱问答需要进行结构化概括。
CG_CON_004,交互式图形,Application,计算机图形学,第1章 绪论,用户可以通过输入设备实时改变场景或观察方式的图形应用。,,3,4,John F. Hughes 等《计算机图形学 原理及实践（第3版 基础篇）》，1.1 计算机图形学简介，教材p1，PDF页30,1.1 计算机图形学简介,1,教材在“1.1 计算机图形学简介”中出现或讲解“交互式图形”；本节点按知识图谱问答需要进行结构化概括。
CG_CON_005,科学可视化,Application,计算机图形学,第1章 绪论,利用图形技术把科学与工程数据转换成可理解视觉表达的应用。,,3,4,John F. Hughes 等《计算机图形学 原理及实践（第3版 基础篇）》，1.1 计算机图形学简介，教材p1，PDF页30,1.1 计算机图形学简介,1,教材在“1.1 计算机图形学简介”中出现或讲解“科学可视化”；本节点按知识图谱问答需要进行结构化概括。
CG_CON_006,光照模型,Model,计算机图形学,第1章 绪论,用数学近似描述光源、表面和观察者之间光能交互的模型。,,4,5,John F. Hughes 等《计算机图形学 原理及实践（第3版 基础篇）》，1.3 一个光照的例子，教材p7，PDF页36,1.3 一个光照的例子,7,教材在“1.3 一个光照的例子”中出现或讲解“光照模型”；本节点按知识图谱问答需要进行结构化概括。
CG_CON_007,表面法向量,ComputingObject,计算机图形学,第1章 绪论,描述曲面局部朝向的向量，是光照与着色计算的重要输入。,法线,3,5,John F. Hughes 等《计算机图形学 原理及实践（第3版 基础篇）》，1.3 一个光照的例子，教材p7，PDF页36,1.3 一个光照的例子,7,教材在“1.3 一个光照的例子”中出现或讲解“表面法向量”；本节点按知识图谱问答需要进行结构化概括。
CG_CON_008,观察方向,ComputingObject,计算机图形学,第1章 绪论,从表面点指向观察者或相机的方向向量。,,3,4,John F. Hughes 等《计算机图形学 原理及实践（第3版 基础篇）》，1.3 一个光照的例子，教材p7，PDF页36,1.3 一个光照的例子,7,教材在“1.3 一个光照的例子”中出现或讲解“观察方向”；本节点按知识图谱问答需要进行结构化概括。
CG_CON_009,光源方向,ComputingObject,计算机图形学,第1章 绪论,从表面点指向光源的方向向量。,,3,4,John F. Hughes 等《计算机图形学 原理及实践（第3版 基础篇）》，1.3 一个光照的例子，教材p7，PDF页36,1.3 一个光照的例子,7,教材在“1.3 一个光照的例子”中出现或讲解“光源方向”；本节点按知识图谱问答需要进行结构化概括。
CG_CON_010,像素,ComputingObject,计算机图形学,第1章 绪论,数字图像与显示设备中的基本离散采样单元。,pixel,2,5,John F. Hughes 等《计算机图形学 原理及实践（第3版 基础篇）》，1.5 图形学中的数学和一些参数化的抽象，教材p9，PDF页38,1.5 图形学中的数学和一些参数化的抽象,9,教材在“1.5 图形学中的数学和一些参数化的抽象”中出现或讲解“像素”；本节点按知识图谱问答需要进行结构化概括。
CG_CON_011,分辨率,Metric,计算机图形学,第1章 绪论,图像或显示设备可区分的空间细节程度，常与像素数量和采样密度相关。,,2,5,John F. Hughes 等《计算机图形学 原理及实践（第3版 基础篇）》，1.5 图形学中的数学和一些参数化的抽象，教材p9，PDF页38,1.5 图形学中的数学和一些参数化的抽象,9,教材在“1.5 图形学中的数学和一些参数化的抽象”中出现或讲解“分辨率”；本节点按知识图谱问答需要进行结构化概括。
CG_CON_012,像素密度DPI,Metric,计算机图形学,第1章 绪论,每英寸包含的像素或点数量，用于衡量显示或输出设备的空间采样密度。,"DPI,PPI",3,4,John F. Hughes 等《计算机图形学 原理及实践（第3版 基础篇）》，1.5 图形学中的数学和一些参数化的抽象，教材p9，PDF页38,1.5 图形学中的数学和一些参数化的抽象,9,教材在“1.5 图形学中的数学和一些参数化的抽象”中出现或讲解“像素密度DPI”；本节点按知识图谱问答需要进行结构化概括。
CG_CON_013,数码相机,ComputingObject,计算机图形学,第1章 绪论,通过离散感光单元采样场景光信号并形成数字图像的成像设备。,,2,4,John F. Hughes 等《计算机图形学 原理及实践（第3版 基础篇）》，1.5 图形学中的数学和一些参数化的抽象，教材p9，PDF页38,1.5 图形学中的数学和一些参数化的抽象,9,教材在“1.5 图形学中的数学和一些参数化的抽象”中出现或讲解“数码相机”；本节点按知识图谱问答需要进行结构化概括。
CG_CON_014,采样,Operation,计算机图形学,第1章 绪论,把连续信号在离散位置或时间上取值并转换为数字表示的过程。,,3,5,John F. Hughes 等《计算机图形学 原理及实践（第3版 基础篇）》，1.5 图形学中的数学和一些参数化的抽象，教材p9，PDF页38,1.5 图形学中的数学和一些参数化的抽象,9,教材在“1.5 图形学中的数学和一些参数化的抽象”中出现或讲解“采样”；本节点按知识图谱问答需要进行结构化概括。
CG_CON_015,图形管线,Mechanism,计算机图形学,第1章 绪论,把应用数据逐步转换为屏幕图像的一系列处理阶段。,graphics pipeline,4,5,John F. Hughes 等《计算机图形学 原理及实践（第3版 基础篇）》，1.6 图形管线，教材p11，PDF页40,1.6 图形管线,11,教材在“1.6 图形管线”中出现或讲解“图形管线”；本节点按知识图谱问答需要进行结构化概括。
CG_CON_016,顶点处理,Operation,计算机图形学,第1章 绪论,在图形管线中对顶点位置、属性和变换进行处理的阶段。,,4,4,John F. Hughes 等《计算机图形学 原理及实践（第3版 基础篇）》，1.6 图形管线，教材p11，PDF页40,1.6 图形管线,11,教材在“1.6 图形管线”中出现或讲解“顶点处理”；本节点按知识图谱问答需要进行结构化概括。
CG_CON_017,几何变换,Operation,计算机图形学,第1章 绪论,通过平移、旋转、缩放等操作改变几何对象的位置、方向或尺度。,,3,5,John F. Hughes 等《计算机图形学 原理及实践（第3版 基础篇）》，1.6 图形管线，教材p11，PDF页40,1.6 图形管线,11,教材在“1.6 图形管线”中出现或讲解“几何变换”；本节点按知识图谱问答需要进行结构化概括。
CG_CON_018,光栅化,Algorithm,计算机图形学,第1章 绪论,把几何图元离散转换成像素或片元覆盖集合的过程。,rasterization,4,5,John F. Hughes 等《计算机图形学 原理及实践（第3版 基础篇）》，1.6 图形管线，教材p11，PDF页40,1.6 图形管线,11,教材在“1.6 图形管线”中出现或讲解“光栅化”；本节点按知识图谱问答需要进行结构化概括。
CG_CON_019,纹理映射,Mechanism,计算机图形学,第1章 绪论,把图像或函数数据映射到物体表面以增加表面细节的机制。,texture mapping,4,5,John F. Hughes 等《计算机图形学 原理及实践（第3版 基础篇）》，1.6 图形管线，教材p11，PDF页40,1.6 图形管线,11,教材在“1.6 图形管线”中出现或讲解“纹理映射”；本节点按知识图谱问答需要进行结构化概括。
CG_CON_020,深度与可见性处理,Mechanism,计算机图形学,第1章 绪论,依据物体遮挡关系决定哪些表面片段最终可见的处理机制。,可见性判定,4,5,John F. Hughes 等《计算机图形学 原理及实践（第3版 基础篇）》，1.6 图形管线，教材p11，PDF页40,1.6 图形管线,11,教材在“1.6 图形管线”中出现或讲解“深度与可见性处理”；本节点按知识图谱问答需要进行结构化概括。
CG_CON_021,CPU,ComputingObject,计算机图形学,第1章 绪论,负责应用逻辑、数据准备和部分图形计算的通用处理器。,,2,3,John F. Hughes 等《计算机图形学 原理及实践（第3版 基础篇）》，1.8 基本图形系统，教材p16，PDF页45,1.8 基本图形系统,16,教材在“1.8 基本图形系统”中出现或讲解“CPU”；本节点按知识图谱问答需要进行结构化概括。
CG_CON_022,GPU,ComputingObject,计算机图形学,第1章 绪论,面向大规模并行图形与数值计算的处理器，是现代图形管线的重要执行平台。,,3,5,John F. Hughes 等《计算机图形学 原理及实践（第3版 基础篇）》，1.8 基本图形系统，教材p16，PDF页45,1.8 基本图形系统,16,教材在“1.8 基本图形系统”中出现或讲解“GPU”；本节点按知识图谱问答需要进行结构化概括。
CG_CON_023,显示设备,ComputingObject,计算机图形学,第1章 绪论,把数字图像转换为可见视觉输出的硬件设备。,显示器,2,4,John F. Hughes 等《计算机图形学 原理及实践（第3版 基础篇）》，1.8 基本图形系统，教材p16，PDF页45,1.8 基本图形系统,16,教材在“1.8 基本图形系统”中出现或讲解“显示设备”；本节点按知识图谱问答需要进行结构化概括。
CG_CON_024,输入设备,ComputingObject,计算机图形学,第1章 绪论,向图形系统提供用户操作信息的设备，如鼠标、键盘或触控设备。,,2,4,John F. Hughes 等《计算机图形学 原理及实践（第3版 基础篇）》，1.10 图形系统中的交互，教材p18，PDF页47,1.10 图形系统中的交互,18,教材在“1.10 图形系统中的交互”中出现或讲解“输入设备”；本节点按知识图谱问答需要进行结构化概括。
CG_CON_025,事件驱动交互,Mechanism,计算机图形学,第1章 绪论,系统通过输入事件触发回调或状态更新，从而实现人机交互。,,3,4,John F. Hughes 等《计算机图形学 原理及实践（第3版 基础篇）》，1.10 图形系统中的交互，教材p18，PDF页47,1.10 图形系统中的交互,18,教材在“1.10 图形系统中的交互”中出现或讲解“事件驱动交互”；本节点按知识图谱问答需要进行结构化概括。
CG_CON_026,应用程序编程接口,Protocol,计算机图形学,第1章 绪论,为图形应用提供绘制、资源、窗口和交互能力的一组标准接口。,API,3,4,John F. Hughes 等《计算机图形学 原理及实践（第3版 基础篇）》，1.11 不同类型的图形应用，教材p19，PDF页48,1.11 不同类型的图形应用,19,教材在“1.11 不同类型的图形应用”中出现或讲解“应用程序编程接口”；本节点按知识图谱问答需要进行结构化概括。
CG_CON_027,真实感绘制,Application,计算机图形学,第1章 绪论,通过几何、材质、光照、相机与采样等技术生成具有真实视觉效果的图像。,photorealistic rendering,4,5,John F. Hughes 等《计算机图形学 原理及实践（第3版 基础篇）》，1.13 构建真实感绘图模块：概述，教材p20，PDF页49,1.13 构建真实感绘图模块：概述,20,教材在“1.13 构建真实感绘图模块：概述”中出现或讲解“真实感绘制”；本节点按知识图谱问答需要进行结构化概括。
CG_CON_028,物体,ComputingObject,计算机图形学,第1章 绪论,图形场景中具有几何形状、空间位置和外观属性的基本对象。,,2,5,John F. Hughes 等《计算机图形学 原理及实践（第3版 基础篇）》，1.13 构建真实感绘图模块：概述，教材p20，PDF页49,1.13 构建真实感绘图模块：概述,20,教材在“1.13 构建真实感绘图模块：概述”中出现或讲解“物体”；本节点按知识图谱问答需要进行结构化概括。
CG_CON_029,材料,ComputingObject,计算机图形学,第1章 绪论,描述物体表面对光的反射、吸收和颜色等外观属性的数据。,材质,3,5,John F. Hughes 等《计算机图形学 原理及实践（第3版 基础篇）》，1.13 构建真实感绘图模块：概述，教材p20，PDF页49,1.13 构建真实感绘图模块：概述,20,教材在“1.13 构建真实感绘图模块：概述”中出现或讲解“材料”；本节点按知识图谱问答需要进行结构化概括。
CG_CON_030,光线,ComputingObject,计算机图形学,第1章 绪论,在光学和图形学模型中用于描述光传播方向与路径的抽象对象。,ray,3,4,John F. Hughes 等《计算机图形学 原理及实践（第3版 基础篇）》，1.13 构建真实感绘图模块：概述，教材p20，PDF页49,1.13 构建真实感绘图模块：概述,20,教材在“1.13 构建真实感绘图模块：概述”中出现或讲解“光线”；本节点按知识图谱问答需要进行结构化概括。
CG_CON_031,2D图形流水线,Mechanism,计算机图形学,第2章 2D图形学简介——基于WPF,把二维场景数据经过坐标变换、裁剪和绘制后转换为设备输出的处理流程。,,3,5,John F. Hughes 等《计算机图形学 原理及实践（第3版 基础篇）》，2.2 2D图形流水线概述，教材p26，PDF页55,2.2 2D图形流水线概述,26,教材在“2.2 2D图形流水线概述”中出现或讲解“2D图形流水线”；本节点按知识图谱问答需要进行结构化概括。
CG_CON_032,即时模式,Model,计算机图形学,第2章 2D图形学简介——基于WPF,应用每次重绘时主动发出绘图命令，系统不长期保存完整场景结构的图形模式。,immediate mode,3,4,John F. Hughes 等《计算机图形学 原理及实践（第3版 基础篇）》，2.3 2D图形平台的演变，教材p27，PDF页56,2.3 2D图形平台的演变,27,教材在“2.3 2D图形平台的演变”中出现或讲解“即时模式”；本节点按知识图谱问答需要进行结构化概括。
CG_CON_033,保留模式,Model,计算机图形学,第2章 2D图形学简介——基于WPF,图形系统保留场景对象及属性，由系统负责重绘、更新和事件关联的图形模式。,retained mode,3,5,John F. Hughes 等《计算机图形学 原理及实践（第3版 基础篇）》，2.3 2D图形平台的演变，教材p27，PDF页56,2.3 2D图形平台的演变,27,教材在“2.3 2D图形平台的演变”中出现或讲解“保留模式”；本节点按知识图谱问答需要进行结构化概括。
CG_CON_034,WPF,Protocol,计算机图形学,第2章 2D图形学简介——基于WPF,Windows平台上的图形与用户界面框架，提供保留模式二维/三维图形能力。,Windows Presentation Foundation,3,5,John F. Hughes 等《计算机图形学 原理及实践（第3版 基础篇）》，2.4 使用WPF定义2D场景，教材p31，PDF页60,2.4 使用WPF定义2D场景,31,教材在“2.4 使用WPF定义2D场景”中出现或讲解“WPF”；本节点按知识图谱问答需要进行结构化概括。
CG_CON_035,XAML,SyntaxElement,计算机图形学,第2章 2D图形学简介——基于WPF,用于声明WPF界面、图形对象、属性与层次结构的标记语言。,,3,5,John F. Hughes 等《计算机图形学 原理及实践（第3版 基础篇）》，2.4 使用WPF定义2D场景，教材p31，PDF页60,2.4 使用WPF定义2D场景,31,教材在“2.4 使用WPF定义2D场景”中出现或讲解“XAML”；本节点按知识图谱问答需要进行结构化概括。
CG_CON_036,Canvas画布,ComputingObject,计算机图形学,第2章 2D图形学简介——基于WPF,WPF中用于按二维坐标放置和组织图形元素的容器。,Canvas,2,5,John F. Hughes 等《计算机图形学 原理及实践（第3版 基础篇）》，2.4 使用WPF定义2D场景，教材p31，PDF页60,2.4 使用WPF定义2D场景,31,教材在“2.4 使用WPF定义2D场景”中出现或讲解“Canvas画布”；本节点按知识图谱问答需要进行结构化概括。
CG_CON_037,用户坐标系,Model,计算机图形学,第2章 2D图形学简介——基于WPF,应用根据问题域定义的逻辑坐标系统。,world/user coordinates,3,5,John F. Hughes 等《计算机图形学 原理及实践（第3版 基础篇）》，2.4 使用WPF定义2D场景，教材p31，PDF页60,2.4 使用WPF定义2D场景,31,教材在“2.4 使用WPF定义2D场景”中出现或讲解“用户坐标系”；本节点按知识图谱问答需要进行结构化概括。
CG_CON_038,设备坐标系,Model,计算机图形学,第2章 2D图形学简介——基于WPF,显示设备像素或设备单位所使用的输出坐标系统。,device coordinates,3,5,John F. Hughes 等《计算机图形学 原理及实践（第3版 基础篇）》，2.4 使用WPF定义2D场景，教材p31，PDF页60,2.4 使用WPF定义2D场景,31,教材在“2.4 使用WPF定义2D场景”中出现或讲解“设备坐标系”；本节点按知识图谱问答需要进行结构化概括。
CG_CON_039,笛卡尔坐标系,Model,计算机图形学,第2章 2D图形学简介——基于WPF,由互相垂直的坐标轴定义位置的常用二维坐标系统。,,2,4,John F. Hughes 等《计算机图形学 原理及实践（第3版 基础篇）》，2.4 使用WPF定义2D场景，教材p31，PDF页60,2.4 使用WPF定义2D场景,31,教材在“2.4 使用WPF定义2D场景”中出现或讲解“笛卡尔坐标系”；本节点按知识图谱问答需要进行结构化概括。
CG_CON_040,RenderTransform,SyntaxElement,计算机图形学,第2章 2D图形学简介——基于WPF,WPF元素用于指定渲染时几何变换的属性。,,3,4,John F. Hughes 等《计算机图形学 原理及实践（第3版 基础篇）》，2.4 使用WPF定义2D场景，教材p31，PDF页60,2.4 使用WPF定义2D场景,31,教材在“2.4 使用WPF定义2D场景”中出现或讲解“RenderTransform”；本节点按知识图谱问答需要进行结构化概括。
CG_CON_041,平移变换,Operation,计算机图形学,第2章 2D图形学简介——基于WPF,保持形状和尺度不变，仅改变对象位置的几何变换。,translation,2,5,John F. Hughes 等《计算机图形学 原理及实践（第3版 基础篇）》，2.4 使用WPF定义2D场景，教材p31，PDF页60,2.4 使用WPF定义2D场景,31,教材在“2.4 使用WPF定义2D场景”中出现或讲解“平移变换”；本节点按知识图谱问答需要进行结构化概括。
CG_CON_042,旋转变换,Operation,计算机图形学,第2章 2D图形学简介——基于WPF,对象绕指定中心改变方向的几何变换。,rotation,3,5,John F. Hughes 等《计算机图形学 原理及实践（第3版 基础篇）》，2.4 使用WPF定义2D场景，教材p31，PDF页60,2.4 使用WPF定义2D场景,31,教材在“2.4 使用WPF定义2D场景”中出现或讲解“旋转变换”；本节点按知识图谱问答需要进行结构化概括。
CG_CON_043,缩放变换,Operation,计算机图形学,第2章 2D图形学简介——基于WPF,按比例改变对象尺寸的几何变换。,scaling,3,5,John F. Hughes 等《计算机图形学 原理及实践（第3版 基础篇）》，2.4 使用WPF定义2D场景，教材p31，PDF页60,2.4 使用WPF定义2D场景,31,教材在“2.4 使用WPF定义2D场景”中出现或讲解“缩放变换”；本节点按知识图谱问答需要进行结构化概括。
CG_CON_044,变换组合,Mechanism,计算机图形学,第2章 2D图形学简介——基于WPF,把多个基本变换按次序组合成一个复合变换。,transform composition,4,5,John F. Hughes 等《计算机图形学 原理及实践（第3版 基础篇）》，2.4 使用WPF定义2D场景，教材p31，PDF页60,2.4 使用WPF定义2D场景,31,教材在“2.4 使用WPF定义2D场景”中出现或讲解“变换组合”；本节点按知识图谱问答需要进行结构化概括。
CG_CON_045,Polygon多边形,ComputingObject,计算机图形学,第2章 2D图形学简介——基于WPF,由一组顶点和连接边定义的二维多边形图元。,Polygon,2,4,John F. Hughes 等《计算机图形学 原理及实践（第3版 基础篇）》，2.6 支持各种图形对象，教材p45，PDF页74,2.6 支持各种图形对象,45,教材在“2.6 支持各种图形对象”中出现或讲解“Polygon多边形”；本节点按知识图谱问答需要进行结构化概括。
CG_CON_046,Ellipse椭圆,ComputingObject,计算机图形学,第2章 2D图形学简介——基于WPF,WPF中表示椭圆或圆形的二维图形对象。,Ellipse,2,3,John F. Hughes 等《计算机图形学 原理及实践（第3版 基础篇）》，2.6 支持各种图形对象，教材p45，PDF页74,2.6 支持各种图形对象,45,教材在“2.6 支持各种图形对象”中出现或讲解“Ellipse椭圆”；本节点按知识图谱问答需要进行结构化概括。
CG_CON_047,Line线段,ComputingObject,计算机图形学,第2章 2D图形学简介——基于WPF,由两个端点定义的二维线段图元。,Line,2,4,John F. Hughes 等《计算机图形学 原理及实践（第3版 基础篇）》，2.6 支持各种图形对象，教材p45，PDF页74,2.6 支持各种图形对象,45,教材在“2.6 支持各种图形对象”中出现或讲解“Line线段”；本节点按知识图谱问答需要进行结构化概括。
CG_CON_048,Storyboard动画,Mechanism,计算机图形学,第2章 2D图形学简介——基于WPF,WPF中通过时间线和属性插值控制元素随时间变化的动画机制。,Storyboard,3,4,John F. Hughes 等《计算机图形学 原理及实践（第3版 基础篇）》，2.5 用WPF实现2D图形动态效果，教材p42，PDF页71,2.5 用WPF实现2D图形动态效果,42,教材在“2.5 用WPF实现2D图形动态效果”中出现或讲解“Storyboard动画”；本节点按知识图谱问答需要进行结构化概括。
CG_CON_049,时间线,DataStructure,计算机图形学,第2章 2D图形学简介——基于WPF,描述动画开始、持续时间和属性变化过程的数据结构。,Timeline,3,4,John F. Hughes 等《计算机图形学 原理及实践（第3版 基础篇）》，2.5 用WPF实现2D图形动态效果，教材p42，PDF页71,2.5 用WPF实现2D图形动态效果,42,教材在“2.5 用WPF实现2D图形动态效果”中出现或讲解“时间线”；本节点按知识图谱问答需要进行结构化概括。
CG_CON_050,动态图元,ComputingObject,计算机图形学,第3章 一个画布的绘制器,随时间或状态改变位置、形状、颜色等属性的图形对象。,,3,4,John F. Hughes 等《计算机图形学 原理及实践（第3版 基础篇）》，3.1 一个动态的本原，教材p47，PDF页76,3.1 一个动态的本原,47,教材在“3.1 一个动态的本原”中出现或讲解“动态图元”；本节点按知识图谱问答需要进行结构化概括。
CG_CON_051,可见性,Property,计算机图形学,第3章 一个画布的绘制器,图形对象在当前场景、层级或状态下是否参与显示的性质。,visibility,2,4,John F. Hughes 等《计算机图形学 原理及实践（第3版 基础篇）》，3.2 可见性，教材p49，PDF页78,3.2 可见性,49,教材在“3.2 可见性”中出现或讲解“可见性”；本节点按知识图谱问答需要进行结构化概括。
CG_CON_052,程序变量,ComputingObject,计算机图形学,第3章 一个画布的绘制器,保存图形对象状态、参数和交互数据的程序实体。,,2,4,John F. Hughes 等《计算机图形学 原理及实践（第3版 基础篇）》，3.3 变量，教材p49，PDF页78,3.3 变量,49,教材在“3.3 变量”中出现或讲解“程序变量”；本节点按知识图谱问答需要进行结构化概括。
CG_CON_053,变量作用域,Property,计算机图形学,第3章 一个画布的绘制器,变量在程序中可见和可访问的代码范围。,scope,3,3,John F. Hughes 等《计算机图形学 原理及实践（第3版 基础篇）》，3.3 变量，教材p49，PDF页78,3.3 变量,49,教材在“3.3 变量”中出现或讲解“变量作用域”；本节点按知识图谱问答需要进行结构化概括。
CG_CON_054,绘制函数,Algorithm,计算机图形学,第3章 一个画布的绘制器,根据当前状态生成图形对象或绘制命令的程序过程。,,3,4,John F. Hughes 等《计算机图形学 原理及实践（第3版 基础篇）》，3.4 程序，教材p55，PDF页84,3.4 程序,55,教材在“3.4 程序”中出现或讲解“绘制函数”；本节点按知识图谱问答需要进行结构化概括。
CG_CON_055,更新函数,Algorithm,计算机图形学,第3章 一个画布的绘制器,根据时间和输入更新对象状态的程序过程。,,3,4,John F. Hughes 等《计算机图形学 原理及实践（第3版 基础篇）》，3.4 程序，教材p55，PDF页84,3.4 程序,55,教材在“3.4 程序”中出现或讲解“更新函数”；本节点按知识图谱问答需要进行结构化概括。
CG_CON_056,动画帧,ComputingObject,计算机图形学,第3章 一个画布的绘制器,动画序列中某一时刻显示的一幅完整图像。,frame,2,4,John F. Hughes 等《计算机图形学 原理及实践（第3版 基础篇）》，3.5 动画化，教材p57，PDF页86,3.5 动画化,57,教材在“3.5 动画化”中出现或讲解“动画帧”；本节点按知识图谱问答需要进行结构化概括。
CG_CON_057,帧率,Metric,计算机图形学,第3章 一个画布的绘制器,单位时间显示的动画帧数，用于衡量动画刷新速度。,FPS,2,5,John F. Hughes 等《计算机图形学 原理及实践（第3版 基础篇）》，3.5 动画化，教材p57，PDF页86,3.5 动画化,57,教材在“3.5 动画化”中出现或讲解“帧率”；本节点按知识图谱问答需要进行结构化概括。
CG_CON_058,插值,Algorithm,计算机图形学,第3章 一个画布的绘制器,根据已知端点或关键值估计中间状态的计算方法。,interpolation,3,5,John F. Hughes 等《计算机图形学 原理及实践（第3版 基础篇）》，3.5 动画化，教材p57，PDF页86,3.5 动画化,57,教材在“3.5 动画化”中出现或讲解“插值”；本节点按知识图谱问答需要进行结构化概括。
CG_CON_059,动画循环,Mechanism,计算机图形学,第3章 一个画布的绘制器,周期性执行状态更新与重绘以形成连续动画的机制。,,3,5,John F. Hughes 等《计算机图形学 原理及实践（第3版 基础篇）》，3.5 动画化，教材p57，PDF页86,3.5 动画化,57,教材在“3.5 动画化”中出现或讲解“动画循环”；本节点按知识图谱问答需要进行结构化概括。
CG_CON_060,时间参数,ComputingObject,计算机图形学,第3章 一个画布的绘制器,驱动动画状态变化的连续或离散时间变量。,t,2,4,John F. Hughes 等《计算机图形学 原理及实践（第3版 基础篇）》，3.5 动画化，教材p57，PDF页86,3.5 动画化,57,教材在“3.5 动画化”中出现或讲解“时间参数”；本节点按知识图谱问答需要进行结构化概括。
CG_CON_061,2D图形测试平台,Application,计算机图形学,第4章 2D图形测试平台,用于快速验证二维几何、动画和交互程序的教学与实验框架。,testbed,3,4,John F. Hughes 等《计算机图形学 原理及实践（第3版 基础篇）》，4.2 测试平台的结构，教材p62，PDF页91,4.2 测试平台的结构,62,教材在“4.2 测试平台的结构”中出现或讲解“2D图形测试平台”；本节点按知识图谱问答需要进行结构化概括。
CG_CON_062,窗口系统,ComputingObject,计算机图形学,第4章 2D图形测试平台,负责创建窗口、接收消息并协调绘制区域的运行环境。,,3,4,John F. Hughes 等《计算机图形学 原理及实践（第3版 基础篇）》，4.2 测试平台的结构，教材p62，PDF页91,4.2 测试平台的结构,62,教材在“4.2 测试平台的结构”中出现或讲解“窗口系统”；本节点按知识图谱问答需要进行结构化概括。
CG_CON_063,C#,SyntaxElement,计算机图形学,第4章 2D图形测试平台,本教材二维测试平台示例中使用的主要编程语言。,,2,4,John F. Hughes 等《计算机图形学 原理及实践（第3版 基础篇）》，4.3 C#代码，教材p68，PDF页97,4.3 C#代码,68,教材在“4.3 C#代码”中出现或讲解“C#”；本节点按知识图谱问答需要进行结构化概括。
CG_CON_064,绘图上下文,ComputingObject,计算机图形学,第4章 2D图形测试平台,封装当前绘制目标、状态和绘制操作的程序对象。,,3,4,John F. Hughes 等《计算机图形学 原理及实践（第3版 基础篇）》，4.3 C#代码，教材p68，PDF页97,4.3 C#代码,68,教材在“4.3 C#代码”中出现或讲解“绘图上下文”；本节点按知识图谱问答需要进行结构化概括。
CG_CON_065,定时器,Mechanism,计算机图形学,第4章 2D图形测试平台,按时间间隔触发更新事件以驱动动画的机制。,timer,2,4,John F. Hughes 等《计算机图形学 原理及实践（第3版 基础篇）》，4.4 动画，教材p74，PDF页103,4.4 动画,74,教材在“4.4 动画”中出现或讲解“定时器”；本节点按知识图谱问答需要进行结构化概括。
CG_CON_066,鼠标事件,ComputingObject,计算机图形学,第4章 2D图形测试平台,由鼠标移动、按下、释放等操作产生的输入事件。,,2,4,John F. Hughes 等《计算机图形学 原理及实践（第3版 基础篇）》，4.5 交互，教材p77，PDF页106,4.5 交互,77,教材在“4.5 交互”中出现或讲解“鼠标事件”；本节点按知识图谱问答需要进行结构化概括。
CG_CON_067,键盘事件,ComputingObject,计算机图形学,第4章 2D图形测试平台,由键盘按键产生的输入事件。,,2,4,John F. Hughes 等《计算机图形学 原理及实践（第3版 基础篇）》，4.5 交互，教材p77，PDF页106,4.5 交互,77,教材在“4.5 交互”中出现或讲解“键盘事件”；本节点按知识图谱问答需要进行结构化概括。
CG_CON_068,事件处理器,Algorithm,计算机图形学,第4章 2D图形测试平台,响应输入或系统事件并更新程序状态的回调过程。,event handler,3,5,John F. Hughes 等《计算机图形学 原理及实践（第3版 基础篇）》，4.5 交互，教材p77，PDF页106,4.5 交互,77,教材在“4.5 交互”中出现或讲解“事件处理器”；本节点按知识图谱问答需要进行结构化概括。
CG_CON_069,交互反馈,Mechanism,计算机图形学,第4章 2D图形测试平台,系统根据用户输入即时改变显示或状态，使用户感知操作结果的机制。,,3,4,John F. Hughes 等《计算机图形学 原理及实践（第3版 基础篇）》，4.5 交互，教材p77，PDF页106,4.5 交互,77,教材在“4.5 交互”中出现或讲解“交互反馈”；本节点按知识图谱问答需要进行结构化概括。
CG_CON_070,模块化图形程序,Model,计算机图形学,第4章 2D图形测试平台,将场景、更新、绘制和输入处理拆分为独立模块的程序组织方式。,,3,4,John F. Hughes 等《计算机图形学 原理及实践（第3版 基础篇）》，4.6 测试平台的一个应用程序，教材p77，PDF页106,4.6 测试平台的一个应用程序,77,教材在“4.6 测试平台的一个应用程序”中出现或讲解“模块化图形程序”；本节点按知识图谱问答需要进行结构化概括。
CG_CON_071,人类视觉系统,Model,计算机图形学,第5章 人类视觉感知简介,由眼睛和神经系统共同完成光学成像、信号编码与视觉感知的系统。,HVS,3,5,John F. Hughes 等《计算机图形学 原理及实践（第3版 基础篇）》，5.2 视觉系统，教材p79，PDF页108,5.2 视觉系统,79,教材在“5.2 视觉系统”中出现或讲解“人类视觉系统”；本节点按知识图谱问答需要进行结构化概括。
CG_CON_072,眼球,ComputingObject,计算机图形学,第5章 人类视觉感知简介,人类视觉系统中的主要光学成像器官。,,2,4,John F. Hughes 等《计算机图形学 原理及实践（第3版 基础篇）》，5.3 眼睛，教材p82，PDF页111,5.3 眼睛,82,教材在“5.3 眼睛”中出现或讲解“眼球”；本节点按知识图谱问答需要进行结构化概括。
CG_CON_073,角膜,ComputingObject,计算机图形学,第5章 人类视觉感知简介,眼睛前部透明组织，参与对入射光线的折射。,,2,3,John F. Hughes 等《计算机图形学 原理及实践（第3版 基础篇）》，5.3 眼睛，教材p82，PDF页111,5.3 眼睛,82,教材在“5.3 眼睛”中出现或讲解“角膜”；本节点按知识图谱问答需要进行结构化概括。
CG_CON_074,晶状体,ComputingObject,计算机图形学,第5章 人类视觉感知简介,通过改变形状调节焦距，使不同距离物体在视网膜上成像。,lens,2,4,John F. Hughes 等《计算机图形学 原理及实践（第3版 基础篇）》，5.3 眼睛，教材p82，PDF页111,5.3 眼睛,82,教材在“5.3 眼睛”中出现或讲解“晶状体”；本节点按知识图谱问答需要进行结构化概括。
CG_CON_075,视网膜,ComputingObject,计算机图形学,第5章 人类视觉感知简介,包含感光细胞并把光信号转换成神经信号的组织。,retina,2,5,John F. Hughes 等《计算机图形学 原理及实践（第3版 基础篇）》，5.3 眼睛，教材p82，PDF页111,5.3 眼睛,82,教材在“5.3 眼睛”中出现或讲解“视网膜”；本节点按知识图谱问答需要进行结构化概括。
CG_CON_076,中央凹,ComputingObject,计算机图形学,第5章 人类视觉感知简介,视网膜上视觉分辨率最高的区域。,fovea,3,4,John F. Hughes 等《计算机图形学 原理及实践（第3版 基础篇）》，5.3 眼睛，教材p82，PDF页111,5.3 眼睛,82,教材在“5.3 眼睛”中出现或讲解“中央凹”；本节点按知识图谱问答需要进行结构化概括。
CG_CON_077,视杆细胞,ComputingObject,计算机图形学,第5章 人类视觉感知简介,对弱光敏感、主要支持低照度视觉的感光细胞。,rods,3,4,John F. Hughes 等《计算机图形学 原理及实践（第3版 基础篇）》，5.3 眼睛，教材p82，PDF页111,5.3 眼睛,82,教材在“5.3 眼睛”中出现或讲解“视杆细胞”；本节点按知识图谱问答需要进行结构化概括。
CG_CON_078,视锥细胞,ComputingObject,计算机图形学,第5章 人类视觉感知简介,支持高分辨率和彩色视觉的感光细胞。,cones,3,5,John F. Hughes 等《计算机图形学 原理及实践（第3版 基础篇）》，5.3 眼睛，教材p82，PDF页111,5.3 眼睛,82,教材在“5.3 眼睛”中出现或讲解“视锥细胞”；本节点按知识图谱问答需要进行结构化概括。
CG_CON_079,视觉感知,Mechanism,计算机图形学,第5章 人类视觉感知简介,从视网膜信号中形成亮度、形状、空间关系等视觉经验的过程。,,3,5,John F. Hughes 等《计算机图形学 原理及实践（第3版 基础篇）》，5.4 视觉信息处理，教材p85，PDF页114,5.4 视觉信息处理,85,教材在“5.4 视觉信息处理”中出现或讲解“视觉感知”；本节点按知识图谱问答需要进行结构化概括。
CG_CON_080,亮度感知,Property,计算机图形学,第5章 人类视觉感知简介,人对视觉刺激明暗程度的主观感受。,brightness,3,5,John F. Hughes 等《计算机图形学 原理及实践（第3版 基础篇）》，5.5 亮度，教材p85，PDF页114,5.5 亮度,85,教材在“5.5 亮度”中出现或讲解“亮度感知”；本节点按知识图谱问答需要进行结构化概括。
CG_CON_081,对比度,Metric,计算机图形学,第5章 人类视觉感知简介,目标与背景或相邻区域之间亮度差异的度量。,contrast,2,5,John F. Hughes 等《计算机图形学 原理及实践（第3版 基础篇）》，5.6 对照，教材p89，PDF页118,5.6 对照,89,教材在“5.6 对照”中出现或讲解“对比度”；本节点按知识图谱问答需要进行结构化概括。
CG_CON_082,对比敏感度,Metric,计算机图形学,第5章 人类视觉感知简介,视觉系统检测不同空间尺度亮度差异的能力。,,4,4,John F. Hughes 等《计算机图形学 原理及实践（第3版 基础篇）》，5.6 对照，教材p89，PDF页118,5.6 对照,89,教材在“5.6 对照”中出现或讲解“对比敏感度”；本节点按知识图谱问答需要进行结构化概括。
CG_CON_083,视觉适应,Mechanism,计算机图形学,第5章 人类视觉感知简介,视觉系统根据整体照明水平调整敏感度的过程。,adaptation,3,4,John F. Hughes 等《计算机图形学 原理及实践（第3版 基础篇）》，5.6 对照，教材p89，PDF页118,5.6 对照,89,教材在“5.6 对照”中出现或讲解“视觉适应”；本节点按知识图谱问答需要进行结构化概括。
CG_CON_084,WPF 3D,Protocol,计算机图形学,第6章 固定功能的3D图形平台和层次建模简介,WPF提供的三维场景、几何、材质、光照、相机和变换接口体系。,,3,5,John F. Hughes 等《计算机图形学 原理及实践（第3版 基础篇）》，6.1 引言，教材p92，PDF页121,6.1 引言,92,教材在“6.1 引言”中出现或讲解“WPF 3D”；本节点按知识图谱问答需要进行结构化概括。
CG_CON_085,三角网格,DataStructure,计算机图形学,第6章 固定功能的3D图形平台和层次建模简介,由顶点和三角形面片组成的三维表面离散表示。,triangle mesh,3,5,John F. Hughes 等《计算机图形学 原理及实践（第3版 基础篇）》，6.2 网格和光照属性，教材p94，PDF页123,6.2 网格和光照属性,94,教材在“6.2 网格和光照属性”中出现或讲解“三角网格”；本节点按知识图谱问答需要进行结构化概括。
CG_CON_086,顶点,ComputingObject,计算机图形学,第6章 固定功能的3D图形平台和层次建模简介,网格几何中的基本位置元素，可附带法向量、颜色或纹理坐标。,vertex,2,5,John F. Hughes 等《计算机图形学 原理及实践（第3版 基础篇）》，6.2 网格和光照属性，教材p94，PDF页123,6.2 网格和光照属性,94,教材在“6.2 网格和光照属性”中出现或讲解“顶点”；本节点按知识图谱问答需要进行结构化概括。
CG_CON_087,三角形图元,ComputingObject,计算机图形学,第6章 固定功能的3D图形平台和层次建模简介,由三个顶点组成的基本三维表面图元。,triangle primitive,2,5,John F. Hughes 等《计算机图形学 原理及实践（第3版 基础篇）》，6.2 网格和光照属性，教材p94，PDF页123,6.2 网格和光照属性,94,教材在“6.2 网格和光照属性”中出现或讲解“三角形图元”；本节点按知识图谱问答需要进行结构化概括。
CG_CON_088,材质属性,Property,计算机图形学,第6章 固定功能的3D图形平台和层次建模简介,描述表面颜色及对不同光照分量响应的外观参数。,material properties,3,5,John F. Hughes 等《计算机图形学 原理及实践（第3版 基础篇）》，6.2 网格和光照属性，教材p94，PDF页123,6.2 网格和光照属性,94,教材在“6.2 网格和光照属性”中出现或讲解“材质属性”；本节点按知识图谱问答需要进行结构化概括。
CG_CON_089,光源,ComputingObject,计算机图形学,第6章 固定功能的3D图形平台和层次建模简介,向场景提供光能并参与表面着色计算的对象。,light,2,5,John F. Hughes 等《计算机图形学 原理及实践（第3版 基础篇）》，6.2 网格和光照属性，教材p94，PDF页123,6.2 网格和光照属性,94,教材在“6.2 网格和光照属性”中出现或讲解“光源”；本节点按知识图谱问答需要进行结构化概括。
CG_CON_090,环境光,Mechanism,计算机图形学,第6章 固定功能的3D图形平台和层次建模简介,近似来自环境各方向的均匀基础照明分量。,ambient light,3,4,John F. Hughes 等《计算机图形学 原理及实践（第3版 基础篇）》，6.2 网格和光照属性，教材p94，PDF页123,6.2 网格和光照属性,94,教材在“6.2 网格和光照属性”中出现或讲解“环境光”；本节点按知识图谱问答需要进行结构化概括。
CG_CON_091,漫反射,Mechanism,计算机图形学,第6章 固定功能的3D图形平台和层次建模简介,粗糙表面对入射光进行近似各向散射的反射分量。,diffuse reflection,3,5,John F. Hughes 等《计算机图形学 原理及实践（第3版 基础篇）》，6.2 网格和光照属性，教材p94，PDF页123,6.2 网格和光照属性,94,教材在“6.2 网格和光照属性”中出现或讲解“漫反射”；本节点按知识图谱问答需要进行结构化概括。
CG_CON_092,镜面反射,Mechanism,计算机图形学,第6章 固定功能的3D图形平台和层次建模简介,光滑表面在特定方向形成高亮的反射分量。,specular reflection,4,5,John F. Hughes 等《计算机图形学 原理及实践（第3版 基础篇）》，6.2 网格和光照属性，教材p94，PDF页123,6.2 网格和光照属性,94,教材在“6.2 网格和光照属性”中出现或讲解“镜面反射”；本节点按知识图谱问答需要进行结构化概括。
CG_CON_093,Phong反射模型,Model,计算机图形学,第6章 固定功能的3D图形平台和层次建模简介,把环境、漫反射和镜面反射等分量组合起来近似局部光照的模型。,Phong illumination,4,5,John F. Hughes 等《计算机图形学 原理及实践（第3版 基础篇）》，6.2 网格和光照属性，教材p94，PDF页123,6.2 网格和光照属性,94,教材在“6.2 网格和光照属性”中出现或讲解“Phong反射模型”；本节点按知识图谱问答需要进行结构化概括。
CG_CON_094,Gouraud着色,Algorithm,计算机图形学,第6章 固定功能的3D图形平台和层次建模简介,先计算顶点颜色，再在三角形内部对颜色进行插值的着色方法。,Gouraud shading,4,5,John F. Hughes 等《计算机图形学 原理及实践（第3版 基础篇）》，6.3 地面上的三角形，教材p102，PDF页131,6.3 地面上的三角形,102,教材在“6.3 地面上的三角形”中出现或讲解“Gouraud着色”；本节点按知识图谱问答需要进行结构化概括。
CG_CON_095,顶点颜色插值,Algorithm,计算机图形学,第6章 固定功能的3D图形平台和层次建模简介,在三角形内部根据顶点颜色计算中间片元颜色的方法。,,4,4,John F. Hughes 等《计算机图形学 原理及实践（第3版 基础篇）》，6.3 地面上的三角形，教材p102，PDF页131,6.3 地面上的三角形,102,教材在“6.3 地面上的三角形”中出现或讲解“顶点颜色插值”；本节点按知识图谱问答需要进行结构化概括。
CG_CON_096,3D交互变换,Operation,计算机图形学,第6章 固定功能的3D图形平台和层次建模简介,通过用户输入实时改变三维对象的平移、旋转或观察状态。,,3,4,John F. Hughes 等《计算机图形学 原理及实践（第3版 基础篇）》，6.4 WPF中的交互模型，教材p105，PDF页134,6.4 WPF中的交互模型,105,教材在“6.4 WPF中的交互模型”中出现或讲解“3D交互变换”；本节点按知识图谱问答需要进行结构化概括。
CG_CON_097,相机,ComputingObject,计算机图形学,第6章 固定功能的3D图形平台和层次建模简介,定义三维场景观察位置、方向和投影参数的对象。,camera,3,5,John F. Hughes 等《计算机图形学 原理及实践（第3版 基础篇）》，6.5 WPF光照设置，教材p107，PDF页136,6.5 WPF光照设置,107,教材在“6.5 WPF光照设置”中出现或讲解“相机”；本节点按知识图谱问答需要进行结构化概括。
CG_CON_098,视点,ComputingObject,计算机图形学,第6章 固定功能的3D图形平台和层次建模简介,三维观察模型中的观察位置。,eye point,2,4,John F. Hughes 等《计算机图形学 原理及实践（第3版 基础篇）》，6.5 WPF光照设置，教材p107，PDF页136,6.5 WPF光照设置,107,教材在“6.5 WPF光照设置”中出现或讲解“视点”；本节点按知识图谱问答需要进行结构化概括。
CG_CON_099,场景图,DataStructure,计算机图形学,第6章 固定功能的3D图形平台和层次建模简介,以层次结构组织场景对象、变换和外观的图形数据结构。,scene graph,4,5,John F. Hughes 等《计算机图形学 原理及实践（第3版 基础篇）》，6.6 基于场景图进行层次建模，教材p112，PDF页141,6.6 基于场景图进行层次建模,112,教材在“6.6 基于场景图进行层次建模”中出现或讲解“场景图”；本节点按知识图谱问答需要进行结构化概括。
CG_CON_100,层次建模,Algorithm,计算机图形学,第6章 固定功能的3D图形平台和层次建模简介,通过父子部件层次和局部变换组织复杂模型的方法。,hierarchical modeling,4,5,John F. Hughes 等《计算机图形学 原理及实践（第3版 基础篇）》，6.6 基于场景图进行层次建模，教材p112，PDF页141,6.6 基于场景图进行层次建模,112,教材在“6.6 基于场景图进行层次建模”中出现或讲解“层次建模”；本节点按知识图谱问答需要进行结构化概括。
CG_CON_101,部件层次结构,DataStructure,计算机图形学,第6章 固定功能的3D图形平台和层次建模简介,把复杂对象分解为具有父子关系的组成部件所形成的树状结构。,,4,5,John F. Hughes 等《计算机图形学 原理及实践（第3版 基础篇）》，6.6 基于场景图进行层次建模，教材p112，PDF页141,6.6 基于场景图进行层次建模,112,教材在“6.6 基于场景图进行层次建模”中出现或讲解“部件层次结构”；本节点按知识图谱问答需要进行结构化概括。
CG_CON_102,自顶向下建模,Algorithm,计算机图形学,第6章 固定功能的3D图形平台和层次建模简介,先设计整体部件层次，再逐层细化各子部件的建模方法。,top-down modeling,4,4,John F. Hughes 等《计算机图形学 原理及实践（第3版 基础篇）》，6.6 基于场景图进行层次建模，教材p112，PDF页141,6.6 基于场景图进行层次建模,112,教材在“6.6 基于场景图进行层次建模”中出现或讲解“自顶向下建模”；本节点按知识图谱问答需要进行结构化概括。
CG_CON_103,自底向上组合,Algorithm,计算机图形学,第6章 固定功能的3D图形平台和层次建模简介,先创建基本构件，再逐级组合成复杂对象的建模方法。,bottom-up composition,4,4,John F. Hughes 等《计算机图形学 原理及实践（第3版 基础篇）》，6.6 基于场景图进行层次建模，教材p112，PDF页141,6.6 基于场景图进行层次建模,112,教材在“6.6 基于场景图进行层次建模”中出现或讲解“自底向上组合”；本节点按知识图谱问答需要进行结构化概括。
CG_CON_104,复合变换,Mechanism,计算机图形学,第6章 固定功能的3D图形平台和层次建模简介,子部件的局部变换与祖先节点变换按层次组合形成最终姿态的机制。,composite transform,4,5,John F. Hughes 等《计算机图形学 原理及实践（第3版 基础篇）》，6.6 基于场景图进行层次建模，教材p112，PDF页141,6.6 基于场景图进行层次建模,112,教材在“6.6 基于场景图进行层次建模”中出现或讲解“复合变换”；本节点按知识图谱问答需要进行结构化概括。
CG_CON_105,构件复用,Mechanism,计算机图形学,第6章 固定功能的3D图形平台和层次建模简介,同一基本几何构件通过不同变换和层次位置重复实例化的机制。,reuse,3,4,John F. Hughes 等《计算机图形学 原理及实践（第3版 基础篇）》，6.6 基于场景图进行层次建模，教材p112，PDF页141,6.6 基于场景图进行层次建模,112,教材在“6.6 基于场景图进行层次建模”中出现或讲解“构件复用”；本节点按知识图谱问答需要进行结构化概括。
CG_CON_106,Model3DGroup,SyntaxElement,计算机图形学,第6章 固定功能的3D图形平台和层次建模简介,WPF 3D中用于组合多个三维模型或子组的场景层次元素。,,3,4,John F. Hughes 等《计算机图形学 原理及实践（第3版 基础篇）》，6.6 基于场景图进行层次建模，教材p112，PDF页141,6.6 基于场景图进行层次建模,112,教材在“6.6 基于场景图进行层次建模”中出现或讲解“Model3DGroup”；本节点按知识图谱问答需要进行结构化概括。
CG_CON_107,GeometryModel3D,SyntaxElement,计算机图形学,第6章 固定功能的3D图形平台和层次建模简介,WPF 3D中把几何、材质等组合成可渲染三维模型的元素。,,3,4,John F. Hughes 等《计算机图形学 原理及实践（第3版 基础篇）》，6.6 基于场景图进行层次建模，教材p112，PDF页141,6.6 基于场景图进行层次建模,112,教材在“6.6 基于场景图进行层次建模”中出现或讲解“GeometryModel3D”；本节点按知识图谱问答需要进行结构化概括。
CG_CON_108,Transform3DGroup,SyntaxElement,计算机图形学,第6章 固定功能的3D图形平台和层次建模简介,WPF 3D中用于按顺序组合多个三维变换的元素。,,3,4,John F. Hughes 等《计算机图形学 原理及实践（第3版 基础篇）》，6.6 基于场景图进行层次建模，教材p112，PDF页141,6.6 基于场景图进行层次建模,112,教材在“6.6 基于场景图进行层次建模”中出现或讲解“Transform3DGroup”；本节点按知识图谱问答需要进行结构化概括。
CG_CON_109,锯齿问题,Problem,计算机图形学,第1章 绪论,连续几何映射到离散像素时因采样不足产生的阶梯状视觉伪影。,aliasing,4,4,John F. Hughes 等《计算机图形学 原理及实践（第3版 基础篇）》，1.6 图形管线，教材p11，PDF页40,1.6 图形管线,11,教材在“1.6 图形管线”中出现或讲解“锯齿问题”；本节点按知识图谱问答需要进行结构化概括。
CG_CON_110,可见性判定问题,Problem,计算机图形学,第1章 绪论,确定场景中哪些几何表面被遮挡、哪些应出现在最终图像中的问题。,,4,5,John F. Hughes 等《计算机图形学 原理及实践（第3版 基础篇）》，1.6 图形管线，教材p11，PDF页40,1.6 图形管线,11,教材在“1.6 图形管线”中出现或讲解“可见性判定问题”；本节点按知识图谱问答需要进行结构化概括。
CG_CON_111,复杂模型组织问题,Problem,计算机图形学,第6章 固定功能的3D图形平台和层次建模简介,复杂对象部件多、相互依赖且需要协同变换时产生的组织与维护问题。,,4,4,John F. Hughes 等《计算机图形学 原理及实践（第3版 基础篇）》，6.6 基于场景图进行层次建模，教材p112，PDF页141,6.6 基于场景图进行层次建模,112,教材在“6.6 基于场景图进行层次建模”中出现或讲解“复杂模型组织问题”；本节点按知识图谱问答需要进行结构化概括。
CG_CON_112,坐标映射问题,Problem,计算机图形学,第2章 2D图形学简介——基于WPF,逻辑场景坐标与设备像素坐标之间需要一致转换的问题。,,3,4,John F. Hughes 等《计算机图形学 原理及实践（第3版 基础篇）》，2.4 使用WPF定义2D场景，教材p31，PDF页60,2.4 使用WPF定义2D场景,31,教材在“2.4 使用WPF定义2D场景”中出现或讲解“坐标映射问题”；本节点按知识图谱问答需要进行结构化概括。
CG_CON_113,光照示例,Example,计算机图形学,第1章 绪论,教材通过一个光照场景说明表面法线、光源方向与观察方向在着色计算中的作用。,,2,4,John F. Hughes 等《计算机图形学 原理及实践（第3版 基础篇）》，1.13 构建真实感绘图模块：概述，教材p20，PDF页49,1.13 构建真实感绘图模块：概述,20,教材在“1.13 构建真实感绘图模块：概述”中出现或讲解“光照示例”；本节点按知识图谱问答需要进行结构化概括。
CG_CON_114,层次模型示例,Example,计算机图形学,第6章 固定功能的3D图形平台和层次建模简介,教材以组合部件和多级变换示范层次建模与构件复用。,,3,4,John F. Hughes 等《计算机图形学 原理及实践（第3版 基础篇）》，6.6 基于场景图进行层次建模，教材p112，PDF页141,6.6 基于场景图进行层次建模,112,教材在“6.6 基于场景图进行层次建模”中出现或讲解“层次模型示例”；本节点按知识图谱问答需要进行结构化概括。
DM_CRS_001,离散数学,Course,离散数学,,研究命题逻辑、一阶逻辑、集合、关系与函数、图论，并在教材目录中进一步覆盖特殊图、树、组合分析、代数系统以及形式语言与自动机。,离散数学第六版,4,5,耿素云、屈婉玲、张立昂《离散数学（第六版）》，书名页与目录，PDF页3、12-14,书名页/目录,,教材书名页标明《离散数学（第六版）》，目录列出全书第1—10章的课程结构。
DM_TOP_001,第1章 命题逻辑,Topic,离散数学,第1章 命题逻辑,围绕“命题逻辑”建立本章核心知识体系。,,4,5,耿素云、屈婉玲、张立昂《离散数学（第六版）》，第1章 命题逻辑，教材p1（PDF页15）,第1章 命题逻辑,1,教材目录列出“第1章 命题逻辑”；本节点作为课程知识图谱的章级主题。
DM_TOP_002,第2章 一阶逻辑,Topic,离散数学,第2章 一阶逻辑,围绕“一阶逻辑”建立本章核心知识体系。,,4,5,耿素云、屈婉玲、张立昂《离散数学（第六版）》，第2章 一阶逻辑，教材p37（PDF页51）,第2章 一阶逻辑,37,教材目录列出“第2章 一阶逻辑”；本节点作为课程知识图谱的章级主题。
DM_TOP_003,第3章 集合的基本概念和运算,Topic,离散数学,第3章 集合的基本概念和运算,围绕“集合的基本概念和运算”建立本章核心知识体系。,,4,5,耿素云、屈婉玲、张立昂《离散数学（第六版）》，第3章 集合的基本概念和运算，教材p56（PDF页70）,第3章 集合的基本概念和运算,56,教材目录列出“第3章 集合的基本概念和运算”；本节点作为课程知识图谱的章级主题。
DM_TOP_004,第4章 二元关系和函数,Topic,离散数学,第4章 二元关系和函数,围绕“二元关系和函数”建立本章核心知识体系。,,4,5,耿素云、屈婉玲、张立昂《离散数学（第六版）》，第4章 二元关系和函数，教材p77（PDF页91）,第4章 二元关系和函数,77,教材目录列出“第4章 二元关系和函数”；本节点作为课程知识图谱的章级主题。
DM_TOP_005,第5章 图的基本概念,Topic,离散数学,第5章 图的基本概念,围绕“图的基本概念”建立本章核心知识体系。,,4,5,耿素云、屈婉玲、张立昂《离散数学（第六版）》，第5章 图的基本概念，教材p119（PDF页133）,第5章 图的基本概念,119,教材目录列出“第5章 图的基本概念”；本节点作为课程知识图谱的章级主题。
DM_TOP_006,第6章 特殊图,Topic,离散数学,第6章 特殊图,围绕“特殊图”建立本章核心知识体系。 当前上传PDF正文止于第5章，本章依据教材目录保留结构节点。,,4,5,耿素云、屈婉玲、张立昂《离散数学（第六版）》，目录，PDF页13,目录：第6章 特殊图,141,教材目录列出“第6章 特殊图”；本节点作为课程知识图谱的章级主题。
DM_TOP_007,第7章 树,Topic,离散数学,第7章 树,围绕“树”建立本章核心知识体系。 当前上传PDF正文止于第5章，本章依据教材目录保留结构节点。,,4,5,耿素云、屈婉玲、张立昂《离散数学（第六版）》，目录，PDF页13,目录：第7章 树,158,教材目录列出“第7章 树”；本节点作为课程知识图谱的章级主题。
DM_TOP_008,第8章 组合分析初步,Topic,离散数学,第8章 组合分析初步,围绕“组合分析初步”建立本章核心知识体系。 当前上传PDF正文止于第5章，本章依据教材目录保留结构节点。,,4,5,耿素云、屈婉玲、张立昂《离散数学（第六版）》，目录，PDF页13,目录：第8章 组合分析初步,175,教材目录列出“第8章 组合分析初步”；本节点作为课程知识图谱的章级主题。
DM_TOP_009,第9章 代数系统简介,Topic,离散数学,第9章 代数系统简介,围绕“代数系统简介”建立本章核心知识体系。 当前上传PDF正文止于第5章，本章依据教材目录保留结构节点。,,4,5,耿素云、屈婉玲、张立昂《离散数学（第六版）》，目录，PDF页13,目录：第9章 代数系统简介,197,教材目录列出“第9章 代数系统简介”；本节点作为课程知识图谱的章级主题。
DM_TOP_010,第10章 形式语言和自动机初步,Topic,离散数学,第10章 形式语言和自动机初步,围绕“形式语言和自动机初步”建立本章核心知识体系。 当前上传PDF正文止于第5章，本章依据教材目录保留结构节点。,,4,5,耿素云、屈婉玲、张立昂《离散数学（第六版）》，目录，PDF页14,目录：第10章 形式语言和自动机初步,231,教材目录列出“第10章 形式语言和自动机初步”；本节点作为课程知识图谱的章级主题。
DM_TOP_011,命题符号化及联结词,Topic,离散数学,第1章 命题逻辑,教材“1.1 命题符号化及联结词”对应的知识模块。,,3,4,耿素云、屈婉玲、张立昂《离散数学（第六版）》，1.1 命题符号化及联结词，教材p1（PDF页15）,1.1 命题符号化及联结词,1,教材目录列出“1.1 命题符号化及联结词”；作为第1章下的知识模块。
DM_TOP_012,命题公式及分类,Topic,离散数学,第1章 命题逻辑,教材“1.2 命题公式及分类”对应的知识模块。,,3,4,耿素云、屈婉玲、张立昂《离散数学（第六版）》，1.2 命题公式及分类，教材p5（PDF页19）,1.2 命题公式及分类,5,教材目录列出“1.2 命题公式及分类”；作为第1章下的知识模块。
DM_TOP_013,等值演算,Topic,离散数学,第1章 命题逻辑,教材“1.3 等值演算”对应的知识模块。,,3,4,耿素云、屈婉玲、张立昂《离散数学（第六版）》，1.3 等值演算，教材p8（PDF页22）,1.3 等值演算,8,教材目录列出“1.3 等值演算”；作为第1章下的知识模块。
DM_TOP_014,范式,Topic,离散数学,第1章 命题逻辑,教材“1.4 范式”对应的知识模块。,,3,4,耿素云、屈婉玲、张立昂《离散数学（第六版）》，1.4 范式，教材p12（PDF页26）,1.4 范式,12,教材目录列出“1.4 范式”；作为第1章下的知识模块。
DM_TOP_015,联结词全功能集,Topic,离散数学,第1章 命题逻辑,教材“1.5 联结词全功能集”对应的知识模块。,,3,4,耿素云、屈婉玲、张立昂《离散数学（第六版）》，1.5 联结词全功能集，教材p17（PDF页31）,1.5 联结词全功能集,17,教材目录列出“1.5 联结词全功能集”；作为第1章下的知识模块。
DM_TOP_016,组合电路,Topic,离散数学,第1章 命题逻辑,教材“1.6 组合电路”对应的知识模块。,,3,4,耿素云、屈婉玲、张立昂《离散数学（第六版）》，1.6 组合电路，教材p19（PDF页33）,1.6 组合电路,19,教材目录列出“1.6 组合电路”；作为第1章下的知识模块。
DM_TOP_017,推理理论,Topic,离散数学,第1章 命题逻辑,教材“1.7 推理理论”对应的知识模块。,,3,4,耿素云、屈婉玲、张立昂《离散数学（第六版）》，1.7 推理理论，教材p21（PDF页35）,1.7 推理理论,21,教材目录列出“1.7 推理理论”；作为第1章下的知识模块。
DM_TOP_018,题例分析,Topic,离散数学,第1章 命题逻辑,教材“1.8 题例分析”对应的知识模块。,,3,4,耿素云、屈婉玲、张立昂《离散数学（第六版）》，1.8 题例分析，教材p26（PDF页40）,1.8 题例分析,26,教材目录列出“1.8 题例分析”；作为第1章下的知识模块。
DM_TOP_019,一阶逻辑基本概念,Topic,离散数学,第2章 一阶逻辑,教材“2.1 一阶逻辑基本概念”对应的知识模块。,,3,4,耿素云、屈婉玲、张立昂《离散数学（第六版）》，2.1 一阶逻辑基本概念，教材p37（PDF页51）,2.1 一阶逻辑基本概念,37,教材目录列出“2.1 一阶逻辑基本概念”；作为第2章下的知识模块。
DM_TOP_020,一阶逻辑合式公式及解释,Topic,离散数学,第2章 一阶逻辑,教材“2.2 一阶逻辑合式公式及解释”对应的知识模块。,,3,4,耿素云、屈婉玲、张立昂《离散数学（第六版）》，2.2 一阶逻辑合式公式及解释，教材p42（PDF页56）,2.2 一阶逻辑合式公式及解释,42,教材目录列出“2.2 一阶逻辑合式公式及解释”；作为第2章下的知识模块。
DM_TOP_021,一阶逻辑等值式与前束范式,Topic,离散数学,第2章 一阶逻辑,教材“2.3 一阶逻辑等值式与前束范式”对应的知识模块。,,3,4,耿素云、屈婉玲、张立昂《离散数学（第六版）》，2.3 一阶逻辑等值式与前束范式，教材p46（PDF页60）,2.3 一阶逻辑等值式与前束范式,46,教材目录列出“2.3 一阶逻辑等值式与前束范式”；作为第2章下的知识模块。
DM_TOP_022,推理,Topic,离散数学,第2章 一阶逻辑,教材“2.4 推理”对应的知识模块。,,3,4,耿素云、屈婉玲、张立昂《离散数学（第六版）》，2.4 推理，教材p49（PDF页63）,2.4 推理,49,教材目录列出“2.4 推理”；作为第2章下的知识模块。
DM_TOP_023,题例分析,Topic,离散数学,第2章 一阶逻辑,教材“2.5 题例分析”对应的知识模块。,,3,4,耿素云、屈婉玲、张立昂《离散数学（第六版）》，2.5 题例分析，教材p52（PDF页66）,2.5 题例分析,52,教材目录列出“2.5 题例分析”；作为第2章下的知识模块。
DM_TOP_024,集合的基本概念,Topic,离散数学,第3章 集合的基本概念和运算,教材“3.1 集合的基本概念”对应的知识模块。,,3,4,耿素云、屈婉玲、张立昂《离散数学（第六版）》，3.1 集合的基本概念，教材p56（PDF页70）,3.1 集合的基本概念,56,教材目录列出“3.1 集合的基本概念”；作为第3章下的知识模块。
DM_TOP_025,集合的基本运算,Topic,离散数学,第3章 集合的基本概念和运算,教材“3.2 集合的基本运算”对应的知识模块。,,3,4,耿素云、屈婉玲、张立昂《离散数学（第六版）》，3.2 集合的基本运算，教材p58（PDF页72）,3.2 集合的基本运算,58,教材目录列出“3.2 集合的基本运算”；作为第3章下的知识模块。
DM_TOP_026,集合中元素的计数,Topic,离散数学,第3章 集合的基本概念和运算,教材“3.3 集合中元素的计数”对应的知识模块。,,3,4,耿素云、屈婉玲、张立昂《离散数学（第六版）》，3.3 集合中元素的计数，教材p63（PDF页77）,3.3 集合中元素的计数,63,教材目录列出“3.3 集合中元素的计数”；作为第3章下的知识模块。
DM_TOP_027,题例分析,Topic,离散数学,第3章 集合的基本概念和运算,教材“3.4 题例分析”对应的知识模块。,,3,4,耿素云、屈婉玲、张立昂《离散数学（第六版）》，3.4 题例分析，教材p67（PDF页81）,3.4 题例分析,67,教材目录列出“3.4 题例分析”；作为第3章下的知识模块。
DM_TOP_028,集合的笛卡尔积与二元关系,Topic,离散数学,第4章 二元关系和函数,教材“4.1 集合的笛卡尔积与二元关系”对应的知识模块。,,3,4,耿素云、屈婉玲、张立昂《离散数学（第六版）》，4.1 集合的笛卡尔积与二元关系，教材p77（PDF页91）,4.1 集合的笛卡尔积与二元关系,77,教材目录列出“4.1 集合的笛卡尔积与二元关系”；作为第4章下的知识模块。
DM_TOP_029,关系的运算,Topic,离散数学,第4章 二元关系和函数,教材“4.2 关系的运算”对应的知识模块。,,3,4,耿素云、屈婉玲、张立昂《离散数学（第六版）》，4.2 关系的运算，教材p81（PDF页95）,4.2 关系的运算,81,教材目录列出“4.2 关系的运算”；作为第4章下的知识模块。
DM_TOP_030,关系的性质,Topic,离散数学,第4章 二元关系和函数,教材“4.3 关系的性质”对应的知识模块。,,3,4,耿素云、屈婉玲、张立昂《离散数学（第六版）》，4.3 关系的性质，教材p86（PDF页100）,4.3 关系的性质,86,教材目录列出“4.3 关系的性质”；作为第4章下的知识模块。
DM_TOP_031,关系的闭包,Topic,离散数学,第4章 二元关系和函数,教材“4.4 关系的闭包”对应的知识模块。,,3,4,耿素云、屈婉玲、张立昂《离散数学（第六版）》，4.4 关系的闭包，教材p88（PDF页102）,4.4 关系的闭包,88,教材目录列出“4.4 关系的闭包”；作为第4章下的知识模块。
DM_TOP_032,等价关系和偏序关系,Topic,离散数学,第4章 二元关系和函数,教材“4.5 等价关系和偏序关系”对应的知识模块。,,3,4,耿素云、屈婉玲、张立昂《离散数学（第六版）》，4.5 等价关系和偏序关系，教材p90（PDF页104）,4.5 等价关系和偏序关系,90,教材目录列出“4.5 等价关系和偏序关系”；作为第4章下的知识模块。
DM_TOP_033,函数的定义和性质,Topic,离散数学,第4章 二元关系和函数,教材“4.6 函数的定义和性质”对应的知识模块。,,3,4,耿素云、屈婉玲、张立昂《离散数学（第六版）》，4.6 函数的定义和性质，教材p95（PDF页109）,4.6 函数的定义和性质,95,教材目录列出“4.6 函数的定义和性质”；作为第4章下的知识模块。
DM_TOP_034,函数的复合和反函数,Topic,离散数学,第4章 二元关系和函数,教材“4.7 函数的复合和反函数”对应的知识模块。,,3,4,耿素云、屈婉玲、张立昂《离散数学（第六版）》，4.7 函数的复合和反函数，教材p99（PDF页113）,4.7 函数的复合和反函数,99,教材目录列出“4.7 函数的复合和反函数”；作为第4章下的知识模块。
DM_TOP_035,题例分析,Topic,离散数学,第4章 二元关系和函数,教材“4.8 题例分析”对应的知识模块。,,3,4,耿素云、屈婉玲、张立昂《离散数学（第六版）》，4.8 题例分析，教材p107（PDF页121）,4.8 题例分析,107,教材目录列出“4.8 题例分析”；作为第4章下的知识模块。
DM_TOP_036,无向图及有向图,Topic,离散数学,第5章 图的基本概念,教材“5.1 无向图及有向图”对应的知识模块。,,3,4,耿素云、屈婉玲、张立昂《离散数学（第六版）》，5.1 无向图及有向图，教材p119（PDF页133）,5.1 无向图及有向图,119,教材目录列出“5.1 无向图及有向图”；作为第5章下的知识模块。
DM_TOP_037,通路、回路和图的连通性,Topic,离散数学,第5章 图的基本概念,教材“5.2 通路、回路和图的连通性”对应的知识模块。,,3,4,耿素云、屈婉玲、张立昂《离散数学（第六版）》，5.2 通路、回路和图的连通性，教材p124（PDF页138）,5.2 通路、回路和图的连通性,124,教材目录列出“5.2 通路、回路和图的连通性”；作为第5章下的知识模块。
DM_TOP_038,图的矩阵表示,Topic,离散数学,第5章 图的基本概念,教材“5.3 图的矩阵表示”对应的知识模块。,,3,4,耿素云、屈婉玲、张立昂《离散数学（第六版）》，5.3 图的矩阵表示，教材p126（PDF页140）,5.3 图的矩阵表示,126,教材目录列出“5.3 图的矩阵表示”；作为第5章下的知识模块。
DM_TOP_039,最短路径、关键路径和着色,Topic,离散数学,第5章 图的基本概念,教材“5.4 最短路径、关键路径和着色”对应的知识模块。,,3,4,耿素云、屈婉玲、张立昂《离散数学（第六版）》，5.4 最短路径、关键路径和着色，教材p129（PDF页143）,5.4 最短路径、关键路径和着色,129,教材目录列出“5.4 最短路径、关键路径和着色”；作为第5章下的知识模块。
DM_TOP_040,题例分析,Topic,离散数学,第5章 图的基本概念,教材“5.5 题例分析”对应的知识模块。,,3,4,耿素云、屈婉玲、张立昂《离散数学（第六版）》，5.5 题例分析，教材p135（PDF页149）,5.5 题例分析,135,教材目录列出“5.5 题例分析”；作为第5章下的知识模块。
DM_TOP_041,二部图,Topic,离散数学,第6章 特殊图,教材“6.1 二部图”对应的知识模块。 当前上传PDF正文未覆盖该部分，节点依据目录建立，暂不扩展未被来源直接支持的细节。,,3,4,耿素云、屈婉玲、张立昂《离散数学（第六版）》，目录，PDF页13,目录：6.1 二部图,141,教材目录列出“6.1 二部图”；作为第6章下的知识模块。
DM_TOP_042,欧拉图,Topic,离散数学,第6章 特殊图,教材“6.2 欧拉图”对应的知识模块。 当前上传PDF正文未覆盖该部分，节点依据目录建立，暂不扩展未被来源直接支持的细节。,,3,4,耿素云、屈婉玲、张立昂《离散数学（第六版）》，目录，PDF页13,目录：6.2 欧拉图,143,教材目录列出“6.2 欧拉图”；作为第6章下的知识模块。
DM_TOP_043,哈密顿图,Topic,离散数学,第6章 特殊图,教材“6.3 哈密顿图”对应的知识模块。 当前上传PDF正文未覆盖该部分，节点依据目录建立，暂不扩展未被来源直接支持的细节。,,3,4,耿素云、屈婉玲、张立昂《离散数学（第六版）》，目录，PDF页13,目录：6.3 哈密顿图,145,教材目录列出“6.3 哈密顿图”；作为第6章下的知识模块。
DM_TOP_044,平面图,Topic,离散数学,第6章 特殊图,教材“6.4 平面图”对应的知识模块。 当前上传PDF正文未覆盖该部分，节点依据目录建立，暂不扩展未被来源直接支持的细节。,,3,4,耿素云、屈婉玲、张立昂《离散数学（第六版）》，目录，PDF页13,目录：6.4 平面图,147,教材目录列出“6.4 平面图”；作为第6章下的知识模块。
DM_TOP_045,题例分析,Topic,离散数学,第6章 特殊图,教材“6.5 题例分析”对应的知识模块。 当前上传PDF正文未覆盖该部分，节点依据目录建立，暂不扩展未被来源直接支持的细节。,,3,4,耿素云、屈婉玲、张立昂《离散数学（第六版）》，目录，PDF页13,目录：6.5 题例分析,152,教材目录列出“6.5 题例分析”；作为第6章下的知识模块。
DM_TOP_046,无向树及生成树,Topic,离散数学,第7章 树,教材“7.1 无向树及生成树”对应的知识模块。 当前上传PDF正文未覆盖该部分，节点依据目录建立，暂不扩展未被来源直接支持的细节。,,3,4,耿素云、屈婉玲、张立昂《离散数学（第六版）》，目录，PDF页13,目录：7.1 无向树及生成树,158,教材目录列出“7.1 无向树及生成树”；作为第7章下的知识模块。
DM_TOP_047,根树及其应用,Topic,离散数学,第7章 树,教材“7.2 根树及其应用”对应的知识模块。 当前上传PDF正文未覆盖该部分，节点依据目录建立，暂不扩展未被来源直接支持的细节。,,3,4,耿素云、屈婉玲、张立昂《离散数学（第六版）》，目录，PDF页13,目录：7.2 根树及其应用,163,教材目录列出“7.2 根树及其应用”；作为第7章下的知识模块。
DM_TOP_048,题例分析,Topic,离散数学,第7章 树,教材“7.3 题例分析”对应的知识模块。 当前上传PDF正文未覆盖该部分，节点依据目录建立，暂不扩展未被来源直接支持的细节。,,3,4,耿素云、屈婉玲、张立昂《离散数学（第六版）》，目录，PDF页13,目录：7.3 题例分析,168,教材目录列出“7.3 题例分析”；作为第7章下的知识模块。
DM_TOP_049,加法法则和乘法法则,Topic,离散数学,第8章 组合分析初步,教材“8.1 加法法则和乘法法则”对应的知识模块。 当前上传PDF正文未覆盖该部分，节点依据目录建立，暂不扩展未被来源直接支持的细节。,,3,4,耿素云、屈婉玲、张立昂《离散数学（第六版）》，目录，PDF页13,目录：8.1 加法法则和乘法法则,175,教材目录列出“8.1 加法法则和乘法法则”；作为第8章下的知识模块。
DM_TOP_050,基本排列组合计数方法,Topic,离散数学,第8章 组合分析初步,教材“8.2 基本排列组合计数方法”对应的知识模块。 当前上传PDF正文未覆盖该部分，节点依据目录建立，暂不扩展未被来源直接支持的细节。,,3,4,耿素云、屈婉玲、张立昂《离散数学（第六版）》，目录，PDF页13,目录：8.2 基本排列组合计数方法,176,教材目录列出“8.2 基本排列组合计数方法”；作为第8章下的知识模块。
DM_TOP_051,递推方程的求解与应用,Topic,离散数学,第8章 组合分析初步,教材“8.3 递推方程的求解与应用”对应的知识模块。 当前上传PDF正文未覆盖该部分，节点依据目录建立，暂不扩展未被来源直接支持的细节。,,3,4,耿素云、屈婉玲、张立昂《离散数学（第六版）》，目录，PDF页13,目录：8.3 递推方程的求解与应用,182,教材目录列出“8.3 递推方程的求解与应用”；作为第8章下的知识模块。
DM_TOP_052,题例分析,Topic,离散数学,第8章 组合分析初步,教材“8.4 题例分析”对应的知识模块。 当前上传PDF正文未覆盖该部分，节点依据目录建立，暂不扩展未被来源直接支持的细节。,,3,4,耿素云、屈婉玲、张立昂《离散数学（第六版）》，目录，PDF页13,目录：8.4 题例分析,188,教材目录列出“8.4 题例分析”；作为第8章下的知识模块。
DM_TOP_053,二元运算及其性质,Topic,离散数学,第9章 代数系统简介,教材“9.1 二元运算及其性质”对应的知识模块。 当前上传PDF正文未覆盖该部分，节点依据目录建立，暂不扩展未被来源直接支持的细节。,,3,4,耿素云、屈婉玲、张立昂《离散数学（第六版）》，目录，PDF页13,目录：9.1 二元运算及其性质,197,教材目录列出“9.1 二元运算及其性质”；作为第9章下的知识模块。
DM_TOP_054,代数系统,Topic,离散数学,第9章 代数系统简介,教材“9.2 代数系统”对应的知识模块。 当前上传PDF正文未覆盖该部分，节点依据目录建立，暂不扩展未被来源直接支持的细节。,,3,4,耿素云、屈婉玲、张立昂《离散数学（第六版）》，目录，PDF页13,目录：9.2 代数系统,203,教材目录列出“9.2 代数系统”；作为第9章下的知识模块。
DM_TOP_055,几个典型的代数系统,Topic,离散数学,第9章 代数系统简介,教材“9.3 几个典型的代数系统”对应的知识模块。 当前上传PDF正文未覆盖该部分，节点依据目录建立，暂不扩展未被来源直接支持的细节。,,3,4,耿素云、屈婉玲、张立昂《离散数学（第六版）》，目录，PDF页13,目录：9.3 几个典型的代数系统,207,教材目录列出“9.3 几个典型的代数系统”；作为第9章下的知识模块。
DM_TOP_056,题例分析,Topic,离散数学,第9章 代数系统简介,教材“9.4 题例分析”对应的知识模块。 当前上传PDF正文未覆盖该部分，节点依据目录建立，暂不扩展未被来源直接支持的细节。,,3,4,耿素云、屈婉玲、张立昂《离散数学（第六版）》，目录，PDF页13,目录：9.4 题例分析,219,教材目录列出“9.4 题例分析”；作为第9章下的知识模块。
DM_TOP_057,形式语言和形式文法,Topic,离散数学,第10章 形式语言和自动机初步,教材“10.1 形式语言和形式文法”对应的知识模块。 当前上传PDF正文未覆盖该部分，节点依据目录建立，暂不扩展未被来源直接支持的细节。,,3,4,耿素云、屈婉玲、张立昂《离散数学（第六版）》，目录，PDF页14,目录：10.1 形式语言和形式文法,231,教材目录列出“10.1 形式语言和形式文法”；作为第10章下的知识模块。
DM_TOP_058,字母表和形式语言,Topic,离散数学,第10章 形式语言和自动机初步,教材“10.1.1 字母表和形式语言”对应的知识模块。 当前上传PDF正文未覆盖该部分，节点依据目录建立，暂不扩展未被来源直接支持的细节。,,3,4,耿素云、屈婉玲、张立昂《离散数学（第六版）》，目录，PDF页14,目录：10.1.1 字母表和形式语言,231,教材目录列出“10.1.1 字母表和形式语言”；作为第10章下的知识模块。
DM_TOP_059,形式文法,Topic,离散数学,第10章 形式语言和自动机初步,教材“10.1.2 形式文法”对应的知识模块。 当前上传PDF正文未覆盖该部分，节点依据目录建立，暂不扩展未被来源直接支持的细节。,,3,4,耿素云、屈婉玲、张立昂《离散数学（第六版）》，目录，PDF页14,目录：10.1.2 形式文法,232,教材目录列出“10.1.2 形式文法”；作为第10章下的知识模块。
DM_TOP_060,形式文法的分类,Topic,离散数学,第10章 形式语言和自动机初步,教材“10.1.3 形式文法的分类”对应的知识模块。 当前上传PDF正文未覆盖该部分，节点依据目录建立，暂不扩展未被来源直接支持的细节。,,3,4,耿素云、屈婉玲、张立昂《离散数学（第六版）》，目录，PDF页14,目录：10.1.3 形式文法的分类,235,教材目录列出“10.1.3 形式文法的分类”；作为第10章下的知识模块。
DM_TOP_061,正则文法和上下文无关文法的应用,Topic,离散数学,第10章 形式语言和自动机初步,教材“10.1.4 正则文法和上下文无关文法的应用”对应的知识模块。 当前上传PDF正文未覆盖该部分，节点依据目录建立，暂不扩展未被来源直接支持的细节。,,3,4,耿素云、屈婉玲、张立昂《离散数学（第六版）》，目录，PDF页14,目录：10.1.4 正则文法和上下文无关文法的应用,236,教材目录列出“10.1.4 正则文法和上下文无关文法的应用”；作为第10章下的知识模块。
DM_TOP_062,语法分析树,Topic,离散数学,第10章 形式语言和自动机初步,教材“10.1.5 语法分析树”对应的知识模块。 当前上传PDF正文未覆盖该部分，节点依据目录建立，暂不扩展未被来源直接支持的细节。,,3,4,耿素云、屈婉玲、张立昂《离散数学（第六版）》，目录，PDF页14,目录：10.1.5 语法分析树,238,教材目录列出“10.1.5 语法分析树”；作为第10章下的知识模块。
DM_TOP_063,有穷自动机,Topic,离散数学,第10章 形式语言和自动机初步,教材“10.2 有穷自动机”对应的知识模块。 当前上传PDF正文未覆盖该部分，节点依据目录建立，暂不扩展未被来源直接支持的细节。,,3,4,耿素云、屈婉玲、张立昂《离散数学（第六版）》，目录，PDF页14,目录：10.2 有穷自动机,239,教材目录列出“10.2 有穷自动机”；作为第10章下的知识模块。
DM_TOP_064,基本概念,Topic,离散数学,第10章 形式语言和自动机初步,教材“10.2.1 基本概念”对应的知识模块。 当前上传PDF正文未覆盖该部分，节点依据目录建立，暂不扩展未被来源直接支持的细节。,,3,4,耿素云、屈婉玲、张立昂《离散数学（第六版）》，目录，PDF页14,目录：10.2.1 基本概念,240,教材目录列出“10.2.1 基本概念”；作为第10章下的知识模块。
DM_TOP_065,非确定型有穷自动机,Topic,离散数学,第10章 形式语言和自动机初步,教材“10.2.2 非确定型有穷自动机”对应的知识模块。 当前上传PDF正文未覆盖该部分，节点依据目录建立，暂不扩展未被来源直接支持的细节。,,3,4,耿素云、屈婉玲、张立昂《离散数学（第六版）》，目录，PDF页14,目录：10.2.2 非确定型有穷自动机,240,教材目录列出“10.2.2 非确定型有穷自动机”；作为第10章下的知识模块。
DM_TOP_066,带ε转移的非确定有穷自动机,Topic,离散数学,第10章 形式语言和自动机初步,教材“10.2.3 带ε转移的非确定有穷自动机”对应的知识模块。 当前上传PDF正文未覆盖该部分，节点依据目录建立，暂不扩展未被来源直接支持的细节。,,3,4,耿素云、屈婉玲、张立昂《离散数学（第六版）》，目录，PDF页14,目录：10.2.3 带ε转移的非确定有穷自动机,243,教材目录列出“10.2.3 带ε转移的非确定有穷自动机”；作为第10章下的知识模块。
DM_TOP_067,正则表达式,Topic,离散数学,第10章 形式语言和自动机初步,教材“10.3 正则表达式”对应的知识模块。 当前上传PDF正文未覆盖该部分，节点依据目录建立，暂不扩展未被来源直接支持的细节。,,3,4,耿素云、屈婉玲、张立昂《离散数学（第六版）》，目录，PDF页14,目录：10.3 正则表达式,246,教材目录列出“10.3 正则表达式”；作为第10章下的知识模块。
DM_TOP_068,图灵机,Topic,离散数学,第10章 形式语言和自动机初步,教材“10.4 图灵机”对应的知识模块。 当前上传PDF正文未覆盖该部分，节点依据目录建立，暂不扩展未被来源直接支持的细节。,,3,4,耿素云、屈婉玲、张立昂《离散数学（第六版）》，目录，PDF页14,目录：10.4 图灵机,248,教材目录列出“10.4 图灵机”；作为第10章下的知识模块。
DM_TOP_069,题例分析,Topic,离散数学,第10章 形式语言和自动机初步,教材“10.5 题例分析”对应的知识模块。 当前上传PDF正文未覆盖该部分，节点依据目录建立，暂不扩展未被来源直接支持的细节。,,3,4,耿素云、屈婉玲、张立昂《离散数学（第六版）》，目录，PDF页14,目录：10.5 题例分析,252,教材目录列出“10.5 题例分析”；作为第10章下的知识模块。
DM_KN_0001,命题,Concept,离散数学,第1章 命题逻辑,能够判断真假的陈述句。,命题,3,4,耿素云、屈婉玲、张立昂《离散数学（第六版）》，1.1 命题符号化及联结词，教材p1（PDF页15）,1.1 命题符号化及联结词,1,教材在“1.1 命题符号化及联结词”中出现并讨论“命题”；本节点按知识图谱问答需要作结构化概括。
DM_KN_0002,真值,Property,离散数学,第1章 命题逻辑,命题取真或假的逻辑值。,真值,3,4,耿素云、屈婉玲、张立昂《离散数学（第六版）》，1.1 命题符号化及联结词，教材p1（PDF页15）,1.1 命题符号化及联结词,1,教材在“1.1 命题符号化及联结词”中出现并讨论“真值”；本节点按知识图谱问答需要作结构化概括。
DM_KN_0003,原子命题,Concept,离散数学,第1章 命题逻辑,不再分解为更简单命题的命题。,简单命题,3,4,耿素云、屈婉玲、张立昂《离散数学（第六版）》，1.1 命题符号化及联结词，教材p1（PDF页15）,1.1 命题符号化及联结词,1,教材在“1.1 命题符号化及联结词”中出现并讨论“原子命题”；本节点按知识图谱问答需要作结构化概括。
DM_KN_0004,复合命题,Concept,离散数学,第1章 命题逻辑,由命题与联结词构成的命题。,,3,4,耿素云、屈婉玲、张立昂《离散数学（第六版）》，1.1 命题符号化及联结词，教材p1（PDF页15）,1.1 命题符号化及联结词,1,教材在“1.1 命题符号化及联结词”中出现并讨论“复合命题”；本节点按知识图谱问答需要作结构化概括。
DM_KN_0005,命题变项,SyntaxElement,离散数学,第1章 命题逻辑,用于表示命题的符号变量。,命题变量,3,4,耿素云、屈婉玲、张立昂《离散数学（第六版）》，1.1 命题符号化及联结词，教材p1（PDF页15）,1.1 命题符号化及联结词,1,教材在“1.1 命题符号化及联结词”中出现并讨论“命题变项”；本节点按知识图谱问答需要作结构化概括。
DM_KN_0006,否定联结词,SyntaxElement,离散数学,第1章 命题逻辑,构成命题否定的联结词。,¬,3,4,耿素云、屈婉玲、张立昂《离散数学（第六版）》，1.1 命题符号化及联结词，教材p1（PDF页15）,1.1 命题符号化及联结词,1,教材在“1.1 命题符号化及联结词”中出现并讨论“否定联结词”；本节点按知识图谱问答需要作结构化概括。
DM_KN_0007,合取联结词,SyntaxElement,离散数学,第1章 命题逻辑,表示两个命题同时成立的联结词。,∧,3,4,耿素云、屈婉玲、张立昂《离散数学（第六版）》，1.1 命题符号化及联结词，教材p1（PDF页15）,1.1 命题符号化及联结词,1,教材在“1.1 命题符号化及联结词”中出现并讨论“合取联结词”；本节点按知识图谱问答需要作结构化概括。
DM_KN_0008,析取联结词,SyntaxElement,离散数学,第1章 命题逻辑,表示至少一个命题成立的联结词。,∨,3,4,耿素云、屈婉玲、张立昂《离散数学（第六版）》，1.1 命题符号化及联结词，教材p1（PDF页15）,1.1 命题符号化及联结词,1,教材在“1.1 命题符号化及联结词”中出现并讨论“析取联结词”；本节点按知识图谱问答需要作结构化概括。
DM_KN_0009,蕴涵联结词,SyntaxElement,离散数学,第1章 命题逻辑,表示条件关系的联结词。,→,3,4,耿素云、屈婉玲、张立昂《离散数学（第六版）》，1.1 命题符号化及联结词，教材p1（PDF页15）,1.1 命题符号化及联结词,1,教材在“1.1 命题符号化及联结词”中出现并讨论“蕴涵联结词”；本节点按知识图谱问答需要作结构化概括。
DM_KN_0010,等价联结词,SyntaxElement,离散数学,第1章 命题逻辑,表示两个命题具有相同真值的联结词。,↔,3,4,耿素云、屈婉玲、张立昂《离散数学（第六版）》，1.1 命题符号化及联结词，教材p1（PDF页15）,1.1 命题符号化及联结词,1,教材在“1.1 命题符号化及联结词”中出现并讨论“等价联结词”；本节点按知识图谱问答需要作结构化概括。
DM_KN_0011,命题公式,Model,离散数学,第1章 命题逻辑,由命题变项、联结词和括号按形成规则构成的公式。,合式公式,3,4,耿素云、屈婉玲、张立昂《离散数学（第六版）》，1.2 命题公式及分类，教材p5（PDF页19）,1.2 命题公式及分类,5,教材在“1.2 命题公式及分类”中出现并讨论“命题公式”；本节点按知识图谱问答需要作结构化概括。
DM_KN_0012,赋值,Operation,离散数学,第1章 命题逻辑,给命题变项指定真值的操作。,解释,3,4,耿素云、屈婉玲、张立昂《离散数学（第六版）》，1.2 命题公式及分类，教材p5（PDF页19）,1.2 命题公式及分类,5,教材在“1.2 命题公式及分类”中出现并讨论“赋值”；本节点按知识图谱问答需要作结构化概括。
DM_KN_0013,真值表,Model,离散数学,第1章 命题逻辑,列出公式在各种赋值下真值的表格。,,3,4,耿素云、屈婉玲、张立昂《离散数学（第六版）》，1.2 命题公式及分类，教材p5（PDF页19）,1.2 命题公式及分类,5,教材在“1.2 命题公式及分类”中出现并讨论“真值表”；本节点按知识图谱问答需要作结构化概括。
DM_KN_0014,重言式,Concept,离散数学,第1章 命题逻辑,在所有赋值下均为真的命题公式。,永真式,3,4,耿素云、屈婉玲、张立昂《离散数学（第六版）》，1.2 命题公式及分类，教材p5（PDF页19）,1.2 命题公式及分类,5,教材在“1.2 命题公式及分类”中出现并讨论“重言式”；本节点按知识图谱问答需要作结构化概括。
DM_KN_0015,矛盾式,Concept,离散数学,第1章 命题逻辑,在所有赋值下均为假的命题公式。,永假式,3,4,耿素云、屈婉玲、张立昂《离散数学（第六版）》，1.2 命题公式及分类，教材p5（PDF页19）,1.2 命题公式及分类,5,教材在“1.2 命题公式及分类”中出现并讨论“矛盾式”；本节点按知识图谱问答需要作结构化概括。
DM_KN_0016,可满足式,Concept,离散数学,第1章 命题逻辑,至少在一个赋值下为真的命题公式。,,3,4,耿素云、屈婉玲、张立昂《离散数学（第六版）》，1.2 命题公式及分类，教材p5（PDF页19）,1.2 命题公式及分类,5,教材在“1.2 命题公式及分类”中出现并讨论“可满足式”；本节点按知识图谱问答需要作结构化概括。
DM_KN_0017,逻辑等值,Concept,离散数学,第1章 命题逻辑,两个命题公式在所有赋值下具有相同真值。,等值,3,4,耿素云、屈婉玲、张立昂《离散数学（第六版）》，1.3 等值演算，教材p8（PDF页22）,1.3 等值演算,8,教材在“1.3 等值演算”中出现并讨论“逻辑等值”；本节点按知识图谱问答需要作结构化概括。
DM_KN_0018,等值演算,Algorithm,离散数学,第1章 命题逻辑,利用基本等值式对命题公式进行变形。,,3,4,耿素云、屈婉玲、张立昂《离散数学（第六版）》，1.3 等值演算，教材p8（PDF页22）,1.3 等值演算,8,教材在“1.3 等值演算”中出现并讨论“等值演算”；本节点按知识图谱问答需要作结构化概括。
DM_KN_0019,双重否定律,Property,离散数学,第1章 命题逻辑,两次否定与原命题等值。,,3,4,耿素云、屈婉玲、张立昂《离散数学（第六版）》，1.3 等值演算，教材p8（PDF页22）,1.3 等值演算,8,教材在“1.3 等值演算”中出现并讨论“双重否定律”；本节点按知识图谱问答需要作结构化概括。
DM_KN_0020,幂等律,Property,离散数学,第1章 命题逻辑,相同命题的合取或析取可化为该命题。,,3,4,耿素云、屈婉玲、张立昂《离散数学（第六版）》，1.3 等值演算，教材p8（PDF页22）,1.3 等值演算,8,教材在“1.3 等值演算”中出现并讨论“幂等律”；本节点按知识图谱问答需要作结构化概括。
DM_KN_0021,交换律,Property,离散数学,第1章 命题逻辑,合取或析取中交换两项不改变结果。,,3,4,耿素云、屈婉玲、张立昂《离散数学（第六版）》，1.3 等值演算，教材p8（PDF页22）,1.3 等值演算,8,教材在“1.3 等值演算”中出现并讨论“交换律”；本节点按知识图谱问答需要作结构化概括。
DM_KN_0022,结合律,Property,离散数学,第1章 命题逻辑,合取或析取的结合方式不改变结果。,,3,4,耿素云、屈婉玲、张立昂《离散数学（第六版）》，1.3 等值演算，教材p8（PDF页22）,1.3 等值演算,8,教材在“1.3 等值演算”中出现并讨论“结合律”；本节点按知识图谱问答需要作结构化概括。
DM_KN_0023,分配律,Property,离散数学,第1章 命题逻辑,合取与析取之间满足相应分配关系。,,3,4,耿素云、屈婉玲、张立昂《离散数学（第六版）》，1.3 等值演算，教材p8（PDF页22）,1.3 等值演算,8,教材在“1.3 等值演算”中出现并讨论“分配律”；本节点按知识图谱问答需要作结构化概括。
DM_KN_0024,德摩根律,Property,离散数学,第1章 命题逻辑,否定合取或析取可转化为否定项的析取或合取。,De Morgan律,3,4,耿素云、屈婉玲、张立昂《离散数学（第六版）》，1.3 等值演算，教材p8（PDF页22）,1.3 等值演算,8,教材在“1.3 等值演算”中出现并讨论“德摩根律”；本节点按知识图谱问答需要作结构化概括。
DM_KN_0025,吸收律,Property,离散数学,第1章 命题逻辑,特定合取/析取组合可被吸收化简。,,3,4,耿素云、屈婉玲、张立昂《离散数学（第六版）》，1.3 等值演算，教材p8（PDF页22）,1.3 等值演算,8,教材在“1.3 等值演算”中出现并讨论“吸收律”；本节点按知识图谱问答需要作结构化概括。
DM_KN_0026,蕴含等值式,Property,离散数学,第1章 命题逻辑,蕴涵式可转化为含否定和析取的等值式。,,3,4,耿素云、屈婉玲、张立昂《离散数学（第六版）》，1.3 等值演算，教材p8（PDF页22）,1.3 等值演算,8,教材在“1.3 等值演算”中出现并讨论“蕴含等值式”；本节点按知识图谱问答需要作结构化概括。
DM_KN_0027,等价等值式,Property,离散数学,第1章 命题逻辑,等价式可用两个方向的蕴涵表示。,,3,4,耿素云、屈婉玲、张立昂《离散数学（第六版）》，1.3 等值演算，教材p8（PDF页22）,1.3 等值演算,8,教材在“1.3 等值演算”中出现并讨论“等价等值式”；本节点按知识图谱问答需要作结构化概括。
DM_KN_0028,简单析取式,Model,离散数学,第1章 命题逻辑,由命题变项或其否定通过析取构成的公式。,,3,4,耿素云、屈婉玲、张立昂《离散数学（第六版）》，1.4 范式，教材p12（PDF页26）,1.4 范式,12,教材在“1.4 范式”中出现并讨论“简单析取式”；本节点按知识图谱问答需要作结构化概括。
DM_KN_0029,简单合取式,Model,离散数学,第1章 命题逻辑,由命题变项或其否定通过合取构成的公式。,,3,4,耿素云、屈婉玲、张立昂《离散数学（第六版）》，1.4 范式，教材p12（PDF页26）,1.4 范式,12,教材在“1.4 范式”中出现并讨论“简单合取式”；本节点按知识图谱问答需要作结构化概括。
DM_KN_0030,析取范式,Model,离散数学,第1章 命题逻辑,若干简单合取式的析取。,DNF,3,4,耿素云、屈婉玲、张立昂《离散数学（第六版）》，1.4 范式，教材p12（PDF页26）,1.4 范式,12,教材在“1.4 范式”中出现并讨论“析取范式”；本节点按知识图谱问答需要作结构化概括。
DM_KN_0031,合取范式,Model,离散数学,第1章 命题逻辑,若干简单析取式的合取。,CNF,3,4,耿素云、屈婉玲、张立昂《离散数学（第六版）》，1.4 范式，教材p12（PDF页26）,1.4 范式,12,教材在“1.4 范式”中出现并讨论“合取范式”；本节点按知识图谱问答需要作结构化概括。
DM_KN_0032,极小项,Concept,离散数学,第1章 命题逻辑,包含全部命题变项且每个恰出现一次的简单合取式。,minterm,3,4,耿素云、屈婉玲、张立昂《离散数学（第六版）》，1.4 范式，教材p12（PDF页26）,1.4 范式,12,教材在“1.4 范式”中出现并讨论“极小项”；本节点按知识图谱问答需要作结构化概括。
DM_KN_0033,极大项,Concept,离散数学,第1章 命题逻辑,包含全部命题变项且每个恰出现一次的简单析取式。,maxterm,3,4,耿素云、屈婉玲、张立昂《离散数学（第六版）》，1.4 范式，教材p12（PDF页26）,1.4 范式,12,教材在“1.4 范式”中出现并讨论“极大项”；本节点按知识图谱问答需要作结构化概括。
DM_KN_0034,主析取范式,Model,离散数学,第1章 命题逻辑,由成真赋值对应极小项组成的析取范式。,PDNF,3,4,耿素云、屈婉玲、张立昂《离散数学（第六版）》，1.4 范式，教材p12（PDF页26）,1.4 范式,12,教材在“1.4 范式”中出现并讨论“主析取范式”；本节点按知识图谱问答需要作结构化概括。
DM_KN_0035,主合取范式,Model,离散数学,第1章 命题逻辑,由成假赋值对应极大项组成的合取范式。,PCNF,3,4,耿素云、屈婉玲、张立昂《离散数学（第六版）》，1.4 范式，教材p12（PDF页26）,1.4 范式,12,教材在“1.4 范式”中出现并讨论“主合取范式”；本节点按知识图谱问答需要作结构化概括。
DM_KN_0036,联结词完备集,Concept,离散数学,第1章 命题逻辑,能够表示任意命题公式真值函数的一组联结词。,全功能集,3,4,耿素云、屈婉玲、张立昂《离散数学（第六版）》，1.5 联结词全功能集，教材p17（PDF页31）,1.5 联结词全功能集,17,教材在“1.5 联结词全功能集”中出现并讨论“联结词完备集”；本节点按知识图谱问答需要作结构化概括。
DM_KN_0037,与非联结词,SyntaxElement,离散数学,第1章 命题逻辑,由合取后取否定形成的联结词。,NAND,3,4,耿素云、屈婉玲、张立昂《离散数学（第六版）》，1.5 联结词全功能集，教材p17（PDF页31）,1.5 联结词全功能集,17,教材在“1.5 联结词全功能集”中出现并讨论“与非联结词”；本节点按知识图谱问答需要作结构化概括。
DM_KN_0038,或非联结词,SyntaxElement,离散数学,第1章 命题逻辑,由析取后取否定形成的联结词。,NOR,3,4,耿素云、屈婉玲、张立昂《离散数学（第六版）》，1.5 联结词全功能集，教材p17（PDF页31）,1.5 联结词全功能集,17,教材在“1.5 联结词全功能集”中出现并讨论“或非联结词”；本节点按知识图谱问答需要作结构化概括。
DM_KN_0039,组合电路,ComputingObject,离散数学,第1章 命题逻辑,输出仅由当前输入决定的逻辑电路模型。,,3,4,耿素云、屈婉玲、张立昂《离散数学（第六版）》，1.6 组合电路，教材p19（PDF页33）,1.6 组合电路,19,教材在“1.6 组合电路”中出现并讨论“组合电路”；本节点按知识图谱问答需要作结构化概括。
DM_KN_0040,开关变量,Concept,离散数学,第1章 命题逻辑,用0和1表示开关状态的变量。,,3,4,耿素云、屈婉玲、张立昂《离散数学（第六版）》，1.6 组合电路，教材p19（PDF页33）,1.6 组合电路,19,教材在“1.6 组合电路”中出现并讨论“开关变量”；本节点按知识图谱问答需要作结构化概括。
DM_KN_0041,逻辑函数,Model,离散数学,第1章 命题逻辑,以0/1变量为输入、0/1为输出的函数。,布尔函数,3,4,耿素云、屈婉玲、张立昂《离散数学（第六版）》，1.6 组合电路，教材p19（PDF页33）,1.6 组合电路,19,教材在“1.6 组合电路”中出现并讨论“逻辑函数”；本节点按知识图谱问答需要作结构化概括。
DM_KN_0042,电路等值,Concept,离散数学,第1章 命题逻辑,不同组合电路实现相同逻辑函数的关系。,,3,4,耿素云、屈婉玲、张立昂《离散数学（第六版）》，1.6 组合电路，教材p19（PDF页33）,1.6 组合电路,19,教材在“1.6 组合电路”中出现并讨论“电路等值”；本节点按知识图谱问答需要作结构化概括。
DM_KN_0043,推理,Mechanism,离散数学,第1章 命题逻辑,由一组前提按照规则推出结论的过程。,,3,4,耿素云、屈婉玲、张立昂《离散数学（第六版）》，1.7 推理理论，教材p21（PDF页35）,1.7 推理理论,21,教材在“1.7 推理理论”中出现并讨论“推理”；本节点按知识图谱问答需要作结构化概括。
DM_KN_0044,前提,Concept,离散数学,第1章 命题逻辑,推理中作为已知条件的命题公式。,,3,4,耿素云、屈婉玲、张立昂《离散数学（第六版）》，1.7 推理理论，教材p21（PDF页35）,1.7 推理理论,21,教材在“1.7 推理理论”中出现并讨论“前提”；本节点按知识图谱问答需要作结构化概括。
DM_KN_0045,结论,Concept,离散数学,第1章 命题逻辑,由前提推导出的命题公式。,,3,4,耿素云、屈婉玲、张立昂《离散数学（第六版）》，1.7 推理理论，教材p21（PDF页35）,1.7 推理理论,21,教材在“1.7 推理理论”中出现并讨论“结论”；本节点按知识图谱问答需要作结构化概括。
DM_KN_0046,有效推理,Property,离散数学,第1章 命题逻辑,前提为真时结论必为真的推理。,正确推理,3,4,耿素云、屈婉玲、张立昂《离散数学（第六版）》，1.7 推理理论，教材p21（PDF页35）,1.7 推理理论,21,教材在“1.7 推理理论”中出现并讨论“有效推理”；本节点按知识图谱问答需要作结构化概括。
DM_KN_0047,推理定律,Property,离散数学,第1章 命题逻辑,用于构造有效推理的基本规则。,,3,4,耿素云、屈婉玲、张立昂《离散数学（第六版）》，1.7 推理理论，教材p21（PDF页35）,1.7 推理理论,21,教材在“1.7 推理理论”中出现并讨论“推理定律”；本节点按知识图谱问答需要作结构化概括。
DM_KN_0048,构造证明法,Algorithm,离散数学,第1章 命题逻辑,通过推导序列从前提逐步得到结论的方法。,,3,4,耿素云、屈婉玲、张立昂《离散数学（第六版）》，1.7 推理理论，教材p21（PDF页35）,1.7 推理理论,21,教材在“1.7 推理理论”中出现并讨论“构造证明法”；本节点按知识图谱问答需要作结构化概括。
DM_KN_0049,附加前提证明法,Algorithm,离散数学,第1章 命题逻辑,在证明条件式结论时临时加入前件作为前提的方法。,,3,4,耿素云、屈婉玲、张立昂《离散数学（第六版）》，1.7 推理理论，教材p21（PDF页35）,1.7 推理理论,21,教材在“1.7 推理理论”中出现并讨论“附加前提证明法”；本节点按知识图谱问答需要作结构化概括。
DM_KN_0050,命题逻辑题例,Example,离散数学,第1章 命题逻辑,教材命题逻辑章节的综合题例。,,3,4,耿素云、屈婉玲、张立昂《离散数学（第六版）》，1.8 题例分析，教材p26（PDF页40）,1.8 题例分析,26,教材在“1.8 题例分析”中出现并讨论“命题逻辑题例”；本节点按知识图谱问答需要作结构化概括。
DM_KN_0051,个体域,Concept,离散数学,第2章 一阶逻辑,一阶逻辑中个体变量取值的论域。,论域,3,4,耿素云、屈婉玲、张立昂《离散数学（第六版）》，2.1 一阶逻辑基本概念，教材p37（PDF页51）,2.1 一阶逻辑基本概念,37,教材在“2.1 一阶逻辑基本概念”中出现并讨论“个体域”；本节点按知识图谱问答需要作结构化概括。
DM_KN_0052,个体常项,SyntaxElement,离散数学,第2章 一阶逻辑,表示确定个体的符号。,,3,4,耿素云、屈婉玲、张立昂《离散数学（第六版）》，2.1 一阶逻辑基本概念，教材p37（PDF页51）,2.1 一阶逻辑基本概念,37,教材在“2.1 一阶逻辑基本概念”中出现并讨论“个体常项”；本节点按知识图谱问答需要作结构化概括。
DM_KN_0053,个体变项,SyntaxElement,离散数学,第2章 一阶逻辑,表示可在个体域中取值的变量。,,3,4,耿素云、屈婉玲、张立昂《离散数学（第六版）》，2.1 一阶逻辑基本概念，教材p37（PDF页51）,2.1 一阶逻辑基本概念,37,教材在“2.1 一阶逻辑基本概念”中出现并讨论“个体变项”；本节点按知识图谱问答需要作结构化概括。
DM_KN_0054,谓词,Model,离散数学,第2章 一阶逻辑,描述个体性质或个体间关系的符号。,,3,4,耿素云、屈婉玲、张立昂《离散数学（第六版）》，2.1 一阶逻辑基本概念，教材p37（PDF页51）,2.1 一阶逻辑基本概念,37,教材在“2.1 一阶逻辑基本概念”中出现并讨论“谓词”；本节点按知识图谱问答需要作结构化概括。
DM_KN_0055,一元谓词,Concept,离散数学,第2章 一阶逻辑,含一个个体变项的谓词。,,3,4,耿素云、屈婉玲、张立昂《离散数学（第六版）》，2.1 一阶逻辑基本概念，教材p37（PDF页51）,2.1 一阶逻辑基本概念,37,教材在“2.1 一阶逻辑基本概念”中出现并讨论“一元谓词”；本节点按知识图谱问答需要作结构化概括。
DM_KN_0056,n元谓词,Concept,离散数学,第2章 一阶逻辑,含n个个体变项的谓词。,,3,4,耿素云、屈婉玲、张立昂《离散数学（第六版）》，2.1 一阶逻辑基本概念，教材p37（PDF页51）,2.1 一阶逻辑基本概念,37,教材在“2.1 一阶逻辑基本概念”中出现并讨论“n元谓词”；本节点按知识图谱问答需要作结构化概括。
DM_KN_0057,全称量词,SyntaxElement,离散数学,第2章 一阶逻辑,表示对个体域中所有个体成立的量词。,∀,3,4,耿素云、屈婉玲、张立昂《离散数学（第六版）》，2.1 一阶逻辑基本概念，教材p37（PDF页51）,2.1 一阶逻辑基本概念,37,教材在“2.1 一阶逻辑基本概念”中出现并讨论“全称量词”；本节点按知识图谱问答需要作结构化概括。
DM_KN_0058,存在量词,SyntaxElement,离散数学,第2章 一阶逻辑,表示个体域中至少存在一个个体成立的量词。,∃,3,4,耿素云、屈婉玲、张立昂《离散数学（第六版）》，2.1 一阶逻辑基本概念，教材p37（PDF页51）,2.1 一阶逻辑基本概念,37,教材在“2.1 一阶逻辑基本概念”中出现并讨论“存在量词”；本节点按知识图谱问答需要作结构化概括。
DM_KN_0059,原子公式,Model,离散数学,第2章 一阶逻辑,由谓词符号和项直接组成、不含逻辑联结结构的基本公式。,,3,4,耿素云、屈婉玲、张立昂《离散数学（第六版）》，2.1 一阶逻辑基本概念，教材p37（PDF页51）,2.1 一阶逻辑基本概念,37,教材在“2.1 一阶逻辑基本概念”中出现并讨论“原子公式”；本节点按知识图谱问答需要作结构化概括。
DM_KN_0060,一阶逻辑合式公式,Model,离散数学,第2章 一阶逻辑,按一阶逻辑形成规则构成的公式。,合式公式,3,4,耿素云、屈婉玲、张立昂《离散数学（第六版）》，2.1 一阶逻辑基本概念，教材p37（PDF页51）,2.1 一阶逻辑基本概念,37,教材在“2.1 一阶逻辑基本概念”中出现并讨论“一阶逻辑合式公式”；本节点按知识图谱问答需要作结构化概括。
DM_KN_0061,自由变元,Concept,离散数学,第2章 一阶逻辑,在公式中未被相应量词约束的变元。,,3,4,耿素云、屈婉玲、张立昂《离散数学（第六版）》，2.2 一阶逻辑合式公式及解释，教材p42（PDF页56）,2.2 一阶逻辑合式公式及解释,42,教材在“2.2 一阶逻辑合式公式及解释”中出现并讨论“自由变元”；本节点按知识图谱问答需要作结构化概括。
DM_KN_0062,约束变元,Concept,离散数学,第2章 一阶逻辑,处在量词辖域内并被量词约束的变元。,,3,4,耿素云、屈婉玲、张立昂《离散数学（第六版）》，2.2 一阶逻辑合式公式及解释，教材p42（PDF页56）,2.2 一阶逻辑合式公式及解释,42,教材在“2.2 一阶逻辑合式公式及解释”中出现并讨论“约束变元”；本节点按知识图谱问答需要作结构化概括。
DM_KN_0063,闭式,Model,离散数学,第2章 一阶逻辑,不含自由变元的一阶逻辑公式。,闭公式,3,4,耿素云、屈婉玲、张立昂《离散数学（第六版）》，2.2 一阶逻辑合式公式及解释，教材p42（PDF页56）,2.2 一阶逻辑合式公式及解释,42,教材在“2.2 一阶逻辑合式公式及解释”中出现并讨论“闭式”；本节点按知识图谱问答需要作结构化概括。
DM_KN_0064,解释,Operation,离散数学,第2章 一阶逻辑,为个体域、常项、函数和谓词赋予具体含义。,,3,4,耿素云、屈婉玲、张立昂《离散数学（第六版）》，2.2 一阶逻辑合式公式及解释，教材p42（PDF页56）,2.2 一阶逻辑合式公式及解释,42,教材在“2.2 一阶逻辑合式公式及解释”中出现并讨论“解释”；本节点按知识图谱问答需要作结构化概括。
DM_KN_0065,一阶逻辑真值,Property,离散数学,第2章 一阶逻辑,公式在给定解释和变元赋值下的真假。,,3,4,耿素云、屈婉玲、张立昂《离散数学（第六版）》，2.2 一阶逻辑合式公式及解释，教材p42（PDF页56）,2.2 一阶逻辑合式公式及解释,42,教材在“2.2 一阶逻辑合式公式及解释”中出现并讨论“一阶逻辑真值”；本节点按知识图谱问答需要作结构化概括。
DM_KN_0066,一阶逻辑有效式,Concept,离散数学,第2章 一阶逻辑,在所有解释下都为真的一阶逻辑公式。,永真式,3,4,耿素云、屈婉玲、张立昂《离散数学（第六版）》，2.2 一阶逻辑合式公式及解释，教材p42（PDF页56）,2.2 一阶逻辑合式公式及解释,42,教材在“2.2 一阶逻辑合式公式及解释”中出现并讨论“一阶逻辑有效式”；本节点按知识图谱问答需要作结构化概括。
DM_KN_0067,一阶逻辑等值式,Concept,离散数学,第2章 一阶逻辑,在所有解释下真值相同的两个一阶逻辑公式。,,3,4,耿素云、屈婉玲、张立昂《离散数学（第六版）》，2.3 一阶逻辑等值式与前束范式，教材p46（PDF页60）,2.3 一阶逻辑等值式与前束范式,46,教材在“2.3 一阶逻辑等值式与前束范式”中出现并讨论“一阶逻辑等值式”；本节点按知识图谱问答需要作结构化概括。
DM_KN_0068,量词否定等值式,Property,离散数学,第2章 一阶逻辑,否定全称与存在量词时量词互换并否定谓词部分。,,3,4,耿素云、屈婉玲、张立昂《离散数学（第六版）》，2.3 一阶逻辑等值式与前束范式，教材p46（PDF页60）,2.3 一阶逻辑等值式与前束范式,46,教材在“2.3 一阶逻辑等值式与前束范式”中出现并讨论“量词否定等值式”；本节点按知识图谱问答需要作结构化概括。
DM_KN_0069,量词辖域,Concept,离散数学,第2章 一阶逻辑,量词对公式中变量发生约束作用的范围。,,3,4,耿素云、屈婉玲、张立昂《离散数学（第六版）》，2.3 一阶逻辑等值式与前束范式，教材p46（PDF页60）,2.3 一阶逻辑等值式与前束范式,46,教材在“2.3 一阶逻辑等值式与前束范式”中出现并讨论“量词辖域”；本节点按知识图谱问答需要作结构化概括。
DM_KN_0070,前束范式,Model,离散数学,第2章 一阶逻辑,所有量词都位于公式前部的规范形式。,PNF,3,4,耿素云、屈婉玲、张立昂《离散数学（第六版）》，2.3 一阶逻辑等值式与前束范式，教材p46（PDF页60）,2.3 一阶逻辑等值式与前束范式,46,教材在“2.3 一阶逻辑等值式与前束范式”中出现并讨论“前束范式”；本节点按知识图谱问答需要作结构化概括。
DM_KN_0071,换名规则,Algorithm,离散数学,第2章 一阶逻辑,通过改变约束变元名称避免变量冲突。,,3,4,耿素云、屈婉玲、张立昂《离散数学（第六版）》，2.3 一阶逻辑等值式与前束范式，教材p46（PDF页60）,2.3 一阶逻辑等值式与前束范式,46,教材在“2.3 一阶逻辑等值式与前束范式”中出现并讨论“换名规则”；本节点按知识图谱问答需要作结构化概括。
DM_KN_0072,一阶逻辑推理,Mechanism,离散数学,第2章 一阶逻辑,利用一阶逻辑推理规则从前提导出结论。,,3,4,耿素云、屈婉玲、张立昂《离散数学（第六版）》，2.4 推理，教材p49（PDF页63）,2.4 推理,49,教材在“2.4 推理”中出现并讨论“一阶逻辑推理”；本节点按知识图谱问答需要作结构化概括。
DM_KN_0073,全称实例规则,Algorithm,离散数学,第2章 一阶逻辑,从全称命题推出某个个体实例的规则。,UI,3,4,耿素云、屈婉玲、张立昂《离散数学（第六版）》，2.4 推理，教材p49（PDF页63）,2.4 推理,49,教材在“2.4 推理”中出现并讨论“全称实例规则”；本节点按知识图谱问答需要作结构化概括。
DM_KN_0074,全称推广规则,Algorithm,离散数学,第2章 一阶逻辑,由任意个体情形推广为全称命题的规则。,UG,3,4,耿素云、屈婉玲、张立昂《离散数学（第六版）》，2.4 推理，教材p49（PDF页63）,2.4 推理,49,教材在“2.4 推理”中出现并讨论“全称推广规则”；本节点按知识图谱问答需要作结构化概括。
DM_KN_0075,存在实例规则,Algorithm,离散数学,第2章 一阶逻辑,由存在命题引入满足条件的新个体的规则。,EI,3,4,耿素云、屈婉玲、张立昂《离散数学（第六版）》，2.4 推理，教材p49（PDF页63）,2.4 推理,49,教材在“2.4 推理”中出现并讨论“存在实例规则”；本节点按知识图谱问答需要作结构化概括。
DM_KN_0076,存在推广规则,Algorithm,离散数学,第2章 一阶逻辑,由某个实例推出存在命题的规则。,EG,3,4,耿素云、屈婉玲、张立昂《离散数学（第六版）》，2.4 推理，教材p49（PDF页63）,2.4 推理,49,教材在“2.4 推理”中出现并讨论“存在推广规则”；本节点按知识图谱问答需要作结构化概括。
DM_KN_0077,一阶逻辑题例,Example,离散数学,第2章 一阶逻辑,教材一阶逻辑章节的综合题例。,,3,4,耿素云、屈婉玲、张立昂《离散数学（第六版）》，2.5 题例分析，教材p52（PDF页66）,2.5 题例分析,52,教材在“2.5 题例分析”中出现并讨论“一阶逻辑题例”；本节点按知识图谱问答需要作结构化概括。
DM_KN_0078,集合,Concept,离散数学,第3章 集合的基本概念和运算,由确定对象组成的整体。,,3,4,耿素云、屈婉玲、张立昂《离散数学（第六版）》，3.1 集合的基本概念，教材p56（PDF页70）,3.1 集合的基本概念,56,教材在“3.1 集合的基本概念”中出现并讨论“集合”；本节点按知识图谱问答需要作结构化概括。
DM_KN_0079,元素,Concept,离散数学,第3章 集合的基本概念和运算,构成集合的对象。,,3,4,耿素云、屈婉玲、张立昂《离散数学（第六版）》，3.1 集合的基本概念，教材p56（PDF页70）,3.1 集合的基本概念,56,教材在“3.1 集合的基本概念”中出现并讨论“元素”；本节点按知识图谱问答需要作结构化概括。
DM_KN_0080,属于关系,Concept,离散数学,第3章 集合的基本概念和运算,元素与集合之间的隶属关系。,∈,3,4,耿素云、屈婉玲、张立昂《离散数学（第六版）》，3.1 集合的基本概念，教材p56（PDF页70）,3.1 集合的基本概念,56,教材在“3.1 集合的基本概念”中出现并讨论“属于关系”；本节点按知识图谱问答需要作结构化概括。
DM_KN_0081,子集,Concept,离散数学,第3章 集合的基本概念和运算,一个集合的每个元素都属于另一个集合时形成的包含关系。,⊆,3,4,耿素云、屈婉玲、张立昂《离散数学（第六版）》，3.1 集合的基本概念，教材p56（PDF页70）,3.1 集合的基本概念,56,教材在“3.1 集合的基本概念”中出现并讨论“子集”；本节点按知识图谱问答需要作结构化概括。
DM_KN_0082,真子集,Concept,离散数学,第3章 集合的基本概念和运算,子集且不与原集合相等。,⊂,3,4,耿素云、屈婉玲、张立昂《离散数学（第六版）》，3.1 集合的基本概念，教材p56（PDF页70）,3.1 集合的基本概念,56,教材在“3.1 集合的基本概念”中出现并讨论“真子集”；本节点按知识图谱问答需要作结构化概括。
DM_KN_0083,空集,Concept,离散数学,第3章 集合的基本概念和运算,不含任何元素的集合。,∅,3,4,耿素云、屈婉玲、张立昂《离散数学（第六版）》，3.1 集合的基本概念，教材p56（PDF页70）,3.1 集合的基本概念,56,教材在“3.1 集合的基本概念”中出现并讨论“空集”；本节点按知识图谱问答需要作结构化概括。
DM_KN_0084,全集,Concept,离散数学,第3章 集合的基本概念和运算,讨论范围内包含全部对象的集合。,E,3,4,耿素云、屈婉玲、张立昂《离散数学（第六版）》，3.1 集合的基本概念，教材p56（PDF页70）,3.1 集合的基本概念,56,教材在“3.1 集合的基本概念”中出现并讨论“全集”；本节点按知识图谱问答需要作结构化概括。
DM_KN_0085,集合相等,Concept,离散数学,第3章 集合的基本概念和运算,两个集合具有完全相同的元素。,,3,4,耿素云、屈婉玲、张立昂《离散数学（第六版）》，3.1 集合的基本概念，教材p56（PDF页70）,3.1 集合的基本概念,56,教材在“3.1 集合的基本概念”中出现并讨论“集合相等”；本节点按知识图谱问答需要作结构化概括。
DM_KN_0086,幂集,Concept,离散数学,第3章 集合的基本概念和运算,一个集合的所有子集组成的集合。,P(A),3,4,耿素云、屈婉玲、张立昂《离散数学（第六版）》，3.1 集合的基本概念，教材p56（PDF页70）,3.1 集合的基本概念,56,教材在“3.1 集合的基本概念”中出现并讨论“幂集”；本节点按知识图谱问答需要作结构化概括。
DM_KN_0087,多重集,Concept,离散数学,第3章 集合的基本概念和运算,允许元素重复出现的集合推广形式。,,3,4,耿素云、屈婉玲、张立昂《离散数学（第六版）》，3.1 集合的基本概念，教材p56（PDF页70）,3.1 集合的基本概念,56,教材在“3.1 集合的基本概念”中出现并讨论“多重集”；本节点按知识图谱问答需要作结构化概括。
DM_KN_0088,并集,Operation,离散数学,第3章 集合的基本概念和运算,由属于两个集合中至少一个的元素组成。,∪,3,4,耿素云、屈婉玲、张立昂《离散数学（第六版）》，3.2 集合的基本运算，教材p58（PDF页72）,3.2 集合的基本运算,58,教材在“3.2 集合的基本运算”中出现并讨论“并集”；本节点按知识图谱问答需要作结构化概括。
DM_KN_0089,交集,Operation,离散数学,第3章 集合的基本概念和运算,由同时属于两个集合的元素组成。,∩,3,4,耿素云、屈婉玲、张立昂《离散数学（第六版）》，3.2 集合的基本运算，教材p58（PDF页72）,3.2 集合的基本运算,58,教材在“3.2 集合的基本运算”中出现并讨论“交集”；本节点按知识图谱问答需要作结构化概括。
DM_KN_0090,差集,Operation,离散数学,第3章 集合的基本概念和运算,由属于前一集合而不属于后一集合的元素组成。,-,3,4,耿素云、屈婉玲、张立昂《离散数学（第六版）》，3.2 集合的基本运算，教材p58（PDF页72）,3.2 集合的基本运算,58,教材在“3.2 集合的基本运算”中出现并讨论“差集”；本节点按知识图谱问答需要作结构化概括。
DM_KN_0091,补集,Operation,离散数学,第3章 集合的基本概念和运算,相对于全集由不属于给定集合的元素组成。,~A,3,4,耿素云、屈婉玲、张立昂《离散数学（第六版）》，3.2 集合的基本运算，教材p58（PDF页72）,3.2 集合的基本运算,58,教材在“3.2 集合的基本运算”中出现并讨论“补集”；本节点按知识图谱问答需要作结构化概括。
DM_KN_0092,对称差,Operation,离散数学,第3章 集合的基本概念和运算,由只属于两个集合之一的元素组成。,⊕,3,4,耿素云、屈婉玲、张立昂《离散数学（第六版）》，3.2 集合的基本运算，教材p58（PDF页72）,3.2 集合的基本运算,58,教材在“3.2 集合的基本运算”中出现并讨论“对称差”；本节点按知识图谱问答需要作结构化概括。
DM_KN_0093,文氏图,Model,离散数学,第3章 集合的基本概念和运算,用平面区域表示集合及其运算关系的图示方法。,Venn图,3,4,耿素云、屈婉玲、张立昂《离散数学（第六版）》，3.2 集合的基本运算，教材p58（PDF页72）,3.2 集合的基本运算,58,教材在“3.2 集合的基本运算”中出现并讨论“文氏图”；本节点按知识图谱问答需要作结构化概括。
DM_KN_0094,集合运算律,Property,离散数学,第3章 集合的基本概念和运算,集合的并、交、补等运算满足的一组代数规律。,,3,4,耿素云、屈婉玲、张立昂《离散数学（第六版）》，3.2 集合的基本运算，教材p58（PDF页72）,3.2 集合的基本运算,58,教材在“3.2 集合的基本运算”中出现并讨论“集合运算律”；本节点按知识图谱问答需要作结构化概括。
DM_KN_0095,集合德摩根律,Property,离散数学,第3章 集合的基本概念和运算,补运算与并、交之间的德摩根关系。,,3,4,耿素云、屈婉玲、张立昂《离散数学（第六版）》，3.2 集合的基本运算，教材p58（PDF页72）,3.2 集合的基本运算,58,教材在“3.2 集合的基本运算”中出现并讨论“集合德摩根律”；本节点按知识图谱问答需要作结构化概括。
DM_KN_0096,集合基数,Metric,离散数学,第3章 集合的基本概念和运算,集合中元素的个数。,cardinality,3,4,耿素云、屈婉玲、张立昂《离散数学（第六版）》，3.3 集合中元素的计数，教材p63（PDF页77）,3.3 集合中元素的计数,63,教材在“3.3 集合中元素的计数”中出现并讨论“集合基数”；本节点按知识图谱问答需要作结构化概括。
DM_KN_0097,容斥原理,Algorithm,离散数学,第3章 集合的基本概念和运算,通过交集修正重复计数来计算并集元素数的方法。,,3,4,耿素云、屈婉玲、张立昂《离散数学（第六版）》，3.3 集合中元素的计数，教材p63（PDF页77）,3.3 集合中元素的计数,63,教材在“3.3 集合中元素的计数”中出现并讨论“容斥原理”；本节点按知识图谱问答需要作结构化概括。
DM_KN_0098,二集合容斥,Algorithm,离散数学,第3章 集合的基本概念和运算,两个有限集合并集基数的容斥计算。,,3,4,耿素云、屈婉玲、张立昂《离散数学（第六版）》，3.3 集合中元素的计数，教材p63（PDF页77）,3.3 集合中元素的计数,63,教材在“3.3 集合中元素的计数”中出现并讨论“二集合容斥”；本节点按知识图谱问答需要作结构化概括。
DM_KN_0099,三集合容斥,Algorithm,离散数学,第3章 集合的基本概念和运算,三个有限集合并集基数的容斥计算。,,3,4,耿素云、屈婉玲、张立昂《离散数学（第六版）》，3.3 集合中元素的计数，教材p63（PDF页77）,3.3 集合中元素的计数,63,教材在“3.3 集合中元素的计数”中出现并讨论“三集合容斥”；本节点按知识图谱问答需要作结构化概括。
DM_KN_0100,集合题例,Example,离散数学,第3章 集合的基本概念和运算,教材集合章节的综合题例。,,3,4,耿素云、屈婉玲、张立昂《离散数学（第六版）》，3.4 题例分析，教材p67（PDF页81）,3.4 题例分析,67,教材在“3.4 题例分析”中出现并讨论“集合题例”；本节点按知识图谱问答需要作结构化概括。
DM_KN_0101,有序对,DataStructure,离散数学,第4章 二元关系和函数,具有先后位置的两个元素组成的有序结构。,,3,4,耿素云、屈婉玲、张立昂《离散数学（第六版）》，4.1 集合的笛卡尔积与二元关系，教材p77（PDF页91）,4.1 集合的笛卡尔积与二元关系,77,教材在“4.1 集合的笛卡尔积与二元关系”中出现并讨论“有序对”；本节点按知识图谱问答需要作结构化概括。
DM_KN_0102,笛卡尔积,Operation,离散数学,第4章 二元关系和函数,由两个集合元素构成的所有有序对组成的集合。,Cartesian product,3,4,耿素云、屈婉玲、张立昂《离散数学（第六版）》，4.1 集合的笛卡尔积与二元关系，教材p77（PDF页91）,4.1 集合的笛卡尔积与二元关系,77,教材在“4.1 集合的笛卡尔积与二元关系”中出现并讨论“笛卡尔积”；本节点按知识图谱问答需要作结构化概括。
DM_KN_0103,二元关系,Concept,离散数学,第4章 二元关系和函数,集合笛卡尔积的子集。,关系,3,4,耿素云、屈婉玲、张立昂《离散数学（第六版）》，4.1 集合的笛卡尔积与二元关系，教材p77（PDF页91）,4.1 集合的笛卡尔积与二元关系,77,教材在“4.1 集合的笛卡尔积与二元关系”中出现并讨论“二元关系”；本节点按知识图谱问答需要作结构化概括。
DM_KN_0104,空关系,Concept,离散数学,第4章 二元关系和函数,不含任何有序对的关系。,,3,4,耿素云、屈婉玲、张立昂《离散数学（第六版）》，4.1 集合的笛卡尔积与二元关系，教材p77（PDF页91）,4.1 集合的笛卡尔积与二元关系,77,教材在“4.1 集合的笛卡尔积与二元关系”中出现并讨论“空关系”；本节点按知识图谱问答需要作结构化概括。
DM_KN_0105,全域关系,Concept,离散数学,第4章 二元关系和函数,包含笛卡尔积全部有序对的关系。,,3,4,耿素云、屈婉玲、张立昂《离散数学（第六版）》，4.1 集合的笛卡尔积与二元关系，教材p77（PDF页91）,4.1 集合的笛卡尔积与二元关系,77,教材在“4.1 集合的笛卡尔积与二元关系”中出现并讨论“全域关系”；本节点按知识图谱问答需要作结构化概括。
DM_KN_0106,恒等关系,Concept,离散数学,第4章 二元关系和函数,由集合中每个元素与自身构成的有序对组成的关系。,I_A,3,4,耿素云、屈婉玲、张立昂《离散数学（第六版）》，4.1 集合的笛卡尔积与二元关系，教材p77（PDF页91）,4.1 集合的笛卡尔积与二元关系,77,教材在“4.1 集合的笛卡尔积与二元关系”中出现并讨论“恒等关系”；本节点按知识图谱问答需要作结构化概括。
DM_KN_0107,关系矩阵,Model,离散数学,第4章 二元关系和函数,用0-1矩阵表示有限集合上的二元关系。,,3,4,耿素云、屈婉玲、张立昂《离散数学（第六版）》，4.1 集合的笛卡尔积与二元关系，教材p77（PDF页91）,4.1 集合的笛卡尔积与二元关系,77,教材在“4.1 集合的笛卡尔积与二元关系”中出现并讨论“关系矩阵”；本节点按知识图谱问答需要作结构化概括。
DM_KN_0108,关系图,Model,离散数学,第4章 二元关系和函数,用有向图表示二元关系。,,3,4,耿素云、屈婉玲、张立昂《离散数学（第六版）》，4.1 集合的笛卡尔积与二元关系，教材p77（PDF页91）,4.1 集合的笛卡尔积与二元关系,77,教材在“4.1 集合的笛卡尔积与二元关系”中出现并讨论“关系图”；本节点按知识图谱问答需要作结构化概括。
DM_KN_0109,关系定义域,Concept,离散数学,第4章 二元关系和函数,关系中作为第一分量出现的元素集合。,domR,3,4,耿素云、屈婉玲、张立昂《离散数学（第六版）》，4.2 关系的运算，教材p81（PDF页95）,4.2 关系的运算,81,教材在“4.2 关系的运算”中出现并讨论“关系定义域”；本节点按知识图谱问答需要作结构化概括。
DM_KN_0110,关系值域,Concept,离散数学,第4章 二元关系和函数,关系中作为第二分量出现的元素集合。,ranR,3,4,耿素云、屈婉玲、张立昂《离散数学（第六版）》，4.2 关系的运算，教材p81（PDF页95）,4.2 关系的运算,81,教材在“4.2 关系的运算”中出现并讨论“关系值域”；本节点按知识图谱问答需要作结构化概括。
DM_KN_0111,关系的逆,Operation,离散数学,第4章 二元关系和函数,交换关系中每个有序对两个分量得到的新关系。,R^-1,3,4,耿素云、屈婉玲、张立昂《离散数学（第六版）》，4.2 关系的运算，教材p81（PDF页95）,4.2 关系的运算,81,教材在“4.2 关系的运算”中出现并讨论“关系的逆”；本节点按知识图谱问答需要作结构化概括。
DM_KN_0112,关系的复合,Operation,离散数学,第4章 二元关系和函数,通过中间元素连接两个关系得到的新关系。,,3,4,耿素云、屈婉玲、张立昂《离散数学（第六版）》，4.2 关系的运算，教材p81（PDF页95）,4.2 关系的运算,81,教材在“4.2 关系的运算”中出现并讨论“关系的复合”；本节点按知识图谱问答需要作结构化概括。
DM_KN_0113,关系的幂,Operation,离散数学,第4章 二元关系和函数,同一关系连续复合形成的关系。,R^n,3,4,耿素云、屈婉玲、张立昂《离散数学（第六版）》，4.2 关系的运算，教材p81（PDF页95）,4.2 关系的运算,81,教材在“4.2 关系的运算”中出现并讨论“关系的幂”；本节点按知识图谱问答需要作结构化概括。
DM_KN_0114,自反性,Property,离散数学,第4章 二元关系和函数,集合中每个元素都与自身有关系的性质。,,3,4,耿素云、屈婉玲、张立昂《离散数学（第六版）》，4.3 关系的性质，教材p86（PDF页100）,4.3 关系的性质,86,教材在“4.3 关系的性质”中出现并讨论“自反性”；本节点按知识图谱问答需要作结构化概括。
DM_KN_0115,反自反性,Property,离散数学,第4章 二元关系和函数,集合中任何元素都不与自身有关系的性质。,,3,4,耿素云、屈婉玲、张立昂《离散数学（第六版）》，4.3 关系的性质，教材p86（PDF页100）,4.3 关系的性质,86,教材在“4.3 关系的性质”中出现并讨论“反自反性”；本节点按知识图谱问答需要作结构化概括。
DM_KN_0116,对称性,Property,离散数学,第4章 二元关系和函数,xRy时必有yRx的性质。,,3,4,耿素云、屈婉玲、张立昂《离散数学（第六版）》，4.3 关系的性质，教材p86（PDF页100）,4.3 关系的性质,86,教材在“4.3 关系的性质”中出现并讨论“对称性”；本节点按知识图谱问答需要作结构化概括。
DM_KN_0117,反对称性,Property,离散数学,第4章 二元关系和函数,xRy且yRx时要求x=y的性质。,,3,4,耿素云、屈婉玲、张立昂《离散数学（第六版）》，4.3 关系的性质，教材p86（PDF页100）,4.3 关系的性质,86,教材在“4.3 关系的性质”中出现并讨论“反对称性”；本节点按知识图谱问答需要作结构化概括。
DM_KN_0118,传递性,Property,离散数学,第4章 二元关系和函数,xRy且yRz时必有xRz的性质。,,3,4,耿素云、屈婉玲、张立昂《离散数学（第六版）》，4.3 关系的性质，教材p86（PDF页100）,4.3 关系的性质,86,教材在“4.3 关系的性质”中出现并讨论“传递性”；本节点按知识图谱问答需要作结构化概括。
DM_KN_0119,关系闭包,Concept,离散数学,第4章 二元关系和函数,在包含原关系的前提下满足指定性质的最小关系。,闭包,3,4,耿素云、屈婉玲、张立昂《离散数学（第六版）》，4.4 关系的闭包，教材p88（PDF页102）,4.4 关系的闭包,88,教材在“4.4 关系的闭包”中出现并讨论“关系闭包”；本节点按知识图谱问答需要作结构化概括。
DM_KN_0120,自反闭包,Operation,离散数学,第4章 二元关系和函数,为关系补充必要自环使其具有自反性。,r(R),3,4,耿素云、屈婉玲、张立昂《离散数学（第六版）》，4.4 关系的闭包，教材p88（PDF页102）,4.4 关系的闭包,88,教材在“4.4 关系的闭包”中出现并讨论“自反闭包”；本节点按知识图谱问答需要作结构化概括。
DM_KN_0121,对称闭包,Operation,离散数学,第4章 二元关系和函数,为关系补充逆向有序对使其具有对称性。,s(R),3,4,耿素云、屈婉玲、张立昂《离散数学（第六版）》，4.4 关系的闭包，教材p88（PDF页102）,4.4 关系的闭包,88,教材在“4.4 关系的闭包”中出现并讨论“对称闭包”；本节点按知识图谱问答需要作结构化概括。
DM_KN_0122,传递闭包,Operation,离散数学,第4章 二元关系和函数,为关系补充传递所需有序对使其具有传递性。,t(R),3,4,耿素云、屈婉玲、张立昂《离散数学（第六版）》，4.4 关系的闭包，教材p88（PDF页102）,4.4 关系的闭包,88,教材在“4.4 关系的闭包”中出现并讨论“传递闭包”；本节点按知识图谱问答需要作结构化概括。
DM_KN_0123,等价关系,Concept,离散数学,第4章 二元关系和函数,同时具有自反性、对称性和传递性的关系。,,3,4,耿素云、屈婉玲、张立昂《离散数学（第六版）》，4.5 等价关系和偏序关系，教材p90（PDF页104）,4.5 等价关系和偏序关系,90,教材在“4.5 等价关系和偏序关系”中出现并讨论“等价关系”；本节点按知识图谱问答需要作结构化概括。
DM_KN_0124,等价类,Concept,离散数学,第4章 二元关系和函数,等价关系下与给定元素等价的全部元素组成的集合。,,3,4,耿素云、屈婉玲、张立昂《离散数学（第六版）》，4.5 等价关系和偏序关系，教材p90（PDF页104）,4.5 等价关系和偏序关系,90,教材在“4.5 等价关系和偏序关系”中出现并讨论“等价类”；本节点按知识图谱问答需要作结构化概括。
DM_KN_0125,商集,Concept,离散数学,第4章 二元关系和函数,所有等价类组成的集合。,,3,4,耿素云、屈婉玲、张立昂《离散数学（第六版）》，4.5 等价关系和偏序关系，教材p90（PDF页104）,4.5 等价关系和偏序关系,90,教材在“4.5 等价关系和偏序关系”中出现并讨论“商集”；本节点按知识图谱问答需要作结构化概括。
DM_KN_0126,集合划分,Concept,离散数学,第4章 二元关系和函数,由两两不交的非空子集覆盖原集合的结构。,划分,3,4,耿素云、屈婉玲、张立昂《离散数学（第六版）》，4.5 等价关系和偏序关系，教材p90（PDF页104）,4.5 等价关系和偏序关系,90,教材在“4.5 等价关系和偏序关系”中出现并讨论“集合划分”；本节点按知识图谱问答需要作结构化概括。
DM_KN_0127,偏序关系,Concept,离散数学,第4章 二元关系和函数,同时具有自反性、反对称性和传递性的关系。,,3,4,耿素云、屈婉玲、张立昂《离散数学（第六版）》，4.5 等价关系和偏序关系，教材p90（PDF页104）,4.5 等价关系和偏序关系,90,教材在“4.5 等价关系和偏序关系”中出现并讨论“偏序关系”；本节点按知识图谱问答需要作结构化概括。
DM_KN_0128,偏序集,Model,离散数学,第4章 二元关系和函数,配备偏序关系的集合。,poset,3,4,耿素云、屈婉玲、张立昂《离散数学（第六版）》，4.5 等价关系和偏序关系，教材p90（PDF页104）,4.5 等价关系和偏序关系,90,教材在“4.5 等价关系和偏序关系”中出现并讨论“偏序集”；本节点按知识图谱问答需要作结构化概括。
DM_KN_0129,可比元素,Concept,离散数学,第4章 二元关系和函数,在偏序关系下至少一个方向可比较的两个元素。,,3,4,耿素云、屈婉玲、张立昂《离散数学（第六版）》，4.5 等价关系和偏序关系，教材p90（PDF页104）,4.5 等价关系和偏序关系,90,教材在“4.5 等价关系和偏序关系”中出现并讨论“可比元素”；本节点按知识图谱问答需要作结构化概括。
DM_KN_0130,覆盖,Concept,离散数学,第4章 二元关系和函数,偏序集中没有中间元素的直接次序关系。,,3,4,耿素云、屈婉玲、张立昂《离散数学（第六版）》，4.5 等价关系和偏序关系，教材p90（PDF页104）,4.5 等价关系和偏序关系,90,教材在“4.5 等价关系和偏序关系”中出现并讨论“覆盖”；本节点按知识图谱问答需要作结构化概括。
DM_KN_0131,哈斯图,Model,离散数学,第4章 二元关系和函数,省略自环和传递边后表示有限偏序集的图。,Hasse图,3,4,耿素云、屈婉玲、张立昂《离散数学（第六版）》，4.5 等价关系和偏序关系，教材p90（PDF页104）,4.5 等价关系和偏序关系,90,教材在“4.5 等价关系和偏序关系”中出现并讨论“哈斯图”；本节点按知识图谱问答需要作结构化概括。
DM_KN_0132,极小元,Concept,离散数学,第4章 二元关系和函数,偏序集中不存在严格小于它的元素。,,3,4,耿素云、屈婉玲、张立昂《离散数学（第六版）》，4.5 等价关系和偏序关系，教材p90（PDF页104）,4.5 等价关系和偏序关系,90,教材在“4.5 等价关系和偏序关系”中出现并讨论“极小元”；本节点按知识图谱问答需要作结构化概括。
DM_KN_0133,极大元,Concept,离散数学,第4章 二元关系和函数,偏序集中不存在严格大于它的元素。,,3,4,耿素云、屈婉玲、张立昂《离散数学（第六版）》，4.5 等价关系和偏序关系，教材p90（PDF页104）,4.5 等价关系和偏序关系,90,教材在“4.5 等价关系和偏序关系”中出现并讨论“极大元”；本节点按知识图谱问答需要作结构化概括。
DM_KN_0134,最小元,Concept,离散数学,第4章 二元关系和函数,小于等于偏序集中所有元素的元素。,,3,4,耿素云、屈婉玲、张立昂《离散数学（第六版）》，4.5 等价关系和偏序关系，教材p90（PDF页104）,4.5 等价关系和偏序关系,90,教材在“4.5 等价关系和偏序关系”中出现并讨论“最小元”；本节点按知识图谱问答需要作结构化概括。
DM_KN_0135,最大元,Concept,离散数学,第4章 二元关系和函数,大于等于偏序集中所有元素的元素。,,3,4,耿素云、屈婉玲、张立昂《离散数学（第六版）》，4.5 等价关系和偏序关系，教材p90（PDF页104）,4.5 等价关系和偏序关系,90,教材在“4.5 等价关系和偏序关系”中出现并讨论“最大元”；本节点按知识图谱问答需要作结构化概括。
DM_KN_0136,上界,Concept,离散数学,第4章 二元关系和函数,大于等于子集所有元素的元素。,,3,4,耿素云、屈婉玲、张立昂《离散数学（第六版）》，4.5 等价关系和偏序关系，教材p90（PDF页104）,4.5 等价关系和偏序关系,90,教材在“4.5 等价关系和偏序关系”中出现并讨论“上界”；本节点按知识图谱问答需要作结构化概括。
DM_KN_0137,下界,Concept,离散数学,第4章 二元关系和函数,小于等于子集所有元素的元素。,,3,4,耿素云、屈婉玲、张立昂《离散数学（第六版）》，4.5 等价关系和偏序关系，教材p90（PDF页104）,4.5 等价关系和偏序关系,90,教材在“4.5 等价关系和偏序关系”中出现并讨论“下界”；本节点按知识图谱问答需要作结构化概括。
DM_KN_0138,函数,Concept,离散数学,第4章 二元关系和函数,从定义域中每个元素到值域中唯一元素的对应关系。,映射,3,4,耿素云、屈婉玲、张立昂《离散数学（第六版）》，4.6 函数的定义和性质，教材p95（PDF页109）,4.6 函数的定义和性质,95,教材在“4.6 函数的定义和性质”中出现并讨论“函数”；本节点按知识图谱问答需要作结构化概括。
DM_KN_0139,函数定义域,Concept,离散数学,第4章 二元关系和函数,函数允许输入的全部元素组成的集合。,dom f,3,4,耿素云、屈婉玲、张立昂《离散数学（第六版）》，4.6 函数的定义和性质，教材p95（PDF页109）,4.6 函数的定义和性质,95,教材在“4.6 函数的定义和性质”中出现并讨论“函数定义域”；本节点按知识图谱问答需要作结构化概括。
DM_KN_0140,函数值域,Concept,离散数学,第4章 二元关系和函数,函数实际输出值组成的集合。,ran f,3,4,耿素云、屈婉玲、张立昂《离散数学（第六版）》，4.6 函数的定义和性质，教材p95（PDF页109）,4.6 函数的定义和性质,95,教材在“4.6 函数的定义和性质”中出现并讨论“函数值域”；本节点按知识图谱问答需要作结构化概括。
DM_KN_0141,单射,Property,离散数学,第4章 二元关系和函数,不同输入对应不同输出的函数性质。,一一函数,3,4,耿素云、屈婉玲、张立昂《离散数学（第六版）》，4.6 函数的定义和性质，教材p95（PDF页109）,4.6 函数的定义和性质,95,教材在“4.6 函数的定义和性质”中出现并讨论“单射”；本节点按知识图谱问答需要作结构化概括。
DM_KN_0142,满射,Property,离散数学,第4章 二元关系和函数,陪域中每个元素都有原像的函数性质。,到上函数,3,4,耿素云、屈婉玲、张立昂《离散数学（第六版）》，4.6 函数的定义和性质，教材p95（PDF页109）,4.6 函数的定义和性质,95,教材在“4.6 函数的定义和性质”中出现并讨论“满射”；本节点按知识图谱问答需要作结构化概括。
DM_KN_0143,双射,Property,离散数学,第4章 二元关系和函数,同时为单射和满射的函数性质。,一一对应,3,4,耿素云、屈婉玲、张立昂《离散数学（第六版）》，4.6 函数的定义和性质，教材p95（PDF页109）,4.6 函数的定义和性质,95,教材在“4.6 函数的定义和性质”中出现并讨论“双射”；本节点按知识图谱问答需要作结构化概括。
DM_KN_0144,复合函数,Operation,离散数学,第4章 二元关系和函数,将一个函数的输出作为另一个函数输入形成的新函数。,,3,4,耿素云、屈婉玲、张立昂《离散数学（第六版）》，4.7 函数的复合和反函数，教材p99（PDF页113）,4.7 函数的复合和反函数,99,教材在“4.7 函数的复合和反函数”中出现并讨论“复合函数”；本节点按知识图谱问答需要作结构化概括。
DM_KN_0145,逆函数,Concept,离散数学,第4章 二元关系和函数,双射函数反向对应形成的函数。,f^-1,3,4,耿素云、屈婉玲、张立昂《离散数学（第六版）》，4.7 函数的复合和反函数，教材p99（PDF页113）,4.7 函数的复合和反函数,99,教材在“4.7 函数的复合和反函数”中出现并讨论“逆函数”；本节点按知识图谱问答需要作结构化概括。
DM_KN_0146,关系与函数题例,Example,离散数学,第4章 二元关系和函数,教材二元关系和函数章节的综合题例。,,3,4,耿素云、屈婉玲、张立昂《离散数学（第六版）》，4.8 题例分析，教材p107（PDF页121）,4.8 题例分析,107,教材在“4.8 题例分析”中出现并讨论“关系与函数题例”；本节点按知识图谱问答需要作结构化概括。
DM_KN_0147,无向图,Model,离散数学,第5章 图的基本概念,边没有方向的图。,,3,4,耿素云、屈婉玲、张立昂《离散数学（第六版）》，5.1 无向图及有向图，教材p119（PDF页133）,5.1 无向图及有向图,119,教材在“5.1 无向图及有向图”中出现并讨论“无向图”；本节点按知识图谱问答需要作结构化概括。
DM_KN_0148,有向图,Model,离散数学,第5章 图的基本概念,边具有方向的图。,,3,4,耿素云、屈婉玲、张立昂《离散数学（第六版）》，5.1 无向图及有向图，教材p119（PDF页133）,5.1 无向图及有向图,119,教材在“5.1 无向图及有向图”中出现并讨论“有向图”；本节点按知识图谱问答需要作结构化概括。
DM_KN_0149,顶点,Concept,离散数学,第5章 图的基本概念,图中的基本结点对象。,结点,3,4,耿素云、屈婉玲、张立昂《离散数学（第六版）》，5.1 无向图及有向图，教材p119（PDF页133）,5.1 无向图及有向图,119,教材在“5.1 无向图及有向图”中出现并讨论“顶点”；本节点按知识图谱问答需要作结构化概括。
DM_KN_0150,边,Concept,离散数学,第5章 图的基本概念,连接顶点的图结构元素。,,3,4,耿素云、屈婉玲、张立昂《离散数学（第六版）》，5.1 无向图及有向图，教材p119（PDF页133）,5.1 无向图及有向图,119,教材在“5.1 无向图及有向图”中出现并讨论“边”；本节点按知识图谱问答需要作结构化概括。
DM_KN_0151,环,Concept,离散数学,第5章 图的基本概念,两个端点为同一顶点的边。,自环,3,4,耿素云、屈婉玲、张立昂《离散数学（第六版）》，5.1 无向图及有向图，教材p119（PDF页133）,5.1 无向图及有向图,119,教材在“5.1 无向图及有向图”中出现并讨论“环”；本节点按知识图谱问答需要作结构化概括。
DM_KN_0152,重边,Concept,离散数学,第5章 图的基本概念,连接同一对顶点的多条边。,平行边,3,4,耿素云、屈婉玲、张立昂《离散数学（第六版）》，5.1 无向图及有向图，教材p119（PDF页133）,5.1 无向图及有向图,119,教材在“5.1 无向图及有向图”中出现并讨论“重边”；本节点按知识图谱问答需要作结构化概括。
DM_KN_0153,简单图,Concept,离散数学,第5章 图的基本概念,不含环和重边的图。,,3,4,耿素云、屈婉玲、张立昂《离散数学（第六版）》，5.1 无向图及有向图，教材p119（PDF页133）,5.1 无向图及有向图,119,教材在“5.1 无向图及有向图”中出现并讨论“简单图”；本节点按知识图谱问答需要作结构化概括。
DM_KN_0154,多重图,Concept,离散数学,第5章 图的基本概念,允许重边等结构的图。,,3,4,耿素云、屈婉玲、张立昂《离散数学（第六版）》，5.1 无向图及有向图，教材p119（PDF页133）,5.1 无向图及有向图,119,教材在“5.1 无向图及有向图”中出现并讨论“多重图”；本节点按知识图谱问答需要作结构化概括。
DM_KN_0155,完全图,Concept,离散数学,第5章 图的基本概念,任意不同顶点之间都有边相连的简单无向图。,K_n,3,4,耿素云、屈婉玲、张立昂《离散数学（第六版）》，5.1 无向图及有向图，教材p119（PDF页133）,5.1 无向图及有向图,119,教材在“5.1 无向图及有向图”中出现并讨论“完全图”；本节点按知识图谱问答需要作结构化概括。
DM_KN_0156,顶点度数,Metric,离散数学,第5章 图的基本概念,与顶点关联的边数。,度,3,4,耿素云、屈婉玲、张立昂《离散数学（第六版）》，5.1 无向图及有向图，教材p119（PDF页133）,5.1 无向图及有向图,119,教材在“5.1 无向图及有向图”中出现并讨论“顶点度数”；本节点按知识图谱问答需要作结构化概括。
DM_KN_0157,入度,Metric,离散数学,第5章 图的基本概念,有向图中进入顶点的边数。,,3,4,耿素云、屈婉玲、张立昂《离散数学（第六版）》，5.1 无向图及有向图，教材p119（PDF页133）,5.1 无向图及有向图,119,教材在“5.1 无向图及有向图”中出现并讨论“入度”；本节点按知识图谱问答需要作结构化概括。
DM_KN_0158,出度,Metric,离散数学,第5章 图的基本概念,有向图中离开顶点的边数。,,3,4,耿素云、屈婉玲、张立昂《离散数学（第六版）》，5.1 无向图及有向图，教材p119（PDF页133）,5.1 无向图及有向图,119,教材在“5.1 无向图及有向图”中出现并讨论“出度”；本节点按知识图谱问答需要作结构化概括。
DM_KN_0159,握手定理,Property,离散数学,第5章 图的基本概念,无向图所有顶点度数之和等于边数的两倍。,,3,4,耿素云、屈婉玲、张立昂《离散数学（第六版）》，5.1 无向图及有向图，教材p119（PDF页133）,5.1 无向图及有向图,119,教材在“5.1 无向图及有向图”中出现并讨论“握手定理”；本节点按知识图谱问答需要作结构化概括。
DM_KN_0160,子图,Concept,离散数学,第5章 图的基本概念,由原图部分顶点和边组成并保持关联关系的图。,,3,4,耿素云、屈婉玲、张立昂《离散数学（第六版）》，5.1 无向图及有向图，教材p119（PDF页133）,5.1 无向图及有向图,119,教材在“5.1 无向图及有向图”中出现并讨论“子图”；本节点按知识图谱问答需要作结构化概括。
DM_KN_0161,生成子图,Concept,离散数学,第5章 图的基本概念,包含原图全部顶点的子图。,,3,4,耿素云、屈婉玲、张立昂《离散数学（第六版）》，5.1 无向图及有向图，教材p119（PDF页133）,5.1 无向图及有向图,119,教材在“5.1 无向图及有向图”中出现并讨论“生成子图”；本节点按知识图谱问答需要作结构化概括。
DM_KN_0162,补图,Concept,离散数学,第5章 图的基本概念,在同一顶点集上补足原图缺少边得到的图。,,3,4,耿素云、屈婉玲、张立昂《离散数学（第六版）》，5.1 无向图及有向图，教材p119（PDF页133）,5.1 无向图及有向图,119,教材在“5.1 无向图及有向图”中出现并讨论“补图”；本节点按知识图谱问答需要作结构化概括。
DM_KN_0163,图同构,Concept,离散数学,第5章 图的基本概念,两个图之间存在保持邻接关系的一一对应。,,3,4,耿素云、屈婉玲、张立昂《离散数学（第六版）》，5.1 无向图及有向图，教材p119（PDF页133）,5.1 无向图及有向图,119,教材在“5.1 无向图及有向图”中出现并讨论“图同构”；本节点按知识图谱问答需要作结构化概括。
DM_KN_0164,通路,Concept,离散数学,第5章 图的基本概念,顶点与边交替组成的行走序列。,路径,3,4,耿素云、屈婉玲、张立昂《离散数学（第六版）》，5.2 通路、回路和图的连通性，教材p124（PDF页138）,5.2 通路、回路和图的连通性,124,教材在“5.2 通路、回路和图的连通性”中出现并讨论“通路”；本节点按知识图谱问答需要作结构化概括。
DM_KN_0165,回路,Concept,离散数学,第5章 图的基本概念,起点与终点相同的通路。,,3,4,耿素云、屈婉玲、张立昂《离散数学（第六版）》，5.2 通路、回路和图的连通性，教材p124（PDF页138）,5.2 通路、回路和图的连通性,124,教材在“5.2 通路、回路和图的连通性”中出现并讨论“回路”；本节点按知识图谱问答需要作结构化概括。
DM_KN_0166,简单通路,Concept,离散数学,第5章 图的基本概念,边不重复的通路。,,3,4,耿素云、屈婉玲、张立昂《离散数学（第六版）》，5.2 通路、回路和图的连通性，教材p124（PDF页138）,5.2 通路、回路和图的连通性,124,教材在“5.2 通路、回路和图的连通性”中出现并讨论“简单通路”；本节点按知识图谱问答需要作结构化概括。
DM_KN_0167,简单回路,Concept,离散数学,第5章 图的基本概念,边不重复的回路。,,3,4,耿素云、屈婉玲、张立昂《离散数学（第六版）》，5.2 通路、回路和图的连通性，教材p124（PDF页138）,5.2 通路、回路和图的连通性,124,教材在“5.2 通路、回路和图的连通性”中出现并讨论“简单回路”；本节点按知识图谱问答需要作结构化概括。
DM_KN_0168,初级通路,Concept,离散数学,第5章 图的基本概念,顶点不重复的通路。,,3,4,耿素云、屈婉玲、张立昂《离散数学（第六版）》，5.2 通路、回路和图的连通性，教材p124（PDF页138）,5.2 通路、回路和图的连通性,124,教材在“5.2 通路、回路和图的连通性”中出现并讨论“初级通路”；本节点按知识图谱问答需要作结构化概括。
DM_KN_0169,初级回路,Concept,离散数学,第5章 图的基本概念,除首尾外顶点不重复的回路。,,3,4,耿素云、屈婉玲、张立昂《离散数学（第六版）》，5.2 通路、回路和图的连通性，教材p124（PDF页138）,5.2 通路、回路和图的连通性,124,教材在“5.2 通路、回路和图的连通性”中出现并讨论“初级回路”；本节点按知识图谱问答需要作结构化概括。
DM_KN_0170,连通图,Property,离散数学,第5章 图的基本概念,任意两个顶点之间存在通路的无向图。,,3,4,耿素云、屈婉玲、张立昂《离散数学（第六版）》，5.2 通路、回路和图的连通性，教材p124（PDF页138）,5.2 通路、回路和图的连通性,124,教材在“5.2 通路、回路和图的连通性”中出现并讨论“连通图”；本节点按知识图谱问答需要作结构化概括。
DM_KN_0171,连通分支,Concept,离散数学,第5章 图的基本概念,无向图中的极大连通子图。,连通分量,3,4,耿素云、屈婉玲、张立昂《离散数学（第六版）》，5.2 通路、回路和图的连通性，教材p124（PDF页138）,5.2 通路、回路和图的连通性,124,教材在“5.2 通路、回路和图的连通性”中出现并讨论“连通分支”；本节点按知识图谱问答需要作结构化概括。
DM_KN_0172,强连通,Property,离散数学,第5章 图的基本概念,有向图任意两顶点之间双向可达。,,3,4,耿素云、屈婉玲、张立昂《离散数学（第六版）》，5.2 通路、回路和图的连通性，教材p124（PDF页138）,5.2 通路、回路和图的连通性,124,教材在“5.2 通路、回路和图的连通性”中出现并讨论“强连通”；本节点按知识图谱问答需要作结构化概括。
DM_KN_0173,单向连通,Property,离散数学,第5章 图的基本概念,任意两顶点至少存在一个方向的可达通路。,,3,4,耿素云、屈婉玲、张立昂《离散数学（第六版）》，5.2 通路、回路和图的连通性，教材p124（PDF页138）,5.2 通路、回路和图的连通性,124,教材在“5.2 通路、回路和图的连通性”中出现并讨论“单向连通”；本节点按知识图谱问答需要作结构化概括。
DM_KN_0174,弱连通,Property,离散数学,第5章 图的基本概念,忽略方向后对应无向图连通。,,3,4,耿素云、屈婉玲、张立昂《离散数学（第六版）》，5.2 通路、回路和图的连通性，教材p124（PDF页138）,5.2 通路、回路和图的连通性,124,教材在“5.2 通路、回路和图的连通性”中出现并讨论“弱连通”；本节点按知识图谱问答需要作结构化概括。
DM_KN_0175,关联矩阵,Model,离散数学,第5章 图的基本概念,用矩阵表示顶点与边关联关系。,,3,4,耿素云、屈婉玲、张立昂《离散数学（第六版）》，5.3 图的矩阵表示，教材p126（PDF页140）,5.3 图的矩阵表示,126,教材在“5.3 图的矩阵表示”中出现并讨论“关联矩阵”；本节点按知识图谱问答需要作结构化概括。
DM_KN_0176,邻接矩阵,Model,离散数学,第5章 图的基本概念,用矩阵表示顶点之间邻接关系。,,3,4,耿素云、屈婉玲、张立昂《离散数学（第六版）》，5.3 图的矩阵表示，教材p126（PDF页140）,5.3 图的矩阵表示,126,教材在“5.3 图的矩阵表示”中出现并讨论“邻接矩阵”；本节点按知识图谱问答需要作结构化概括。
DM_KN_0177,可达矩阵,Model,离散数学,第5章 图的基本概念,表示顶点之间是否存在通路的矩阵。,,3,4,耿素云、屈婉玲、张立昂《离散数学（第六版）》，5.3 图的矩阵表示，教材p126（PDF页140）,5.3 图的矩阵表示,126,教材在“5.3 图的矩阵表示”中出现并讨论“可达矩阵”；本节点按知识图谱问答需要作结构化概括。
DM_KN_0178,最短路径,Problem,离散数学,第5章 图的基本概念,在赋权图中寻找权值和最小的通路。,,3,4,耿素云、屈婉玲、张立昂《离散数学（第六版）》，5.4 最短路径、关键路径和着色，教材p129（PDF页143）,5.4 最短路径、关键路径和着色,129,教材在“5.4 最短路径、关键路径和着色”中出现并讨论“最短路径”；本节点按知识图谱问答需要作结构化概括。
DM_KN_0179,Dijkstra算法,Algorithm,离散数学,第5章 图的基本概念,求非负权图单源最短路径的标号算法。,迪杰斯特拉算法,3,4,耿素云、屈婉玲、张立昂《离散数学（第六版）》，5.4 最短路径、关键路径和着色，教材p129（PDF页143）,5.4 最短路径、关键路径和着色,129,教材在“5.4 最短路径、关键路径和着色”中出现并讨论“Dijkstra算法”；本节点按知识图谱问答需要作结构化概括。
DM_KN_0180,关键路径,Problem,离散数学,第5章 图的基本概念,活动网络中决定项目最短完成时间的最长路径。,,3,4,耿素云、屈婉玲、张立昂《离散数学（第六版）》，5.4 最短路径、关键路径和着色，教材p129（PDF页143）,5.4 最短路径、关键路径和着色,129,教材在“5.4 最短路径、关键路径和着色”中出现并讨论“关键路径”；本节点按知识图谱问答需要作结构化概括。
DM_KN_0181,活动网络,Model,离散数学,第5章 图的基本概念,用有向赋权图表示活动及先后约束的项目网络。,,3,4,耿素云、屈婉玲、张立昂《离散数学（第六版）》，5.4 最短路径、关键路径和着色，教材p129（PDF页143）,5.4 最短路径、关键路径和着色,129,教材在“5.4 最短路径、关键路径和着色”中出现并讨论“活动网络”；本节点按知识图谱问答需要作结构化概括。
DM_KN_0182,最早开始时间,Metric,离散数学,第5章 图的基本概念,活动在不延误前序任务时可开始的最早时刻。,ES,3,4,耿素云、屈婉玲、张立昂《离散数学（第六版）》，5.4 最短路径、关键路径和着色，教材p129（PDF页143）,5.4 最短路径、关键路径和着色,129,教材在“5.4 最短路径、关键路径和着色”中出现并讨论“最早开始时间”；本节点按知识图谱问答需要作结构化概括。
DM_KN_0183,最迟开始时间,Metric,离散数学,第5章 图的基本概念,不延误项目工期的最迟开始时刻。,LS,3,4,耿素云、屈婉玲、张立昂《离散数学（第六版）》，5.4 最短路径、关键路径和着色，教材p129（PDF页143）,5.4 最短路径、关键路径和着色,129,教材在“5.4 最短路径、关键路径和着色”中出现并讨论“最迟开始时间”；本节点按知识图谱问答需要作结构化概括。
DM_KN_0184,松弛时间,Metric,离散数学,第5章 图的基本概念,活动最迟开始时间与最早开始时间之差。,Slack,3,4,耿素云、屈婉玲、张立昂《离散数学（第六版）》，5.4 最短路径、关键路径和着色，教材p129（PDF页143）,5.4 最短路径、关键路径和着色,129,教材在“5.4 最短路径、关键路径和着色”中出现并讨论“松弛时间”；本节点按知识图谱问答需要作结构化概括。
DM_KN_0185,图着色,Problem,离散数学,第5章 图的基本概念,给图元素分配颜色并满足相邻元素颜色约束的问题。,,3,4,耿素云、屈婉玲、张立昂《离散数学（第六版）》，5.4 最短路径、关键路径和着色，教材p129（PDF页143）,5.4 最短路径、关键路径和着色,129,教材在“5.4 最短路径、关键路径和着色”中出现并讨论“图着色”；本节点按知识图谱问答需要作结构化概括。
DM_KN_0186,顶点着色,Operation,离散数学,第5章 图的基本概念,为顶点着色使相邻顶点颜色不同。,点着色,3,4,耿素云、屈婉玲、张立昂《离散数学（第六版）》，5.4 最短路径、关键路径和着色，教材p129（PDF页143）,5.4 最短路径、关键路径和着色,129,教材在“5.4 最短路径、关键路径和着色”中出现并讨论“顶点着色”；本节点按知识图谱问答需要作结构化概括。
DM_KN_0187,色数,Metric,离散数学,第5章 图的基本概念,合法顶点着色所需的最少颜色数。,χ(G),3,4,耿素云、屈婉玲、张立昂《离散数学（第六版）》，5.4 最短路径、关键路径和着色，教材p129（PDF页143）,5.4 最短路径、关键路径和着色,129,教材在“5.4 最短路径、关键路径和着色”中出现并讨论“色数”；本节点按知识图谱问答需要作结构化概括。
DM_KN_0188,图论题例,Example,离散数学,第5章 图的基本概念,教材图论章节的综合题例。,,3,4,耿素云、屈婉玲、张立昂《离散数学（第六版）》，5.5 题例分析，教材p135（PDF页149）,5.5 题例分析,135,教材在“5.5 题例分析”中出现并讨论“图论题例”；本节点按知识图谱问答需要作结构化概括。
DM_KN_0189,二部图,Concept,离散数学,第6章 特殊图,教材目录列出的特殊图主题；正文未包含在当前上传PDF中。,偶图,3,4,耿素云、屈婉玲、张立昂《离散数学（第六版）》，目录，PDF页13,目录：6.1 二部图,141,教材目录明确列出“6.1 二部图”；“二部图”直接来自该目录标题或其明确组成词。当前上传PDF未包含第6—10章正文，因此不补充超出目录的信息。
DM_KN_0190,欧拉图,Concept,离散数学,第6章 特殊图,教材目录列出的特殊图主题；正文未包含在当前上传PDF中。,,3,4,耿素云、屈婉玲、张立昂《离散数学（第六版）》，目录，PDF页13,目录：6.2 欧拉图,143,教材目录明确列出“6.2 欧拉图”；“欧拉图”直接来自该目录标题或其明确组成词。当前上传PDF未包含第6—10章正文，因此不补充超出目录的信息。
DM_KN_0191,哈密顿图,Concept,离散数学,第6章 特殊图,教材目录列出的特殊图主题；正文未包含在当前上传PDF中。,,3,4,耿素云、屈婉玲、张立昂《离散数学（第六版）》，目录，PDF页13,目录：6.3 哈密顿图,145,教材目录明确列出“6.3 哈密顿图”；“哈密顿图”直接来自该目录标题或其明确组成词。当前上传PDF未包含第6—10章正文，因此不补充超出目录的信息。
DM_KN_0192,平面图,Concept,离散数学,第6章 特殊图,教材目录列出的特殊图主题；正文未包含在当前上传PDF中。,,3,4,耿素云、屈婉玲、张立昂《离散数学（第六版）》，目录，PDF页13,目录：6.4 平面图,147,教材目录明确列出“6.4 平面图”；“平面图”直接来自该目录标题或其明确组成词。当前上传PDF未包含第6—10章正文，因此不补充超出目录的信息。
DM_KN_0193,特殊图题例,Example,离散数学,第6章 特殊图,教材目录列出的题例分析模块；正文未包含在当前上传PDF中。,,3,4,耿素云、屈婉玲、张立昂《离散数学（第六版）》，目录，PDF页13,目录：6.5 题例分析,152,教材目录明确列出“6.5 题例分析”；“特殊图题例”直接来自该目录标题或其明确组成词。当前上传PDF未包含第6—10章正文，因此不补充超出目录的信息。
DM_KN_0194,无向树,Concept,离散数学,第7章 树,教材目录列出的树主题；正文未包含在当前上传PDF中。,,3,4,耿素云、屈婉玲、张立昂《离散数学（第六版）》，目录，PDF页13,目录：7.1 无向树及生成树,158,教材目录明确列出“7.1 无向树及生成树”；“无向树”直接来自该目录标题或其明确组成词。当前上传PDF未包含第6—10章正文，因此不补充超出目录的信息。
DM_KN_0195,生成树,Concept,离散数学,第7章 树,教材目录列出的树主题；正文未包含在当前上传PDF中。,,3,4,耿素云、屈婉玲、张立昂《离散数学（第六版）》，目录，PDF页13,目录：7.1 无向树及生成树,158,教材目录明确列出“7.1 无向树及生成树”；“生成树”直接来自该目录标题或其明确组成词。当前上传PDF未包含第6—10章正文，因此不补充超出目录的信息。
DM_KN_0196,根树,Concept,离散数学,第7章 树,教材目录列出的树主题；正文未包含在当前上传PDF中。,,3,4,耿素云、屈婉玲、张立昂《离散数学（第六版）》，目录，PDF页13,目录：7.2 根树及其应用,163,教材目录明确列出“7.2 根树及其应用”；“根树”直接来自该目录标题或其明确组成词。当前上传PDF未包含第6—10章正文，因此不补充超出目录的信息。
DM_KN_0197,树的应用,Application,离散数学,第7章 树,教材目录明确包含根树的应用；正文未包含在当前上传PDF中。,,3,4,耿素云、屈婉玲、张立昂《离散数学（第六版）》，目录，PDF页13,目录：7.2 根树及其应用,163,教材目录明确列出“7.2 根树及其应用”；“树的应用”直接来自该目录标题或其明确组成词。当前上传PDF未包含第6—10章正文，因此不补充超出目录的信息。
DM_KN_0198,树题例,Example,离散数学,第7章 树,教材目录列出的题例分析模块；正文未包含在当前上传PDF中。,,3,4,耿素云、屈婉玲、张立昂《离散数学（第六版）》，目录，PDF页13,目录：7.3 题例分析,168,教材目录明确列出“7.3 题例分析”；“树题例”直接来自该目录标题或其明确组成词。当前上传PDF未包含第6—10章正文，因此不补充超出目录的信息。
DM_KN_0199,加法法则,Algorithm,离散数学,第8章 组合分析初步,教材目录列出的组合计数法则；正文未包含在当前上传PDF中。,,3,4,耿素云、屈婉玲、张立昂《离散数学（第六版）》，目录，PDF页13,目录：8.1 加法法则和乘法法则,175,教材目录明确列出“8.1 加法法则和乘法法则”；“加法法则”直接来自该目录标题或其明确组成词。当前上传PDF未包含第6—10章正文，因此不补充超出目录的信息。
DM_KN_0200,乘法法则,Algorithm,离散数学,第8章 组合分析初步,教材目录列出的组合计数法则；正文未包含在当前上传PDF中。,,3,4,耿素云、屈婉玲、张立昂《离散数学（第六版）》，目录，PDF页13,目录：8.1 加法法则和乘法法则,175,教材目录明确列出“8.1 加法法则和乘法法则”；“乘法法则”直接来自该目录标题或其明确组成词。当前上传PDF未包含第6—10章正文，因此不补充超出目录的信息。
DM_KN_0201,排列,Concept,离散数学,第8章 组合分析初步,教材目录“基本排列组合计数方法”中的主题概念；正文未包含在当前上传PDF中。,,3,4,耿素云、屈婉玲、张立昂《离散数学（第六版）》，目录，PDF页13,目录：8.2 基本排列组合计数方法,176,教材目录明确列出“8.2 基本排列组合计数方法”；“排列”直接来自该目录标题或其明确组成词。当前上传PDF未包含第6—10章正文，因此不补充超出目录的信息。
DM_KN_0202,组合,Concept,离散数学,第8章 组合分析初步,教材目录“基本排列组合计数方法”中的主题概念；正文未包含在当前上传PDF中。,,3,4,耿素云、屈婉玲、张立昂《离散数学（第六版）》，目录，PDF页13,目录：8.2 基本排列组合计数方法,176,教材目录明确列出“8.2 基本排列组合计数方法”；“组合”直接来自该目录标题或其明确组成词。当前上传PDF未包含第6—10章正文，因此不补充超出目录的信息。
DM_KN_0203,递推方程,Model,离散数学,第8章 组合分析初步,教材目录列出的递推方程主题；正文未包含在当前上传PDF中。,递归方程,3,4,耿素云、屈婉玲、张立昂《离散数学（第六版）》，目录，PDF页13,目录：8.3 递推方程的求解与应用,182,教材目录明确列出“8.3 递推方程的求解与应用”；“递推方程”直接来自该目录标题或其明确组成词。当前上传PDF未包含第6—10章正文，因此不补充超出目录的信息。
DM_KN_0204,组合分析题例,Example,离散数学,第8章 组合分析初步,教材目录列出的题例分析模块；正文未包含在当前上传PDF中。,,3,4,耿素云、屈婉玲、张立昂《离散数学（第六版）》，目录，PDF页13,目录：8.4 题例分析,188,教材目录明确列出“8.4 题例分析”；“组合分析题例”直接来自该目录标题或其明确组成词。当前上传PDF未包含第6—10章正文，因此不补充超出目录的信息。
DM_KN_0205,二元运算,Operation,离散数学,第9章 代数系统简介,教材目录列出的代数系统基础主题；正文未包含在当前上传PDF中。,,3,4,耿素云、屈婉玲、张立昂《离散数学（第六版）》，目录，PDF页13,目录：9.1 二元运算及其性质,197,教材目录明确列出“9.1 二元运算及其性质”；“二元运算”直接来自该目录标题或其明确组成词。当前上传PDF未包含第6—10章正文，因此不补充超出目录的信息。
DM_KN_0206,代数系统,Model,离散数学,第9章 代数系统简介,教材目录列出的代数系统主题；正文未包含在当前上传PDF中。,,3,4,耿素云、屈婉玲、张立昂《离散数学（第六版）》，目录，PDF页13,目录：9.2 代数系统,203,教材目录明确列出“9.2 代数系统”；“代数系统”直接来自该目录标题或其明确组成词。当前上传PDF未包含第6—10章正文，因此不补充超出目录的信息。
DM_KN_0207,典型代数系统,Concept,离散数学,第9章 代数系统简介,教材目录列出的典型代数系统主题；正文未包含在当前上传PDF中。,,3,4,耿素云、屈婉玲、张立昂《离散数学（第六版）》，目录，PDF页13,目录：9.3 几个典型的代数系统,207,教材目录明确列出“9.3 几个典型的代数系统”；“典型代数系统”直接来自该目录标题或其明确组成词。当前上传PDF未包含第6—10章正文，因此不补充超出目录的信息。
DM_KN_0208,代数系统题例,Example,离散数学,第9章 代数系统简介,教材目录列出的题例分析模块；正文未包含在当前上传PDF中。,,3,4,耿素云、屈婉玲、张立昂《离散数学（第六版）》，目录，PDF页13,目录：9.4 题例分析,219,教材目录明确列出“9.4 题例分析”；“代数系统题例”直接来自该目录标题或其明确组成词。当前上传PDF未包含第6—10章正文，因此不补充超出目录的信息。
DM_KN_0209,字母表,Concept,离散数学,第10章 形式语言和自动机初步,教材目录列出的形式语言基本概念；正文未包含在当前上传PDF中。,,3,4,耿素云、屈婉玲、张立昂《离散数学（第六版）》，目录，PDF页14,目录：10.1.1 字母表和形式语言,231,教材目录明确列出“10.1.1 字母表和形式语言”；“字母表”直接来自该目录标题或其明确组成词。当前上传PDF未包含第6—10章正文，因此不补充超出目录的信息。
DM_KN_0210,形式语言,Concept,离散数学,第10章 形式语言和自动机初步,教材目录列出的形式语言基本概念；正文未包含在当前上传PDF中。,,3,4,耿素云、屈婉玲、张立昂《离散数学（第六版）》，目录，PDF页14,目录：10.1.1 字母表和形式语言,231,教材目录明确列出“10.1.1 字母表和形式语言”；“形式语言”直接来自该目录标题或其明确组成词。当前上传PDF未包含第6—10章正文，因此不补充超出目录的信息。
DM_KN_0211,形式文法,Model,离散数学,第10章 形式语言和自动机初步,教材目录列出的形式文法主题；正文未包含在当前上传PDF中。,文法,3,4,耿素云、屈婉玲、张立昂《离散数学（第六版）》，目录，PDF页14,目录：10.1.2 形式文法,232,教材目录明确列出“10.1.2 形式文法”；“形式文法”直接来自该目录标题或其明确组成词。当前上传PDF未包含第6—10章正文，因此不补充超出目录的信息。
DM_KN_0212,文法分类,Concept,离散数学,第10章 形式语言和自动机初步,教材目录列出的形式文法分类主题；正文未包含在当前上传PDF中。,,3,4,耿素云、屈婉玲、张立昂《离散数学（第六版）》，目录，PDF页14,目录：10.1.3 形式文法的分类,235,教材目录明确列出“10.1.3 形式文法的分类”；“文法分类”直接来自该目录标题或其明确组成词。当前上传PDF未包含第6—10章正文，因此不补充超出目录的信息。
DM_KN_0213,正则文法,Model,离散数学,第10章 形式语言和自动机初步,教材目录列出的文法类型；正文未包含在当前上传PDF中。,,3,4,耿素云、屈婉玲、张立昂《离散数学（第六版）》，目录，PDF页14,目录：10.1.4 正则文法和上下文无关文法的应用,236,教材目录明确列出“10.1.4 正则文法和上下文无关文法的应用”；“正则文法”直接来自该目录标题或其明确组成词。当前上传PDF未包含第6—10章正文，因此不补充超出目录的信息。
DM_KN_0214,上下文无关文法,Model,离散数学,第10章 形式语言和自动机初步,教材目录列出的文法类型；正文未包含在当前上传PDF中。,CFG,3,4,耿素云、屈婉玲、张立昂《离散数学（第六版）》，目录，PDF页14,目录：10.1.4 正则文法和上下文无关文法的应用,236,教材目录明确列出“10.1.4 正则文法和上下文无关文法的应用”；“上下文无关文法”直接来自该目录标题或其明确组成词。当前上传PDF未包含第6—10章正文，因此不补充超出目录的信息。
DM_KN_0215,语法分析树,DataStructure,离散数学,第10章 形式语言和自动机初步,教材目录列出的语法分析树主题；正文未包含在当前上传PDF中。,分析树,3,4,耿素云、屈婉玲、张立昂《离散数学（第六版）》，目录，PDF页14,目录：10.1.5 语法分析树,238,教材目录明确列出“10.1.5 语法分析树”；“语法分析树”直接来自该目录标题或其明确组成词。当前上传PDF未包含第6—10章正文，因此不补充超出目录的信息。
DM_KN_0216,有穷自动机,Model,离散数学,第10章 形式语言和自动机初步,教材目录列出的自动机主题；正文未包含在当前上传PDF中。,有限自动机,3,4,耿素云、屈婉玲、张立昂《离散数学（第六版）》，目录，PDF页14,目录：10.2 有穷自动机,239,教材目录明确列出“10.2 有穷自动机”；“有穷自动机”直接来自该目录标题或其明确组成词。当前上传PDF未包含第6—10章正文，因此不补充超出目录的信息。
DM_KN_0217,非确定型有穷自动机,Model,离散数学,第10章 形式语言和自动机初步,教材目录列出的非确定型有穷自动机；正文未包含在当前上传PDF中。,NFA,3,4,耿素云、屈婉玲、张立昂《离散数学（第六版）》，目录，PDF页14,目录：10.2.2 非确定型有穷自动机,240,教材目录明确列出“10.2.2 非确定型有穷自动机”；“非确定型有穷自动机”直接来自该目录标题或其明确组成词。当前上传PDF未包含第6—10章正文，因此不补充超出目录的信息。
DM_KN_0218,ε转移非确定有穷自动机,Model,离散数学,第10章 形式语言和自动机初步,教材目录列出的带ε转移自动机；正文未包含在当前上传PDF中。,ε-NFA,3,4,耿素云、屈婉玲、张立昂《离散数学（第六版）》，目录，PDF页14,目录：10.2.3 带ε转移的非确定有穷自动机,243,教材目录明确列出“10.2.3 带ε转移的非确定有穷自动机”；“ε转移非确定有穷自动机”直接来自该目录标题或其明确组成词。当前上传PDF未包含第6—10章正文，因此不补充超出目录的信息。
DM_KN_0219,正则表达式,SyntaxElement,离散数学,第10章 形式语言和自动机初步,教材目录列出的正则表达式主题；正文未包含在当前上传PDF中。,RE,3,4,耿素云、屈婉玲、张立昂《离散数学（第六版）》，目录，PDF页14,目录：10.3 正则表达式,246,教材目录明确列出“10.3 正则表达式”；“正则表达式”直接来自该目录标题或其明确组成词。当前上传PDF未包含第6—10章正文，因此不补充超出目录的信息。
DM_KN_0220,图灵机,Model,离散数学,第10章 形式语言和自动机初步,教材目录列出的图灵机主题；正文未包含在当前上传PDF中。,Turing Machine,3,4,耿素云、屈婉玲、张立昂《离散数学（第六版）》，目录，PDF页14,目录：10.4 图灵机,248,教材目录明确列出“10.4 图灵机”；“图灵机”直接来自该目录标题或其明确组成词。当前上传PDF未包含第6—10章正文，因此不补充超出目录的信息。
DM_KN_0221,形式语言与自动机题例,Example,离散数学,第10章 形式语言和自动机初步,教材目录列出的题例分析模块；正文未包含在当前上传PDF中。,,3,4,耿素云、屈婉玲、张立昂《离散数学（第六版）》，目录，PDF页14,目录：10.5 题例分析,252,教材目录明确列出“10.5 题例分析”；“形式语言与自动机题例”直接来自该目录标题或其明确组成词。当前上传PDF未包含第6—10章正文，因此不补充超出目录的信息。
DM_KN_0222,图,Concept,离散数学,第5章 图的基本概念,由顶点集合和边集合构成的离散结构。,,3,4,耿素云、屈婉玲、张立昂《离散数学（第六版）》，5.1 无向图及有向图，教材p119（PDF页133）,5.1 无向图及有向图,119,教材“5.1 无向图及有向图”以图相关基本概念为主题，本节点用于组织该节概念。
DM_KN_0223,树,Concept,离散数学,第7章 树,教材目录第7章“树”及7.1“无向树及生成树”的核心主题；正文未包含在当前上传PDF中。,,3,4,耿素云、屈婉玲、张立昂《离散数学（第六版）》，目录，PDF页13,目录：7.1 无向树及生成树,158,教材目录明确列出“7.1 无向树及生成树”；本节点直接来自目录标题。
DB_CRS_001,数据库系统概论,Course,数据库系统概论,,系统介绍数据库基本概念、关系模型与SQL、数据库设计与编程、系统实现及新型数据库技术的核心课程。,"数据库,数据库原理",4,5,王珊、杜小勇、陈红《数据库系统概论（第6版）》，书名页，PDF页2,书名页,2,教材书名页标明《数据库系统概论（第6版）》；本节点作为课程级实体用于统一组织数据库课程知识。
DB_TOP_001,第1章 绪论,Topic,数据库系统概论,第1章 绪论,围绕“绪论”建立本章核心知识体系。,,3,5,王珊、杜小勇、陈红《数据库系统概论（第6版）》，第1章 绪论，教材p3,第1章 绪论,3,教材在“第1章 绪论”中出现或讲解“第1章 绪论”；本节点按知识图谱问答需要概括为：围绕“绪论”建立本章核心知识体系。
DB_TOP_002,数据库系统概述,Topic,数据库系统概论,第1章 绪论,教材1.1“数据库系统概述”的主题内容，作为“第1章 绪论”下的知识模块。,,3,4,王珊、杜小勇、陈红《数据库系统概论（第6版）》，1.1 数据库系统概述，教材p4,1.1 数据库系统概述,4,教材在“1.1 数据库系统概述”中出现或讲解“数据库系统概述”；本节点按知识图谱问答需要概括为：教材1.1“数据库系统概述”的主题内容，作为“第1章 绪论”下的知识模块。
DB_TOP_003,数据模型,Topic,数据库系统概论,第1章 绪论,教材1.2“数据模型”的主题内容，作为“第1章 绪论”下的知识模块。,,3,4,王珊、杜小勇、陈红《数据库系统概论（第6版）》，1.2 数据模型，教材p12,1.2 数据模型,12,教材在“1.2 数据模型”中出现或讲解“数据模型”；本节点按知识图谱问答需要概括为：教材1.2“数据模型”的主题内容，作为“第1章 绪论”下的知识模块。
DB_TOP_004,数据库系统的三级模式结构,Topic,数据库系统概论,第1章 绪论,教材1.3“数据库系统的三级模式结构”的主题内容，作为“第1章 绪论”下的知识模块。,,3,4,王珊、杜小勇、陈红《数据库系统概论（第6版）》，1.3 数据库系统的三级模式结构，教材p23,1.3 数据库系统的三级模式结构,23,教材在“1.3 数据库系统的三级模式结构”中出现或讲解“数据库系统的三级模式结构”；本节点按知识图谱问答需要概括为：教材1.3“数据库系统的三级模式结构”的主题内容，作为“第1章 绪论”下的知识模块。
DB_TOP_005,数据库系统的组成,Topic,数据库系统概论,第1章 绪论,教材1.4“数据库系统的组成”的主题内容，作为“第1章 绪论”下的知识模块。,,3,4,王珊、杜小勇、陈红《数据库系统概论（第6版）》，1.4 数据库系统的组成，教材p27,1.4 数据库系统的组成,27,教材在“1.4 数据库系统的组成”中出现或讲解“数据库系统的组成”；本节点按知识图谱问答需要概括为：教材1.4“数据库系统的组成”的主题内容，作为“第1章 绪论”下的知识模块。
DB_TOP_006,数据库系统的体系结构,Topic,数据库系统概论,第1章 绪论,教材1.5“数据库系统的体系结构”的主题内容，作为“第1章 绪论”下的知识模块。,,3,4,王珊、杜小勇、陈红《数据库系统概论（第6版）》，1.5 数据库系统的体系结构，教材p28,1.5 数据库系统的体系结构,28,教材在“1.5 数据库系统的体系结构”中出现或讲解“数据库系统的体系结构”；本节点按知识图谱问答需要概括为：教材1.5“数据库系统的体系结构”的主题内容，作为“第1章 绪论”下的知识模块。
DB_TOP_007,第2章 关系模型,Topic,数据库系统概论,第2章 关系模型,围绕“关系模型”建立本章核心知识体系。,,4,5,王珊、杜小勇、陈红《数据库系统概论（第6版）》，第2章 关系模型，教材p33,第2章 关系模型,33,教材在“第2章 关系模型”中出现或讲解“第2章 关系模型”；本节点按知识图谱问答需要概括为：围绕“关系模型”建立本章核心知识体系。
DB_TOP_008,关系模型的数据结构及形式化定义,Topic,数据库系统概论,第2章 关系模型,教材2.1“关系模型的数据结构及形式化定义”的主题内容，作为“第2章 关系模型”下的知识模块。,,3,4,王珊、杜小勇、陈红《数据库系统概论（第6版）》，2.1 关系模型的数据结构及形式化定义，教材p34,2.1 关系模型的数据结构及形式化定义,34,教材在“2.1 关系模型的数据结构及形式化定义”中出现或讲解“关系模型的数据结构及形式化定义”；本节点按知识图谱问答需要概括为：教材2.1“关系模型的数据结构及形式化定义”的主题内容，作为“第2章 关系模型”下的知识模块。
DB_TOP_009,关系操作,Topic,数据库系统概论,第2章 关系模型,教材2.2“关系操作”的主题内容，作为“第2章 关系模型”下的知识模块。,,3,4,王珊、杜小勇、陈红《数据库系统概论（第6版）》，2.2 关系操作，教材p40,2.2 关系操作,40,教材在“2.2 关系操作”中出现或讲解“关系操作”；本节点按知识图谱问答需要概括为：教材2.2“关系操作”的主题内容，作为“第2章 关系模型”下的知识模块。
DB_TOP_010,关系的完整性,Topic,数据库系统概论,第2章 关系模型,教材2.3“关系的完整性”的主题内容，作为“第2章 关系模型”下的知识模块。,,3,4,王珊、杜小勇、陈红《数据库系统概论（第6版）》，2.3 关系的完整性，教材p42,2.3 关系的完整性,42,教材在“2.3 关系的完整性”中出现或讲解“关系的完整性”；本节点按知识图谱问答需要概括为：教材2.3“关系的完整性”的主题内容，作为“第2章 关系模型”下的知识模块。
DB_TOP_011,关系代数,Topic,数据库系统概论,第2章 关系模型,教材2.4“关系代数”的主题内容，作为“第2章 关系模型”下的知识模块。,,3,4,王珊、杜小勇、陈红《数据库系统概论（第6版）》，2.4 关系代数，教材p45,2.4 关系代数,45,教材在“2.4 关系代数”中出现或讲解“关系代数”；本节点按知识图谱问答需要概括为：教材2.4“关系代数”的主题内容，作为“第2章 关系模型”下的知识模块。
DB_TOP_012,关系演算,Topic,数据库系统概论,第2章 关系模型,教材2.5“关系演算”的主题内容，作为“第2章 关系模型”下的知识模块。,,3,4,王珊、杜小勇、陈红《数据库系统概论（第6版）》，2.5 关系演算，教材p53,2.5 关系演算,53,教材在“2.5 关系演算”中出现或讲解“关系演算”；本节点按知识图谱问答需要概括为：教材2.5“关系演算”的主题内容，作为“第2章 关系模型”下的知识模块。
DB_TOP_013,第3章 关系数据库标准语言SQL,Topic,数据库系统概论,第3章 关系数据库标准语言SQL,围绕“关系数据库标准语言SQL”建立本章核心知识体系。,,4,5,王珊、杜小勇、陈红《数据库系统概论（第6版）》，第3章 关系数据库标准语言SQL，教材p67,第3章 关系数据库标准语言SQL,67,教材在“第3章 关系数据库标准语言SQL”中出现或讲解“第3章 关系数据库标准语言SQL”；本节点按知识图谱问答需要概括为：围绕“关系数据库标准语言SQL”建立本章核心知识体系。
DB_TOP_014,SQL概述,Topic,数据库系统概论,第3章 关系数据库标准语言SQL,教材3.1“SQL概述”的主题内容，作为“第3章 关系数据库标准语言SQL”下的知识模块。,,3,4,王珊、杜小勇、陈红《数据库系统概论（第6版）》，3.1 SQL概述，教材p67,3.1 SQL概述,67,教材在“3.1 SQL概述”中出现或讲解“SQL概述”；本节点按知识图谱问答需要概括为：教材3.1“SQL概述”的主题内容，作为“第3章 关系数据库标准语言SQL”下的知识模块。
DB_TOP_015,数据定义,Topic,数据库系统概论,第3章 关系数据库标准语言SQL,教材3.2“数据定义”的主题内容，作为“第3章 关系数据库标准语言SQL”下的知识模块。,,3,4,王珊、杜小勇、陈红《数据库系统概论（第6版）》，3.2 数据定义，教材p71,3.2 数据定义,71,教材在“3.2 数据定义”中出现或讲解“数据定义”；本节点按知识图谱问答需要概括为：教材3.2“数据定义”的主题内容，作为“第3章 关系数据库标准语言SQL”下的知识模块。
DB_TOP_016,数据查询,Topic,数据库系统概论,第3章 关系数据库标准语言SQL,教材3.3“数据查询”的主题内容，作为“第3章 关系数据库标准语言SQL”下的知识模块。,,3,4,王珊、杜小勇、陈红《数据库系统概论（第6版）》，3.3 数据查询，教材p80,3.3 数据查询,80,教材在“3.3 数据查询”中出现或讲解“数据查询”；本节点按知识图谱问答需要概括为：教材3.3“数据查询”的主题内容，作为“第3章 关系数据库标准语言SQL”下的知识模块。
DB_TOP_017,数据更新,Topic,数据库系统概论,第3章 关系数据库标准语言SQL,教材3.4“数据更新”的主题内容，作为“第3章 关系数据库标准语言SQL”下的知识模块。,,3,4,王珊、杜小勇、陈红《数据库系统概论（第6版）》，3.4 数据更新，教材p108,3.4 数据更新,108,教材在“3.4 数据更新”中出现或讲解“数据更新”；本节点按知识图谱问答需要概括为：教材3.4“数据更新”的主题内容，作为“第3章 关系数据库标准语言SQL”下的知识模块。
DB_TOP_018,空值的处理,Topic,数据库系统概论,第3章 关系数据库标准语言SQL,教材3.5“空值的处理”的主题内容，作为“第3章 关系数据库标准语言SQL”下的知识模块。,,3,4,王珊、杜小勇、陈红《数据库系统概论（第6版）》，3.5 空值的处理，教材p111,3.5 空值的处理,111,教材在“3.5 空值的处理”中出现或讲解“空值的处理”；本节点按知识图谱问答需要概括为：教材3.5“空值的处理”的主题内容，作为“第3章 关系数据库标准语言SQL”下的知识模块。
DB_TOP_019,视图,Topic,数据库系统概论,第3章 关系数据库标准语言SQL,教材3.6“视图”的主题内容，作为“第3章 关系数据库标准语言SQL”下的知识模块。,,3,4,王珊、杜小勇、陈红《数据库系统概论（第6版）》，3.6 视图，教材p114,3.6 视图,114,教材在“3.6 视图”中出现或讲解“视图”；本节点按知识图谱问答需要概括为：教材3.6“视图”的主题内容，作为“第3章 关系数据库标准语言SQL”下的知识模块。
DB_TOP_020,第4章 数据库安全性,Topic,数据库系统概论,第4章 数据库安全性,围绕“数据库安全性”建立本章核心知识体系。,,3,5,王珊、杜小勇、陈红《数据库系统概论（第6版）》，第4章 数据库安全性，教材p127,第4章 数据库安全性,127,教材在“第4章 数据库安全性”中出现或讲解“第4章 数据库安全性”；本节点按知识图谱问答需要概括为：围绕“数据库安全性”建立本章核心知识体系。
DB_TOP_021,数据库安全性概述,Topic,数据库系统概论,第4章 数据库安全性,教材4.1“数据库安全性概述”的主题内容，作为“第4章 数据库安全性”下的知识模块。,,3,4,王珊、杜小勇、陈红《数据库系统概论（第6版）》，4.1 数据库安全性概述，教材p127,4.1 数据库安全性概述,127,教材在“4.1 数据库安全性概述”中出现或讲解“数据库安全性概述”；本节点按知识图谱问答需要概括为：教材4.1“数据库安全性概述”的主题内容，作为“第4章 数据库安全性”下的知识模块。
DB_TOP_022,数据库安全性控制,Topic,数据库系统概论,第4章 数据库安全性,教材4.2“数据库安全性控制”的主题内容，作为“第4章 数据库安全性”下的知识模块。,,3,4,王珊、杜小勇、陈红《数据库系统概论（第6版）》，4.2 数据库安全性控制，教材p131,4.2 数据库安全性控制,131,教材在“4.2 数据库安全性控制”中出现或讲解“数据库安全性控制”；本节点按知识图谱问答需要概括为：教材4.2“数据库安全性控制”的主题内容，作为“第4章 数据库安全性”下的知识模块。
DB_TOP_023,视图机制,Topic,数据库系统概论,第4章 数据库安全性,教材4.3“视图机制”的主题内容，作为“第4章 数据库安全性”下的知识模块。,,3,4,王珊、杜小勇、陈红《数据库系统概论（第6版）》，4.3 视图机制，教材p142,4.3 视图机制,142,教材在“4.3 视图机制”中出现或讲解“视图机制”；本节点按知识图谱问答需要概括为：教材4.3“视图机制”的主题内容，作为“第4章 数据库安全性”下的知识模块。
DB_TOP_024,审计,Topic,数据库系统概论,第4章 数据库安全性,教材4.4“审计”的主题内容，作为“第4章 数据库安全性”下的知识模块。,,3,4,王珊、杜小勇、陈红《数据库系统概论（第6版）》，4.4 审计，教材p143,4.4 审计,143,教材在“4.4 审计”中出现或讲解“审计”；本节点按知识图谱问答需要概括为：教材4.4“审计”的主题内容，作为“第4章 数据库安全性”下的知识模块。
DB_TOP_025,数据加密,Topic,数据库系统概论,第4章 数据库安全性,教材4.5“数据加密”的主题内容，作为“第4章 数据库安全性”下的知识模块。,,3,4,王珊、杜小勇、陈红《数据库系统概论（第6版）》，4.5 数据加密，教材p145,4.5 数据加密,145,教材在“4.5 数据加密”中出现或讲解“数据加密”；本节点按知识图谱问答需要概括为：教材4.5“数据加密”的主题内容，作为“第4章 数据库安全性”下的知识模块。
DB_TOP_026,其他安全性保护,Topic,数据库系统概论,第4章 数据库安全性,教材4.6“其他安全性保护”的主题内容，作为“第4章 数据库安全性”下的知识模块。,,3,4,王珊、杜小勇、陈红《数据库系统概论（第6版）》，4.6 其他安全性保护，教材p147,4.6 其他安全性保护,147,教材在“4.6 其他安全性保护”中出现或讲解“其他安全性保护”；本节点按知识图谱问答需要概括为：教材4.6“其他安全性保护”的主题内容，作为“第4章 数据库安全性”下的知识模块。
DB_TOP_027,第5章 数据库完整性,Topic,数据库系统概论,第5章 数据库完整性,围绕“数据库完整性”建立本章核心知识体系。,,3,5,王珊、杜小勇、陈红《数据库系统概论（第6版）》，第5章 数据库完整性，教材p151,第5章 数据库完整性,151,教材在“第5章 数据库完整性”中出现或讲解“第5章 数据库完整性”；本节点按知识图谱问答需要概括为：围绕“数据库完整性”建立本章核心知识体系。
DB_TOP_028,数据库完整性概述,Topic,数据库系统概论,第5章 数据库完整性,教材5.1“数据库完整性概述”的主题内容，作为“第5章 数据库完整性”下的知识模块。,,3,4,王珊、杜小勇、陈红《数据库系统概论（第6版）》，5.1 数据库完整性概述，教材p151,5.1 数据库完整性概述,151,教材在“5.1 数据库完整性概述”中出现或讲解“数据库完整性概述”；本节点按知识图谱问答需要概括为：教材5.1“数据库完整性概述”的主题内容，作为“第5章 数据库完整性”下的知识模块。
DB_TOP_029,实体完整性,Topic,数据库系统概论,第5章 数据库完整性,教材5.2“实体完整性”的主题内容，作为“第5章 数据库完整性”下的知识模块。,,3,4,王珊、杜小勇、陈红《数据库系统概论（第6版）》，5.2 实体完整性，教材p152,5.2 实体完整性,152,教材在“5.2 实体完整性”中出现或讲解“实体完整性”；本节点按知识图谱问答需要概括为：教材5.2“实体完整性”的主题内容，作为“第5章 数据库完整性”下的知识模块。
DB_TOP_030,参照完整性,Topic,数据库系统概论,第5章 数据库完整性,教材5.3“参照完整性”的主题内容，作为“第5章 数据库完整性”下的知识模块。,,3,4,王珊、杜小勇、陈红《数据库系统概论（第6版）》，5.3 参照完整性，教材p155,5.3 参照完整性,155,教材在“5.3 参照完整性”中出现或讲解“参照完整性”；本节点按知识图谱问答需要概括为：教材5.3“参照完整性”的主题内容，作为“第5章 数据库完整性”下的知识模块。
DB_TOP_031,用户定义的完整性,Topic,数据库系统概论,第5章 数据库完整性,教材5.4“用户定义的完整性”的主题内容，作为“第5章 数据库完整性”下的知识模块。,,3,4,王珊、杜小勇、陈红《数据库系统概论（第6版）》，5.4 用户定义的完整性，教材p157,5.4 用户定义的完整性,157,教材在“5.4 用户定义的完整性”中出现或讲解“用户定义的完整性”；本节点按知识图谱问答需要概括为：教材5.4“用户定义的完整性”的主题内容，作为“第5章 数据库完整性”下的知识模块。
DB_TOP_032,完整性约束命名子句,Topic,数据库系统概论,第5章 数据库完整性,教材5.5“完整性约束命名子句”的主题内容，作为“第5章 数据库完整性”下的知识模块。,,3,4,王珊、杜小勇、陈红《数据库系统概论（第6版）》，5.5 完整性约束命名子句，教材p160,5.5 完整性约束命名子句,160,教材在“5.5 完整性约束命名子句”中出现或讲解“完整性约束命名子句”；本节点按知识图谱问答需要概括为：教材5.5“完整性约束命名子句”的主题内容，作为“第5章 数据库完整性”下的知识模块。
DB_TOP_033,域完整性限制,Topic,数据库系统概论,第5章 数据库完整性,教材5.6“域完整性限制”的主题内容，作为“第5章 数据库完整性”下的知识模块。,,3,4,王珊、杜小勇、陈红《数据库系统概论（第6版）》，5.6 域完整性限制，教材p161,5.6 域完整性限制,161,教材在“5.6 域完整性限制”中出现或讲解“域完整性限制”；本节点按知识图谱问答需要概括为：教材5.6“域完整性限制”的主题内容，作为“第5章 数据库完整性”下的知识模块。
DB_TOP_034,触发器,Topic,数据库系统概论,第5章 数据库完整性,教材5.7“触发器”的主题内容，作为“第5章 数据库完整性”下的知识模块。,,3,4,王珊、杜小勇、陈红《数据库系统概论（第6版）》，5.7 触发器，教材p162,5.7 触发器,162,教材在“5.7 触发器”中出现或讲解“触发器”；本节点按知识图谱问答需要概括为：教材5.7“触发器”的主题内容，作为“第5章 数据库完整性”下的知识模块。
DB_TOP_035,第6章 关系数据理论,Topic,数据库系统概论,第6章 关系数据理论,围绕“关系数据理论”建立本章核心知识体系。,,4,5,王珊、杜小勇、陈红《数据库系统概论（第6版）》，第6章 关系数据理论，教材p171,第6章 关系数据理论,171,教材在“第6章 关系数据理论”中出现或讲解“第6章 关系数据理论”；本节点按知识图谱问答需要概括为：围绕“关系数据理论”建立本章核心知识体系。
DB_TOP_036,问题的提出,Topic,数据库系统概论,第6章 关系数据理论,教材6.1“问题的提出”的主题内容，作为“第6章 关系数据理论”下的知识模块。,,3,4,王珊、杜小勇、陈红《数据库系统概论（第6版）》，6.1 问题的提出，教材p171,6.1 问题的提出,171,教材在“6.1 问题的提出”中出现或讲解“问题的提出”；本节点按知识图谱问答需要概括为：教材6.1“问题的提出”的主题内容，作为“第6章 关系数据理论”下的知识模块。
DB_TOP_037,规范化,Topic,数据库系统概论,第6章 关系数据理论,教材6.2“规范化”的主题内容，作为“第6章 关系数据理论”下的知识模块。,,3,4,王珊、杜小勇、陈红《数据库系统概论（第6版）》，6.2 规范化，教材p174,6.2 规范化,174,教材在“6.2 规范化”中出现或讲解“规范化”；本节点按知识图谱问答需要概括为：教材6.2“规范化”的主题内容，作为“第6章 关系数据理论”下的知识模块。
DB_TOP_038,数据依赖的公理系统,Topic,数据库系统概论,第6章 关系数据理论,教材6.3“数据依赖的公理系统”的主题内容，作为“第6章 关系数据理论”下的知识模块。,,3,4,王珊、杜小勇、陈红《数据库系统概论（第6版）》，6.3 数据依赖的公理系统，教材p185,6.3 数据依赖的公理系统,185,教材在“6.3 数据依赖的公理系统”中出现或讲解“数据依赖的公理系统”；本节点按知识图谱问答需要概括为：教材6.3“数据依赖的公理系统”的主题内容，作为“第6章 关系数据理论”下的知识模块。
DB_TOP_039,保持函数依赖的模式分解,Topic,数据库系统概论,第6章 关系数据理论,教材6.4“保持函数依赖的模式分解”的主题内容，作为“第6章 关系数据理论”下的知识模块。,,3,4,王珊、杜小勇、陈红《数据库系统概论（第6版）》，6.4 保持函数依赖的模式分解，教材p189,6.4 保持函数依赖的模式分解,189,教材在“6.4 保持函数依赖的模式分解”中出现或讲解“保持函数依赖的模式分解”；本节点按知识图谱问答需要概括为：教材6.4“保持函数依赖的模式分解”的主题内容，作为“第6章 关系数据理论”下的知识模块。
DB_TOP_040,无损连接的模式分解,Topic,数据库系统概论,第6章 关系数据理论,教材6.5“无损连接的模式分解”的主题内容，作为“第6章 关系数据理论”下的知识模块。,,3,4,王珊、杜小勇、陈红《数据库系统概论（第6版）》，6.5 无损连接的模式分解，教材p191,6.5 无损连接的模式分解,191,教材在“6.5 无损连接的模式分解”中出现或讲解“无损连接的模式分解”；本节点按知识图谱问答需要概括为：教材6.5“无损连接的模式分解”的主题内容，作为“第6章 关系数据理论”下的知识模块。
DB_TOP_041,第7章 数据库设计,Topic,数据库系统概论,第7章 数据库设计,围绕“数据库设计”建立本章核心知识体系。,,3,5,王珊、杜小勇、陈红《数据库系统概论（第6版）》，第7章 数据库设计，教材p201,第7章 数据库设计,201,教材在“第7章 数据库设计”中出现或讲解“第7章 数据库设计”；本节点按知识图谱问答需要概括为：围绕“数据库设计”建立本章核心知识体系。
DB_TOP_042,数据库设计概述,Topic,数据库系统概论,第7章 数据库设计,教材7.1“数据库设计概述”的主题内容，作为“第7章 数据库设计”下的知识模块。,,3,4,王珊、杜小勇、陈红《数据库系统概论（第6版）》，7.1 数据库设计概述，教材p201,7.1 数据库设计概述,201,教材在“7.1 数据库设计概述”中出现或讲解“数据库设计概述”；本节点按知识图谱问答需要概括为：教材7.1“数据库设计概述”的主题内容，作为“第7章 数据库设计”下的知识模块。
DB_TOP_043,需求分析,Topic,数据库系统概论,第7章 数据库设计,教材7.2“需求分析”的主题内容，作为“第7章 数据库设计”下的知识模块。,,3,4,王珊、杜小勇、陈红《数据库系统概论（第6版）》，7.2 需求分析，教材p207,7.2 需求分析,207,教材在“7.2 需求分析”中出现或讲解“需求分析”；本节点按知识图谱问答需要概括为：教材7.2“需求分析”的主题内容，作为“第7章 数据库设计”下的知识模块。
DB_TOP_044,概念结构设计,Topic,数据库系统概论,第7章 数据库设计,教材7.3“概念结构设计”的主题内容，作为“第7章 数据库设计”下的知识模块。,,3,4,王珊、杜小勇、陈红《数据库系统概论（第6版）》，7.3 概念结构设计，教材p211,7.3 概念结构设计,211,教材在“7.3 概念结构设计”中出现或讲解“概念结构设计”；本节点按知识图谱问答需要概括为：教材7.3“概念结构设计”的主题内容，作为“第7章 数据库设计”下的知识模块。
DB_TOP_045,逻辑结构设计,Topic,数据库系统概论,第7章 数据库设计,教材7.4“逻辑结构设计”的主题内容，作为“第7章 数据库设计”下的知识模块。,,3,4,王珊、杜小勇、陈红《数据库系统概论（第6版）》，7.4 逻辑结构设计，教材p228,7.4 逻辑结构设计,228,教材在“7.4 逻辑结构设计”中出现或讲解“逻辑结构设计”；本节点按知识图谱问答需要概括为：教材7.4“逻辑结构设计”的主题内容，作为“第7章 数据库设计”下的知识模块。
DB_TOP_046,物理结构设计,Topic,数据库系统概论,第7章 数据库设计,教材7.5“物理结构设计”的主题内容，作为“第7章 数据库设计”下的知识模块。,,3,4,王珊、杜小勇、陈红《数据库系统概论（第6版）》，7.5 物理结构设计，教材p232,7.5 物理结构设计,232,教材在“7.5 物理结构设计”中出现或讲解“物理结构设计”；本节点按知识图谱问答需要概括为：教材7.5“物理结构设计”的主题内容，作为“第7章 数据库设计”下的知识模块。
DB_TOP_047,数据库的实施和维护,Topic,数据库系统概论,第7章 数据库设计,教材7.6“数据库的实施和维护”的主题内容，作为“第7章 数据库设计”下的知识模块。,,3,4,王珊、杜小勇、陈红《数据库系统概论（第6版）》，7.6 数据库的实施和维护，教材p236,7.6 数据库的实施和维护,236,教材在“7.6 数据库的实施和维护”中出现或讲解“数据库的实施和维护”；本节点按知识图谱问答需要概括为：教材7.6“数据库的实施和维护”的主题内容，作为“第7章 数据库设计”下的知识模块。
DB_TOP_048,第8章 数据库编程,Topic,数据库系统概论,第8章 数据库编程,围绕“数据库编程”建立本章核心知识体系。,,3,5,王珊、杜小勇、陈红《数据库系统概论（第6版）》，第8章 数据库编程，教材p241,第8章 数据库编程,241,教材在“第8章 数据库编程”中出现或讲解“第8章 数据库编程”；本节点按知识图谱问答需要概括为：围绕“数据库编程”建立本章核心知识体系。
DB_TOP_049,数据库编程概述,Topic,数据库系统概论,第8章 数据库编程,教材8.1“概述”的主题内容，作为“第8章 数据库编程”下的知识模块。,,3,4,王珊、杜小勇、陈红《数据库系统概论（第6版）》，8.1 概述，教材p241,8.1 概述,241,教材在“8.1 概述”中出现或讲解“数据库编程概述”；本节点按知识图谱问答需要概括为：教材8.1“概述”的主题内容，作为“第8章 数据库编程”下的知识模块。
DB_TOP_050,过程化SQL,Topic,数据库系统概论,第8章 数据库编程,教材8.2“过程化SQL”的主题内容，作为“第8章 数据库编程”下的知识模块。,,3,4,王珊、杜小勇、陈红《数据库系统概论（第6版）》，8.2 过程化SQL，教材p250,8.2 过程化SQL,250,教材在“8.2 过程化SQL”中出现或讲解“过程化SQL”；本节点按知识图谱问答需要概括为：教材8.2“过程化SQL”的主题内容，作为“第8章 数据库编程”下的知识模块。
DB_TOP_051,JDBC编程,Topic,数据库系统概论,第8章 数据库编程,教材8.3“JDBC编程”的主题内容，作为“第8章 数据库编程”下的知识模块。,,3,4,王珊、杜小勇、陈红《数据库系统概论（第6版）》，8.3 JDBC编程，教材p257,8.3 JDBC编程,257,教材在“8.3 JDBC编程”中出现或讲解“JDBC编程”；本节点按知识图谱问答需要概括为：教材8.3“JDBC编程”的主题内容，作为“第8章 数据库编程”下的知识模块。
DB_TOP_052,基于MVC框架的数据库应用开发,Topic,数据库系统概论,第8章 数据库编程,教材8.4“基于MVC框架的数据库应用开发”的主题内容，作为“第8章 数据库编程”下的知识模块。,,3,4,王珊、杜小勇、陈红《数据库系统概论（第6版）》，8.4 基于MVC框架的数据库应用开发，教材p266,8.4 基于MVC框架的数据库应用开发,266,教材在“8.4 基于MVC框架的数据库应用开发”中出现或讲解“基于MVC框架的数据库应用开发”；本节点按知识图谱问答需要概括为：教材8.4“基于MVC框架的数据库应用开发”的主题内容，作为“第8章 数据库编程”下的知识模块。
DB_TOP_053,第9章 关系数据库存储管理,Topic,数据库系统概论,第9章 关系数据库存储管理,围绕“关系数据库存储管理”建立本章核心知识体系。,,4,5,王珊、杜小勇、陈红《数据库系统概论（第6版）》，目录，教材p275（目录PDF页12-15）,第9章 关系数据库存储管理,275,教材目录明确列出“第9章 关系数据库存储管理”。当前上传PDF正文截止第8章，因此该节点仅依据目录建立课程结构，不扩展目录之外的正文细节。
DB_TOP_054,数据组织,Topic,数据库系统概论,第9章 关系数据库存储管理,教材9.1“数据组织”的主题内容，作为“第9章 关系数据库存储管理”下的知识模块。,,3,4,王珊、杜小勇、陈红《数据库系统概论（第6版）》，目录，教材p275（目录PDF页12-15）,9.1 数据组织,275,教材目录明确列出“9.1 数据组织”。当前上传PDF正文截止第8章，因此该节点仅依据目录建立课程结构，不扩展目录之外的正文细节。
DB_TOP_055,索引结构,Topic,数据库系统概论,第9章 关系数据库存储管理,教材9.2“索引结构”的主题内容，作为“第9章 关系数据库存储管理”下的知识模块。,,3,4,王珊、杜小勇、陈红《数据库系统概论（第6版）》，目录，教材p283（目录PDF页12-15）,9.2 索引结构,283,教材目录明确列出“9.2 索引结构”。当前上传PDF正文截止第8章，因此该节点仅依据目录建立课程结构，不扩展目录之外的正文细节。
DB_TOP_056,第10章 关系查询处理和查询优化,Topic,数据库系统概论,第10章 关系查询处理和查询优化,围绕“关系查询处理和查询优化”建立本章核心知识体系。,,4,5,王珊、杜小勇、陈红《数据库系统概论（第6版）》，目录，教材p301（目录PDF页12-15）,第10章 关系查询处理和查询优化,301,教材目录明确列出“第10章 关系查询处理和查询优化”。当前上传PDF正文截止第8章，因此该节点仅依据目录建立课程结构，不扩展目录之外的正文细节。
DB_TOP_057,关系数据库管理系统的查询处理,Topic,数据库系统概论,第10章 关系查询处理和查询优化,教材10.1“关系数据库管理系统的查询处理”的主题内容，作为“第10章 关系查询处理和查询优化”下的知识模块。,,3,4,王珊、杜小勇、陈红《数据库系统概论（第6版）》，目录，教材p301（目录PDF页12-15）,10.1 关系数据库管理系统的查询处理,301,教材目录明确列出“10.1 关系数据库管理系统的查询处理”。当前上传PDF正文截止第8章，因此该节点仅依据目录建立课程结构，不扩展目录之外的正文细节。
DB_TOP_058,关系数据库管理系统的查询优化,Topic,数据库系统概论,第10章 关系查询处理和查询优化,教材10.2“关系数据库管理系统的查询优化”的主题内容，作为“第10章 关系查询处理和查询优化”下的知识模块。,,3,4,王珊、杜小勇、陈红《数据库系统概论（第6版）》，目录，教材p306（目录PDF页12-15）,10.2 关系数据库管理系统的查询优化,306,教材目录明确列出“10.2 关系数据库管理系统的查询优化”。当前上传PDF正文截止第8章，因此该节点仅依据目录建立课程结构，不扩展目录之外的正文细节。
DB_TOP_059,代数优化,Topic,数据库系统概论,第10章 关系查询处理和查询优化,教材10.3“代数优化”的主题内容，作为“第10章 关系查询处理和查询优化”下的知识模块。,,3,4,王珊、杜小勇、陈红《数据库系统概论（第6版）》，目录，教材p309（目录PDF页12-15）,10.3 代数优化,309,教材目录明确列出“10.3 代数优化”。当前上传PDF正文截止第8章，因此该节点仅依据目录建立课程结构，不扩展目录之外的正文细节。
DB_TOP_060,物理优化,Topic,数据库系统概论,第10章 关系查询处理和查询优化,教材10.4“物理优化”的主题内容，作为“第10章 关系查询处理和查询优化”下的知识模块。,,3,4,王珊、杜小勇、陈红《数据库系统概论（第6版）》，目录，教材p312（目录PDF页12-15）,10.4 物理优化,312,教材目录明确列出“10.4 物理优化”。当前上传PDF正文截止第8章，因此该节点仅依据目录建立课程结构，不扩展目录之外的正文细节。
DB_TOP_061,查询计划的执行,Topic,数据库系统概论,第10章 关系查询处理和查询优化,教材10.5“查询计划的执行”的主题内容，作为“第10章 关系查询处理和查询优化”下的知识模块。,,3,4,王珊、杜小勇、陈红《数据库系统概论（第6版）》，目录，教材p315（目录PDF页12-15）,10.5 查询计划的执行,315,教材目录明确列出“10.5 查询计划的执行”。当前上传PDF正文截止第8章，因此该节点仅依据目录建立课程结构，不扩展目录之外的正文细节。
DB_TOP_062,第11章 数据库恢复技术,Topic,数据库系统概论,第11章 数据库恢复技术,围绕“数据库恢复技术”建立本章核心知识体系。,,4,5,王珊、杜小勇、陈红《数据库系统概论（第6版）》，目录，教材p319（目录PDF页12-15）,第11章 数据库恢复技术,319,教材目录明确列出“第11章 数据库恢复技术”。当前上传PDF正文截止第8章，因此该节点仅依据目录建立课程结构，不扩展目录之外的正文细节。
DB_TOP_063,事务的基本概念,Topic,数据库系统概论,第11章 数据库恢复技术,教材11.1“事务的基本概念”的主题内容，作为“第11章 数据库恢复技术”下的知识模块。,,3,4,王珊、杜小勇、陈红《数据库系统概论（第6版）》，目录，教材p319（目录PDF页12-15）,11.1 事务的基本概念,319,教材目录明确列出“11.1 事务的基本概念”。当前上传PDF正文截止第8章，因此该节点仅依据目录建立课程结构，不扩展目录之外的正文细节。
DB_TOP_064,数据库恢复概述,Topic,数据库系统概论,第11章 数据库恢复技术,教材11.2“数据库恢复概述”的主题内容，作为“第11章 数据库恢复技术”下的知识模块。,,3,4,王珊、杜小勇、陈红《数据库系统概论（第6版）》，目录，教材p321（目录PDF页12-15）,11.2 数据库恢复概述,321,教材目录明确列出“11.2 数据库恢复概述”。当前上传PDF正文截止第8章，因此该节点仅依据目录建立课程结构，不扩展目录之外的正文细节。
DB_TOP_065,故障的种类,Topic,数据库系统概论,第11章 数据库恢复技术,教材11.3“故障的种类”的主题内容，作为“第11章 数据库恢复技术”下的知识模块。,,3,4,王珊、杜小勇、陈红《数据库系统概论（第6版）》，目录，教材p321（目录PDF页12-15）,11.3 故障的种类,321,教材目录明确列出“11.3 故障的种类”。当前上传PDF正文截止第8章，因此该节点仅依据目录建立课程结构，不扩展目录之外的正文细节。
DB_TOP_066,恢复的实现技术,Topic,数据库系统概论,第11章 数据库恢复技术,教材11.4“恢复的实现技术”的主题内容，作为“第11章 数据库恢复技术”下的知识模块。,,3,4,王珊、杜小勇、陈红《数据库系统概论（第6版）》，目录，教材p323（目录PDF页12-15）,11.4 恢复的实现技术,323,教材目录明确列出“11.4 恢复的实现技术”。当前上传PDF正文截止第8章，因此该节点仅依据目录建立课程结构，不扩展目录之外的正文细节。
DB_TOP_067,恢复策略,Topic,数据库系统概论,第11章 数据库恢复技术,教材11.5“恢复策略”的主题内容，作为“第11章 数据库恢复技术”下的知识模块。,,3,4,王珊、杜小勇、陈红《数据库系统概论（第6版）》，目录，教材p326（目录PDF页12-15）,11.5 恢复策略,326,教材目录明确列出“11.5 恢复策略”。当前上传PDF正文截止第8章，因此该节点仅依据目录建立课程结构，不扩展目录之外的正文细节。
DB_TOP_068,具有检查点的恢复技术,Topic,数据库系统概论,第11章 数据库恢复技术,教材11.6“具有检查点的恢复技术”的主题内容，作为“第11章 数据库恢复技术”下的知识模块。,,3,4,王珊、杜小勇、陈红《数据库系统概论（第6版）》，目录，教材p327（目录PDF页12-15）,11.6 具有检查点的恢复技术,327,教材目录明确列出“11.6 具有检查点的恢复技术”。当前上传PDF正文截止第8章，因此该节点仅依据目录建立课程结构，不扩展目录之外的正文细节。
DB_TOP_069,数据库镜像,Topic,数据库系统概论,第11章 数据库恢复技术,教材11.7“数据库镜像”的主题内容，作为“第11章 数据库恢复技术”下的知识模块。,,3,4,王珊、杜小勇、陈红《数据库系统概论（第6版）》，目录，教材p329（目录PDF页12-15）,11.7 数据库镜像,329,教材目录明确列出“11.7 数据库镜像”。当前上传PDF正文截止第8章，因此该节点仅依据目录建立课程结构，不扩展目录之外的正文细节。
DB_TOP_070,第12章 并发控制,Topic,数据库系统概论,第12章 并发控制,围绕“并发控制”建立本章核心知识体系。,,4,5,王珊、杜小勇、陈红《数据库系统概论（第6版）》，目录，教材p333（目录PDF页12-15）,第12章 并发控制,333,教材目录明确列出“第12章 并发控制”。当前上传PDF正文截止第8章，因此该节点仅依据目录建立课程结构，不扩展目录之外的正文细节。
DB_TOP_071,并发控制概述,Topic,数据库系统概论,第12章 并发控制,教材12.1“并发控制概述”的主题内容，作为“第12章 并发控制”下的知识模块。,,3,4,王珊、杜小勇、陈红《数据库系统概论（第6版）》，目录，教材p334（目录PDF页12-15）,12.1 并发控制概述,334,教材目录明确列出“12.1 并发控制概述”。当前上传PDF正文截止第8章，因此该节点仅依据目录建立课程结构，不扩展目录之外的正文细节。
DB_TOP_072,事务的隔离级别,Topic,数据库系统概论,第12章 并发控制,教材12.2“事务的隔离级别”的主题内容，作为“第12章 并发控制”下的知识模块。,,3,4,王珊、杜小勇、陈红《数据库系统概论（第6版）》，目录，教材p336（目录PDF页12-15）,12.2 事务的隔离级别,336,教材目录明确列出“12.2 事务的隔离级别”。当前上传PDF正文截止第8章，因此该节点仅依据目录建立课程结构，不扩展目录之外的正文细节。
DB_TOP_073,封锁,Topic,数据库系统概论,第12章 并发控制,教材12.3“封锁”的主题内容，作为“第12章 并发控制”下的知识模块。,,3,4,王珊、杜小勇、陈红《数据库系统概论（第6版）》，目录，教材p337（目录PDF页12-15）,12.3 封锁,337,教材目录明确列出“12.3 封锁”。当前上传PDF正文截止第8章，因此该节点仅依据目录建立课程结构，不扩展目录之外的正文细节。
DB_TOP_074,封锁协议,Topic,数据库系统概论,第12章 并发控制,教材12.4“封锁协议”的主题内容，作为“第12章 并发控制”下的知识模块。,,3,4,王珊、杜小勇、陈红《数据库系统概论（第6版）》，目录，教材p338（目录PDF页12-15）,12.4 封锁协议,338,教材目录明确列出“12.4 封锁协议”。当前上传PDF正文截止第8章，因此该节点仅依据目录建立课程结构，不扩展目录之外的正文细节。
DB_TOP_075,活锁和死锁,Topic,数据库系统概论,第12章 并发控制,教材12.5“活锁和死锁”的主题内容，作为“第12章 并发控制”下的知识模块。,,3,4,王珊、杜小勇、陈红《数据库系统概论（第6版）》，目录，教材p340（目录PDF页12-15）,12.5 活锁和死锁,340,教材目录明确列出“12.5 活锁和死锁”。当前上传PDF正文截止第8章，因此该节点仅依据目录建立课程结构，不扩展目录之外的正文细节。
DB_TOP_076,并发调度的可串行性,Topic,数据库系统概论,第12章 并发控制,教材12.6“并发调度的可串行性”的主题内容，作为“第12章 并发控制”下的知识模块。,,3,4,王珊、杜小勇、陈红《数据库系统概论（第6版）》，目录，教材p342（目录PDF页12-15）,12.6 并发调度的可串行性,342,教材目录明确列出“12.6 并发调度的可串行性”。当前上传PDF正文截止第8章，因此该节点仅依据目录建立课程结构，不扩展目录之外的正文细节。
DB_TOP_077,两段锁协议,Topic,数据库系统概论,第12章 并发控制,教材12.7“两段锁协议”的主题内容，作为“第12章 并发控制”下的知识模块。,,3,4,王珊、杜小勇、陈红《数据库系统概论（第6版）》，目录，教材p344（目录PDF页12-15）,12.7 两段锁协议,344,教材目录明确列出“12.7 两段锁协议”。当前上传PDF正文截止第8章，因此该节点仅依据目录建立课程结构，不扩展目录之外的正文细节。
DB_TOP_078,封锁的粒度,Topic,数据库系统概论,第12章 并发控制,教材12.8“封锁的粒度”的主题内容，作为“第12章 并发控制”下的知识模块。,,3,4,王珊、杜小勇、陈红《数据库系统概论（第6版）》，目录，教材p346（目录PDF页12-15）,12.8 封锁的粒度,346,教材目录明确列出“12.8 封锁的粒度”。当前上传PDF正文截止第8章，因此该节点仅依据目录建立课程结构，不扩展目录之外的正文细节。
DB_TOP_079,其他并发控制机制,Topic,数据库系统概论,第12章 并发控制,教材12.9“其他并发控制机制”的主题内容，作为“第12章 并发控制”下的知识模块。,,3,4,王珊、杜小勇、陈红《数据库系统概论（第6版）》，目录，教材p348（目录PDF页12-15）,12.9 其他并发控制机制,348,教材目录明确列出“12.9 其他并发控制机制”。当前上传PDF正文截止第8章，因此该节点仅依据目录建立课程结构，不扩展目录之外的正文细节。
DB_TOP_080,第13章 数据库管理系统概述,Topic,数据库系统概论,第13章 数据库管理系统概述,围绕“数据库管理系统概述”建立本章核心知识体系。,,3,5,王珊、杜小勇、陈红《数据库系统概论（第6版）》，目录，教材p355（目录PDF页12-15）,第13章 数据库管理系统概述,355,教材目录明确列出“第13章 数据库管理系统概述”。当前上传PDF正文截止第8章，因此该节点仅依据目录建立课程结构，不扩展目录之外的正文细节。
DB_TOP_081,数据库管理系统的基本功能,Topic,数据库系统概论,第13章 数据库管理系统概述,教材13.1“数据库管理系统的基本功能”的主题内容，作为“第13章 数据库管理系统概述”下的知识模块。,,3,4,王珊、杜小勇、陈红《数据库系统概论（第6版）》，目录，教材p355（目录PDF页12-15）,13.1 数据库管理系统的基本功能,355,教材目录明确列出“13.1 数据库管理系统的基本功能”。当前上传PDF正文截止第8章，因此该节点仅依据目录建立课程结构，不扩展目录之外的正文细节。
DB_TOP_082,数据库管理系统的系统结构,Topic,数据库系统概论,第13章 数据库管理系统概述,教材13.2“数据库管理系统的系统结构”的主题内容，作为“第13章 数据库管理系统概述”下的知识模块。,,3,4,王珊、杜小勇、陈红《数据库系统概论（第6版）》，目录，教材p356（目录PDF页12-15）,13.2 数据库管理系统的系统结构,356,教材目录明确列出“13.2 数据库管理系统的系统结构”。当前上传PDF正文截止第8章，因此该节点仅依据目录建立课程结构，不扩展目录之外的正文细节。
DB_TOP_083,语言处理层,Topic,数据库系统概论,第13章 数据库管理系统概述,教材13.3“语言处理层”的主题内容，作为“第13章 数据库管理系统概述”下的知识模块。,,3,4,王珊、杜小勇、陈红《数据库系统概论（第6版）》，目录，教材p359（目录PDF页12-15）,13.3 语言处理层,359,教材目录明确列出“13.3 语言处理层”。当前上传PDF正文截止第8章，因此该节点仅依据目录建立课程结构，不扩展目录之外的正文细节。
DB_TOP_084,数据存取层,Topic,数据库系统概论,第13章 数据库管理系统概述,教材13.4“数据存取层”的主题内容，作为“第13章 数据库管理系统概述”下的知识模块。,,3,4,王珊、杜小勇、陈红《数据库系统概论（第6版）》，目录，教材p361（目录PDF页12-15）,13.4 数据存取层,361,教材目录明确列出“13.4 数据存取层”。当前上传PDF正文截止第8章，因此该节点仅依据目录建立课程结构，不扩展目录之外的正文细节。
DB_TOP_085,缓冲区管理,Topic,数据库系统概论,第13章 数据库管理系统概述,教材13.5“缓冲区管理”的主题内容，作为“第13章 数据库管理系统概述”下的知识模块。,,3,4,王珊、杜小勇、陈红《数据库系统概论（第6版）》，目录，教材p365（目录PDF页12-15）,13.5 缓冲区管理,365,教材目录明确列出“13.5 缓冲区管理”。当前上传PDF正文截止第8章，因此该节点仅依据目录建立课程结构，不扩展目录之外的正文细节。
DB_TOP_086,数据库的物理组织,Topic,数据库系统概论,第13章 数据库管理系统概述,教材13.6“数据库的物理组织”的主题内容，作为“第13章 数据库管理系统概述”下的知识模块。,,3,4,王珊、杜小勇、陈红《数据库系统概论（第6版）》，目录，教材p366（目录PDF页12-15）,13.6 数据库的物理组织,366,教材目录明确列出“13.6 数据库的物理组织”。当前上传PDF正文截止第8章，因此该节点仅依据目录建立课程结构，不扩展目录之外的正文细节。
DB_TOP_087,第14章 数据库发展概述,Topic,数据库系统概论,第14章 数据库发展概述,围绕“数据库发展概述”建立本章核心知识体系。,,3,5,王珊、杜小勇、陈红《数据库系统概论（第6版）》，目录，教材p373（目录PDF页12-15）,第14章 数据库发展概述,373,教材目录明确列出“第14章 数据库发展概述”。当前上传PDF正文截止第8章，因此该节点仅依据目录建立课程结构，不扩展目录之外的正文细节。
DB_TOP_088,数据库系统发展概述,Topic,数据库系统概论,第14章 数据库发展概述,教材14.1“数据库系统发展概述”的主题内容，作为“第14章 数据库发展概述”下的知识模块。,,3,4,王珊、杜小勇、陈红《数据库系统概论（第6版）》，目录，教材p373（目录PDF页12-15）,14.1 数据库系统发展概述,373,教材目录明确列出“14.1 数据库系统发展概述”。当前上传PDF正文截止第8章，因此该节点仅依据目录建立课程结构，不扩展目录之外的正文细节。
DB_TOP_089,数据库系统发展简史,Topic,数据库系统概论,第14章 数据库发展概述,教材14.2“数据库系统发展简史”的主题内容，作为“第14章 数据库发展概述”下的知识模块。,,3,4,王珊、杜小勇、陈红《数据库系统概论（第6版）》，目录，教材p375（目录PDF页12-15）,14.2 数据库系统发展简史,375,教材目录明确列出“14.2 数据库系统发展简史”。当前上传PDF正文截止第8章，因此该节点仅依据目录建立课程结构，不扩展目录之外的正文细节。
DB_TOP_090,计算机技术对数据库系统发展的支撑作用,Topic,数据库系统概论,第14章 数据库发展概述,教材14.3“计算机技术对数据库系统发展的支撑作用”的主题内容，作为“第14章 数据库发展概述”下的知识模块。,,3,4,王珊、杜小勇、陈红《数据库系统概论（第6版）》，目录，教材p381（目录PDF页12-15）,14.3 计算机技术对数据库系统发展的支撑作用,381,教材目录明确列出“14.3 计算机技术对数据库系统发展的支撑作用”。当前上传PDF正文截止第8章，因此该节点仅依据目录建立课程结构，不扩展目录之外的正文细节。
DB_TOP_091,数据库发展展望,Topic,数据库系统概论,第14章 数据库发展概述,教材14.4“数据库发展展望”的主题内容，作为“第14章 数据库发展概述”下的知识模块。,,3,4,王珊、杜小勇、陈红《数据库系统概论（第6版）》，目录，教材p385（目录PDF页12-15）,14.4 数据库发展展望,385,教材目录明确列出“14.4 数据库发展展望”。当前上传PDF正文截止第8章，因此该节点仅依据目录建立课程结构，不扩展目录之外的正文细节。
DB_TOP_092,第15章 大数据管理系统,Topic,数据库系统概论,第15章 大数据管理系统,围绕“大数据管理系统”建立本章核心知识体系。,,3,5,王珊、杜小勇、陈红《数据库系统概论（第6版）》，目录，教材p391（目录PDF页12-15）,第15章 大数据管理系统,391,教材目录明确列出“第15章 大数据管理系统”。当前上传PDF正文截止第8章，因此该节点仅依据目录建立课程结构，不扩展目录之外的正文细节。
DB_TOP_093,大数据概述,Topic,数据库系统概论,第15章 大数据管理系统,教材15.1“大数据概述”的主题内容，作为“第15章 大数据管理系统”下的知识模块。,,3,4,王珊、杜小勇、陈红《数据库系统概论（第6版）》，目录，教材p391（目录PDF页12-15）,15.1 大数据概述,391,教材目录明确列出“15.1 大数据概述”。当前上传PDF正文截止第8章，因此该节点仅依据目录建立课程结构，不扩展目录之外的正文细节。
DB_TOP_094,大数据管理系统,Topic,数据库系统概论,第15章 大数据管理系统,教材15.2“大数据管理系统”的主题内容，作为“第15章 大数据管理系统”下的知识模块。,,3,4,王珊、杜小勇、陈红《数据库系统概论（第6版）》，目录，教材p395（目录PDF页12-15）,15.2 大数据管理系统,395,教材目录明确列出“15.2 大数据管理系统”。当前上传PDF正文截止第8章，因此该节点仅依据目录建立课程结构，不扩展目录之外的正文细节。
DB_TOP_095,第16章 数据仓库与联机分析处理,Topic,数据库系统概论,第16章 数据仓库与联机分析处理,围绕“数据仓库与联机分析处理”建立本章核心知识体系。,,3,5,王珊、杜小勇、陈红《数据库系统概论（第6版）》，目录，教材p411（目录PDF页12-15）,第16章 数据仓库与联机分析处理,411,教材目录明确列出“第16章 数据仓库与联机分析处理”。当前上传PDF正文截止第8章，因此该节点仅依据目录建立课程结构，不扩展目录之外的正文细节。
DB_TOP_096,数据仓库技术,Topic,数据库系统概论,第16章 数据仓库与联机分析处理,教材16.1“数据仓库技术”的主题内容，作为“第16章 数据仓库与联机分析处理”下的知识模块。,,3,4,王珊、杜小勇、陈红《数据库系统概论（第6版）》，目录，教材p411（目录PDF页12-15）,16.1 数据仓库技术,411,教材目录明确列出“16.1 数据仓库技术”。当前上传PDF正文截止第8章，因此该节点仅依据目录建立课程结构，不扩展目录之外的正文细节。
DB_TOP_097,联机分析处理技术,Topic,数据库系统概论,第16章 数据仓库与联机分析处理,教材16.2“联机分析处理技术”的主题内容，作为“第16章 数据仓库与联机分析处理”下的知识模块。,,3,4,王珊、杜小勇、陈红《数据库系统概论（第6版）》，目录，教材p414（目录PDF页12-15）,16.2 联机分析处理技术,414,教材目录明确列出“16.2 联机分析处理技术”。当前上传PDF正文截止第8章，因此该节点仅依据目录建立课程结构，不扩展目录之外的正文细节。
DB_TOP_098,混合事务分析处理技术,Topic,数据库系统概论,第16章 数据仓库与联机分析处理,教材16.3“混合事务分析处理技术”的主题内容，作为“第16章 数据仓库与联机分析处理”下的知识模块。,,3,4,王珊、杜小勇、陈红《数据库系统概论（第6版）》，目录，教材p416（目录PDF页12-15）,16.3 混合事务分析处理技术,416,教材目录明确列出“16.3 混合事务分析处理技术”。当前上传PDF正文截止第8章，因此该节点仅依据目录建立课程结构，不扩展目录之外的正文细节。
DB_TOP_099,大数据时代的新型数据仓库,Topic,数据库系统概论,第16章 数据仓库与联机分析处理,教材16.4“大数据时代的新型数据仓库”的主题内容，作为“第16章 数据仓库与联机分析处理”下的知识模块。,,3,4,王珊、杜小勇、陈红《数据库系统概论（第6版）》，目录，教材p418（目录PDF页12-15）,16.4 大数据时代的新型数据仓库,418,教材目录明确列出“16.4 大数据时代的新型数据仓库”。当前上传PDF正文截止第8章，因此该节点仅依据目录建立课程结构，不扩展目录之外的正文细节。
DB_TOP_100,第17章 内存数据库系统,Topic,数据库系统概论,第17章 内存数据库系统,围绕“内存数据库系统”建立本章核心知识体系。,,3,5,王珊、杜小勇、陈红《数据库系统概论（第6版）》，目录，教材p425（目录PDF页12-15）,第17章 内存数据库系统,425,教材目录明确列出“第17章 内存数据库系统”。当前上传PDF正文截止第8章，因此该节点仅依据目录建立课程结构，不扩展目录之外的正文细节。
DB_TOP_101,内存数据库概述,Topic,数据库系统概论,第17章 内存数据库系统,教材17.1“内存数据库概述”的主题内容，作为“第17章 内存数据库系统”下的知识模块。,,3,4,王珊、杜小勇、陈红《数据库系统概论（第6版）》，目录，教材p425（目录PDF页12-15）,17.1 内存数据库概述,425,教材目录明确列出“17.1 内存数据库概述”。当前上传PDF正文截止第8章，因此该节点仅依据目录建立课程结构，不扩展目录之外的正文细节。
DB_TOP_102,新硬件技术推动内存数据库技术发展,Topic,数据库系统概论,第17章 内存数据库系统,教材17.2“新硬件技术推动内存数据库技术发展”的主题内容，作为“第17章 内存数据库系统”下的知识模块。,,3,4,王珊、杜小勇、陈红《数据库系统概论（第6版）》，目录，教材p427（目录PDF页12-15）,17.2 新硬件技术推动内存数据库技术发展,427,教材目录明确列出“17.2 新硬件技术推动内存数据库技术发展”。当前上传PDF正文截止第8章，因此该节点仅依据目录建立课程结构，不扩展目录之外的正文细节。
DB_TOP_103,内存数据库的若干关键实现技术,Topic,数据库系统概论,第17章 内存数据库系统,教材17.3“内存数据库的若干关键实现技术”的主题内容，作为“第17章 内存数据库系统”下的知识模块。,,3,4,王珊、杜小勇、陈红《数据库系统概论（第6版）》，目录，教材p429（目录PDF页12-15）,17.3 内存数据库的若干关键实现技术,429,教材目录明确列出“17.3 内存数据库的若干关键实现技术”。当前上传PDF正文截止第8章，因此该节点仅依据目录建立课程结构，不扩展目录之外的正文细节。
DB_TOP_104,内存数据库的几种实现方案,Topic,数据库系统概论,第17章 内存数据库系统,教材17.4“内存数据库的几种实现方案”的主题内容，作为“第17章 内存数据库系统”下的知识模块。,,3,4,王珊、杜小勇、陈红《数据库系统概论（第6版）》，目录，教材p435（目录PDF页12-15）,17.4 内存数据库的几种实现方案,435,教材目录明确列出“17.4 内存数据库的几种实现方案”。当前上传PDF正文截止第8章，因此该节点仅依据目录建立课程结构，不扩展目录之外的正文细节。
DB_TOP_105,内存数据库前沿技术与展望,Topic,数据库系统概论,第17章 内存数据库系统,教材17.5“内存数据库前沿技术与展望”的主题内容，作为“第17章 内存数据库系统”下的知识模块。,,3,4,王珊、杜小勇、陈红《数据库系统概论（第6版）》，目录，教材p438（目录PDF页12-15）,17.5 内存数据库前沿技术与展望,438,教材目录明确列出“17.5 内存数据库前沿技术与展望”。当前上传PDF正文截止第8章，因此该节点仅依据目录建立课程结构，不扩展目录之外的正文细节。
DB_TOP_106,第18章 区块链与数据库,Topic,数据库系统概论,第18章 区块链与数据库,围绕“区块链与数据库”建立本章核心知识体系。,,3,5,王珊、杜小勇、陈红《数据库系统概论（第6版）》，目录，教材p443（目录PDF页12-15）,第18章 区块链与数据库,443,教材目录明确列出“第18章 区块链与数据库”。当前上传PDF正文截止第8章，因此该节点仅依据目录建立课程结构，不扩展目录之外的正文细节。
DB_TOP_107,区块链的概念与工作原理,Topic,数据库系统概论,第18章 区块链与数据库,教材18.1“区块链的概念与工作原理”的主题内容，作为“第18章 区块链与数据库”下的知识模块。,,3,4,王珊、杜小勇、陈红《数据库系统概论（第6版）》，目录，教材p443（目录PDF页12-15）,18.1 区块链的概念与工作原理,443,教材目录明确列出“18.1 区块链的概念与工作原理”。当前上传PDF正文截止第8章，因此该节点仅依据目录建立课程结构，不扩展目录之外的正文细节。
DB_TOP_108,区块链的发展进程,Topic,数据库系统概论,第18章 区块链与数据库,教材18.2“区块链的发展进程”的主题内容，作为“第18章 区块链与数据库”下的知识模块。,,3,4,王珊、杜小勇、陈红《数据库系统概论（第6版）》，目录，教材p450（目录PDF页12-15）,18.2 区块链的发展进程,450,教材目录明确列出“18.2 区块链的发展进程”。当前上传PDF正文截止第8章，因此该节点仅依据目录建立课程结构，不扩展目录之外的正文细节。
DB_TOP_109,区块链系统的技术架构与关键技术,Topic,数据库系统概论,第18章 区块链与数据库,教材18.3“区块链系统的技术架构与关键技术”的主题内容，作为“第18章 区块链与数据库”下的知识模块。,,3,4,王珊、杜小勇、陈红《数据库系统概论（第6版）》，目录，教材p453（目录PDF页12-15）,18.3 区块链系统的技术架构与关键技术,453,教材目录明确列出“18.3 区块链系统的技术架构与关键技术”。当前上传PDF正文截止第8章，因此该节点仅依据目录建立课程结构，不扩展目录之外的正文细节。
DB_TOP_110,区块链与数据库,Topic,数据库系统概论,第18章 区块链与数据库,教材18.4“区块链与数据库”的主题内容，作为“第18章 区块链与数据库”下的知识模块。,,3,4,王珊、杜小勇、陈红《数据库系统概论（第6版）》，目录，教材p456（目录PDF页12-15）,18.4 区块链与数据库,456,教材目录明确列出“18.4 区块链与数据库”。当前上传PDF正文截止第8章，因此该节点仅依据目录建立课程结构，不扩展目录之外的正文细节。
DB_CON_001,数据,Concept,数据库系统概论,数据库系统概述,对客观事物及其状态、变化的符号记录。,data,2,5,王珊、杜小勇、陈红《数据库系统概论（第6版）》，1.1 数据库系统概述，教材p4,1.1 数据库系统概述,4,教材在“1.1 数据库系统概述”中出现或讲解“数据”；本节点按知识图谱问答需要概括为：对客观事物及其状态、变化的符号记录。
DB_OBJ_001,数据库,ComputingObject,数据库系统概论,数据库系统概述,长期存储在计算机内、有组织且可共享的大量数据的集合。,DB,2,5,王珊、杜小勇、陈红《数据库系统概论（第6版）》，1.1 数据库系统概述，教材p4,1.1 数据库系统概述,4,教材在“1.1 数据库系统概述”中出现或讲解“数据库”；本节点按知识图谱问答需要概括为：长期存储在计算机内、有组织且可共享的大量数据的集合。
DB_OBJ_002,数据库管理系统,ComputingObject,数据库系统概论,数据库系统概述,位于用户与操作系统之间、对数据库进行统一管理和控制的软件系统。,DBMS,3,5,王珊、杜小勇、陈红《数据库系统概论（第6版）》，1.1 数据库系统概述，教材p4,1.1 数据库系统概述,4,教材在“1.1 数据库系统概述”中出现或讲解“数据库管理系统”；本节点按知识图谱问答需要概括为：位于用户与操作系统之间、对数据库进行统一管理和控制的软件系统。
DB_OBJ_003,数据库系统,ComputingObject,数据库系统概论,数据库系统概述,由数据库、数据库管理系统、应用程序和相关人员共同组成的系统。,DBS,3,5,王珊、杜小勇、陈红《数据库系统概论（第6版）》，1.1 数据库系统概述，教材p4,1.1 数据库系统概述,4,教材在“1.1 数据库系统概述”中出现或讲解“数据库系统”；本节点按知识图谱问答需要概括为：由数据库、数据库管理系统、应用程序和相关人员共同组成的系统。
DB_CON_002,数据库管理员,Concept,数据库系统概论,数据库系统概述,负责数据库设计、维护、安全与运行管理的专业角色。,DBA,2,4,王珊、杜小勇、陈红《数据库系统概论（第6版）》，1.1 数据库系统概述，教材p4,1.1 数据库系统概述,4,教材在“1.1 数据库系统概述”中出现或讲解“数据库管理员”；本节点按知识图谱问答需要概括为：负责数据库设计、维护、安全与运行管理的专业角色。
DB_MOD_001,数据模型,Model,数据库系统概论,数据模型,对现实世界数据特征及联系进行抽象和表示的模型。,,3,5,王珊、杜小勇、陈红《数据库系统概论（第6版）》，1.2 数据模型，教材p12,1.2 数据模型,12,教材在“1.2 数据模型”中出现或讲解“数据模型”；本节点按知识图谱问答需要概括为：对现实世界数据特征及联系进行抽象和表示的模型。
DB_MOD_002,概念模型,Model,数据库系统概论,数据模型,面向用户和现实世界、用于描述信息结构的高层数据模型。,,3,5,王珊、杜小勇、陈红《数据库系统概论（第6版）》，1.2 数据模型，教材p12,1.2 数据模型,12,教材在“1.2 数据模型”中出现或讲解“概念模型”；本节点按知识图谱问答需要概括为：面向用户和现实世界、用于描述信息结构的高层数据模型。
DB_MOD_003,E-R模型（概念模型）,Model,数据库系统概论,数据模型,以实体、属性和联系描述现实世界信息结构的概念模型。,实体-联系模型,3,5,王珊、杜小勇、陈红《数据库系统概论（第6版）》，1.2 数据模型，教材p12,1.2 数据模型,12,教材在“1.2 数据模型”中出现或讲解“E-R模型（概念模型）”；本节点按知识图谱问答需要概括为：以实体、属性和联系描述现实世界信息结构的概念模型。
DB_CON_003,数据模型三要素,Concept,数据库系统概论,数据模型,数据结构、数据操作和完整性约束三部分共同构成数据模型。,,3,5,王珊、杜小勇、陈红《数据库系统概论（第6版）》，1.2 数据模型，教材p14,1.2 数据模型,14,教材在“1.2 数据模型”中出现或讲解“数据模型三要素”；本节点按知识图谱问答需要概括为：数据结构、数据操作和完整性约束三部分共同构成数据模型。
DB_MOD_004,关系模型,Model,数据库系统概论,数据模型,以二维表形式的关系组织数据并用关系运算处理数据的模型。,,3,5,王珊、杜小勇、陈红《数据库系统概论（第6版）》，1.2 数据模型，教材p20,1.2 数据模型,20,教材在“1.2 数据模型”中出现或讲解“关系模型”；本节点按知识图谱问答需要概括为：以二维表形式的关系组织数据并用关系运算处理数据的模型。
DB_MOD_005,三级模式结构,Model,数据库系统概论,数据库系统的三级模式结构,数据库系统由外模式、模式和内模式三个层次组织。,,4,5,王珊、杜小勇、陈红《数据库系统概论（第6版）》，1.3 数据库系统的三级模式结构，教材p23,1.3 数据库系统的三级模式结构,23,教材在“1.3 数据库系统的三级模式结构”中出现或讲解“三级模式结构”；本节点按知识图谱问答需要概括为：数据库系统由外模式、模式和内模式三个层次组织。
DB_CON_004,外模式,Concept,数据库系统概论,数据库系统的三级模式结构,数据库用户能够看到和使用的局部数据逻辑结构。,子模式,3,5,王珊、杜小勇、陈红《数据库系统概论（第6版）》，1.3 数据库系统的三级模式结构，教材p23,1.3 数据库系统的三级模式结构,23,教材在“1.3 数据库系统的三级模式结构”中出现或讲解“外模式”；本节点按知识图谱问答需要概括为：数据库用户能够看到和使用的局部数据逻辑结构。
DB_CON_005,模式,Concept,数据库系统概论,数据库系统的三级模式结构,数据库中全体数据的逻辑结构和特征描述。,概念模式,3,5,王珊、杜小勇、陈红《数据库系统概论（第6版）》，1.3 数据库系统的三级模式结构，教材p23,1.3 数据库系统的三级模式结构,23,教材在“1.3 数据库系统的三级模式结构”中出现或讲解“模式”；本节点按知识图谱问答需要概括为：数据库中全体数据的逻辑结构和特征描述。
DB_CON_006,内模式,Concept,数据库系统概论,数据库系统的三级模式结构,数据库物理存储结构和存取方式的描述。,存储模式,3,5,王珊、杜小勇、陈红《数据库系统概论（第6版）》，1.3 数据库系统的三级模式结构，教材p23,1.3 数据库系统的三级模式结构,23,教材在“1.3 数据库系统的三级模式结构”中出现或讲解“内模式”；本节点按知识图谱问答需要概括为：数据库物理存储结构和存取方式的描述。
DB_MEC_001,二级映像,Mechanism,数据库系统概论,数据库系统的三级模式结构,外模式/模式映像和模式/内模式映像用于连接三级模式并支持数据独立性。,,4,5,王珊、杜小勇、陈红《数据库系统概论（第6版）》，1.3 数据库系统的三级模式结构，教材p25,1.3 数据库系统的三级模式结构,25,教材在“1.3 数据库系统的三级模式结构”中出现或讲解“二级映像”；本节点按知识图谱问答需要概括为：外模式/模式映像和模式/内模式映像用于连接三级模式并支持数据独立性。
DB_PRP_001,数据独立性,Property,数据库系统概论,数据库系统的三级模式结构,应用程序和数据的逻辑结构、物理存储之间具有相对独立性。,,4,5,王珊、杜小勇、陈红《数据库系统概论（第6版）》，1.3 数据库系统的三级模式结构，教材p25,1.3 数据库系统的三级模式结构,25,教材在“1.3 数据库系统的三级模式结构”中出现或讲解“数据独立性”；本节点按知识图谱问答需要概括为：应用程序和数据的逻辑结构、物理存储之间具有相对独立性。
DB_CON_007,关系,Concept,数据库系统概论,关系模型的数据结构及形式化定义,关系模型中用二维表表示的一组具有相同属性的元组集合。,,3,5,王珊、杜小勇、陈红《数据库系统概论（第6版）》，2.1 关系模型的数据结构及形式化定义，教材p34,2.1 关系模型的数据结构及形式化定义,34,教材在“2.1 关系模型的数据结构及形式化定义”中出现或讲解“关系”；本节点按知识图谱问答需要概括为：关系模型中用二维表表示的一组具有相同属性的元组集合。
DB_DST_001,元组,DataStructure,数据库系统概论,关系模型的数据结构及形式化定义,关系中的一行，表示一个具体记录。,tuple,2,5,王珊、杜小勇、陈红《数据库系统概论（第6版）》，2.1 关系模型的数据结构及形式化定义，教材p34,2.1 关系模型的数据结构及形式化定义,34,教材在“2.1 关系模型的数据结构及形式化定义”中出现或讲解“元组”；本节点按知识图谱问答需要概括为：关系中的一行，表示一个具体记录。
DB_CON_008,属性,Concept,数据库系统概论,关系模型的数据结构及形式化定义,关系中的一列，用来描述对象某一方面的特征。,attribute,2,5,王珊、杜小勇、陈红《数据库系统概论（第6版）》，2.1 关系模型的数据结构及形式化定义，教材p34,2.1 关系模型的数据结构及形式化定义,34,教材在“2.1 关系模型的数据结构及形式化定义”中出现或讲解“属性”；本节点按知识图谱问答需要概括为：关系中的一列，用来描述对象某一方面的特征。
DB_CON_009,域,Concept,数据库系统概论,关系模型的数据结构及形式化定义,属性允许取值的集合。,domain,2,4,王珊、杜小勇、陈红《数据库系统概论（第6版）》，2.1 关系模型的数据结构及形式化定义，教材p34,2.1 关系模型的数据结构及形式化定义,34,教材在“2.1 关系模型的数据结构及形式化定义”中出现或讲解“域”；本节点按知识图谱问答需要概括为：属性允许取值的集合。
DB_CON_010,候选码,Concept,数据库系统概论,关系模型的数据结构及形式化定义,能唯一标识元组且不存在多余属性的属性组。,candidate key,3,5,王珊、杜小勇、陈红《数据库系统概论（第6版）》，2.1 关系模型的数据结构及形式化定义，教材p34,2.1 关系模型的数据结构及形式化定义,34,教材在“2.1 关系模型的数据结构及形式化定义”中出现或讲解“候选码”；本节点按知识图谱问答需要概括为：能唯一标识元组且不存在多余属性的属性组。
DB_CON_011,主码,Concept,数据库系统概论,关系模型的数据结构及形式化定义,从候选码中选定用来唯一标识元组的码。,primary key,3,5,王珊、杜小勇、陈红《数据库系统概论（第6版）》，2.1 关系模型的数据结构及形式化定义，教材p34,2.1 关系模型的数据结构及形式化定义,34,教材在“2.1 关系模型的数据结构及形式化定义”中出现或讲解“主码”；本节点按知识图谱问答需要概括为：从候选码中选定用来唯一标识元组的码。
DB_CON_012,外码,Concept,数据库系统概论,关系模型的数据结构及形式化定义,一个关系中引用另一个关系主码或候选码的属性组。,foreign key,3,5,王珊、杜小勇、陈红《数据库系统概论（第6版）》，2.1 关系模型的数据结构及形式化定义，教材p34,2.1 关系模型的数据结构及形式化定义,34,教材在“2.1 关系模型的数据结构及形式化定义”中出现或讲解“外码”；本节点按知识图谱问答需要概括为：一个关系中引用另一个关系主码或候选码的属性组。
DB_MOD_006,关系模式,Model,数据库系统概论,关系模型的数据结构及形式化定义,对关系的属性集合、域及数据依赖等结构的形式化描述。,,3,5,王珊、杜小勇、陈红《数据库系统概论（第6版）》，2.1 关系模型的数据结构及形式化定义，教材p37,2.1 关系模型的数据结构及形式化定义,37,教材在“2.1 关系模型的数据结构及形式化定义”中出现或讲解“关系模式”；本节点按知识图谱问答需要概括为：对关系的属性集合、域及数据依赖等结构的形式化描述。
DB_OBJ_004,关系数据库,ComputingObject,数据库系统概论,关系模型的数据结构及形式化定义,由若干关系模式及其关系实例构成的数据库。,,3,5,王珊、杜小勇、陈红《数据库系统概论（第6版）》，2.1 关系模型的数据结构及形式化定义，教材p39,2.1 关系模型的数据结构及形式化定义,39,教材在“2.1 关系模型的数据结构及形式化定义”中出现或讲解“关系数据库”；本节点按知识图谱问答需要概括为：由若干关系模式及其关系实例构成的数据库。
DB_PRP_002,实体完整性,Property,数据库系统概论,关系的完整性,主码的各个属性不能取空值，用以保证实体可唯一标识。,,3,5,王珊、杜小勇、陈红《数据库系统概论（第6版）》，2.3 关系的完整性，教材p42,2.3 关系的完整性,42,教材在“2.3 关系的完整性”中出现或讲解“实体完整性”；本节点按知识图谱问答需要概括为：主码的各个属性不能取空值，用以保证实体可唯一标识。
DB_PRP_003,参照完整性,Property,数据库系统概论,关系的完整性,外码取值必须为空或等于被参照关系中的某个码值。,,4,5,王珊、杜小勇、陈红《数据库系统概论（第6版）》，2.3 关系的完整性，教材p43,2.3 关系的完整性,43,教材在“2.3 关系的完整性”中出现或讲解“参照完整性”；本节点按知识图谱问答需要概括为：外码取值必须为空或等于被参照关系中的某个码值。
DB_PRP_004,用户定义完整性,Property,数据库系统概论,关系的完整性,根据具体应用语义对属性或元组施加的约束。,,3,4,王珊、杜小勇、陈红《数据库系统概论（第6版）》，2.3 关系的完整性，教材p45,2.3 关系的完整性,45,教材在“2.3 关系的完整性”中出现或讲解“用户定义完整性”；本节点按知识图谱问答需要概括为：根据具体应用语义对属性或元组施加的约束。
DB_MOD_007,关系代数,Model,数据库系统概论,关系代数,以关系为运算对象、结果仍为关系的过程化查询语言体系。,,4,5,王珊、杜小勇、陈红《数据库系统概论（第6版）》，2.4 关系代数，教材p45,2.4 关系代数,45,教材在“2.4 关系代数”中出现或讲解“关系代数”；本节点按知识图谱问答需要概括为：以关系为运算对象、结果仍为关系的过程化查询语言体系。
DB_OPE_001,选择运算,Operation,数据库系统概论,关系代数,从关系中筛选满足给定条件的元组。,selection,3,5,王珊、杜小勇、陈红《数据库系统概论（第6版）》，2.4 关系代数，教材p46,2.4 关系代数,46,教材在“2.4 关系代数”中出现或讲解“选择运算”；本节点按知识图谱问答需要概括为：从关系中筛选满足给定条件的元组。
DB_OPE_002,投影运算,Operation,数据库系统概论,关系代数,从关系中选取指定属性列并消除重复元组。,projection,3,5,王珊、杜小勇、陈红《数据库系统概论（第6版）》，2.4 关系代数，教材p46,2.4 关系代数,46,教材在“2.4 关系代数”中出现或讲解“投影运算”；本节点按知识图谱问答需要概括为：从关系中选取指定属性列并消除重复元组。
DB_OPE_003,连接运算,Operation,数据库系统概论,关系代数,按照相关属性上的条件把两个关系的元组组合起来。,join,4,5,王珊、杜小勇、陈红《数据库系统概论（第6版）》，2.4 关系代数，教材p46,2.4 关系代数,46,教材在“2.4 关系代数”中出现或讲解“连接运算”；本节点按知识图谱问答需要概括为：按照相关属性上的条件把两个关系的元组组合起来。
DB_OPE_004,除运算,Operation,数据库系统概论,关系代数,用于表达“对所有”语义的一种专门关系运算。,division,4,4,王珊、杜小勇、陈红《数据库系统概论（第6版）》，2.4 关系代数，教材p46,2.4 关系代数,46,教材在“2.4 关系代数”中出现或讲解“除运算”；本节点按知识图谱问答需要概括为：用于表达“对所有”语义的一种专门关系运算。
DB_MOD_008,元组关系演算,Model,数据库系统概论,关系演算,以元组变量为基本对象描述查询条件的非过程化关系演算。,ALPHA,4,4,王珊、杜小勇、陈红《数据库系统概论（第6版）》，2.5 关系演算，教材p53,2.5 关系演算,53,教材在“2.5 关系演算”中出现或讲解“元组关系演算”；本节点按知识图谱问答需要概括为：以元组变量为基本对象描述查询条件的非过程化关系演算。
DB_MOD_009,域关系演算,Model,数据库系统概论,关系演算,以域变量为基本对象描述查询条件的非过程化关系演算。,QBE相关基础,4,4,王珊、杜小勇、陈红《数据库系统概论（第6版）》，2.5 关系演算，教材p58,2.5 关系演算,58,教材在“2.5 关系演算”中出现或讲解“域关系演算”；本节点按知识图谱问答需要概括为：以域变量为基本对象描述查询条件的非过程化关系演算。
DB_SYN_001,SQL,SyntaxElement,数据库系统概论,SQL概述,关系数据库的标准语言，集数据定义、查询、更新和控制等功能于一体。,Structured Query Language,3,5,王珊、杜小勇、陈红《数据库系统概论（第6版）》，3.1 SQL概述，教材p67,3.1 SQL概述,67,教材在“3.1 SQL概述”中出现或讲解“SQL”；本节点按知识图谱问答需要概括为：关系数据库的标准语言，集数据定义、查询、更新和控制等功能于一体。
DB_SYN_002,CREATE TABLE,SyntaxElement,数据库系统概论,数据定义,用于创建基本表并定义列、数据类型及完整性约束的SQL语句。,,3,5,王珊、杜小勇、陈红《数据库系统概论（第6版）》，3.2 数据定义，教材p73,3.2 数据定义,73,教材在“3.2 数据定义”中出现或讲解“CREATE TABLE”；本节点按知识图谱问答需要概括为：用于创建基本表并定义列、数据类型及完整性约束的SQL语句。
DB_SYN_003,ALTER TABLE,SyntaxElement,数据库系统概论,数据定义,用于修改基本表结构的SQL语句。,,3,4,王珊、杜小勇、陈红《数据库系统概论（第6版）》，3.2 数据定义，教材p73,3.2 数据定义,73,教材在“3.2 数据定义”中出现或讲解“ALTER TABLE”；本节点按知识图谱问答需要概括为：用于修改基本表结构的SQL语句。
DB_SYN_004,DROP TABLE,SyntaxElement,数据库系统概论,数据定义,用于删除基本表定义及相关对象的SQL语句。,,2,4,王珊、杜小勇、陈红《数据库系统概论（第6版）》，3.2 数据定义，教材p73,3.2 数据定义,73,教材在“3.2 数据定义”中出现或讲解“DROP TABLE”；本节点按知识图谱问答需要概括为：用于删除基本表定义及相关对象的SQL语句。
DB_DST_002,索引,DataStructure,数据库系统概论,数据定义,为提高数据检索效率而建立的辅助存取结构。,index,3,5,王珊、杜小勇、陈红《数据库系统概论（第6版）》，3.2 数据定义，教材p78,3.2 数据定义,78,教材在“3.2 数据定义”中出现或讲解“索引”；本节点按知识图谱问答需要概括为：为提高数据检索效率而建立的辅助存取结构。
DB_DST_003,数据字典,DataStructure,数据库系统概论,数据定义,记录数据库模式、对象定义和系统元数据的系统目录。,catalog,3,4,王珊、杜小勇、陈红《数据库系统概论（第6版）》，3.2 数据定义，教材p80,3.2 数据定义,80,教材在“3.2 数据定义”中出现或讲解“数据字典”；本节点按知识图谱问答需要概括为：记录数据库模式、对象定义和系统元数据的系统目录。
DB_SYN_005,SELECT,SyntaxElement,数据库系统概论,数据查询,SQL中用于从一个或多个表中检索数据的查询语句。,,3,5,王珊、杜小勇、陈红《数据库系统概论（第6版）》，3.3 数据查询，教材p81,3.3 数据查询,81,教材在“3.3 数据查询”中出现或讲解“SELECT”；本节点按知识图谱问答需要概括为：SQL中用于从一个或多个表中检索数据的查询语句。
DB_SYN_006,WHERE子句,SyntaxElement,数据库系统概论,数据查询,用于限定查询结果中元组应满足条件的子句。,WHERE,2,5,王珊、杜小勇、陈红《数据库系统概论（第6版）》，3.3 数据查询，教材p81,3.3 数据查询,81,教材在“3.3 数据查询”中出现或讲解“WHERE子句”；本节点按知识图谱问答需要概括为：用于限定查询结果中元组应满足条件的子句。
DB_SYN_007,GROUP BY子句,SyntaxElement,数据库系统概论,数据查询,按指定列对查询结果进行分组以支持分组统计。,GROUP BY,3,5,王珊、杜小勇、陈红《数据库系统概论（第6版）》，3.3 数据查询，教材p81,3.3 数据查询,81,教材在“3.3 数据查询”中出现或讲解“GROUP BY子句”；本节点按知识图谱问答需要概括为：按指定列对查询结果进行分组以支持分组统计。
DB_SYN_008,HAVING子句,SyntaxElement,数据库系统概论,数据查询,对分组后的结果进行条件筛选的子句。,HAVING,3,4,王珊、杜小勇、陈红《数据库系统概论（第6版）》，3.3 数据查询，教材p81,3.3 数据查询,81,教材在“3.3 数据查询”中出现或讲解“HAVING子句”；本节点按知识图谱问答需要概括为：对分组后的结果进行条件筛选的子句。
DB_SYN_009,ORDER BY子句,SyntaxElement,数据库系统概论,数据查询,按指定列对查询结果进行排序的子句。,ORDER BY,2,4,王珊、杜小勇、陈红《数据库系统概论（第6版）》，3.3 数据查询，教材p81,3.3 数据查询,81,教材在“3.3 数据查询”中出现或讲解“ORDER BY子句”；本节点按知识图谱问答需要概括为：按指定列对查询结果进行排序的子句。
DB_OPE_005,聚集函数,Operation,数据库系统概论,数据查询,对一组元组计算COUNT、SUM、AVG、MAX、MIN等统计值的函数。,aggregate function,3,5,王珊、杜小勇、陈红《数据库系统概论（第6版）》，3.3 数据查询，教材p81,3.3 数据查询,81,教材在“3.3 数据查询”中出现或讲解“聚集函数”；本节点按知识图谱问答需要概括为：对一组元组计算COUNT、SUM、AVG、MAX、MIN等统计值的函数。
DB_MEC_002,连接查询,Mechanism,数据库系统概论,数据查询,通过连接条件把多个关系中的相关元组组合为查询结果。,join query,4,5,王珊、杜小勇、陈红《数据库系统概论（第6版）》，3.3 数据查询，教材p91,3.3 数据查询,91,教材在“3.3 数据查询”中出现或讲解“连接查询”；本节点按知识图谱问答需要概括为：通过连接条件把多个关系中的相关元组组合为查询结果。
DB_MEC_003,嵌套查询,Mechanism,数据库系统概论,数据查询,在一个查询块的条件或表达式中嵌入另一个SELECT查询。,subquery,4,5,王珊、杜小勇、陈红《数据库系统概论（第6版）》，3.3 数据查询，教材p96,3.3 数据查询,96,教材在“3.3 数据查询”中出现或讲解“嵌套查询”；本节点按知识图谱问答需要概括为：在一个查询块的条件或表达式中嵌入另一个SELECT查询。
DB_SYN_010,EXISTS谓词,SyntaxElement,数据库系统概论,数据查询,通过判断子查询结果是否非空表达存在量词语义。,EXISTS,4,4,王珊、杜小勇、陈红《数据库系统概论（第6版）》，3.3 数据查询，教材p96,3.3 数据查询,96,教材在“3.3 数据查询”中出现或讲解“EXISTS谓词”；本节点按知识图谱问答需要概括为：通过判断子查询结果是否非空表达存在量词语义。
DB_OPE_006,集合查询,Operation,数据库系统概论,数据查询,利用UNION、INTERSECT、EXCEPT等集合操作组合查询结果。,,4,4,王珊、杜小勇、陈红《数据库系统概论（第6版）》，3.3 数据查询，教材p105,3.3 数据查询,105,教材在“3.3 数据查询”中出现或讲解“集合查询”；本节点按知识图谱问答需要概括为：利用UNION、INTERSECT、EXCEPT等集合操作组合查询结果。
DB_SYN_011,INSERT,SyntaxElement,数据库系统概论,数据更新,向基本表中插入新元组的SQL语句。,,2,5,王珊、杜小勇、陈红《数据库系统概论（第6版）》，3.4 数据更新，教材p108,3.4 数据更新,108,教材在“3.4 数据更新”中出现或讲解“INSERT”；本节点按知识图谱问答需要概括为：向基本表中插入新元组的SQL语句。
DB_SYN_012,UPDATE,SyntaxElement,数据库系统概论,数据更新,修改表中满足条件元组属性值的SQL语句。,,2,5,王珊、杜小勇、陈红《数据库系统概论（第6版）》，3.4 数据更新，教材p109,3.4 数据更新,109,教材在“3.4 数据更新”中出现或讲解“UPDATE”；本节点按知识图谱问答需要概括为：修改表中满足条件元组属性值的SQL语句。
DB_SYN_013,DELETE,SyntaxElement,数据库系统概论,数据更新,删除表中满足条件元组的SQL语句。,,2,5,王珊、杜小勇、陈红《数据库系统概论（第6版）》，3.4 数据更新，教材p110,3.4 数据更新,110,教材在“3.4 数据更新”中出现或讲解“DELETE”；本节点按知识图谱问答需要概括为：删除表中满足条件元组的SQL语句。
DB_CON_013,NULL,Concept,数据库系统概论,空值的处理,表示未知、不存在或暂时无法确定的数据值。,空值,3,5,王珊、杜小勇、陈红《数据库系统概论（第6版）》，3.5 空值的处理，教材p111,3.5 空值的处理,111,教材在“3.5 空值的处理”中出现或讲解“NULL”；本节点按知识图谱问答需要概括为：表示未知、不存在或暂时无法确定的数据值。
DB_MOD_010,视图,Model,数据库系统概论,视图,由一个或多个基本表或其他视图导出的虚表。,view,3,5,王珊、杜小勇、陈红《数据库系统概论（第6版）》，3.6 视图，教材p114,3.6 视图,114,教材在“3.6 视图”中出现或讲解“视图”；本节点按知识图谱问答需要概括为：由一个或多个基本表或其他视图导出的虚表。
DB_PRP_005,数据库安全性,Property,数据库系统概论,数据库安全性概述,保护数据库免受非法使用、泄露、篡改和破坏的能力。,,3,5,王珊、杜小勇、陈红《数据库系统概论（第6版）》，4.1 数据库安全性概述，教材p127,4.1 数据库安全性概述,127,教材在“4.1 数据库安全性概述”中出现或讲解“数据库安全性”；本节点按知识图谱问答需要概括为：保护数据库免受非法使用、泄露、篡改和破坏的能力。
DB_MEC_004,用户身份鉴别,Mechanism,数据库系统概论,数据库安全性控制,在用户访问数据库前确认其身份真实性的安全机制。,authentication,3,5,王珊、杜小勇、陈红《数据库系统概论（第6版）》，4.2 数据库安全性控制，教材p132,4.2 数据库安全性控制,132,教材在“4.2 数据库安全性控制”中出现或讲解“用户身份鉴别”；本节点按知识图谱问答需要概括为：在用户访问数据库前确认其身份真实性的安全机制。
DB_MEC_005,存取控制,Mechanism,数据库系统概论,数据库安全性控制,根据授权规则限制主体对数据库对象执行操作的机制。,access control,4,5,王珊、杜小勇、陈红《数据库系统概论（第6版）》，4.2 数据库安全性控制，教材p133,4.2 数据库安全性控制,133,教材在“4.2 数据库安全性控制”中出现或讲解“存取控制”；本节点按知识图谱问答需要概括为：根据授权规则限制主体对数据库对象执行操作的机制。
DB_MEC_006,自主存取控制,Mechanism,数据库系统概论,数据库安全性控制,由对象拥有者自主决定访问权限并可进行授权传播的控制机制。,DAC,4,5,王珊、杜小勇、陈红《数据库系统概论（第6版）》，4.2 数据库安全性控制，教材p134,4.2 数据库安全性控制,134,教材在“4.2 数据库安全性控制”中出现或讲解“自主存取控制”；本节点按知识图谱问答需要概括为：由对象拥有者自主决定访问权限并可进行授权传播的控制机制。
DB_MEC_007,强制存取控制,Mechanism,数据库系统概论,数据库安全性控制,按照主体许可级别和客体密级实施强制访问限制的机制。,MAC,5,4,王珊、杜小勇、陈红《数据库系统概论（第6版）》，4.2 数据库安全性控制，教材p141,4.2 数据库安全性控制,141,教材在“4.2 数据库安全性控制”中出现或讲解“强制存取控制”；本节点按知识图谱问答需要概括为：按照主体许可级别和客体密级实施强制访问限制的机制。
DB_OPE_007,授权,Operation,数据库系统概论,数据库安全性控制,将特定数据库对象上的操作权限授予用户或角色。,authorization,3,5,王珊、杜小勇、陈红《数据库系统概论（第6版）》，4.2 数据库安全性控制，教材p135,4.2 数据库安全性控制,135,教材在“4.2 数据库安全性控制”中出现或讲解“授权”；本节点按知识图谱问答需要概括为：将特定数据库对象上的操作权限授予用户或角色。
DB_SYN_014,GRANT,SyntaxElement,数据库系统概论,数据库安全性控制,用于授予数据库权限的SQL语句。,,3,5,王珊、杜小勇、陈红《数据库系统概论（第6版）》，4.2 数据库安全性控制，教材p135,4.2 数据库安全性控制,135,教材在“4.2 数据库安全性控制”中出现或讲解“GRANT”；本节点按知识图谱问答需要概括为：用于授予数据库权限的SQL语句。
DB_SYN_015,REVOKE,SyntaxElement,数据库系统概论,数据库安全性控制,用于收回已经授予数据库权限的SQL语句。,,3,5,王珊、杜小勇、陈红《数据库系统概论（第6版）》，4.2 数据库安全性控制，教材p135,4.2 数据库安全性控制,135,教材在“4.2 数据库安全性控制”中出现或讲解“REVOKE”；本节点按知识图谱问答需要概括为：用于收回已经授予数据库权限的SQL语句。
DB_CON_014,数据库角色,Concept,数据库系统概论,数据库安全性控制,一组数据库权限的命名集合，可整体授予用户。,role,3,4,王珊、杜小勇、陈红《数据库系统概论（第6版）》，4.2 数据库安全性控制，教材p139,4.2 数据库安全性控制,139,教材在“4.2 数据库安全性控制”中出现或讲解“数据库角色”；本节点按知识图谱问答需要概括为：一组数据库权限的命名集合，可整体授予用户。
DB_CON_015,主体,Concept,数据库系统概论,数据库安全性控制,发起数据库访问请求的用户、进程等主动实体。,subject,3,4,王珊、杜小勇、陈红《数据库系统概论（第6版）》，4.2 数据库安全性控制，教材p141,4.2 数据库安全性控制,141,教材在“4.2 数据库安全性控制”中出现或讲解“主体”；本节点按知识图谱问答需要概括为：发起数据库访问请求的用户、进程等主动实体。
DB_CON_016,客体,Concept,数据库系统概论,数据库安全性控制,被访问和保护的数据库对象。,object,3,4,王珊、杜小勇、陈红《数据库系统概论（第6版）》，4.2 数据库安全性控制，教材p141,4.2 数据库安全性控制,141,教材在“4.2 数据库安全性控制”中出现或讲解“客体”；本节点按知识图谱问答需要概括为：被访问和保护的数据库对象。
DB_PRP_006,安全级别,Property,数据库系统概论,数据库安全性控制,强制存取控制中用于标识主体许可级别和客体密级的等级。,,4,4,王珊、杜小勇、陈红《数据库系统概论（第6版）》，4.2 数据库安全性控制，教材p141,4.2 数据库安全性控制,141,教材在“4.2 数据库安全性控制”中出现或讲解“安全级别”；本节点按知识图谱问答需要概括为：强制存取控制中用于标识主体许可级别和客体密级的等级。
DB_MEC_008,安全视图,Mechanism,数据库系统概论,视图机制,通过视图只暴露用户被允许看到的数据，实现间接安全控制。,,3,4,王珊、杜小勇、陈红《数据库系统概论（第6版）》，4.3 视图机制，教材p142,4.3 视图机制,142,教材在“4.3 视图机制”中出现或讲解“安全视图”；本节点按知识图谱问答需要概括为：通过视图只暴露用户被允许看到的数据，实现间接安全控制。
DB_MEC_009,数据库审计,Mechanism,数据库系统概论,审计,记录并检查数据库访问和操作行为以追踪安全事件的机制。,audit,4,4,王珊、杜小勇、陈红《数据库系统概论（第6版）》，4.4 审计，教材p143,4.4 审计,143,教材在“4.4 审计”中出现或讲解“数据库审计”；本节点按知识图谱问答需要概括为：记录并检查数据库访问和操作行为以追踪安全事件的机制。
DB_MEC_010,数据加密,Mechanism,数据库系统概论,数据加密,通过密码变换保护数据库中数据存储和传输机密性的技术。,encryption,4,4,王珊、杜小勇、陈红《数据库系统概论（第6版）》，4.5 数据加密，教材p145,4.5 数据加密,145,教材在“4.5 数据加密”中出现或讲解“数据加密”；本节点按知识图谱问答需要概括为：通过密码变换保护数据库中数据存储和传输机密性的技术。
DB_PRP_007,完整性约束,Property,数据库系统概论,数据库完整性概述,保证数据库中数据正确、有效并符合业务语义的约束规则。,,3,5,王珊、杜小勇、陈红《数据库系统概论（第6版）》，5.1 数据库完整性概述，教材p151,5.1 数据库完整性概述,151,教材在“5.1 数据库完整性概述”中出现或讲解“完整性约束”；本节点按知识图谱问答需要概括为：保证数据库中数据正确、有效并符合业务语义的约束规则。
DB_PRP_008,实体完整性约束,Property,数据库系统概论,实体完整性,要求关系的主码非空并能够唯一标识元组的完整性规则。,,3,5,王珊、杜小勇、陈红《数据库系统概论（第6版）》，5.2 实体完整性，教材p152,5.2 实体完整性,152,教材在“5.2 实体完整性”中出现或讲解“实体完整性约束”；本节点按知识图谱问答需要概括为：要求关系的主码非空并能够唯一标识元组的完整性规则。
DB_PRP_009,参照完整性约束,Property,数据库系统概论,参照完整性,要求外码与被参照关系码值保持一致的完整性规则。,,4,5,王珊、杜小勇、陈红《数据库系统概论（第6版）》，5.3 参照完整性，教材p155,5.3 参照完整性,155,教材在“5.3 参照完整性”中出现或讲解“参照完整性约束”；本节点按知识图谱问答需要概括为：要求外码与被参照关系码值保持一致的完整性规则。
DB_PRP_010,用户定义完整性约束,Property,数据库系统概论,用户定义的完整性,根据具体应用语义定义属性或元组取值范围的约束。,,3,5,王珊、杜小勇、陈红《数据库系统概论（第6版）》，5.4 用户定义的完整性，教材p157,5.4 用户定义的完整性,157,教材在“5.4 用户定义的完整性”中出现或讲解“用户定义完整性约束”；本节点按知识图谱问答需要概括为：根据具体应用语义定义属性或元组取值范围的约束。
DB_SYN_016,PRIMARY KEY约束,SyntaxElement,数据库系统概论,实体完整性,在SQL中声明主码并由DBMS实施实体完整性的约束。,PRIMARY KEY,2,5,王珊、杜小勇、陈红《数据库系统概论（第6版）》，5.2 实体完整性，教材p152,5.2 实体完整性,152,教材在“5.2 实体完整性”中出现或讲解“PRIMARY KEY约束”；本节点按知识图谱问答需要概括为：在SQL中声明主码并由DBMS实施实体完整性的约束。
DB_SYN_017,FOREIGN KEY约束,SyntaxElement,数据库系统概论,参照完整性,在SQL中声明外码和参照关系的约束。,FOREIGN KEY,3,5,王珊、杜小勇、陈红《数据库系统概论（第6版）》，5.3 参照完整性，教材p155,5.3 参照完整性,155,教材在“5.3 参照完整性”中出现或讲解“FOREIGN KEY约束”；本节点按知识图谱问答需要概括为：在SQL中声明外码和参照关系的约束。
DB_SYN_018,NOT NULL约束,SyntaxElement,数据库系统概论,用户定义的完整性,限定列值不能为空的SQL完整性约束。,NOT NULL,2,4,王珊、杜小勇、陈红《数据库系统概论（第6版）》，5.4 用户定义的完整性，教材p158,5.4 用户定义的完整性,158,教材在“5.4 用户定义的完整性”中出现或讲解“NOT NULL约束”；本节点按知识图谱问答需要概括为：限定列值不能为空的SQL完整性约束。
DB_SYN_019,UNIQUE约束,SyntaxElement,数据库系统概论,用户定义的完整性,要求指定列或列组取值唯一的SQL约束。,UNIQUE,2,4,王珊、杜小勇、陈红《数据库系统概论（第6版）》，5.4 用户定义的完整性，教材p158,5.4 用户定义的完整性,158,教材在“5.4 用户定义的完整性”中出现或讲解“UNIQUE约束”；本节点按知识图谱问答需要概括为：要求指定列或列组取值唯一的SQL约束。
DB_SYN_020,CHECK约束,SyntaxElement,数据库系统概论,用户定义的完整性,用布尔条件限定属性或元组必须满足的业务规则。,CHECK,3,5,王珊、杜小勇、陈红《数据库系统概论（第6版）》，5.4 用户定义的完整性，教材p158,5.4 用户定义的完整性,158,教材在“5.4 用户定义的完整性”中出现或讲解“CHECK约束”；本节点按知识图谱问答需要概括为：用布尔条件限定属性或元组必须满足的业务规则。
DB_SYN_021,CONSTRAINT子句,SyntaxElement,数据库系统概论,完整性约束命名子句,给完整性约束指定名称以便后续管理和修改的SQL子句。,CONSTRAINT,3,4,王珊、杜小勇、陈红《数据库系统概论（第6版）》，5.5 完整性约束命名子句，教材p160,5.5 完整性约束命名子句,160,教材在“5.5 完整性约束命名子句”中出现或讲解“CONSTRAINT子句”；本节点按知识图谱问答需要概括为：给完整性约束指定名称以便后续管理和修改的SQL子句。
DB_PRP_011,域完整性,Property,数据库系统概论,域完整性限制,约束属性值必须满足其数据类型、取值范围等域规则。,,3,4,王珊、杜小勇、陈红《数据库系统概论（第6版）》，5.6 域完整性限制，教材p161,5.6 域完整性限制,161,教材在“5.6 域完整性限制”中出现或讲解“域完整性”；本节点按知识图谱问答需要概括为：约束属性值必须满足其数据类型、取值范围等域规则。
DB_MEC_011,断言,Mechanism,数据库系统概论,域完整性限制,用ASSERTION形式描述跨表或复杂全局完整性条件的机制。,ASSERTION,4,3,王珊、杜小勇、陈红《数据库系统概论（第6版）》，5.6 域完整性限制，教材p161,5.6 域完整性限制,161,教材在“5.6 域完整性限制”中出现或讲解“断言”；本节点按知识图谱问答需要概括为：用ASSERTION形式描述跨表或复杂全局完整性条件的机制。
DB_MEC_012,触发器,Mechanism,数据库系统概论,触发器,由指定数据库事件自动激活并执行预定义动作的数据库对象。,trigger,4,5,王珊、杜小勇、陈红《数据库系统概论（第6版）》，5.7 触发器，教材p162,5.7 触发器,162,教材在“5.7 触发器”中出现或讲解“触发器”；本节点按知识图谱问答需要概括为：由指定数据库事件自动激活并执行预定义动作的数据库对象。
DB_CON_017,触发事件,Concept,数据库系统概论,触发器,导致触发器被激活的INSERT、UPDATE、DELETE等数据库事件。,,3,4,王珊、杜小勇、陈红《数据库系统概论（第6版）》，5.7 触发器，教材p162,5.7 触发器,162,教材在“5.7 触发器”中出现或讲解“触发事件”；本节点按知识图谱问答需要概括为：导致触发器被激活的INSERT、UPDATE、DELETE等数据库事件。
DB_CON_018,触发条件,Concept,数据库系统概论,触发器,触发器执行动作前需要判断的条件。,,3,4,王珊、杜小勇、陈红《数据库系统概论（第6版）》，5.7 触发器，教材p162,5.7 触发器,162,教材在“5.7 触发器”中出现或讲解“触发条件”；本节点按知识图谱问答需要概括为：触发器执行动作前需要判断的条件。
DB_OPE_008,触发动作,Operation,数据库系统概论,触发器,触发器被激活并满足条件后自动执行的数据库操作。,,3,4,王珊、杜小勇、陈红《数据库系统概论（第6版）》，5.7 触发器，教材p162,5.7 触发器,162,教材在“5.7 触发器”中出现或讲解“触发动作”；本节点按知识图谱问答需要概括为：触发器被激活并满足条件后自动执行的数据库操作。
DB_MEC_013,级联处理,Mechanism,数据库系统概论,参照完整性,参照关系变化时通过CASCADE等策略自动传播相关更新或删除。,CASCADE,4,4,王珊、杜小勇、陈红《数据库系统概论（第6版）》，5.3 参照完整性，教材p155,5.3 参照完整性,155,教材在“5.3 参照完整性”中出现或讲解“级联处理”；本节点按知识图谱问答需要概括为：参照关系变化时通过CASCADE等策略自动传播相关更新或删除。
DB_CON_019,函数依赖,Concept,数据库系统概论,规范化,关系模式中属性集之间存在的确定性依赖关系。,FD,4,5,王珊、杜小勇、陈红《数据库系统概论（第6版）》，6.2 规范化，教材p174,6.2 规范化,174,教材在“6.2 规范化”中出现或讲解“函数依赖”；本节点按知识图谱问答需要概括为：关系模式中属性集之间存在的确定性依赖关系。
DB_CON_020,非平凡函数依赖,Concept,数据库系统概论,规范化,右部属性集不是左部属性集子集的函数依赖。,,4,4,王珊、杜小勇、陈红《数据库系统概论（第6版）》，6.2 规范化，教材p174,6.2 规范化,174,教材在“6.2 规范化”中出现或讲解“非平凡函数依赖”；本节点按知识图谱问答需要概括为：右部属性集不是左部属性集子集的函数依赖。
DB_CON_021,完全函数依赖,Concept,数据库系统概论,规范化,属性集Y依赖于X且不依赖X的任何真子集。,,4,5,王珊、杜小勇、陈红《数据库系统概论（第6版）》，6.2 规范化，教材p174,6.2 规范化,174,教材在“6.2 规范化”中出现或讲解“完全函数依赖”；本节点按知识图谱问答需要概括为：属性集Y依赖于X且不依赖X的任何真子集。
DB_CON_022,部分函数依赖,Concept,数据库系统概论,规范化,属性对复合决定因素的某个真子集已经存在函数依赖。,,4,5,王珊、杜小勇、陈红《数据库系统概论（第6版）》，6.2 规范化，教材p174,6.2 规范化,174,教材在“6.2 规范化”中出现或讲解“部分函数依赖”；本节点按知识图谱问答需要概括为：属性对复合决定因素的某个真子集已经存在函数依赖。
DB_CON_023,传递函数依赖,Concept,数据库系统概论,规范化,通过中间属性形成的间接函数依赖。,,4,5,王珊、杜小勇、陈红《数据库系统概论（第6版）》，6.2 规范化，教材p174,6.2 规范化,174,教材在“6.2 规范化”中出现或讲解“传递函数依赖”；本节点按知识图谱问答需要概括为：通过中间属性形成的间接函数依赖。
DB_CON_024,超码,Concept,数据库系统概论,规范化,能够唯一标识关系中元组的属性或属性组。,superkey,3,4,王珊、杜小勇、陈红《数据库系统概论（第6版）》，6.2 规范化，教材p176,6.2 规范化,176,教材在“6.2 规范化”中出现或讲解“超码”；本节点按知识图谱问答需要概括为：能够唯一标识关系中元组的属性或属性组。
DB_CON_025,规范化候选码,Concept,数据库系统概论,规范化,不含多余属性且能唯一标识元组的最小超码。,candidate key,4,5,王珊、杜小勇、陈红《数据库系统概论（第6版）》，6.2 规范化，教材p176,6.2 规范化,176,教材在“6.2 规范化”中出现或讲解“规范化候选码”；本节点按知识图谱问答需要概括为：不含多余属性且能唯一标识元组的最小超码。
DB_CON_026,主属性,Concept,数据库系统概论,规范化,包含在任一候选码中的属性。,prime attribute,3,4,王珊、杜小勇、陈红《数据库系统概论（第6版）》，6.2 规范化，教材p176,6.2 规范化,176,教材在“6.2 规范化”中出现或讲解“主属性”；本节点按知识图谱问答需要概括为：包含在任一候选码中的属性。
DB_CON_027,非主属性,Concept,数据库系统概论,规范化,不属于任何候选码的属性。,non-prime attribute,3,4,王珊、杜小勇、陈红《数据库系统概论（第6版）》，6.2 规范化，教材p176,6.2 规范化,176,教材在“6.2 规范化”中出现或讲解“非主属性”；本节点按知识图谱问答需要概括为：不属于任何候选码的属性。
DB_PRP_012,第一范式,Property,数据库系统概论,规范化,关系模式的每个属性值均为不可再分的原子值。,1NF,3,5,王珊、杜小勇、陈红《数据库系统概论（第6版）》，6.2 规范化，教材p176,6.2 规范化,176,教材在“6.2 规范化”中出现或讲解“第一范式”；本节点按知识图谱问答需要概括为：关系模式的每个属性值均为不可再分的原子值。
DB_PRP_013,第二范式,Property,数据库系统概论,规范化,在1NF基础上消除非主属性对码的部分函数依赖。,2NF,4,5,王珊、杜小勇、陈红《数据库系统概论（第6版）》，6.2 规范化，教材p177,6.2 规范化,177,教材在“6.2 规范化”中出现或讲解“第二范式”；本节点按知识图谱问答需要概括为：在1NF基础上消除非主属性对码的部分函数依赖。
DB_PRP_014,第三范式,Property,数据库系统概论,规范化,在2NF基础上进一步消除非主属性对码的传递依赖。,3NF,4,5,王珊、杜小勇、陈红《数据库系统概论（第6版）》，6.2 规范化，教材p178,6.2 规范化,178,教材在“6.2 规范化”中出现或讲解“第三范式”；本节点按知识图谱问答需要概括为：在2NF基础上进一步消除非主属性对码的传递依赖。
DB_PRP_015,BCNF,Property,数据库系统概论,规范化,每个非平凡函数依赖的决定因素都包含候选码的更严格范式。,Boyce-Codd NF,5,5,王珊、杜小勇、陈红《数据库系统概论（第6版）》，6.2 规范化，教材p179,6.2 规范化,179,教材在“6.2 规范化”中出现或讲解“BCNF”；本节点按知识图谱问答需要概括为：每个非平凡函数依赖的决定因素都包含候选码的更严格范式。
DB_CON_028,多值依赖,Concept,数据库系统概论,规范化,描述关系中一组属性值在给定另一组属性时相互独立变化的依赖。,MVD,5,4,王珊、杜小勇、陈红《数据库系统概论（第6版）》，6.2 规范化，教材p180,6.2 规范化,180,教材在“6.2 规范化”中出现或讲解“多值依赖”；本节点按知识图谱问答需要概括为：描述关系中一组属性值在给定另一组属性时相互独立变化的依赖。
DB_PRP_016,第四范式,Property,数据库系统概论,规范化,用于消除非平凡多值依赖引起冗余的范式。,4NF,5,4,王珊、杜小勇、陈红《数据库系统概论（第6版）》，6.2 规范化，教材p183,6.2 规范化,183,教材在“6.2 规范化”中出现或讲解“第四范式”；本节点按知识图谱问答需要概括为：用于消除非平凡多值依赖引起冗余的范式。
DB_ALG_001,规范化,Algorithm,数据库系统概论,规范化,依据函数依赖等规则逐步把关系模式转换为更高范式的设计过程。,normalization,4,5,王珊、杜小勇、陈红《数据库系统概论（第6版）》，6.2 规范化，教材p174,6.2 规范化,174,教材在“6.2 规范化”中出现或讲解“规范化”；本节点按知识图谱问答需要概括为：依据函数依赖等规则逐步把关系模式转换为更高范式的设计过程。
DB_MEC_014,Armstrong公理系统,Mechanism,数据库系统概论,数据依赖的公理系统,用于从已知函数依赖推导其他函数依赖的一组完备推理规则。,,5,5,王珊、杜小勇、陈红《数据库系统概论（第6版）》，6.3 数据依赖的公理系统，教材p185,6.3 数据依赖的公理系统,185,教材在“6.3 数据依赖的公理系统”中出现或讲解“Armstrong公理系统”；本节点按知识图谱问答需要概括为：用于从已知函数依赖推导其他函数依赖的一组完备推理规则。
DB_ALG_002,属性闭包,Algorithm,数据库系统概论,数据依赖的公理系统,在给定函数依赖集下求属性集能够函数确定的全部属性。,attribute closure,4,5,王珊、杜小勇、陈红《数据库系统概论（第6版）》，6.3 数据依赖的公理系统，教材p185,6.3 数据依赖的公理系统,185,教材在“6.3 数据依赖的公理系统”中出现或讲解“属性闭包”；本节点按知识图谱问答需要概括为：在给定函数依赖集下求属性集能够函数确定的全部属性。
DB_ALG_003,模式分解,Algorithm,数据库系统概论,保持函数依赖的模式分解,把一个关系模式拆分为多个较小关系模式的过程。,decomposition,4,5,王珊、杜小勇、陈红《数据库系统概论（第6版）》，6.4 保持函数依赖的模式分解，教材p189,6.4 保持函数依赖的模式分解,189,教材在“6.4 保持函数依赖的模式分解”中出现或讲解“模式分解”；本节点按知识图谱问答需要概括为：把一个关系模式拆分为多个较小关系模式的过程。
DB_PRP_017,保持函数依赖,Property,数据库系统概论,保持函数依赖的模式分解,分解后各子模式上的依赖能够推出原关系模式的函数依赖。,,5,5,王珊、杜小勇、陈红《数据库系统概论（第6版）》，6.4 保持函数依赖的模式分解，教材p189,6.4 保持函数依赖的模式分解,189,教材在“6.4 保持函数依赖的模式分解”中出现或讲解“保持函数依赖”；本节点按知识图谱问答需要概括为：分解后各子模式上的依赖能够推出原关系模式的函数依赖。
DB_PRP_018,无损连接,Property,数据库系统概论,无损连接的模式分解,分解后的关系自然连接能够无信息损失地恢复原关系。,lossless join,5,5,王珊、杜小勇、陈红《数据库系统概论（第6版）》，6.5 无损连接的模式分解，教材p191,6.5 无损连接的模式分解,191,教材在“6.5 无损连接的模式分解”中出现或讲解“无损连接”；本节点按知识图谱问答需要概括为：分解后的关系自然连接能够无信息损失地恢复原关系。
DB_ALG_004,数据库设计,Algorithm,数据库系统概论,数据库设计概述,根据应用需求设计数据库结构、存取方法并完成实施维护的系统过程。,,4,5,王珊、杜小勇、陈红《数据库系统概论（第6版）》，7.1 数据库设计概述，教材p201,7.1 数据库设计概述,201,教材在“7.1 数据库设计概述”中出现或讲解“数据库设计”；本节点按知识图谱问答需要概括为：根据应用需求设计数据库结构、存取方法并完成实施维护的系统过程。
DB_ALG_005,需求分析,Algorithm,数据库系统概论,需求分析,调查并分析用户的数据需求、处理需求和安全完整性要求。,,3,5,王珊、杜小勇、陈红《数据库系统概论（第6版）》，7.2 需求分析，教材p207,7.2 需求分析,207,教材在“7.2 需求分析”中出现或讲解“需求分析”；本节点按知识图谱问答需要概括为：调查并分析用户的数据需求、处理需求和安全完整性要求。
DB_DST_004,数据字典（设计）,DataStructure,数据库系统概论,需求分析,在需求分析阶段记录数据项、数据结构、数据流、数据存储和处理等定义的文档集合。,,3,5,王珊、杜小勇、陈红《数据库系统概论（第6版）》，7.2 需求分析，教材p209,7.2 需求分析,209,教材在“7.2 需求分析”中出现或讲解“数据字典（设计）”；本节点按知识图谱问答需要概括为：在需求分析阶段记录数据项、数据结构、数据流、数据存储和处理等定义的文档集合。
DB_ALG_006,概念结构设计,Algorithm,数据库系统概论,概念结构设计,把用户需求抽象为独立于具体DBMS的概念模型。,,4,5,王珊、杜小勇、陈红《数据库系统概论（第6版）》，7.3 概念结构设计，教材p211,7.3 概念结构设计,211,教材在“7.3 概念结构设计”中出现或讲解“概念结构设计”；本节点按知识图谱问答需要概括为：把用户需求抽象为独立于具体DBMS的概念模型。
DB_MOD_011,E-R图,Model,数据库系统概论,概念结构设计,用实体型、属性和联系图形化表示概念结构的模型。,实体-联系图,3,5,王珊、杜小勇、陈红《数据库系统概论（第6版）》，7.3 概念结构设计，教材p211,7.3 概念结构设计,211,教材在“7.3 概念结构设计”中出现或讲解“E-R图”；本节点按知识图谱问答需要概括为：用实体型、属性和联系图形化表示概念结构的模型。
DB_CON_029,实体型,Concept,数据库系统概论,概念结构设计,具有相同属性的一类实体的抽象描述。,entity type,3,4,王珊、杜小勇、陈红《数据库系统概论（第6版）》，7.3 概念结构设计，教材p211,7.3 概念结构设计,211,教材在“7.3 概念结构设计”中出现或讲解“实体型”；本节点按知识图谱问答需要概括为：具有相同属性的一类实体的抽象描述。
DB_CON_030,联系,Concept,数据库系统概论,概念结构设计,实体型之间在现实世界中存在的关联。,relationship,3,5,王珊、杜小勇、陈红《数据库系统概论（第6版）》，7.3 概念结构设计，教材p211,7.3 概念结构设计,211,教材在“7.3 概念结构设计”中出现或讲解“联系”；本节点按知识图谱问答需要概括为：实体型之间在现实世界中存在的关联。
DB_CON_031,一对一联系,Concept,数据库系统概论,概念结构设计,一个实体至多与另一实体集中的一个实体发生联系。,1:1,2,4,王珊、杜小勇、陈红《数据库系统概论（第6版）》，7.3 概念结构设计，教材p211,7.3 概念结构设计,211,教材在“7.3 概念结构设计”中出现或讲解“一对一联系”；本节点按知识图谱问答需要概括为：一个实体至多与另一实体集中的一个实体发生联系。
DB_CON_032,一对多联系,Concept,数据库系统概论,概念结构设计,一方一个实体可对应多方多个实体，而多方实体至多对应一方一个实体。,1:n,2,5,王珊、杜小勇、陈红《数据库系统概论（第6版）》，7.3 概念结构设计，教材p211,7.3 概念结构设计,211,教材在“7.3 概念结构设计”中出现或讲解“一对多联系”；本节点按知识图谱问答需要概括为：一方一个实体可对应多方多个实体，而多方实体至多对应一方一个实体。
DB_CON_033,多对多联系,Concept,数据库系统概论,概念结构设计,两个实体集中的实体都可能与对方多个实体发生联系。,m:n,3,5,王珊、杜小勇、陈红《数据库系统概论（第6版）》，7.3 概念结构设计，教材p211,7.3 概念结构设计,211,教材在“7.3 概念结构设计”中出现或讲解“多对多联系”；本节点按知识图谱问答需要概括为：两个实体集中的实体都可能与对方多个实体发生联系。
DB_MOD_012,扩展E-R模型,Model,数据库系统概论,概念结构设计,在基本E-R模型上加入子类、超类等语义结构的扩展模型。,EER,4,4,王珊、杜小勇、陈红《数据库系统概论（第6版）》，7.3 概念结构设计，教材p215,7.3 概念结构设计,215,教材在“7.3 概念结构设计”中出现或讲解“扩展E-R模型”；本节点按知识图谱问答需要概括为：在基本E-R模型上加入子类、超类等语义结构的扩展模型。
DB_ALG_007,逻辑结构设计,Algorithm,数据库系统概论,逻辑结构设计,把概念模型转换为具体DBMS支持的数据模型并进行优化。,,4,5,王珊、杜小勇、陈红《数据库系统概论（第6版）》，7.4 逻辑结构设计，教材p228,7.4 逻辑结构设计,228,教材在“7.4 逻辑结构设计”中出现或讲解“逻辑结构设计”；本节点按知识图谱问答需要概括为：把概念模型转换为具体DBMS支持的数据模型并进行优化。
DB_ALG_008,E-R图向关系模型转换,Algorithm,数据库系统概论,逻辑结构设计,将实体型、属性和各种联系映射为关系模式的规则过程。,,4,5,王珊、杜小勇、陈红《数据库系统概论（第6版）》，7.4 逻辑结构设计，教材p229,7.4 逻辑结构设计,229,教材在“7.4 逻辑结构设计”中出现或讲解“E-R图向关系模型转换”；本节点按知识图谱问答需要概括为：将实体型、属性和各种联系映射为关系模式的规则过程。
DB_ALG_009,物理结构设计,Algorithm,数据库系统概论,物理结构设计,为数据库选择存储结构、存取方法并评价物理方案。,,4,4,王珊、杜小勇、陈红《数据库系统概论（第6版）》，7.5 物理结构设计，教材p232,7.5 物理结构设计,232,教材在“7.5 物理结构设计”中出现或讲解“物理结构设计”；本节点按知识图谱问答需要概括为：为数据库选择存储结构、存取方法并评价物理方案。
DB_MEC_015,存取方法,Mechanism,数据库系统概论,物理结构设计,为关系选择索引、聚簇等数据访问方式以满足性能需求。,,4,4,王珊、杜小勇、陈红《数据库系统概论（第6版）》，7.5 物理结构设计，教材p233,7.5 物理结构设计,233,教材在“7.5 物理结构设计”中出现或讲解“存取方法”；本节点按知识图谱问答需要概括为：为关系选择索引、聚簇等数据访问方式以满足性能需求。
DB_OPE_009,数据库实施,Operation,数据库系统概论,数据库的实施和维护,建立数据库结构、装载数据、编写和调试应用程序并投入试运行。,,3,4,王珊、杜小勇、陈红《数据库系统概论（第6版）》，7.6 数据库的实施和维护，教材p236,7.6 数据库的实施和维护,236,教材在“7.6 数据库的实施和维护”中出现或讲解“数据库实施”；本节点按知识图谱问答需要概括为：建立数据库结构、装载数据、编写和调试应用程序并投入试运行。
DB_OPE_010,数据库试运行,Operation,数据库系统概论,数据库的实施和维护,在正式运行前对数据库系统功能与性能进行实际运行验证。,,3,4,王珊、杜小勇、陈红《数据库系统概论（第6版）》，7.6 数据库的实施和维护，教材p236,7.6 数据库的实施和维护,236,教材在“7.6 数据库的实施和维护”中出现或讲解“数据库试运行”；本节点按知识图谱问答需要概括为：在正式运行前对数据库系统功能与性能进行实际运行验证。
DB_OPE_011,数据库维护,Operation,数据库系统概论,数据库的实施和维护,数据库投入运行后进行转储、恢复、重组织、性能监测和安全维护等工作。,,3,5,王珊、杜小勇、陈红《数据库系统概论（第6版）》，7.6 数据库的实施和维护，教材p237,7.6 数据库的实施和维护,237,教材在“7.6 数据库的实施和维护”中出现或讲解“数据库维护”；本节点按知识图谱问答需要概括为：数据库投入运行后进行转储、恢复、重组织、性能监测和安全维护等工作。
DB_CON_034,扩展SQL,Concept,数据库系统概论,数据库编程概述,在标准SQL基础上补充递归查询、过程化能力等高级功能的SQL扩展。,,4,4,王珊、杜小勇、陈红《数据库系统概论（第6版）》，8.1 概述，教材p241,8.1 概述,241,教材在“8.1 概述”中出现或讲解“扩展SQL”；本节点按知识图谱问答需要概括为：在标准SQL基础上补充递归查询、过程化能力等高级功能的SQL扩展。
DB_SYN_022,过程化SQL,SyntaxElement,数据库系统概论,过程化SQL,在SQL中加入变量、控制结构、游标和存储过程等过程化编程能力。,PL/SQL类语言,4,5,王珊、杜小勇、陈红《数据库系统概论（第6版）》，8.2 过程化SQL，教材p250,8.2 过程化SQL,250,教材在“8.2 过程化SQL”中出现或讲解“过程化SQL”；本节点按知识图谱问答需要概括为：在SQL中加入变量、控制结构、游标和存储过程等过程化编程能力。
DB_DST_005,过程化SQL块,DataStructure,数据库系统概论,过程化SQL,由声明部分、执行部分和异常处理等组成的过程化SQL程序单元。,block,3,4,王珊、杜小勇、陈红《数据库系统概论（第6版）》，8.2 过程化SQL，教材p250,8.2 过程化SQL,250,教材在“8.2 过程化SQL”中出现或讲解“过程化SQL块”；本节点按知识图谱问答需要概括为：由声明部分、执行部分和异常处理等组成的过程化SQL程序单元。
DB_CON_035,变量和常量,Concept,数据库系统概论,过程化SQL,在过程化SQL执行期间保存和引用数据值的命名对象。,,2,4,王珊、杜小勇、陈红《数据库系统概论（第6版）》，8.2 过程化SQL，教材p251,8.2 过程化SQL,251,教材在“8.2 过程化SQL”中出现或讲解“变量和常量”；本节点按知识图谱问答需要概括为：在过程化SQL执行期间保存和引用数据值的命名对象。
DB_OPE_012,条件分支,Operation,数据库系统概论,过程化SQL,通过IF等语句根据条件选择不同执行路径。,IF,3,4,王珊、杜小勇、陈红《数据库系统概论（第6版）》，8.2 过程化SQL，教材p251,8.2 过程化SQL,251,教材在“8.2 过程化SQL”中出现或讲解“条件分支”；本节点按知识图谱问答需要概括为：通过IF等语句根据条件选择不同执行路径。
DB_OPE_013,循环控制,Operation,数据库系统概论,过程化SQL,通过LOOP、WHILE、FOR等结构重复执行语句。,loop,3,4,王珊、杜小勇、陈红《数据库系统概论（第6版）》，8.2 过程化SQL，教材p251,8.2 过程化SQL,251,教材在“8.2 过程化SQL”中出现或讲解“循环控制”；本节点按知识图谱问答需要概括为：通过LOOP、WHILE、FOR等结构重复执行语句。
DB_MEC_016,游标,Mechanism,数据库系统概论,过程化SQL,用于逐行定位和处理查询结果集的数据库编程机制。,cursor,4,5,王珊、杜小勇、陈红《数据库系统概论（第6版）》，8.2 过程化SQL，教材p253,8.2 过程化SQL,253,教材在“8.2 过程化SQL”中出现或讲解“游标”；本节点按知识图谱问答需要概括为：用于逐行定位和处理查询结果集的数据库编程机制。
DB_MEC_017,存储过程,Mechanism,数据库系统概论,过程化SQL,存储在数据库服务器端、可被调用执行的一组过程化SQL语句。,stored procedure,4,5,王珊、杜小勇、陈红《数据库系统概论（第6版）》，8.2 过程化SQL，教材p254,8.2 过程化SQL,254,教材在“8.2 过程化SQL”中出现或讲解“存储过程”；本节点按知识图谱问答需要概括为：存储在数据库服务器端、可被调用执行的一组过程化SQL语句。
DB_PRT_001,JDBC,Protocol,数据库系统概论,JDBC编程,Java程序访问关系数据库的标准数据库连接接口。,Java Database Connectivity,3,5,王珊、杜小勇、陈红《数据库系统概论（第6版）》，8.3 JDBC编程，教材p257,8.3 JDBC编程,257,教材在“8.3 JDBC编程”中出现或讲解“JDBC”；本节点按知识图谱问答需要概括为：Java程序访问关系数据库的标准数据库连接接口。
DB_MEC_018,JDBC驱动程序,Mechanism,数据库系统概论,JDBC编程,实现JDBC接口并负责把Java数据库调用转换为具体数据库协议的组件。,JDBC Driver,3,5,王珊、杜小勇、陈红《数据库系统概论（第6版）》，8.3 JDBC编程，教材p257,8.3 JDBC编程,257,教材在“8.3 JDBC编程”中出现或讲解“JDBC驱动程序”；本节点按知识图谱问答需要概括为：实现JDBC接口并负责把Java数据库调用转换为具体数据库协议的组件。
DB_OBJ_005,Connection对象,ComputingObject,数据库系统概论,JDBC编程,表示Java应用程序与数据库之间的一次连接会话。,Connection,3,4,王珊、杜小勇、陈红《数据库系统概论（第6版）》，8.3 JDBC编程，教材p259,8.3 JDBC编程,259,教材在“8.3 JDBC编程”中出现或讲解“Connection对象”；本节点按知识图谱问答需要概括为：表示Java应用程序与数据库之间的一次连接会话。
DB_OBJ_006,Statement对象,ComputingObject,数据库系统概论,JDBC编程,用于向数据库发送SQL语句并执行的JDBC对象。,Statement,3,5,王珊、杜小勇、陈红《数据库系统概论（第6版）》，8.3 JDBC编程，教材p259,8.3 JDBC编程,259,教材在“8.3 JDBC编程”中出现或讲解“Statement对象”；本节点按知识图谱问答需要概括为：用于向数据库发送SQL语句并执行的JDBC对象。
DB_OBJ_007,ResultSet对象,ComputingObject,数据库系统概论,JDBC编程,封装SQL查询返回的结果集并提供逐行访问能力的JDBC对象。,ResultSet,3,5,王珊、杜小勇、陈红《数据库系统概论（第6版）》，8.3 JDBC编程，教材p259,8.3 JDBC编程,259,教材在“8.3 JDBC编程”中出现或讲解“ResultSet对象”；本节点按知识图谱问答需要概括为：封装SQL查询返回的结果集并提供逐行访问能力的JDBC对象。
DB_MOD_013,MVC框架,Model,数据库系统概论,基于MVC框架的数据库应用开发,把应用划分为模型、视图和控制器三部分的分层开发模式。,Model-View-Controller,3,4,王珊、杜小勇、陈红《数据库系统概论（第6版）》，8.4 基于MVC框架的数据库应用开发，教材p266,8.4 基于MVC框架的数据库应用开发,266,教材在“8.4 基于MVC框架的数据库应用开发”中出现或讲解“MVC框架”；本节点按知识图谱问答需要概括为：把应用划分为模型、视图和控制器三部分的分层开发模式。
DB_MOD_014,模型层,Model,数据库系统概论,基于MVC框架的数据库应用开发,MVC中负责业务数据、业务逻辑以及数据库交互的部分。,Model,3,4,王珊、杜小勇、陈红《数据库系统概论（第6版）》，8.4 基于MVC框架的数据库应用开发，教材p266,8.4 基于MVC框架的数据库应用开发,266,教材在“8.4 基于MVC框架的数据库应用开发”中出现或讲解“模型层”；本节点按知识图谱问答需要概括为：MVC中负责业务数据、业务逻辑以及数据库交互的部分。
DB_MOD_015,视图层,Model,数据库系统概论,基于MVC框架的数据库应用开发,MVC中负责用户界面和结果展示的部分。,View,2,4,王珊、杜小勇、陈红《数据库系统概论（第6版）》，8.4 基于MVC框架的数据库应用开发，教材p266,8.4 基于MVC框架的数据库应用开发,266,教材在“8.4 基于MVC框架的数据库应用开发”中出现或讲解“视图层”；本节点按知识图谱问答需要概括为：MVC中负责用户界面和结果展示的部分。
DB_MOD_016,控制器层,Model,数据库系统概论,基于MVC框架的数据库应用开发,MVC中负责接收请求、调用业务逻辑并选择视图的部分。,Controller,3,4,王珊、杜小勇、陈红《数据库系统概论（第6版）》，8.4 基于MVC框架的数据库应用开发，教材p266,8.4 基于MVC框架的数据库应用开发,266,教材在“8.4 基于MVC框架的数据库应用开发”中出现或讲解“控制器层”；本节点按知识图谱问答需要概括为：MVC中负责接收请求、调用业务逻辑并选择视图的部分。
DE_CRS_001,数字电子技术,Course,数字电子技术,,研究数字系统中数制与编码、逻辑代数、门电路、组合与时序逻辑、脉冲电路以及数模/模数转换的基础课程。,"数字电子技术基础,数电",3,5,阎石《数字电子技术基础（第六版）》，书名页，PDF页2,书名页,2,教材书名页标明《数字电子技术基础（第六版）》；本课程节点按项目命名为“数字电子技术”，并以“数字电子技术基础、数电”作为别名。
DE_TOP_001,第1章 数制和码制,Topic,数字电子技术,第1章 数制和码制,围绕数制和码制建立本章核心知识体系。,,3,5,阎石《数字电子技术基础（第六版）》，第1章 数制和码制，教材p4（PDF页26）,第1章 数制和码制,4,教材在“第1章 数制和码制”中围绕“第1章 数制和码制”展开相关内容；本节点按知识图谱问答需要概括为：围绕数制和码制建立本章核心知识体系。
DE_TOP_002,数制和码制概述,Topic,数字电子技术,第1章 数制和码制,教材1.1 概述对“第1章 数制和码制”的基本内容和学习范围作总体说明。,,3,4,阎石《数字电子技术基础（第六版）》，1.1 概述，教材p4（PDF页26）,1.1 概述,4,教材在“1.1 概述”中概述“第1章 数制和码制”的基本内容；本节点用于组织该章概览。
DE_TOP_003,几种常用的数制,Topic,数字电子技术,第1章 数制和码制,教材1.2 几种常用的数制的主题内容，作为“第1章 数制和码制”下的知识模块。,,3,4,阎石《数字电子技术基础（第六版）》，1.2 几种常用的数制，教材p4（PDF页26）,1.2 几种常用的数制,4,教材在“1.2 几种常用的数制”中围绕“几种常用的数制”展开相关内容；本节点按知识图谱问答需要概括为：教材1.2 几种常用的数制的主题内容，作为“第1章 数制和码制”下的知识模块。
DE_TOP_004,不同数制间的转换,Topic,数字电子技术,第1章 数制和码制,教材1.3 不同数制间的转换的主题内容，作为“第1章 数制和码制”下的知识模块。,,3,4,阎石《数字电子技术基础（第六版）》，1.3 不同数制间的转换，教材p6（PDF页28）,1.3 不同数制间的转换,6,教材在“1.3 不同数制间的转换”中围绕“不同数制间的转换”展开相关内容；本节点按知识图谱问答需要概括为：教材1.3 不同数制间的转换的主题内容，作为“第1章 数制和码制”下的知识模块。
DE_TOP_005,二进制算术运算,Topic,数字电子技术,第1章 数制和码制,教材1.4 二进制算术运算的主题内容，作为“第1章 数制和码制”下的知识模块。,,3,4,阎石《数字电子技术基础（第六版）》，1.4 二进制算术运算，教材p9（PDF页31）,1.4 二进制算术运算,9,教材在“1.4 二进制算术运算”中围绕“二进制算术运算”展开相关内容；本节点按知识图谱问答需要概括为：教材1.4 二进制算术运算的主题内容，作为“第1章 数制和码制”下的知识模块。
DE_TOP_006,几种常用的编码,Topic,数字电子技术,第1章 数制和码制,教材1.5 几种常用的编码的主题内容，作为“第1章 数制和码制”下的知识模块。,,3,4,阎石《数字电子技术基础（第六版）》，1.5 几种常用的编码，教材p13（PDF页35）,1.5 几种常用的编码,13,教材在“1.5 几种常用的编码”中围绕“几种常用的编码”展开相关内容；本节点按知识图谱问答需要概括为：教材1.5 几种常用的编码的主题内容，作为“第1章 数制和码制”下的知识模块。
DE_TOP_007,第2章 逻辑代数基础,Topic,数字电子技术,第2章 逻辑代数基础,围绕逻辑代数基础建立本章核心知识体系。,,3,5,阎石《数字电子技术基础（第六版）》，第2章 逻辑代数基础，教材p20（PDF页42）,第2章 逻辑代数基础,20,教材在“第2章 逻辑代数基础”中围绕“第2章 逻辑代数基础”展开相关内容；本节点按知识图谱问答需要概括为：围绕逻辑代数基础建立本章核心知识体系。
DE_TOP_008,逻辑代数概述,Topic,数字电子技术,第2章 逻辑代数基础,教材2.1 概述对“第2章 逻辑代数基础”的基本内容和学习范围作总体说明。,,3,4,阎石《数字电子技术基础（第六版）》，2.1 概述，教材p20（PDF页42）,2.1 概述,20,教材在“2.1 概述”中概述“第2章 逻辑代数基础”的基本内容；本节点用于组织该章概览。
DE_TOP_009,逻辑代数中的三种基本运算,Topic,数字电子技术,第2章 逻辑代数基础,教材2.2 逻辑代数中的三种基本运算的主题内容，作为“第2章 逻辑代数基础”下的知识模块。,,3,4,阎石《数字电子技术基础（第六版）》，2.2 逻辑代数中的三种基本运算，教材p20（PDF页42）,2.2 逻辑代数中的三种基本运算,20,教材在“2.2 逻辑代数中的三种基本运算”中围绕“逻辑代数中的三种基本运算”展开相关内容；本节点按知识图谱问答需要概括为：教材2.2 逻辑代数中的三种基本运算的主题内容，作为“第2章 逻辑代数基础”下的知识模块。
DE_TOP_010,逻辑代数的基本公式和常用公式,Topic,数字电子技术,第2章 逻辑代数基础,教材2.3 逻辑代数的基本公式和常用公式的主题内容，作为“第2章 逻辑代数基础”下的知识模块。,,3,4,阎石《数字电子技术基础（第六版）》，2.3 逻辑代数的基本公式和常用公式，教材p24（PDF页46）,2.3 逻辑代数的基本公式和常用公式,24,教材在“2.3 逻辑代数的基本公式和常用公式”中围绕“逻辑代数的基本公式和常用公式”展开相关内容；本节点按知识图谱问答需要概括为：教材2.3 逻辑代数的基本公式和常用公式的主题内容，作为“第2章 逻辑代数基础”下的知识模块。
DE_TOP_011,逻辑代数的基本定理,Topic,数字电子技术,第2章 逻辑代数基础,教材2.4 逻辑代数的基本定理的主题内容，作为“第2章 逻辑代数基础”下的知识模块。,,3,4,阎石《数字电子技术基础（第六版）》，2.4 逻辑代数的基本定理，教材p27（PDF页49）,2.4 逻辑代数的基本定理,27,教材在“2.4 逻辑代数的基本定理”中围绕“逻辑代数的基本定理”展开相关内容；本节点按知识图谱问答需要概括为：教材2.4 逻辑代数的基本定理的主题内容，作为“第2章 逻辑代数基础”下的知识模块。
DE_TOP_012,逻辑函数及其描述方法,Topic,数字电子技术,第2章 逻辑代数基础,教材2.5 逻辑函数及其描述方法的主题内容，作为“第2章 逻辑代数基础”下的知识模块。,,3,4,阎石《数字电子技术基础（第六版）》，2.5 逻辑函数及其描述方法，教材p29（PDF页51）,2.5 逻辑函数及其描述方法,29,教材在“2.5 逻辑函数及其描述方法”中围绕“逻辑函数及其描述方法”展开相关内容；本节点按知识图谱问答需要概括为：教材2.5 逻辑函数及其描述方法的主题内容，作为“第2章 逻辑代数基础”下的知识模块。
DE_TOP_013,逻辑函数的化简方法,Topic,数字电子技术,第2章 逻辑代数基础,教材2.6 逻辑函数的化简方法的主题内容，作为“第2章 逻辑代数基础”下的知识模块。,,3,4,阎石《数字电子技术基础（第六版）》，2.6 逻辑函数的化简方法，教材p37（PDF页59）,2.6 逻辑函数的化简方法,37,教材在“2.6 逻辑函数的化简方法”中围绕“逻辑函数的化简方法”展开相关内容；本节点按知识图谱问答需要概括为：教材2.6 逻辑函数的化简方法的主题内容，作为“第2章 逻辑代数基础”下的知识模块。
DE_TOP_014,具有无关项的逻辑函数及其化简,Topic,数字电子技术,第2章 逻辑代数基础,教材2.7 具有无关项的逻辑函数及其化简的主题内容，作为“第2章 逻辑代数基础”下的知识模块。,,3,4,阎石《数字电子技术基础（第六版）》，2.7 具有无关项的逻辑函数及其化简，教材p47（PDF页69）,2.7 具有无关项的逻辑函数及其化简,47,教材在“2.7 具有无关项的逻辑函数及其化简”中围绕“具有无关项的逻辑函数及其化简”展开相关内容；本节点按知识图谱问答需要概括为：教材2.7 具有无关项的逻辑函数及其化简的主题内容，作为“第2章 逻辑代数基础”下的知识模块。
DE_TOP_015,多输出逻辑函数的化简,Topic,数字电子技术,第2章 逻辑代数基础,教材2.8 多输出逻辑函数的化简的主题内容，作为“第2章 逻辑代数基础”下的知识模块。,,3,4,阎石《数字电子技术基础（第六版）》，2.8 多输出逻辑函数的化简，教材p50（PDF页72）,2.8 多输出逻辑函数的化简,50,教材在“2.8 多输出逻辑函数的化简”中围绕“多输出逻辑函数的化简”展开相关内容；本节点按知识图谱问答需要概括为：教材2.8 多输出逻辑函数的化简的主题内容，作为“第2章 逻辑代数基础”下的知识模块。
DE_TOP_016,逻辑函数形式的变换,Topic,数字电子技术,第2章 逻辑代数基础,教材2.9 逻辑函数形式的变换的主题内容，作为“第2章 逻辑代数基础”下的知识模块。,,3,4,阎石《数字电子技术基础（第六版）》，2.9 逻辑函数形式的变换，教材p52（PDF页74）,2.9 逻辑函数形式的变换,52,教材在“2.9 逻辑函数形式的变换”中围绕“逻辑函数形式的变换”展开相关内容；本节点按知识图谱问答需要概括为：教材2.9 逻辑函数形式的变换的主题内容，作为“第2章 逻辑代数基础”下的知识模块。
DE_TOP_017,第3章 门电路,Topic,数字电子技术,第3章 门电路,围绕门电路建立本章核心知识体系。,,4,5,阎石《数字电子技术基础（第六版）》，第3章 门电路，教材p62（PDF页84）,第3章 门电路,62,教材在“第3章 门电路”中围绕“第3章 门电路”展开相关内容；本节点按知识图谱问答需要概括为：围绕门电路建立本章核心知识体系。
DE_TOP_018,门电路概述,Topic,数字电子技术,第3章 门电路,教材3.1 概述对“第3章 门电路”的基本内容和学习范围作总体说明。,,3,4,阎石《数字电子技术基础（第六版）》，3.1 概述，教材p62（PDF页84）,3.1 概述,62,教材在“3.1 概述”中概述“第3章 门电路”的基本内容；本节点用于组织该章概览。
DE_TOP_019,半导体二极管门电路,Topic,数字电子技术,第3章 门电路,教材3.2 半导体二极管门电路的主题内容，作为“第3章 门电路”下的知识模块。,,3,4,阎石《数字电子技术基础（第六版）》，3.2 半导体二极管门电路，教材p64（PDF页86）,3.2 半导体二极管门电路,64,教材在“3.2 半导体二极管门电路”中围绕“半导体二极管门电路”展开相关内容；本节点按知识图谱问答需要概括为：教材3.2 半导体二极管门电路的主题内容，作为“第3章 门电路”下的知识模块。
DE_TOP_020,CMOS门电路,Topic,数字电子技术,第3章 门电路,教材3.3 CMOS门电路的主题内容，作为“第3章 门电路”下的知识模块。,,3,4,阎石《数字电子技术基础（第六版）》，3.3 CMOS门电路，教材p68（PDF页90）,3.3 CMOS门电路,68,教材在“3.3 CMOS门电路”中围绕“CMOS门电路”展开相关内容；本节点按知识图谱问答需要概括为：教材3.3 CMOS门电路的主题内容，作为“第3章 门电路”下的知识模块。
DE_TOP_021,TTL门电路,Topic,数字电子技术,第3章 门电路,教材3.4 TTL门电路的主题内容，作为“第3章 门电路”下的知识模块。,,3,4,阎石《数字电子技术基础（第六版）》，3.4 TTL门电路，教材p99（PDF页121）,3.4 TTL门电路,99,教材在“3.4 TTL门电路”中围绕“TTL门电路”展开相关内容；本节点按知识图谱问答需要概括为：教材3.4 TTL门电路的主题内容，作为“第3章 门电路”下的知识模块。
DE_TOP_022,ECL集成电路,Topic,数字电子技术,第3章 门电路,教材3.5 ECL集成电路的主题内容，作为“第3章 门电路”下的知识模块。,,3,4,阎石《数字电子技术基础（第六版）》，3.5 ECL集成电路，教材p126（PDF页148）,3.5 ECL集成电路,126,教材在“3.5 ECL集成电路”中围绕“ECL集成电路”展开相关内容；本节点按知识图谱问答需要概括为：教材3.5 ECL集成电路的主题内容，作为“第3章 门电路”下的知识模块。
DE_TOP_023,Bi-CMOS电路,Topic,数字电子技术,第3章 门电路,教材3.6 Bi-CMOS电路的主题内容，作为“第3章 门电路”下的知识模块。,,3,4,阎石《数字电子技术基础（第六版）》，3.6 Bi-CMOS电路，教材p129（PDF页151）,3.6 Bi-CMOS电路,129,教材在“3.6 Bi-CMOS电路”中围绕“Bi-CMOS电路”展开相关内容；本节点按知识图谱问答需要概括为：教材3.6 Bi-CMOS电路的主题内容，作为“第3章 门电路”下的知识模块。
DE_TOP_024,不同类型数字集成电路间的接口,Topic,数字电子技术,第3章 门电路,教材3.7 不同类型数字集成电路间的接口的主题内容，作为“第3章 门电路”下的知识模块。,,3,4,阎石《数字电子技术基础（第六版）》，3.7 不同类型数字集成电路间的接口，教材p132（PDF页154）,3.7 不同类型数字集成电路间的接口,132,教材在“3.7 不同类型数字集成电路间的接口”中围绕“不同类型数字集成电路间的接口”展开相关内容；本节点按知识图谱问答需要概括为：教材3.7 不同类型数字集成电路间的接口的主题内容，作为“第3章 门电路”下的知识模块。
DE_TOP_025,第4章 组合逻辑电路,Topic,数字电子技术,第4章 组合逻辑电路,围绕组合逻辑电路建立本章核心知识体系。,,4,5,阎石《数字电子技术基础（第六版）》，第4章 组合逻辑电路，教材p146（PDF页168）,第4章 组合逻辑电路,146,教材在“第4章 组合逻辑电路”中围绕“第4章 组合逻辑电路”展开相关内容；本节点按知识图谱问答需要概括为：围绕组合逻辑电路建立本章核心知识体系。
DE_TOP_026,组合逻辑电路概述,Topic,数字电子技术,第4章 组合逻辑电路,教材4.1 概述对“第4章 组合逻辑电路”的基本内容和学习范围作总体说明。,,3,4,阎石《数字电子技术基础（第六版）》，4.1 概述，教材p146（PDF页168）,4.1 概述,146,教材在“4.1 概述”中概述“第4章 组合逻辑电路”的基本内容；本节点用于组织该章概览。
DE_TOP_027,组合逻辑电路的分析方法,Topic,数字电子技术,第4章 组合逻辑电路,教材4.2 组合逻辑电路的分析方法的主题内容，作为“第4章 组合逻辑电路”下的知识模块。,,3,4,阎石《数字电子技术基础（第六版）》，4.2 组合逻辑电路的分析方法，教材p147（PDF页169）,4.2 组合逻辑电路的分析方法,147,教材在“4.2 组合逻辑电路的分析方法”中围绕“组合逻辑电路的分析方法”展开相关内容；本节点按知识图谱问答需要概括为：教材4.2 组合逻辑电路的分析方法的主题内容，作为“第4章 组合逻辑电路”下的知识模块。
DE_TOP_028,组合逻辑电路的基本设计方法,Topic,数字电子技术,第4章 组合逻辑电路,教材4.3 组合逻辑电路的基本设计方法的主题内容，作为“第4章 组合逻辑电路”下的知识模块。,,3,4,阎石《数字电子技术基础（第六版）》，4.3 组合逻辑电路的基本设计方法，教材p149（PDF页171）,4.3 组合逻辑电路的基本设计方法,149,教材在“4.3 组合逻辑电路的基本设计方法”中围绕“组合逻辑电路的基本设计方法”展开相关内容；本节点按知识图谱问答需要概括为：教材4.3 组合逻辑电路的基本设计方法的主题内容，作为“第4章 组合逻辑电路”下的知识模块。
DE_TOP_029,若干常用的组合逻辑电路模块,Topic,数字电子技术,第4章 组合逻辑电路,教材4.4 若干常用的组合逻辑电路模块的主题内容，作为“第4章 组合逻辑电路”下的知识模块。,,3,4,阎石《数字电子技术基础（第六版）》，4.4 若干常用的组合逻辑电路模块，教材p152（PDF页174）,4.4 若干常用的组合逻辑电路模块,152,教材在“4.4 若干常用的组合逻辑电路模块”中围绕“若干常用的组合逻辑电路模块”展开相关内容；本节点按知识图谱问答需要概括为：教材4.4 若干常用的组合逻辑电路模块的主题内容，作为“第4章 组合逻辑电路”下的知识模块。
DE_TOP_030,层次化和模块化的设计方法,Topic,数字电子技术,第4章 组合逻辑电路,教材4.5 层次化和模块化的设计方法的主题内容，作为“第4章 组合逻辑电路”下的知识模块。,,3,4,阎石《数字电子技术基础（第六版）》，4.5 层次化和模块化的设计方法，教材p179（PDF页201）,4.5 层次化和模块化的设计方法,179,教材在“4.5 层次化和模块化的设计方法”中围绕“层次化和模块化的设计方法”展开相关内容；本节点按知识图谱问答需要概括为：教材4.5 层次化和模块化的设计方法的主题内容，作为“第4章 组合逻辑电路”下的知识模块。
DE_TOP_031,可编程逻辑器件,Topic,数字电子技术,第4章 组合逻辑电路,教材4.6 可编程逻辑器件的主题内容，作为“第4章 组合逻辑电路”下的知识模块。,,3,4,阎石《数字电子技术基础（第六版）》，4.6 可编程逻辑器件，教材p184（PDF页206）,4.6 可编程逻辑器件,184,教材在“4.6 可编程逻辑器件”中围绕“可编程逻辑器件”展开相关内容；本节点按知识图谱问答需要概括为：教材4.6 可编程逻辑器件的主题内容，作为“第4章 组合逻辑电路”下的知识模块。
DE_TOP_032,硬件描述语言,Topic,数字电子技术,第4章 组合逻辑电路,教材4.7 硬件描述语言的主题内容，作为“第4章 组合逻辑电路”下的知识模块。,,3,4,阎石《数字电子技术基础（第六版）》，4.7 硬件描述语言，教材p186（PDF页208）,4.7 硬件描述语言,186,教材在“4.7 硬件描述语言”中围绕“硬件描述语言”展开相关内容；本节点按知识图谱问答需要概括为：教材4.7 硬件描述语言的主题内容，作为“第4章 组合逻辑电路”下的知识模块。
DE_TOP_033,用可编程通用模块设计组合逻辑电路,Topic,数字电子技术,第4章 组合逻辑电路,教材4.8 用可编程通用模块设计组合逻辑电路的主题内容，作为“第4章 组合逻辑电路”下的知识模块。,,3,4,阎石《数字电子技术基础（第六版）》，4.8 用可编程通用模块设计组合逻辑电路，教材p190（PDF页212）,4.8 用可编程通用模块设计组合逻辑电路,190,教材在“4.8 用可编程通用模块设计组合逻辑电路”中围绕“用可编程通用模块设计组合逻辑电路”展开相关内容；本节点按知识图谱问答需要概括为：教材4.8 用可编程通用模块设计组合逻辑电路的主题内容，作为“第4章 组合逻辑电路”下的知识模块。
DE_TOP_034,组合逻辑电路中的竞争-冒险,Topic,数字电子技术,第4章 组合逻辑电路,教材4.9 组合逻辑电路中的竞争-冒险的主题内容，作为“第4章 组合逻辑电路”下的知识模块。,,3,4,阎石《数字电子技术基础（第六版）》，4.9 组合逻辑电路中的竞争-冒险，教材p194（PDF页216）,4.9 组合逻辑电路中的竞争-冒险,194,教材在“4.9 组合逻辑电路中的竞争-冒险”中围绕“组合逻辑电路中的竞争-冒险”展开相关内容；本节点按知识图谱问答需要概括为：教材4.9 组合逻辑电路中的竞争-冒险的主题内容，作为“第4章 组合逻辑电路”下的知识模块。
DE_TOP_035,第5章 半导体存储电路,Topic,数字电子技术,第5章 半导体存储电路,围绕半导体存储电路建立本章核心知识体系。,,3,5,阎石《数字电子技术基础（第六版）》，第5章 半导体存储电路，教材p207（PDF页229）,第5章 半导体存储电路,207,教材在“第5章 半导体存储电路”中围绕“第5章 半导体存储电路”展开相关内容；本节点按知识图谱问答需要概括为：围绕半导体存储电路建立本章核心知识体系。
DE_TOP_036,半导体存储电路概述,Topic,数字电子技术,第5章 半导体存储电路,教材5.1 概述对“第5章 半导体存储电路”的基本内容和学习范围作总体说明。,,3,4,阎石《数字电子技术基础（第六版）》，5.1 概述，教材p207（PDF页229）,5.1 概述,207,教材在“5.1 概述”中概述“第5章 半导体存储电路”的基本内容；本节点用于组织该章概览。
DE_TOP_037,SR锁存器,Topic,数字电子技术,第5章 半导体存储电路,教材5.2 SR锁存器的主题内容，作为“第5章 半导体存储电路”下的知识模块。,,3,4,阎石《数字电子技术基础（第六版）》，5.2 SR锁存器，教材p208（PDF页230）,5.2 SR锁存器,208,教材在“5.2 SR锁存器”中围绕“SR锁存器”展开相关内容；本节点按知识图谱问答需要概括为：教材5.2 SR锁存器的主题内容，作为“第5章 半导体存储电路”下的知识模块。
DE_TOP_038,触发器,Topic,数字电子技术,第5章 半导体存储电路,教材5.3 触发器的主题内容，作为“第5章 半导体存储电路”下的知识模块。,,3,4,阎石《数字电子技术基础（第六版）》，5.3 触发器，教材p210（PDF页232）,5.3 触发器,210,教材在“5.3 触发器”中围绕“触发器”展开相关内容；本节点按知识图谱问答需要概括为：教材5.3 触发器的主题内容，作为“第5章 半导体存储电路”下的知识模块。
DE_TOP_039,寄存器,Topic,数字电子技术,第5章 半导体存储电路,教材5.4 寄存器的主题内容，作为“第5章 半导体存储电路”下的知识模块。,,3,4,阎石《数字电子技术基础（第六版）》，5.4 寄存器，教材p229（PDF页251）,5.4 寄存器,229,教材在“5.4 寄存器”中围绕“寄存器”展开相关内容；本节点按知识图谱问答需要概括为：教材5.4 寄存器的主题内容，作为“第5章 半导体存储电路”下的知识模块。
DE_TOP_040,存储器,Topic,数字电子技术,第5章 半导体存储电路,教材5.5 存储器的主题内容，作为“第5章 半导体存储电路”下的知识模块。,,3,4,阎石《数字电子技术基础（第六版）》，5.5 存储器，教材p230（PDF页252）,5.5 存储器,230,教材在“5.5 存储器”中围绕“存储器”展开相关内容；本节点按知识图谱问答需要概括为：教材5.5 存储器的主题内容，作为“第5章 半导体存储电路”下的知识模块。
DE_TOP_041,第6章 时序逻辑电路,Topic,数字电子技术,第6章 时序逻辑电路,围绕时序逻辑电路建立本章核心知识体系。,,4,5,阎石《数字电子技术基础（第六版）》，第6章 时序逻辑电路，教材p261（PDF页283）,第6章 时序逻辑电路,261,教材在“第6章 时序逻辑电路”中围绕“第6章 时序逻辑电路”展开相关内容；本节点按知识图谱问答需要概括为：围绕时序逻辑电路建立本章核心知识体系。
DE_TOP_042,时序逻辑电路概述,Topic,数字电子技术,第6章 时序逻辑电路,教材6.1 概述对“第6章 时序逻辑电路”的基本内容和学习范围作总体说明。,,3,4,阎石《数字电子技术基础（第六版）》，6.1 概述，教材p261（PDF页283）,6.1 概述,261,教材在“6.1 概述”中概述“第6章 时序逻辑电路”的基本内容；本节点用于组织该章概览。
DE_TOP_043,时序逻辑电路的分析方法,Topic,数字电子技术,第6章 时序逻辑电路,教材6.2 时序逻辑电路的分析方法的主题内容，作为“第6章 时序逻辑电路”下的知识模块。,,3,4,阎石《数字电子技术基础（第六版）》，6.2 时序逻辑电路的分析方法，教材p263（PDF页285）,6.2 时序逻辑电路的分析方法,263,教材在“6.2 时序逻辑电路的分析方法”中围绕“时序逻辑电路的分析方法”展开相关内容；本节点按知识图谱问答需要概括为：教材6.2 时序逻辑电路的分析方法的主题内容，作为“第6章 时序逻辑电路”下的知识模块。
DE_TOP_044,若干常用的时序逻辑电路,Topic,数字电子技术,第6章 时序逻辑电路,教材6.3 若干常用的时序逻辑电路的主题内容，作为“第6章 时序逻辑电路”下的知识模块。,,3,4,阎石《数字电子技术基础（第六版）》，6.3 若干常用的时序逻辑电路，教材p271（PDF页293）,6.3 若干常用的时序逻辑电路,271,教材在“6.3 若干常用的时序逻辑电路”中围绕“若干常用的时序逻辑电路”展开相关内容；本节点按知识图谱问答需要概括为：教材6.3 若干常用的时序逻辑电路的主题内容，作为“第6章 时序逻辑电路”下的知识模块。
DE_TOP_045,时序逻辑电路的设计方法,Topic,数字电子技术,第6章 时序逻辑电路,教材6.4 时序逻辑电路的设计方法的主题内容，作为“第6章 时序逻辑电路”下的知识模块。,,3,4,阎石《数字电子技术基础（第六版）》，6.4 时序逻辑电路的设计方法，教材p310（PDF页332）,6.4 时序逻辑电路的设计方法,310,教材在“6.4 时序逻辑电路的设计方法”中围绕“时序逻辑电路的设计方法”展开相关内容；本节点按知识图谱问答需要概括为：教材6.4 时序逻辑电路的设计方法的主题内容，作为“第6章 时序逻辑电路”下的知识模块。
DE_TOP_046,用可编程逻辑器件实现同步时序逻辑电路,Topic,数字电子技术,第6章 时序逻辑电路,教材6.5 用可编程逻辑器件实现同步时序逻辑电路的主题内容，作为“第6章 时序逻辑电路”下的知识模块。,,3,4,阎石《数字电子技术基础（第六版）》，6.5 用可编程逻辑器件实现同步时序逻辑电路，教材p330（PDF页352）,6.5 用可编程逻辑器件实现同步时序逻辑电路,330,教材在“6.5 用可编程逻辑器件实现同步时序逻辑电路”中围绕“用可编程逻辑器件实现同步时序逻辑电路”展开相关内容；本节点按知识图谱问答需要概括为：教材6.5 用可编程逻辑器件实现同步时序逻辑电路的主题内容，作为“第6章 时序逻辑电路”下的知识模块。
DE_TOP_047,时序逻辑电路中的竞争-冒险现象,Topic,数字电子技术,第6章 时序逻辑电路,教材6.6 时序逻辑电路中的竞争-冒险现象的主题内容，作为“第6章 时序逻辑电路”下的知识模块。,,3,4,阎石《数字电子技术基础（第六版）》，6.6 时序逻辑电路中的竞争-冒险现象，教材p336（PDF页358）,6.6 时序逻辑电路中的竞争-冒险现象,336,教材在“6.6 时序逻辑电路中的竞争-冒险现象”中围绕“时序逻辑电路中的竞争-冒险现象”展开相关内容；本节点按知识图谱问答需要概括为：教材6.6 时序逻辑电路中的竞争-冒险现象的主题内容，作为“第6章 时序逻辑电路”下的知识模块。
DE_TOP_048,第7章 脉冲波形的产生和整形电路,Topic,数字电子技术,第7章 脉冲波形的产生和整形电路,围绕脉冲波形的产生和整形电路建立本章核心知识体系。,,3,5,阎石《数字电子技术基础（第六版）》，第7章 脉冲波形的产生和整形电路，教材p349（PDF页371）,第7章 脉冲波形的产生和整形电路,349,教材在“第7章 脉冲波形的产生和整形电路”中围绕“第7章 脉冲波形的产生和整形电路”展开相关内容；本节点按知识图谱问答需要概括为：围绕脉冲波形的产生和整形电路建立本章核心知识体系。
DE_TOP_049,脉冲电路概述,Topic,数字电子技术,第7章 脉冲波形的产生和整形电路,教材7.1 概述对“第7章 脉冲波形的产生和整形电路”的基本内容和学习范围作总体说明。,,3,4,阎石《数字电子技术基础（第六版）》，7.1 概述，教材p349（PDF页371）,7.1 概述,349,教材在“7.1 概述”中概述“第7章 脉冲波形的产生和整形电路”的基本内容；本节点用于组织该章概览。
DE_TOP_050,施密特触发电路,Topic,数字电子技术,第7章 脉冲波形的产生和整形电路,教材7.2 施密特触发电路的主题内容，作为“第7章 脉冲波形的产生和整形电路”下的知识模块。,,3,4,阎石《数字电子技术基础（第六版）》，7.2 施密特触发电路，教材p350（PDF页372）,7.2 施密特触发电路,350,教材在“7.2 施密特触发电路”中围绕“施密特触发电路”展开相关内容；本节点按知识图谱问答需要概括为：教材7.2 施密特触发电路的主题内容，作为“第7章 脉冲波形的产生和整形电路”下的知识模块。
DE_TOP_051,单稳态电路,Topic,数字电子技术,第7章 脉冲波形的产生和整形电路,教材7.3 单稳态电路的主题内容，作为“第7章 脉冲波形的产生和整形电路”下的知识模块。,,3,4,阎石《数字电子技术基础（第六版）》，7.3 单稳态电路，教材p357（PDF页379）,7.3 单稳态电路,357,教材在“7.3 单稳态电路”中围绕“单稳态电路”展开相关内容；本节点按知识图谱问答需要概括为：教材7.3 单稳态电路的主题内容，作为“第7章 脉冲波形的产生和整形电路”下的知识模块。
DE_TOP_052,多谐振荡电路,Topic,数字电子技术,第7章 脉冲波形的产生和整形电路,教材7.4 多谐振荡电路的主题内容，作为“第7章 脉冲波形的产生和整形电路”下的知识模块。,,3,4,阎石《数字电子技术基础（第六版）》，7.4 多谐振荡电路，教材p364（PDF页386）,7.4 多谐振荡电路,364,教材在“7.4 多谐振荡电路”中围绕“多谐振荡电路”展开相关内容；本节点按知识图谱问答需要概括为：教材7.4 多谐振荡电路的主题内容，作为“第7章 脉冲波形的产生和整形电路”下的知识模块。
DE_TOP_053,555定时器及其应用,Topic,数字电子技术,第7章 脉冲波形的产生和整形电路,教材7.5 555定时器及其应用的主题内容，作为“第7章 脉冲波形的产生和整形电路”下的知识模块。,,3,4,阎石《数字电子技术基础（第六版）》，7.5 555定时器及其应用，教材p375（PDF页397）,7.5 555定时器及其应用,375,教材在“7.5 555定时器及其应用”中围绕“555定时器及其应用”展开相关内容；本节点按知识图谱问答需要概括为：教材7.5 555定时器及其应用的主题内容，作为“第7章 脉冲波形的产生和整形电路”下的知识模块。
DE_TOP_054,第8章 数-模和模-数转换,Topic,数字电子技术,第8章 数-模和模-数转换,围绕数-模和模-数转换建立本章核心知识体系。,,4,5,阎石《数字电子技术基础（第六版）》，第8章 数-模和模-数转换，教材p388（PDF页410）,第8章 数-模和模-数转换,388,教材在“第8章 数-模和模-数转换”中围绕“第8章 数-模和模-数转换”展开相关内容；本节点按知识图谱问答需要概括为：围绕数-模和模-数转换建立本章核心知识体系。
DE_TOP_055,数模与模数转换概述,Topic,数字电子技术,第8章 数-模和模-数转换,教材8.1 概述对“第8章 数-模和模-数转换”的基本内容和学习范围作总体说明。,,3,4,阎石《数字电子技术基础（第六版）》，8.1 概述，教材p388（PDF页410）,8.1 概述,388,教材在“8.1 概述”中概述“第8章 数-模和模-数转换”的基本内容；本节点用于组织该章概览。
DE_TOP_056,D/A转换器的电路结构和工作原理,Topic,数字电子技术,第8章 数-模和模-数转换,教材8.2 D/A转换器的电路结构和工作原理的主题内容，作为“第8章 数-模和模-数转换”下的知识模块。,,3,4,阎石《数字电子技术基础（第六版）》，8.2 D/A转换器的电路结构和工作原理，教材p389（PDF页411）,8.2 D/A转换器的电路结构和工作原理,389,教材在“8.2 D/A转换器的电路结构和工作原理”中围绕“D/A转换器的电路结构和工作原理”展开相关内容；本节点按知识图谱问答需要概括为：教材8.2 D/A转换器的电路结构和工作原理的主题内容，作为“第8章 数-模和模-数转换”下的知识模块。
DE_TOP_057,D/A转换器的转换精度与转换速度,Topic,数字电子技术,第8章 数-模和模-数转换,教材8.3 D/A转换器的转换精度与转换速度的主题内容，作为“第8章 数-模和模-数转换”下的知识模块。,,3,4,阎石《数字电子技术基础（第六版）》，8.3 D/A转换器的转换精度与转换速度，教材p400（PDF页422）,8.3 D/A转换器的转换精度与转换速度,400,教材在“8.3 D/A转换器的转换精度与转换速度”中围绕“D/A转换器的转换精度与转换速度”展开相关内容；本节点按知识图谱问答需要概括为：教材8.3 D/A转换器的转换精度与转换速度的主题内容，作为“第8章 数-模和模-数转换”下的知识模块。
DE_TOP_058,A/D转换的基本原理,Topic,数字电子技术,第8章 数-模和模-数转换,教材8.4 A/D转换的基本原理的主题内容，作为“第8章 数-模和模-数转换”下的知识模块。,,3,4,阎石《数字电子技术基础（第六版）》，8.4 A/D转换的基本原理，教材p404（PDF页426）,8.4 A/D转换的基本原理,404,教材在“8.4 A/D转换的基本原理”中围绕“A/D转换的基本原理”展开相关内容；本节点按知识图谱问答需要概括为：教材8.4 A/D转换的基本原理的主题内容，作为“第8章 数-模和模-数转换”下的知识模块。
DE_TOP_059,取样-保持电路,Topic,数字电子技术,第8章 数-模和模-数转换,教材8.5 取样-保持电路的主题内容，作为“第8章 数-模和模-数转换”下的知识模块。,,3,4,阎石《数字电子技术基础（第六版）》，8.5 取样-保持电路，教材p407（PDF页429）,8.5 取样-保持电路,407,教材在“8.5 取样-保持电路”中围绕“取样-保持电路”展开相关内容；本节点按知识图谱问答需要概括为：教材8.5 取样-保持电路的主题内容，作为“第8章 数-模和模-数转换”下的知识模块。
DE_TOP_060,A/D转换器的电路结构和工作原理,Topic,数字电子技术,第8章 数-模和模-数转换,教材8.6 A/D转换器的电路结构和工作原理的主题内容，作为“第8章 数-模和模-数转换”下的知识模块。,,3,4,阎石《数字电子技术基础（第六版）》，8.6 A/D转换器的电路结构和工作原理，教材p408（PDF页430）,8.6 A/D转换器的电路结构和工作原理,408,教材在“8.6 A/D转换器的电路结构和工作原理”中围绕“A/D转换器的电路结构和工作原理”展开相关内容；本节点按知识图谱问答需要概括为：教材8.6 A/D转换器的电路结构和工作原理的主题内容，作为“第8章 数-模和模-数转换”下的知识模块。
DE_TOP_061,A/D转换器的转换精度与转换速度,Topic,数字电子技术,第8章 数-模和模-数转换,教材8.7 A/D转换器的转换精度与转换速度的主题内容，作为“第8章 数-模和模-数转换”下的知识模块。,,3,4,阎石《数字电子技术基础（第六版）》，8.7 A/D转换器的转换精度与转换速度，教材p426（PDF页448）,8.7 A/D转换器的转换精度与转换速度,426,教材在“8.7 A/D转换器的转换精度与转换速度”中围绕“A/D转换器的转换精度与转换速度”展开相关内容；本节点按知识图谱问答需要概括为：教材8.7 A/D转换器的转换精度与转换速度的主题内容，作为“第8章 数-模和模-数转换”下的知识模块。
DE_CON_001,进位计数制,Concept,数字电子技术,几种常用的数制,用固定基数和位权表示数值的计数方法。,位置计数制,2,5,阎石《数字电子技术基础（第六版）》，1.2 几种常用的数制，教材p4（PDF页26）,1.2 几种常用的数制,4,教材在“1.2 几种常用的数制”中围绕“进位计数制”展开相关内容；本节点按知识图谱问答需要概括为：用固定基数和位权表示数值的计数方法。
DE_CON_002,基数,Concept,数字电子技术,几种常用的数制,进位计数制中可使用的基本数字个数。,,2,4,阎石《数字电子技术基础（第六版）》，1.2 几种常用的数制，教材p4（PDF页26）,1.2 几种常用的数制,4,教材在“1.2 几种常用的数制”中围绕“基数”展开相关内容；本节点按知识图谱问答需要概括为：进位计数制中可使用的基本数字个数。
DE_CON_003,位权,Concept,数字电子技术,几种常用的数制,数字所在数位对应的权值，通常是基数的整数次幂。,,2,5,阎石《数字电子技术基础（第六版）》，1.2 几种常用的数制，教材p4（PDF页26）,1.2 几种常用的数制,4,教材在“1.2 几种常用的数制”中围绕“位权”展开相关内容；本节点按知识图谱问答需要概括为：数字所在数位对应的权值，通常是基数的整数次幂。
DE_CON_004,十进制,Concept,数字电子技术,几种常用的数制,以10为基数的进位计数制。,Decimal,2,4,阎石《数字电子技术基础（第六版）》，1.2 几种常用的数制，教材p4（PDF页26）,1.2 几种常用的数制,4,教材在“1.2 几种常用的数制”中围绕“十进制”展开相关内容；本节点按知识图谱问答需要概括为：以10为基数的进位计数制。
DE_CON_005,二进制,Concept,数字电子技术,几种常用的数制,以2为基数、只使用0和1的进位计数制。,Binary,2,5,阎石《数字电子技术基础（第六版）》，1.2 几种常用的数制，教材p4（PDF页26）,1.2 几种常用的数制,4,教材在“1.2 几种常用的数制”中围绕“二进制”展开相关内容；本节点按知识图谱问答需要概括为：以2为基数、只使用0和1的进位计数制。
DE_CON_006,八进制,Concept,数字电子技术,几种常用的数制,以8为基数的进位计数制。,Octal,2,3,阎石《数字电子技术基础（第六版）》，1.2 几种常用的数制，教材p4（PDF页26）,1.2 几种常用的数制,4,教材在“1.2 几种常用的数制”中围绕“八进制”展开相关内容；本节点按知识图谱问答需要概括为：以8为基数的进位计数制。
DE_CON_007,十六进制,Concept,数字电子技术,几种常用的数制,以16为基数、常用0~9和A~F表示数码的进位计数制。,Hexadecimal,2,4,阎石《数字电子技术基础（第六版）》，1.2 几种常用的数制，教材p4（PDF页26）,1.2 几种常用的数制,4,教材在“1.2 几种常用的数制”中围绕“十六进制”展开相关内容；本节点按知识图谱问答需要概括为：以16为基数、常用0~9和A~F表示数码的进位计数制。
DE_ALG_001,按位权展开法,Algorithm,数字电子技术,不同数制间的转换,把各位数字乘以相应位权并求和，从而转换为十进制。,,3,4,阎石《数字电子技术基础（第六版）》，1.3 不同数制间的转换，教材p6（PDF页28）,1.3 不同数制间的转换,6,教材在“1.3 不同数制间的转换”中围绕“按位权展开法”展开相关内容；本节点按知识图谱问答需要概括为：把各位数字乘以相应位权并求和，从而转换为十进制。
DE_ALG_002,除基取余法,Algorithm,数字电子技术,不同数制间的转换,通过连续除以目标基数并逆序读取余数转换整数部分。,,3,5,阎石《数字电子技术基础（第六版）》，1.3 不同数制间的转换，教材p6（PDF页28）,1.3 不同数制间的转换,6,教材在“1.3 不同数制间的转换”中围绕“除基取余法”展开相关内容；本节点按知识图谱问答需要概括为：通过连续除以目标基数并逆序读取余数转换整数部分。
DE_ALG_003,乘基取整法,Algorithm,数字电子技术,不同数制间的转换,通过连续乘以目标基数并依次读取整数部分转换小数部分。,,3,4,阎石《数字电子技术基础（第六版）》，1.3 不同数制间的转换，教材p6（PDF页28）,1.3 不同数制间的转换,6,教材在“1.3 不同数制间的转换”中围绕“乘基取整法”展开相关内容；本节点按知识图谱问答需要概括为：通过连续乘以目标基数并依次读取整数部分转换小数部分。
DE_OPE_001,二进制与八进制转换,Operation,数字电子技术,不同数制间的转换,利用每3位二进制对应1位八进制完成转换。,,2,4,阎石《数字电子技术基础（第六版）》，1.3 不同数制间的转换，教材p6（PDF页28）,1.3 不同数制间的转换,6,教材在“1.3 不同数制间的转换”中围绕“二进制与八进制转换”展开相关内容；本节点按知识图谱问答需要概括为：利用每3位二进制对应1位八进制完成转换。
DE_OPE_002,二进制与十六进制转换,Operation,数字电子技术,不同数制间的转换,利用每4位二进制对应1位十六进制完成转换。,,2,5,阎石《数字电子技术基础（第六版）》，1.3 不同数制间的转换，教材p6（PDF页28）,1.3 不同数制间的转换,6,教材在“1.3 不同数制间的转换”中围绕“二进制与十六进制转换”展开相关内容；本节点按知识图谱问答需要概括为：利用每4位二进制对应1位十六进制完成转换。
DE_OPE_003,二进制加减乘除,Operation,数字电子技术,二进制算术运算,在二进制表示上进行加、减、乘、除等算术处理。,二进制算术运算,3,5,阎石《数字电子技术基础（第六版）》，1.4 二进制算术运算，教材p9（PDF页31）,1.4 二进制算术运算,9,教材在“1.4 二进制算术运算”中围绕“二进制算术运算”展开相关内容；本节点以“二进制加减乘除”作为图谱中的区分名称，概括为：在二进制表示上进行加、减、乘、除等算术处理。
DE_CON_008,反码,Concept,数字电子技术,二进制算术运算,有符号二进制数的一种编码表示。,,3,4,阎石《数字电子技术基础（第六版）》，1.4 二进制算术运算，教材p9（PDF页31）,1.4 二进制算术运算,9,教材在“1.4 二进制算术运算”中围绕“反码”展开相关内容；本节点按知识图谱问答需要概括为：有符号二进制数的一种编码表示。
DE_CON_009,补码,Concept,数字电子技术,二进制算术运算,有符号二进制数中便于统一加减法运算的编码表示。,二进制补码,3,5,阎石《数字电子技术基础（第六版）》，1.4 二进制算术运算，教材p9（PDF页31）,1.4 二进制算术运算,9,教材在“1.4 二进制算术运算”中围绕“补码”展开相关内容；本节点按知识图谱问答需要概括为：有符号二进制数中便于统一加减法运算的编码表示。
DE_OPE_004,补码运算,Operation,数字电子技术,二进制算术运算,利用补码进行有符号数加减法的运算方法。,,4,5,阎石《数字电子技术基础（第六版）》，1.4 二进制算术运算，教材p9（PDF页31）,1.4 二进制算术运算,9,教材在“1.4 二进制算术运算”中围绕“补码运算”展开相关内容；本节点按知识图谱问答需要概括为：利用补码进行有符号数加减法的运算方法。
DE_CON_010,BCD码,Concept,数字电子技术,几种常用的编码,用二进制代码表示十进制数字0~9的一类编码。,二-十进制编码,3,5,阎石《数字电子技术基础（第六版）》，1.5 几种常用的编码，教材p13（PDF页35）,1.5 几种常用的编码,13,教材在“1.5 几种常用的编码”中围绕“BCD码”展开相关内容；本节点按知识图谱问答需要概括为：用二进制代码表示十进制数字0~9的一类编码。
DE_CON_011,格雷码,Concept,数字电子技术,几种常用的编码,相邻代码只有一位发生变化的编码。,Gray Code,3,4,阎石《数字电子技术基础（第六版）》，1.5 几种常用的编码，教材p13（PDF页35）,1.5 几种常用的编码,13,教材在“1.5 几种常用的编码”中围绕“格雷码”展开相关内容；本节点按知识图谱问答需要概括为：相邻代码只有一位发生变化的编码。
DE_CON_012,ASCII码,Concept,数字电子技术,几种常用的编码,用于表示字符和控制信息的标准字符编码。,美国信息交换标准代码,2,4,阎石《数字电子技术基础（第六版）》，1.5 几种常用的编码，教材p13（PDF页35）,1.5 几种常用的编码,13,教材在“1.5 几种常用的编码”中围绕“ASCII码”展开相关内容；本节点按知识图谱问答需要概括为：用于表示字符和控制信息的标准字符编码。
DE_CON_013,逻辑变量,Concept,数字电子技术,逻辑代数中的三种基本运算,只能取逻辑0或逻辑1的变量。,,2,5,阎石《数字电子技术基础（第六版）》，2.2 逻辑代数中的三种基本运算，教材p20（PDF页42）,2.2 逻辑代数中的三种基本运算,20,教材在“2.2 逻辑代数中的三种基本运算”中围绕“逻辑变量”展开相关内容；本节点按知识图谱问答需要概括为：只能取逻辑0或逻辑1的变量。
DE_OPE_005,与运算,Operation,数字电子技术,逻辑代数中的三种基本运算,所有输入为1时输出才为1的基本逻辑运算。,AND,2,5,阎石《数字电子技术基础（第六版）》，2.2 逻辑代数中的三种基本运算，教材p20（PDF页42）,2.2 逻辑代数中的三种基本运算,20,教材在“2.2 逻辑代数中的三种基本运算”中围绕“与运算”展开相关内容；本节点按知识图谱问答需要概括为：所有输入为1时输出才为1的基本逻辑运算。
DE_OPE_006,或运算,Operation,数字电子技术,逻辑代数中的三种基本运算,至少一个输入为1时输出为1的基本逻辑运算。,OR,2,5,阎石《数字电子技术基础（第六版）》，2.2 逻辑代数中的三种基本运算，教材p20（PDF页42）,2.2 逻辑代数中的三种基本运算,20,教材在“2.2 逻辑代数中的三种基本运算”中围绕“或运算”展开相关内容；本节点按知识图谱问答需要概括为：至少一个输入为1时输出为1的基本逻辑运算。
DE_OPE_007,非运算,Operation,数字电子技术,逻辑代数中的三种基本运算,输出与输入逻辑状态相反的基本逻辑运算。,NOT,2,5,阎石《数字电子技术基础（第六版）》，2.2 逻辑代数中的三种基本运算，教材p20（PDF页42）,2.2 逻辑代数中的三种基本运算,20,教材在“2.2 逻辑代数中的三种基本运算”中围绕“非运算”展开相关内容；本节点按知识图谱问答需要概括为：输出与输入逻辑状态相反的基本逻辑运算。
DE_PRP_001,交换律,Property,数字电子技术,逻辑代数的基本公式和常用公式,逻辑与和逻辑或运算中交换操作数不改变结果。,,2,4,阎石《数字电子技术基础（第六版）》，2.3 逻辑代数的基本公式和常用公式，教材p24（PDF页46）,2.3 逻辑代数的基本公式和常用公式,24,教材在“2.3 逻辑代数的基本公式和常用公式”中围绕“交换律”展开相关内容；本节点按知识图谱问答需要概括为：逻辑与和逻辑或运算中交换操作数不改变结果。
DE_PRP_002,结合律,Property,数字电子技术,逻辑代数的基本公式和常用公式,逻辑与和逻辑或运算改变结合次序不改变结果。,,2,4,阎石《数字电子技术基础（第六版）》，2.3 逻辑代数的基本公式和常用公式，教材p24（PDF页46）,2.3 逻辑代数的基本公式和常用公式,24,教材在“2.3 逻辑代数的基本公式和常用公式”中围绕“结合律”展开相关内容；本节点按知识图谱问答需要概括为：逻辑与和逻辑或运算改变结合次序不改变结果。
DE_PRP_003,分配律,Property,数字电子技术,逻辑代数的基本公式和常用公式,逻辑与、或运算满足相应的分配关系。,,3,5,阎石《数字电子技术基础（第六版）》，2.3 逻辑代数的基本公式和常用公式，教材p24（PDF页46）,2.3 逻辑代数的基本公式和常用公式,24,教材在“2.3 逻辑代数的基本公式和常用公式”中围绕“分配律”展开相关内容；本节点按知识图谱问答需要概括为：逻辑与、或运算满足相应的分配关系。
DE_PRP_004,吸收律,Property,数字电子技术,逻辑代数的基本公式和常用公式,逻辑表达式中用于消去冗余项的一类恒等关系。,,3,5,阎石《数字电子技术基础（第六版）》，2.3 逻辑代数的基本公式和常用公式，教材p24（PDF页46）,2.3 逻辑代数的基本公式和常用公式,24,教材在“2.3 逻辑代数的基本公式和常用公式”中围绕“吸收律”展开相关内容；本节点按知识图谱问答需要概括为：逻辑表达式中用于消去冗余项的一类恒等关系。
DE_PRP_005,德摩根定律,Property,数字电子技术,逻辑代数的基本公式和常用公式,把与、或运算在取反条件下相互转换的基本关系。,De Morgan定律,3,5,阎石《数字电子技术基础（第六版）》，2.3 逻辑代数的基本公式和常用公式，教材p24（PDF页46）,2.3 逻辑代数的基本公式和常用公式,24,教材在“2.3 逻辑代数的基本公式和常用公式”中围绕“德摩根定律”展开相关内容；本节点按知识图谱问答需要概括为：把与、或运算在取反条件下相互转换的基本关系。
DE_MEC_001,代入定理,Mechanism,数字电子技术,逻辑代数的基本定理,在逻辑等式中用同一逻辑函数代替某变量后等式仍成立。,,3,4,阎石《数字电子技术基础（第六版）》，2.4 逻辑代数的基本定理，教材p27（PDF页49）,2.4 逻辑代数的基本定理,27,教材在“2.4 逻辑代数的基本定理”中围绕“代入定理”展开相关内容；本节点按知识图谱问答需要概括为：在逻辑等式中用同一逻辑函数代替某变量后等式仍成立。
DE_MEC_002,反演定理,Mechanism,数字电子技术,逻辑代数的基本定理,按照反演规则由原逻辑函数得到其反函数。,,3,5,阎石《数字电子技术基础（第六版）》，2.4 逻辑代数的基本定理，教材p27（PDF页49）,2.4 逻辑代数的基本定理,27,教材在“2.4 逻辑代数的基本定理”中围绕“反演定理”展开相关内容；本节点按知识图谱问答需要概括为：按照反演规则由原逻辑函数得到其反函数。
DE_MEC_003,对偶定理,Mechanism,数字电子技术,逻辑代数的基本定理,通过交换与/或及0/1得到对偶式的定理。,,3,4,阎石《数字电子技术基础（第六版）》，2.4 逻辑代数的基本定理，教材p27（PDF页49）,2.4 逻辑代数的基本定理,27,教材在“2.4 逻辑代数的基本定理”中围绕“对偶定理”展开相关内容；本节点按知识图谱问答需要概括为：通过交换与/或及0/1得到对偶式的定理。
DE_CON_014,逻辑函数,Concept,数字电子技术,逻辑函数及其描述方法,输出逻辑变量由若干输入逻辑变量决定的映射关系。,,3,5,阎石《数字电子技术基础（第六版）》，2.5 逻辑函数及其描述方法，教材p29（PDF页51）,2.5 逻辑函数及其描述方法,29,教材在“2.5 逻辑函数及其描述方法”中围绕“逻辑函数”展开相关内容；本节点按知识图谱问答需要概括为：输出逻辑变量由若干输入逻辑变量决定的映射关系。
DE_MOD_001,真值表,Model,数字电子技术,逻辑函数及其描述方法,列出所有输入组合及其对应输出值的逻辑函数描述方法。,,2,5,阎石《数字电子技术基础（第六版）》，2.5 逻辑函数及其描述方法，教材p29（PDF页51）,2.5 逻辑函数及其描述方法,29,教材在“2.5 逻辑函数及其描述方法”中围绕“真值表”展开相关内容；本节点按知识图谱问答需要概括为：列出所有输入组合及其对应输出值的逻辑函数描述方法。
DE_MOD_002,逻辑函数式,Model,数字电子技术,逻辑函数及其描述方法,用逻辑变量和逻辑运算符表示逻辑函数的代数形式。,逻辑表达式,2,5,阎石《数字电子技术基础（第六版）》，2.5 逻辑函数及其描述方法，教材p29（PDF页51）,2.5 逻辑函数及其描述方法,29,教材在“2.5 逻辑函数及其描述方法”中围绕“逻辑函数式”展开相关内容；本节点按知识图谱问答需要概括为：用逻辑变量和逻辑运算符表示逻辑函数的代数形式。
DE_MOD_003,逻辑图,Model,数字电子技术,逻辑函数及其描述方法,用逻辑门符号及连接关系描述逻辑函数的图形形式。,,2,4,阎石《数字电子技术基础（第六版）》，2.5 逻辑函数及其描述方法，教材p29（PDF页51）,2.5 逻辑函数及其描述方法,29,教材在“2.5 逻辑函数及其描述方法”中围绕“逻辑图”展开相关内容；本节点按知识图谱问答需要概括为：用逻辑门符号及连接关系描述逻辑函数的图形形式。
DE_MOD_004,波形图,Model,数字电子技术,逻辑函数及其描述方法,用随时间变化的高低电平波形表示逻辑关系的方法。,时序波形图,2,4,阎石《数字电子技术基础（第六版）》，2.5 逻辑函数及其描述方法，教材p29（PDF页51）,2.5 逻辑函数及其描述方法,29,教材在“2.5 逻辑函数及其描述方法”中围绕“波形图”展开相关内容；本节点按知识图谱问答需要概括为：用随时间变化的高低电平波形表示逻辑关系的方法。
DE_CON_015,最小项,Concept,数字电子技术,逻辑函数及其描述方法,包含全部变量且每个变量仅出现一次的与项。,Minterm,3,5,阎石《数字电子技术基础（第六版）》，2.5 逻辑函数及其描述方法，教材p29（PDF页51）,2.5 逻辑函数及其描述方法,29,教材在“2.5 逻辑函数及其描述方法”中围绕“最小项”展开相关内容；本节点按知识图谱问答需要概括为：包含全部变量且每个变量仅出现一次的与项。
DE_CON_016,最大项,Concept,数字电子技术,逻辑函数及其描述方法,包含全部变量且每个变量仅出现一次的或项。,Maxterm,3,5,阎石《数字电子技术基础（第六版）》，2.5 逻辑函数及其描述方法，教材p29（PDF页51）,2.5 逻辑函数及其描述方法,29,教材在“2.5 逻辑函数及其描述方法”中围绕“最大项”展开相关内容；本节点按知识图谱问答需要概括为：包含全部变量且每个变量仅出现一次的或项。
DE_MOD_005,最小项之和,Model,数字电子技术,逻辑函数及其描述方法,用若干最小项的逻辑和表示逻辑函数的标准形式。,SOP标准形式,3,5,阎石《数字电子技术基础（第六版）》，2.5 逻辑函数及其描述方法，教材p29（PDF页51）,2.5 逻辑函数及其描述方法,29,教材在“2.5 逻辑函数及其描述方法”中围绕“最小项之和”展开相关内容；本节点按知识图谱问答需要概括为：用若干最小项的逻辑和表示逻辑函数的标准形式。
DE_MOD_006,最大项之积,Model,数字电子技术,逻辑函数及其描述方法,用若干最大项的逻辑积表示逻辑函数的标准形式。,POS标准形式,3,5,阎石《数字电子技术基础（第六版）》，2.5 逻辑函数及其描述方法，教材p29（PDF页51）,2.5 逻辑函数及其描述方法,29,教材在“2.5 逻辑函数及其描述方法”中围绕“最大项之积”展开相关内容；本节点按知识图谱问答需要概括为：用若干最大项的逻辑积表示逻辑函数的标准形式。
DE_ALG_004,公式化简法,Algorithm,数字电子技术,逻辑函数的化简方法,利用逻辑代数公式和定理化简逻辑函数。,,3,4,阎石《数字电子技术基础（第六版）》，2.6 逻辑函数的化简方法，教材p37（PDF页59）,2.6 逻辑函数的化简方法,37,教材在“2.6 逻辑函数的化简方法”中围绕“公式化简法”展开相关内容；本节点按知识图谱问答需要概括为：利用逻辑代数公式和定理化简逻辑函数。
DE_ALG_005,卡诺图化简法,Algorithm,数字电子技术,逻辑函数的化简方法,利用卡诺图中相邻最小项合并来化简逻辑函数。,Karnaugh Map,4,5,阎石《数字电子技术基础（第六版）》，2.6 逻辑函数的化简方法，教材p37（PDF页59）,2.6 逻辑函数的化简方法,37,教材在“2.6 逻辑函数的化简方法”中围绕“卡诺图化简法”展开相关内容；本节点按知识图谱问答需要概括为：利用卡诺图中相邻最小项合并来化简逻辑函数。
DE_ALG_006,奎因-麦克拉斯基化简法,Algorithm,数字电子技术,逻辑函数的化简方法,以表格和编码方式系统化合并最小项的逻辑函数化简方法。,Q-M法,5,3,阎石《数字电子技术基础（第六版）》，2.6 逻辑函数的化简方法，教材p37（PDF页59）,2.6 逻辑函数的化简方法,37,教材在“2.6 逻辑函数的化简方法”中围绕“奎因-麦克拉斯基化简法”展开相关内容；本节点按知识图谱问答需要概括为：以表格和编码方式系统化合并最小项的逻辑函数化简方法。
DE_PRP_006,二极管开关特性,Property,数字电子技术,半导体二极管门电路,二极管在正向导通与反向截止之间表现出的开关行为。,,3,4,阎石《数字电子技术基础（第六版）》，3.2 半导体二极管门电路，教材p64（PDF页86）,3.2 半导体二极管门电路,64,教材在“3.2 半导体二极管门电路”中围绕“二极管开关特性”展开相关内容；本节点按知识图谱问答需要概括为：二极管在正向导通与反向截止之间表现出的开关行为。
DE_OBJ_001,二极管与门,ComputingObject,数字电子技术,半导体二极管门电路,利用二极管开关特性实现与逻辑的门电路。,,3,4,阎石《数字电子技术基础（第六版）》，3.2 半导体二极管门电路，教材p64（PDF页86）,3.2 半导体二极管门电路,64,教材在“3.2 半导体二极管门电路”中围绕“二极管与门”展开相关内容；本节点按知识图谱问答需要概括为：利用二极管开关特性实现与逻辑的门电路。
DE_OBJ_002,二极管或门,ComputingObject,数字电子技术,半导体二极管门电路,利用二极管开关特性实现或逻辑的门电路。,,3,4,阎石《数字电子技术基础（第六版）》，3.2 半导体二极管门电路，教材p64（PDF页86）,3.2 半导体二极管门电路,64,教材在“3.2 半导体二极管门电路”中围绕“二极管或门”展开相关内容；本节点按知识图谱问答需要概括为：利用二极管开关特性实现或逻辑的门电路。
DE_PRP_007,MOS管开关特性,Property,数字电子技术,CMOS门电路,MOS管在截止区和导通状态之间转换形成数字开关作用。,,3,5,阎石《数字电子技术基础（第六版）》，3.3 CMOS门电路，教材p68（PDF页90）,3.3 CMOS门电路,68,教材在“3.3 CMOS门电路”中围绕“MOS管开关特性”展开相关内容；本节点按知识图谱问答需要概括为：MOS管在截止区和导通状态之间转换形成数字开关作用。
DE_OBJ_003,CMOS反相器,ComputingObject,数字电子技术,CMOS门电路,由互补MOS管构成的基本CMOS逻辑门。,,3,5,阎石《数字电子技术基础（第六版）》，3.3 CMOS门电路，教材p68（PDF页90）,3.3 CMOS门电路,68,教材在“3.3 CMOS门电路”中围绕“CMOS反相器”展开相关内容；本节点按知识图谱问答需要概括为：由互补MOS管构成的基本CMOS逻辑门。
DE_PRP_008,电压传输特性,Property,数字电子技术,CMOS门电路,数字门电路输出电压随输入电压变化的静态关系。,电压转移特性,4,5,阎石《数字电子技术基础（第六版）》，3.3 CMOS门电路，教材p68（PDF页90）,3.3 CMOS门电路,68,教材在“3.3 CMOS门电路”中围绕“电压传输特性”展开相关内容；本节点按知识图谱问答需要概括为：数字门电路输出电压随输入电压变化的静态关系。
DE_MET_001,输入高电平阈值,Metric,数字电子技术,CMOS门电路,判定输入为高电平所需的电压界限。,VIH,3,4,阎石《数字电子技术基础（第六版）》，3.3 CMOS门电路，教材p68（PDF页90）,3.3 CMOS门电路,68,教材在“3.3 CMOS门电路”中围绕“输入高电平阈值”展开相关内容；本节点按知识图谱问答需要概括为：判定输入为高电平所需的电压界限。
DE_MET_002,输入低电平阈值,Metric,数字电子技术,CMOS门电路,判定输入为低电平所允许的电压界限。,VIL,3,4,阎石《数字电子技术基础（第六版）》，3.3 CMOS门电路，教材p68（PDF页90）,3.3 CMOS门电路,68,教材在“3.3 CMOS门电路”中围绕“输入低电平阈值”展开相关内容；本节点按知识图谱问答需要概括为：判定输入为低电平所允许的电压界限。
DE_MET_003,输出高电平,Metric,数字电子技术,CMOS门电路,门电路输出逻辑1时的电压水平。,VOH,3,4,阎石《数字电子技术基础（第六版）》，3.3 CMOS门电路，教材p68（PDF页90）,3.3 CMOS门电路,68,教材在“3.3 CMOS门电路”中围绕“输出高电平”展开相关内容；本节点按知识图谱问答需要概括为：门电路输出逻辑1时的电压水平。
DE_MET_004,输出低电平,Metric,数字电子技术,CMOS门电路,门电路输出逻辑0时的电压水平。,VOL,3,4,阎石《数字电子技术基础（第六版）》，3.3 CMOS门电路，教材p68（PDF页90）,3.3 CMOS门电路,68,教材在“3.3 CMOS门电路”中围绕“输出低电平”展开相关内容；本节点按知识图谱问答需要概括为：门电路输出逻辑0时的电压水平。
DE_MET_005,噪声容限,Metric,数字电子技术,CMOS门电路,数字电路在不发生逻辑错误前可容忍的噪声电压范围。,Noise Margin,4,5,阎石《数字电子技术基础（第六版）》，3.3 CMOS门电路，教材p68（PDF页90）,3.3 CMOS门电路,68,教材在“3.3 CMOS门电路”中围绕“噪声容限”展开相关内容；本节点按知识图谱问答需要概括为：数字电路在不发生逻辑错误前可容忍的噪声电压范围。
DE_MET_006,传输延迟时间,Metric,数字电子技术,CMOS门电路,输入变化到输出响应之间的时间延迟。,Propagation Delay,3,5,阎石《数字电子技术基础（第六版）》，3.3 CMOS门电路，教材p68（PDF页90）,3.3 CMOS门电路,68,教材在“3.3 CMOS门电路”中围绕“传输延迟时间”展开相关内容；本节点按知识图谱问答需要概括为：输入变化到输出响应之间的时间延迟。
DE_MET_007,功耗,Metric,数字电子技术,CMOS门电路,数字门电路工作时消耗的电功率。,Power Dissipation,3,4,阎石《数字电子技术基础（第六版）》，3.3 CMOS门电路，教材p68（PDF页90）,3.3 CMOS门电路,68,教材在“3.3 CMOS门电路”中围绕“功耗”展开相关内容；本节点按知识图谱问答需要概括为：数字门电路工作时消耗的电功率。
DE_OBJ_004,CMOS与非门,ComputingObject,数字电子技术,CMOS门电路,用CMOS结构实现与非逻辑的门电路。,CMOS NAND,3,4,阎石《数字电子技术基础（第六版）》，3.3 CMOS门电路，教材p68（PDF页90）,3.3 CMOS门电路,68,教材在“3.3 CMOS门电路”中围绕“CMOS与非门”展开相关内容；本节点按知识图谱问答需要概括为：用CMOS结构实现与非逻辑的门电路。
DE_OBJ_005,CMOS或非门,ComputingObject,数字电子技术,CMOS门电路,用CMOS结构实现或非逻辑的门电路。,CMOS NOR,3,4,阎石《数字电子技术基础（第六版）》，3.3 CMOS门电路，教材p68（PDF页90）,3.3 CMOS门电路,68,教材在“3.3 CMOS门电路”中围绕“CMOS或非门”展开相关内容；本节点按知识图谱问答需要概括为：用CMOS结构实现或非逻辑的门电路。
DE_OBJ_006,CMOS传输门,ComputingObject,数字电子技术,CMOS门电路,由互补MOS管并联构成、可双向传输数字或模拟信号的开关电路。,,4,4,阎石《数字电子技术基础（第六版）》，3.3 CMOS门电路，教材p68（PDF页90）,3.3 CMOS门电路,68,教材在“3.3 CMOS门电路”中围绕“CMOS传输门”展开相关内容；本节点按知识图谱问答需要概括为：由互补MOS管并联构成、可双向传输数字或模拟信号的开关电路。
DE_OBJ_007,三态门,ComputingObject,数字电子技术,CMOS门电路,除逻辑0和1外还具有高阻输出状态的门电路。,Tri-state Gate,4,5,阎石《数字电子技术基础（第六版）》，3.3 CMOS门电路，教材p68（PDF页90）,3.3 CMOS门电路,68,教材在“3.3 CMOS门电路”中围绕“三态门”展开相关内容；本节点按知识图谱问答需要概括为：除逻辑0和1外还具有高阻输出状态的门电路。
DE_PRP_009,双极型三极管开关特性,Property,数字电子技术,TTL门电路,双极型三极管利用截止和饱和状态实现开关功能。,BJT开关特性,3,4,阎石《数字电子技术基础（第六版）》，3.4 TTL门电路，教材p99（PDF页121）,3.4 TTL门电路,99,教材在“3.4 TTL门电路”中围绕“双极型三极管开关特性”展开相关内容；本节点按知识图谱问答需要概括为：双极型三极管利用截止和饱和状态实现开关功能。
DE_OBJ_008,TTL反相器,ComputingObject,数字电子技术,TTL门电路,采用双极型晶体管构成的TTL基本反相门电路。,,4,5,阎石《数字电子技术基础（第六版）》，3.4 TTL门电路，教材p99（PDF页121）,3.4 TTL门电路,99,教材在“3.4 TTL门电路”中围绕“TTL反相器”展开相关内容；本节点按知识图谱问答需要概括为：采用双极型晶体管构成的TTL基本反相门电路。
DE_OBJ_009,TTL与非门,ComputingObject,数字电子技术,TTL门电路,TTL系列中常见的与非逻辑门电路。,TTL NAND,3,4,阎石《数字电子技术基础（第六版）》，3.4 TTL门电路，教材p99（PDF页121）,3.4 TTL门电路,99,教材在“3.4 TTL门电路”中围绕“TTL与非门”展开相关内容；本节点按知识图谱问答需要概括为：TTL系列中常见的与非逻辑门电路。
DE_OBJ_010,集电极开路门,ComputingObject,数字电子技术,TTL门电路,输出级集电极开路、需外接上拉电阻的TTL门。,OC门,4,4,阎石《数字电子技术基础（第六版）》，3.4 TTL门电路，教材p99（PDF页121）,3.4 TTL门电路,99,教材在“3.4 TTL门电路”中围绕“集电极开路门”展开相关内容；本节点按知识图谱问答需要概括为：输出级集电极开路、需外接上拉电阻的TTL门。
DE_MET_008,扇出系数,Metric,数字电子技术,TTL门电路,一个门输出端能够可靠驱动的同类门输入端数量。,Fan-out,4,5,阎石《数字电子技术基础（第六版）》，3.4 TTL门电路，教材p99（PDF页121）,3.4 TTL门电路,99,教材在“3.4 TTL门电路”中围绕“扇出系数”展开相关内容；本节点按知识图谱问答需要概括为：一个门输出端能够可靠驱动的同类门输入端数量。
DE_OBJ_011,ECL电路,ComputingObject,数字电子技术,ECL集成电路,利用晶体管非饱和工作获得高速特性的发射极耦合逻辑电路。,Emitter-Coupled Logic,4,3,阎石《数字电子技术基础（第六版）》，3.5 ECL集成电路，教材p126（PDF页148）,3.5 ECL集成电路,126,教材在“3.5 ECL集成电路”中围绕“ECL电路”展开相关内容；本节点按知识图谱问答需要概括为：利用晶体管非饱和工作获得高速特性的发射极耦合逻辑电路。
DE_OBJ_012,Bi-CMOS基本电路,ComputingObject,数字电子技术,Bi-CMOS电路,综合双极型器件驱动能力与CMOS低功耗特点的逻辑电路。,"BiCMOS,Bi-CMOS电路",4,3,阎石《数字电子技术基础（第六版）》，3.6 Bi-CMOS电路，教材p129（PDF页151）,3.6 Bi-CMOS电路,129,教材在“3.6 Bi-CMOS电路”中围绕“Bi-CMOS电路”展开相关内容；本节点以“Bi-CMOS基本电路”作为图谱中的区分名称，概括为：综合双极型器件驱动能力与CMOS低功耗特点的逻辑电路。
DE_MEC_004,逻辑电平接口,Mechanism,数字电子技术,不同类型数字集成电路间的接口,不同逻辑系列间通过满足输入输出电平和电流要求实现可靠连接。,,4,4,阎石《数字电子技术基础（第六版）》，3.7 不同类型数字集成电路间的接口，教材p132（PDF页154）,3.7 不同类型数字集成电路间的接口,132,教材在“3.7 不同类型数字集成电路间的接口”中围绕“逻辑电平接口”展开相关内容；本节点按知识图谱问答需要概括为：不同逻辑系列间通过满足输入输出电平和电流要求实现可靠连接。
DE_MEC_005,CMOS与TTL接口,Mechanism,数字电子技术,不同类型数字集成电路间的接口,连接CMOS与TTL电路时对逻辑电平及驱动能力进行匹配的接口方法。,,4,4,阎石《数字电子技术基础（第六版）》，3.7 不同类型数字集成电路间的接口，教材p132（PDF页154）,3.7 不同类型数字集成电路间的接口,132,教材在“3.7 不同类型数字集成电路间的接口”中围绕“CMOS与TTL接口”展开相关内容；本节点按知识图谱问答需要概括为：连接CMOS与TTL电路时对逻辑电平及驱动能力进行匹配的接口方法。
DE_CON_017,组合逻辑电路,Concept,数字电子技术,组合逻辑电路概述,输出仅由当前输入组合决定、不具有存储记忆功能的逻辑电路。,,3,5,阎石《数字电子技术基础（第六版）》，4.1 概述，教材p146（PDF页168）,4.1 概述,146,教材在“4.1 概述”中围绕“组合逻辑电路”展开相关内容；本节点按知识图谱问答需要概括为：输出仅由当前输入组合决定、不具有存储记忆功能的逻辑电路。
DE_ALG_007,组合逻辑电路分析,Algorithm,数字电子技术,组合逻辑电路的分析方法,由已知逻辑电路得到逻辑函数和功能说明的分析过程。,,3,5,阎石《数字电子技术基础（第六版）》，4.2 组合逻辑电路的分析方法，教材p147（PDF页169）,4.2 组合逻辑电路的分析方法,147,教材在“4.2 组合逻辑电路的分析方法”中围绕“组合逻辑电路分析”展开相关内容；本节点按知识图谱问答需要概括为：由已知逻辑电路得到逻辑函数和功能说明的分析过程。
DE_OPE_008,逻辑功能分析,Operation,数字电子技术,组合逻辑电路的分析方法,根据逻辑函数或真值表判断组合电路实现的功能。,,3,4,阎石《数字电子技术基础（第六版）》，4.2 组合逻辑电路的分析方法，教材p147（PDF页169）,4.2 组合逻辑电路的分析方法,147,教材在“4.2 组合逻辑电路的分析方法”中围绕“逻辑功能分析”展开相关内容；本节点按知识图谱问答需要概括为：根据逻辑函数或真值表判断组合电路实现的功能。
DE_ALG_008,组合逻辑电路设计,Algorithm,数字电子技术,组合逻辑电路的基本设计方法,由功能要求建立真值表、化简逻辑函数并画出实现电路的设计过程。,,4,5,阎石《数字电子技术基础（第六版）》，4.3 组合逻辑电路的基本设计方法，教材p149（PDF页171）,4.3 组合逻辑电路的基本设计方法,149,教材在“4.3 组合逻辑电路的基本设计方法”中围绕“组合逻辑电路设计”展开相关内容；本节点按知识图谱问答需要概括为：由功能要求建立真值表、化简逻辑函数并画出实现电路的设计过程。
DE_OPE_009,逻辑函数最小化,Operation,数字电子技术,组合逻辑电路的基本设计方法,在满足功能的条件下降低逻辑表达式和电路复杂度。,,4,5,阎石《数字电子技术基础（第六版）》，4.3 组合逻辑电路的基本设计方法，教材p149（PDF页171）,4.3 组合逻辑电路的基本设计方法,149,教材在“4.3 组合逻辑电路的基本设计方法”中围绕“逻辑函数最小化”展开相关内容；本节点按知识图谱问答需要概括为：在满足功能的条件下降低逻辑表达式和电路复杂度。
DE_OBJ_013,编码器,ComputingObject,数字电子技术,若干常用的组合逻辑电路模块,把一个有效输入状态转换成对应二进制代码的组合逻辑模块。,Encoder,3,5,阎石《数字电子技术基础（第六版）》，4.4 若干常用的组合逻辑电路模块，教材p152（PDF页174）,4.4 若干常用的组合逻辑电路模块,152,教材在“4.4 若干常用的组合逻辑电路模块”中围绕“编码器”展开相关内容；本节点按知识图谱问答需要概括为：把一个有效输入状态转换成对应二进制代码的组合逻辑模块。
DE_OBJ_014,优先编码器,ComputingObject,数字电子技术,若干常用的组合逻辑电路模块,当多个输入同时有效时按预定优先级输出编码的编码器。,Priority Encoder,4,5,阎石《数字电子技术基础（第六版）》，4.4 若干常用的组合逻辑电路模块，教材p152（PDF页174）,4.4 若干常用的组合逻辑电路模块,152,教材在“4.4 若干常用的组合逻辑电路模块”中围绕“优先编码器”展开相关内容；本节点按知识图谱问答需要概括为：当多个输入同时有效时按预定优先级输出编码的编码器。
DE_OBJ_015,译码器,ComputingObject,数字电子技术,若干常用的组合逻辑电路模块,把输入代码转换成对应输出状态的组合逻辑模块。,Decoder,3,5,阎石《数字电子技术基础（第六版）》，4.4 若干常用的组合逻辑电路模块，教材p152（PDF页174）,4.4 若干常用的组合逻辑电路模块,152,教材在“4.4 若干常用的组合逻辑电路模块”中围绕“译码器”展开相关内容；本节点按知识图谱问答需要概括为：把输入代码转换成对应输出状态的组合逻辑模块。
DE_OBJ_016,二进制译码器,ComputingObject,数字电子技术,若干常用的组合逻辑电路模块,对n位二进制输入产生最多2^n个译码输出的译码器。,,3,5,阎石《数字电子技术基础（第六版）》，4.4 若干常用的组合逻辑电路模块，教材p152（PDF页174）,4.4 若干常用的组合逻辑电路模块,152,教材在“4.4 若干常用的组合逻辑电路模块”中围绕“二进制译码器”展开相关内容；本节点按知识图谱问答需要概括为：对n位二进制输入产生最多2^n个译码输出的译码器。
DE_OBJ_017,显示译码器,ComputingObject,数字电子技术,若干常用的组合逻辑电路模块,把数字代码转换为数码显示器所需段信号的译码器。,,3,4,阎石《数字电子技术基础（第六版）》，4.4 若干常用的组合逻辑电路模块，教材p152（PDF页174）,4.4 若干常用的组合逻辑电路模块,152,教材在“4.4 若干常用的组合逻辑电路模块”中围绕“显示译码器”展开相关内容；本节点按知识图谱问答需要概括为：把数字代码转换为数码显示器所需段信号的译码器。
DE_OBJ_018,数据选择器,ComputingObject,数字电子技术,若干常用的组合逻辑电路模块,在选择控制信号作用下从多路输入中选一路送到输出的电路。,"多路选择器,MUX",3,5,阎石《数字电子技术基础（第六版）》，4.4 若干常用的组合逻辑电路模块，教材p152（PDF页174）,4.4 若干常用的组合逻辑电路模块,152,教材在“4.4 若干常用的组合逻辑电路模块”中围绕“数据选择器”展开相关内容；本节点按知识图谱问答需要概括为：在选择控制信号作用下从多路输入中选一路送到输出的电路。
DE_OBJ_019,数据分配器,ComputingObject,数字电子技术,若干常用的组合逻辑电路模块,把一路输入按控制信号分配到多个输出之一的电路。,DEMUX,3,4,阎石《数字电子技术基础（第六版）》，4.4 若干常用的组合逻辑电路模块，教材p152（PDF页174）,4.4 若干常用的组合逻辑电路模块,152,教材在“4.4 若干常用的组合逻辑电路模块”中围绕“数据分配器”展开相关内容；本节点按知识图谱问答需要概括为：把一路输入按控制信号分配到多个输出之一的电路。
DE_OBJ_020,半加器,ComputingObject,数字电子技术,若干常用的组合逻辑电路模块,完成两个一位二进制数相加并产生和与进位的组合电路。,Half Adder,3,4,阎石《数字电子技术基础（第六版）》，4.4 若干常用的组合逻辑电路模块，教材p152（PDF页174）,4.4 若干常用的组合逻辑电路模块,152,教材在“4.4 若干常用的组合逻辑电路模块”中围绕“半加器”展开相关内容；本节点按知识图谱问答需要概括为：完成两个一位二进制数相加并产生和与进位的组合电路。
DE_OBJ_021,全加器,ComputingObject,数字电子技术,若干常用的组合逻辑电路模块,完成两个一位二进制数和低位进位相加的组合电路。,Full Adder,3,5,阎石《数字电子技术基础（第六版）》，4.4 若干常用的组合逻辑电路模块，教材p152（PDF页174）,4.4 若干常用的组合逻辑电路模块,152,教材在“4.4 若干常用的组合逻辑电路模块”中围绕“全加器”展开相关内容；本节点按知识图谱问答需要概括为：完成两个一位二进制数和低位进位相加的组合电路。
DE_OBJ_022,多位加法器,ComputingObject,数字电子技术,若干常用的组合逻辑电路模块,由若干一位加法单元级联或采用快速进位结构构成的加法电路。,,4,5,阎石《数字电子技术基础（第六版）》，4.4 若干常用的组合逻辑电路模块，教材p152（PDF页174）,4.4 若干常用的组合逻辑电路模块,152,教材在“4.4 若干常用的组合逻辑电路模块”中围绕“多位加法器”展开相关内容；本节点按知识图谱问答需要概括为：由若干一位加法单元级联或采用快速进位结构构成的加法电路。
DE_OBJ_023,数值比较器,ComputingObject,数字电子技术,若干常用的组合逻辑电路模块,比较两个二进制数大小关系并给出大于、等于或小于结果的组合电路。,Magnitude Comparator,3,4,阎石《数字电子技术基础（第六版）》，4.4 若干常用的组合逻辑电路模块，教材p152（PDF页174）,4.4 若干常用的组合逻辑电路模块,152,教材在“4.4 若干常用的组合逻辑电路模块”中围绕“数值比较器”展开相关内容；本节点按知识图谱问答需要概括为：比较两个二进制数大小关系并给出大于、等于或小于结果的组合电路。
DE_MEC_006,层次化设计,Mechanism,数字电子技术,层次化和模块化的设计方法,把复杂数字系统按层次分解为较小模块逐级设计的方法。,,3,4,阎石《数字电子技术基础（第六版）》，4.5 层次化和模块化的设计方法，教材p179（PDF页201）,4.5 层次化和模块化的设计方法,179,教材在“4.5 层次化和模块化的设计方法”中围绕“层次化设计”展开相关内容；本节点按知识图谱问答需要概括为：把复杂数字系统按层次分解为较小模块逐级设计的方法。
DE_MEC_007,模块化设计,Mechanism,数字电子技术,层次化和模块化的设计方法,用功能明确、可复用模块组合构成较复杂数字电路的设计方法。,,3,5,阎石《数字电子技术基础（第六版）》，4.5 层次化和模块化的设计方法，教材p179（PDF页201）,4.5 层次化和模块化的设计方法,179,教材在“4.5 层次化和模块化的设计方法”中围绕“模块化设计”展开相关内容；本节点按知识图谱问答需要概括为：用功能明确、可复用模块组合构成较复杂数字电路的设计方法。
DE_OBJ_024,PLD器件,ComputingObject,数字电子技术,可编程逻辑器件,内部逻辑连接可由用户配置以实现所需逻辑功能的器件。,"PLD,可编程逻辑器件",3,5,阎石《数字电子技术基础（第六版）》，4.6 可编程逻辑器件，教材p184（PDF页206）,4.6 可编程逻辑器件,184,教材在“4.6 可编程逻辑器件”中围绕“可编程逻辑器件”展开相关内容；本节点以“PLD器件”作为图谱中的区分名称，概括为：内部逻辑连接可由用户配置以实现所需逻辑功能的器件。
DE_OBJ_025,PROM,ComputingObject,数字电子技术,可编程逻辑器件,可编程只读存储器，可用固定译码与可编程连接实现逻辑函数。,,3,3,阎石《数字电子技术基础（第六版）》，4.6 可编程逻辑器件，教材p184（PDF页206）,4.6 可编程逻辑器件,184,教材在“4.6 可编程逻辑器件”中围绕“PROM”展开相关内容；本节点按知识图谱问答需要概括为：可编程只读存储器，可用固定译码与可编程连接实现逻辑函数。
DE_OBJ_026,PLA,ComputingObject,数字电子技术,可编程逻辑器件,与阵列和或阵列均可编程的可编程逻辑阵列。,Programmable Logic Array,4,4,阎石《数字电子技术基础（第六版）》，4.6 可编程逻辑器件，教材p184（PDF页206）,4.6 可编程逻辑器件,184,教材在“4.6 可编程逻辑器件”中围绕“PLA”展开相关内容；本节点按知识图谱问答需要概括为：与阵列和或阵列均可编程的可编程逻辑阵列。
DE_OBJ_027,PAL,ComputingObject,数字电子技术,可编程逻辑器件,通常与阵列可编程、或阵列固定的可编程阵列逻辑器件。,Programmable Array Logic,4,4,阎石《数字电子技术基础（第六版）》，4.6 可编程逻辑器件，教材p184（PDF页206）,4.6 可编程逻辑器件,184,教材在“4.6 可编程逻辑器件”中围绕“PAL”展开相关内容；本节点按知识图谱问答需要概括为：通常与阵列可编程、或阵列固定的可编程阵列逻辑器件。
DE_CON_018,HDL,Concept,数字电子技术,硬件描述语言,以文本形式描述数字硬件结构、行为和层次关系的语言。,"HDL,硬件描述语言",3,5,阎石《数字电子技术基础（第六版）》，4.7 硬件描述语言，教材p186（PDF页208）,4.7 硬件描述语言,186,教材在“4.7 硬件描述语言”中围绕“硬件描述语言”展开相关内容；本节点以“HDL”作为图谱中的区分名称，概括为：以文本形式描述数字硬件结构、行为和层次关系的语言。
DE_CON_019,Verilog HDL,Concept,数字电子技术,硬件描述语言,用于数字电路建模、描述和设计的硬件描述语言。,Verilog,3,5,阎石《数字电子技术基础（第六版）》，4.7 硬件描述语言，教材p186（PDF页208）,4.7 硬件描述语言,186,教材在“4.7 硬件描述语言”中围绕“Verilog HDL”展开相关内容；本节点按知识图谱问答需要概括为：用于数字电路建模、描述和设计的硬件描述语言。
DE_MEC_008,译码器实现逻辑函数,Mechanism,数字电子技术,用可编程通用模块设计组合逻辑电路,利用译码器产生最小项并通过组合输出实现给定逻辑函数。,,4,4,阎石《数字电子技术基础（第六版）》，4.8 用可编程通用模块设计组合逻辑电路，教材p190（PDF页212）,4.8 用可编程通用模块设计组合逻辑电路,190,教材在“4.8 用可编程通用模块设计组合逻辑电路”中围绕“译码器实现逻辑函数”展开相关内容；本节点按知识图谱问答需要概括为：利用译码器产生最小项并通过组合输出实现给定逻辑函数。
DE_MEC_009,数据选择器实现逻辑函数,Mechanism,数字电子技术,用可编程通用模块设计组合逻辑电路,利用数据选择器的数据输入和选择端配置实现逻辑函数。,,4,5,阎石《数字电子技术基础（第六版）》，4.8 用可编程通用模块设计组合逻辑电路，教材p190（PDF页212）,4.8 用可编程通用模块设计组合逻辑电路,190,教材在“4.8 用可编程通用模块设计组合逻辑电路”中围绕“数据选择器实现逻辑函数”展开相关内容；本节点按知识图谱问答需要概括为：利用数据选择器的数据输入和选择端配置实现逻辑函数。
DE_PRB_001,竞争,Problem,数字电子技术,组合逻辑电路中的竞争-冒险,多个信号经不同路径传播时因延迟不同而先后到达的现象。,Race,4,5,阎石《数字电子技术基础（第六版）》，4.9 组合逻辑电路中的竞争-冒险，教材p194（PDF页216）,4.9 组合逻辑电路中的竞争-冒险,194,教材在“4.9 组合逻辑电路中的竞争-冒险”中围绕“竞争”展开相关内容；本节点按知识图谱问答需要概括为：多个信号经不同路径传播时因延迟不同而先后到达的现象。
DE_PRB_002,冒险,Problem,数字电子技术,组合逻辑电路中的竞争-冒险,竞争导致组合逻辑电路输出出现非期望瞬时脉冲的现象。,Hazard,4,5,阎石《数字电子技术基础（第六版）》，4.9 组合逻辑电路中的竞争-冒险，教材p194（PDF页216）,4.9 组合逻辑电路中的竞争-冒险,194,教材在“4.9 组合逻辑电路中的竞争-冒险”中围绕“冒险”展开相关内容；本节点按知识图谱问答需要概括为：竞争导致组合逻辑电路输出出现非期望瞬时脉冲的现象。
DE_ALG_009,冗余项消除冒险,Algorithm,数字电子技术,组合逻辑电路中的竞争-冒险,在逻辑函数中加入适当冗余项以避免静态冒险的方法。,,4,4,阎石《数字电子技术基础（第六版）》，4.9 组合逻辑电路中的竞争-冒险，教材p194（PDF页216）,4.9 组合逻辑电路中的竞争-冒险,194,教材在“4.9 组合逻辑电路中的竞争-冒险”中围绕“冗余项消除冒险”展开相关内容；本节点按知识图谱问答需要概括为：在逻辑函数中加入适当冗余项以避免静态冒险的方法。
DE_OBJ_028,基本SR锁存器,ComputingObject,数字电子技术,SR锁存器,由交叉耦合门电路构成、可保持一位二值状态的基本存储单元。,"SR Latch,SR锁存器",3,5,阎石《数字电子技术基础（第六版）》，5.2 SR锁存器，教材p208（PDF页230）,5.2 SR锁存器,208,教材在“5.2 SR锁存器”中围绕“SR锁存器”展开相关内容；本节点以“基本SR锁存器”作为图谱中的区分名称，概括为：由交叉耦合门电路构成、可保持一位二值状态的基本存储单元。
DE_OPE_010,置位,Operation,数字电子技术,SR锁存器,使存储单元输出进入逻辑1状态的操作。,Set,2,4,阎石《数字电子技术基础（第六版）》，5.2 SR锁存器，教材p208（PDF页230）,5.2 SR锁存器,208,教材在“5.2 SR锁存器”中围绕“置位”展开相关内容；本节点按知识图谱问答需要概括为：使存储单元输出进入逻辑1状态的操作。
DE_OPE_011,复位,Operation,数字电子技术,SR锁存器,使存储单元输出进入逻辑0状态的操作。,Reset,2,4,阎石《数字电子技术基础（第六版）》，5.2 SR锁存器，教材p208（PDF页230）,5.2 SR锁存器,208,教材在“5.2 SR锁存器”中围绕“复位”展开相关内容；本节点按知识图谱问答需要概括为：使存储单元输出进入逻辑0状态的操作。
DE_PRP_010,保持状态,Property,数字电子技术,SR锁存器,输入条件满足时存储单元维持原有状态不变的性质。,,3,4,阎石《数字电子技术基础（第六版）》，5.2 SR锁存器，教材p208（PDF页230）,5.2 SR锁存器,208,教材在“5.2 SR锁存器”中围绕“保持状态”展开相关内容；本节点按知识图谱问答需要概括为：输入条件满足时存储单元维持原有状态不变的性质。
DE_PRB_003,禁止状态,Problem,数字电子技术,SR锁存器,SR锁存器中某些输入组合导致输出关系不符合正常互补要求的状态。,非法状态,3,4,阎石《数字电子技术基础（第六版）》，5.2 SR锁存器，教材p208（PDF页230）,5.2 SR锁存器,208,教材在“5.2 SR锁存器”中围绕“禁止状态”展开相关内容；本节点按知识图谱问答需要概括为：SR锁存器中某些输入组合导致输出关系不符合正常互补要求的状态。
DE_OBJ_029,基本触发器,ComputingObject,数字电子技术,触发器,在触发条件作用下改变并保持一位二值状态的时序存储单元。,"Flip-Flop,触发器",3,5,阎石《数字电子技术基础（第六版）》，5.3 触发器，教材p210（PDF页232）,5.3 触发器,210,教材在“5.3 触发器”中围绕“触发器”展开相关内容；本节点以“基本触发器”作为图谱中的区分名称，概括为：在触发条件作用下改变并保持一位二值状态的时序存储单元。
DE_MEC_010,电平触发,Mechanism,数字电子技术,触发器,在时钟有效电平期间允许状态受输入影响的触发方式。,,3,4,阎石《数字电子技术基础（第六版）》，5.3 触发器，教材p210（PDF页232）,5.3 触发器,210,教材在“5.3 触发器”中围绕“电平触发”展开相关内容；本节点按知识图谱问答需要概括为：在时钟有效电平期间允许状态受输入影响的触发方式。
DE_MEC_011,边沿触发,Mechanism,数字电子技术,触发器,仅在时钟有效边沿附近更新状态的触发方式。,,4,5,阎石《数字电子技术基础（第六版）》，5.3 触发器，教材p210（PDF页232）,5.3 触发器,210,教材在“5.3 触发器”中围绕“边沿触发”展开相关内容；本节点按知识图谱问答需要概括为：仅在时钟有效边沿附近更新状态的触发方式。
DE_MEC_012,脉冲触发,Mechanism,数字电子技术,触发器,利用时钟脉冲的不同阶段控制内部状态传递的触发方式。,主从触发,4,4,阎石《数字电子技术基础（第六版）》，5.3 触发器，教材p210（PDF页232）,5.3 触发器,210,教材在“5.3 触发器”中围绕“脉冲触发”展开相关内容；本节点按知识图谱问答需要概括为：利用时钟脉冲的不同阶段控制内部状态传递的触发方式。
DE_OBJ_030,D触发器,ComputingObject,数字电子技术,触发器,下一状态由D输入在有效触发时刻决定的触发器。,D Flip-Flop,3,5,阎石《数字电子技术基础（第六版）》，5.3 触发器，教材p210（PDF页232）,5.3 触发器,210,教材在“5.3 触发器”中围绕“D触发器”展开相关内容；本节点按知识图谱问答需要概括为：下一状态由D输入在有效触发时刻决定的触发器。
DE_OBJ_031,JK触发器,ComputingObject,数字电子技术,触发器,通过J、K输入控制置位、复位、保持和翻转功能的触发器。,JK Flip-Flop,4,5,阎石《数字电子技术基础（第六版）》，5.3 触发器，教材p210（PDF页232）,5.3 触发器,210,教材在“5.3 触发器”中围绕“JK触发器”展开相关内容；本节点按知识图谱问答需要概括为：通过J、K输入控制置位、复位、保持和翻转功能的触发器。
DE_OBJ_032,T触发器,ComputingObject,数字电子技术,触发器,T有效时在触发沿使输出状态翻转的触发器。,T Flip-Flop,3,4,阎石《数字电子技术基础（第六版）》，5.3 触发器，教材p210（PDF页232）,5.3 触发器,210,教材在“5.3 触发器”中围绕“T触发器”展开相关内容；本节点按知识图谱问答需要概括为：T有效时在触发沿使输出状态翻转的触发器。
DE_MOD_007,特性方程,Model,数字电子技术,触发器,用逻辑方程表示触发器下一状态与当前状态及输入之间关系。,,4,5,阎石《数字电子技术基础（第六版）》，5.3 触发器，教材p210（PDF页232）,5.3 触发器,210,教材在“5.3 触发器”中围绕“特性方程”展开相关内容；本节点按知识图谱问答需要概括为：用逻辑方程表示触发器下一状态与当前状态及输入之间关系。
DE_MOD_008,特性表,Model,数字电子技术,触发器,用表格列出触发器输入、当前状态和下一状态之间的关系。,,3,4,阎石《数字电子技术基础（第六版）》，5.3 触发器，教材p210（PDF页232）,5.3 触发器,210,教材在“5.3 触发器”中围绕“特性表”展开相关内容；本节点按知识图谱问答需要概括为：用表格列出触发器输入、当前状态和下一状态之间的关系。
DE_MET_009,建立时间,Metric,数字电子技术,触发器,时钟有效边沿到来前数据输入必须保持稳定的最短时间。,Setup Time,4,5,阎石《数字电子技术基础（第六版）》，5.3 触发器，教材p210（PDF页232）,5.3 触发器,210,教材在“5.3 触发器”中围绕“建立时间”展开相关内容；本节点按知识图谱问答需要概括为：时钟有效边沿到来前数据输入必须保持稳定的最短时间。
DE_MET_010,保持时间,Metric,数字电子技术,触发器,时钟有效边沿之后数据输入仍需保持稳定的最短时间。,Hold Time,4,5,阎石《数字电子技术基础（第六版）》，5.3 触发器，教材p210（PDF页232）,5.3 触发器,210,教材在“5.3 触发器”中围绕“保持时间”展开相关内容；本节点按知识图谱问答需要概括为：时钟有效边沿之后数据输入仍需保持稳定的最短时间。
DE_OBJ_033,数据寄存器,ComputingObject,数字电子技术,寄存器,由多个触发器构成、用于暂存一组二进制数据的电路。,"Register,寄存器",3,5,阎石《数字电子技术基础（第六版）》，5.4 寄存器，教材p229（PDF页251）,5.4 寄存器,229,教材在“5.4 寄存器”中围绕“寄存器”展开相关内容；本节点以“数据寄存器”作为图谱中的区分名称，概括为：由多个触发器构成、用于暂存一组二进制数据的电路。
DE_OBJ_034,静态随机存储器,ComputingObject,数字电子技术,存储器,利用双稳态存储单元保存数据、无需周期刷新即可保持信息的随机存储器。,SRAM,3,5,阎石《数字电子技术基础（第六版）》，5.5 存储器，教材p230（PDF页252）,5.5 存储器,230,教材在“5.5 存储器”中围绕“静态随机存储器”展开相关内容；本节点按知识图谱问答需要概括为：利用双稳态存储单元保存数据、无需周期刷新即可保持信息的随机存储器。
DE_OBJ_035,动态随机存储器,ComputingObject,数字电子技术,存储器,利用电容电荷存储信息、需要周期刷新的随机存储器。,DRAM,4,5,阎石《数字电子技术基础（第六版）》，5.5 存储器，教材p230（PDF页252）,5.5 存储器,230,教材在“5.5 存储器”中围绕“动态随机存储器”展开相关内容；本节点按知识图谱问答需要概括为：利用电容电荷存储信息、需要周期刷新的随机存储器。
DE_OBJ_036,只读存储器,ComputingObject,数字电子技术,存储器,主要用于非易失性保存固定或可编程信息的存储器。,ROM,3,5,阎石《数字电子技术基础（第六版）》，5.5 存储器，教材p230（PDF页252）,5.5 存储器,230,教材在“5.5 存储器”中围绕“只读存储器”展开相关内容；本节点按知识图谱问答需要概括为：主要用于非易失性保存固定或可编程信息的存储器。
DE_MEC_013,存储器容量扩展,Mechanism,数字电子技术,存储器,通过位扩展、字扩展或字位联合扩展获得所需存储容量的方法。,,4,4,阎石《数字电子技术基础（第六版）》，5.5 存储器，教材p230（PDF页252）,5.5 存储器,230,教材在“5.5 存储器”中围绕“存储器容量扩展”展开相关内容；本节点按知识图谱问答需要概括为：通过位扩展、字扩展或字位联合扩展获得所需存储容量的方法。
DE_MEC_014,存储器实现组合逻辑函数,Mechanism,数字电子技术,存储器,把输入变量作为地址、把函数值存入对应单元来实现组合逻辑函数。,,4,4,阎石《数字电子技术基础（第六版）》，5.5 存储器，教材p230（PDF页252）,5.5 存储器,230,教材在“5.5 存储器”中围绕“存储器实现组合逻辑函数”展开相关内容；本节点按知识图谱问答需要概括为：把输入变量作为地址、把函数值存入对应单元来实现组合逻辑函数。
DE_CON_020,时序逻辑电路,Concept,数字电子技术,时序逻辑电路概述,输出不仅取决于当前输入，还与电路原有状态有关的逻辑电路。,Sequential Logic Circuit,3,5,阎石《数字电子技术基础（第六版）》，6.1 概述，教材p261（PDF页283）,6.1 概述,261,教材在“6.1 概述”中围绕“时序逻辑电路”展开相关内容；本节点按知识图谱问答需要概括为：输出不仅取决于当前输入，还与电路原有状态有关的逻辑电路。
DE_CON_021,状态,Concept,数字电子技术,时序逻辑电路概述,反映时序逻辑电路内部存储信息的离散变量组合。,,3,5,阎石《数字电子技术基础（第六版）》，6.1 概述，教材p261（PDF页283）,6.1 概述,261,教材在“6.1 概述”中围绕“状态”展开相关内容；本节点按知识图谱问答需要概括为：反映时序逻辑电路内部存储信息的离散变量组合。
DE_CON_022,同步时序逻辑电路,Concept,数字电子技术,时序逻辑电路概述,各存储单元状态在统一时钟控制下同步改变的时序电路。,,3,5,阎石《数字电子技术基础（第六版）》，6.1 概述，教材p261（PDF页283）,6.1 概述,261,教材在“6.1 概述”中围绕“同步时序逻辑电路”展开相关内容；本节点按知识图谱问答需要概括为：各存储单元状态在统一时钟控制下同步改变的时序电路。
DE_CON_023,异步时序逻辑电路,Concept,数字电子技术,时序逻辑电路概述,状态变化不完全由统一时钟同步控制的时序电路。,,4,4,阎石《数字电子技术基础（第六版）》，6.1 概述，教材p261（PDF页283）,6.1 概述,261,教材在“6.1 概述”中围绕“异步时序逻辑电路”展开相关内容；本节点按知识图谱问答需要概括为：状态变化不完全由统一时钟同步控制的时序电路。
DE_ALG_010,时序逻辑电路分析,Algorithm,数字电子技术,时序逻辑电路的分析方法,由给定时序电路求状态方程、状态转换和逻辑功能的过程。,,4,5,阎石《数字电子技术基础（第六版）》，6.2 时序逻辑电路的分析方法，教材p263（PDF页285）,6.2 时序逻辑电路的分析方法,263,教材在“6.2 时序逻辑电路的分析方法”中围绕“时序逻辑电路分析”展开相关内容；本节点按知识图谱问答需要概括为：由给定时序电路求状态方程、状态转换和逻辑功能的过程。
DE_MOD_009,驱动方程,Model,数字电子技术,时序逻辑电路的分析方法,描述触发器输入信号由外部输入和当前状态决定的逻辑方程。,激励方程,4,5,阎石《数字电子技术基础（第六版）》，6.2 时序逻辑电路的分析方法，教材p263（PDF页285）,6.2 时序逻辑电路的分析方法,263,教材在“6.2 时序逻辑电路的分析方法”中围绕“驱动方程”展开相关内容；本节点按知识图谱问答需要概括为：描述触发器输入信号由外部输入和当前状态决定的逻辑方程。
DE_MOD_010,状态方程,Model,数字电子技术,时序逻辑电路的分析方法,描述电路下一状态由当前状态和输入决定的方程。,,4,5,阎石《数字电子技术基础（第六版）》，6.2 时序逻辑电路的分析方法，教材p263（PDF页285）,6.2 时序逻辑电路的分析方法,263,教材在“6.2 时序逻辑电路的分析方法”中围绕“状态方程”展开相关内容；本节点按知识图谱问答需要概括为：描述电路下一状态由当前状态和输入决定的方程。
DE_MOD_011,输出方程,Model,数字电子技术,时序逻辑电路的分析方法,描述电路输出由当前状态及输入决定的逻辑方程。,,4,4,阎石《数字电子技术基础（第六版）》，6.2 时序逻辑电路的分析方法，教材p263（PDF页285）,6.2 时序逻辑电路的分析方法,263,教材在“6.2 时序逻辑电路的分析方法”中围绕“输出方程”展开相关内容；本节点按知识图谱问答需要概括为：描述电路输出由当前状态及输入决定的逻辑方程。
DE_MOD_012,状态转换表,Model,数字电子技术,时序逻辑电路的分析方法,以表格形式表示当前状态、输入、下一状态和输出的关系。,状态表,3,5,阎石《数字电子技术基础（第六版）》，6.2 时序逻辑电路的分析方法，教材p263（PDF页285）,6.2 时序逻辑电路的分析方法,263,教材在“6.2 时序逻辑电路的分析方法”中围绕“状态转换表”展开相关内容；本节点按知识图谱问答需要概括为：以表格形式表示当前状态、输入、下一状态和输出的关系。
DE_MOD_013,状态转换图,Model,数字电子技术,时序逻辑电路的分析方法,以节点和有向边表示状态及其转换条件的图形。,状态图,3,5,阎石《数字电子技术基础（第六版）》，6.2 时序逻辑电路的分析方法，教材p263（PDF页285）,6.2 时序逻辑电路的分析方法,263,教材在“6.2 时序逻辑电路的分析方法”中围绕“状态转换图”展开相关内容；本节点按知识图谱问答需要概括为：以节点和有向边表示状态及其转换条件的图形。
DE_MOD_014,状态机流程图,Model,数字电子技术,时序逻辑电路的分析方法,用流程式图形描述状态变化和输出行为的方法。,,4,3,阎石《数字电子技术基础（第六版）》，6.2 时序逻辑电路的分析方法，教材p263（PDF页285）,6.2 时序逻辑电路的分析方法,263,教材在“6.2 时序逻辑电路的分析方法”中围绕“状态机流程图”展开相关内容；本节点按知识图谱问答需要概括为：用流程式图形描述状态变化和输出行为的方法。
DE_MOD_015,时序图,Model,数字电子技术,时序逻辑电路的分析方法,用波形随时间的变化描述时序逻辑电路信号关系。,,3,5,阎石《数字电子技术基础（第六版）》，6.2 时序逻辑电路的分析方法，教材p263（PDF页285）,6.2 时序逻辑电路的分析方法,263,教材在“6.2 时序逻辑电路的分析方法”中围绕“时序图”展开相关内容；本节点按知识图谱问答需要概括为：用波形随时间的变化描述时序逻辑电路信号关系。
DE_OBJ_037,移位寄存器,ComputingObject,数字电子技术,若干常用的时序逻辑电路,可在时钟作用下使存储数据逐位移动的寄存器。,Shift Register,3,5,阎石《数字电子技术基础（第六版）》，6.3 若干常用的时序逻辑电路，教材p271（PDF页293）,6.3 若干常用的时序逻辑电路,271,教材在“6.3 若干常用的时序逻辑电路”中围绕“移位寄存器”展开相关内容；本节点按知识图谱问答需要概括为：可在时钟作用下使存储数据逐位移动的寄存器。
DE_MEC_015,串行输入串行输出,Mechanism,数字电子技术,若干常用的时序逻辑电路,数据按位串行进入并按位串行移出的移位寄存方式。,SISO,3,3,阎石《数字电子技术基础（第六版）》，6.3 若干常用的时序逻辑电路，教材p271（PDF页293）,6.3 若干常用的时序逻辑电路,271,教材在“6.3 若干常用的时序逻辑电路”中围绕“串行输入串行输出”展开相关内容；本节点按知识图谱问答需要概括为：数据按位串行进入并按位串行移出的移位寄存方式。
DE_MEC_016,串行输入并行输出,Mechanism,数字电子技术,若干常用的时序逻辑电路,数据串行输入后从各级同时并行读出的移位寄存方式。,SIPO,3,4,阎石《数字电子技术基础（第六版）》，6.3 若干常用的时序逻辑电路，教材p271（PDF页293）,6.3 若干常用的时序逻辑电路,271,教材在“6.3 若干常用的时序逻辑电路”中围绕“串行输入并行输出”展开相关内容；本节点按知识图谱问答需要概括为：数据串行输入后从各级同时并行读出的移位寄存方式。
DE_MEC_017,并行输入串行输出,Mechanism,数字电子技术,若干常用的时序逻辑电路,多位数据并行装入后逐位串行输出的移位寄存方式。,PISO,3,4,阎石《数字电子技术基础（第六版）》，6.3 若干常用的时序逻辑电路，教材p271（PDF页293）,6.3 若干常用的时序逻辑电路,271,教材在“6.3 若干常用的时序逻辑电路”中围绕“并行输入串行输出”展开相关内容；本节点按知识图谱问答需要概括为：多位数据并行装入后逐位串行输出的移位寄存方式。
DE_OBJ_038,计数器,ComputingObject,数字电子技术,若干常用的时序逻辑电路,按输入脉冲对状态序列进行计数的时序逻辑电路。,Counter,3,5,阎石《数字电子技术基础（第六版）》，6.3 若干常用的时序逻辑电路，教材p271（PDF页293）,6.3 若干常用的时序逻辑电路,271,教材在“6.3 若干常用的时序逻辑电路”中围绕“计数器”展开相关内容；本节点按知识图谱问答需要概括为：按输入脉冲对状态序列进行计数的时序逻辑电路。
DE_OBJ_039,同步计数器,ComputingObject,数字电子技术,若干常用的时序逻辑电路,各触发器由同一时钟同步触发的计数器。,,4,5,阎石《数字电子技术基础（第六版）》，6.3 若干常用的时序逻辑电路，教材p271（PDF页293）,6.3 若干常用的时序逻辑电路,271,教材在“6.3 若干常用的时序逻辑电路”中围绕“同步计数器”展开相关内容；本节点按知识图谱问答需要概括为：各触发器由同一时钟同步触发的计数器。
DE_OBJ_040,异步计数器,ComputingObject,数字电子技术,若干常用的时序逻辑电路,后级触发器由前级输出驱动而依次翻转的计数器。,脉动计数器,4,4,阎石《数字电子技术基础（第六版）》，6.3 若干常用的时序逻辑电路，教材p271（PDF页293）,6.3 若干常用的时序逻辑电路,271,教材在“6.3 若干常用的时序逻辑电路”中围绕“异步计数器”展开相关内容；本节点按知识图谱问答需要概括为：后级触发器由前级输出驱动而依次翻转的计数器。
DE_OBJ_041,加法计数器,ComputingObject,数字电子技术,若干常用的时序逻辑电路,状态按数值递增顺序变化的计数器。,Up Counter,3,4,阎石《数字电子技术基础（第六版）》，6.3 若干常用的时序逻辑电路，教材p271（PDF页293）,6.3 若干常用的时序逻辑电路,271,教材在“6.3 若干常用的时序逻辑电路”中围绕“加法计数器”展开相关内容；本节点按知识图谱问答需要概括为：状态按数值递增顺序变化的计数器。
DE_OBJ_042,减法计数器,ComputingObject,数字电子技术,若干常用的时序逻辑电路,状态按数值递减顺序变化的计数器。,Down Counter,3,4,阎石《数字电子技术基础（第六版）》，6.3 若干常用的时序逻辑电路，教材p271（PDF页293）,6.3 若干常用的时序逻辑电路,271,教材在“6.3 若干常用的时序逻辑电路”中围绕“减法计数器”展开相关内容；本节点按知识图谱问答需要概括为：状态按数值递减顺序变化的计数器。
DE_OBJ_043,任意进制计数器,ComputingObject,数字电子技术,若干常用的时序逻辑电路,具有指定模数而不必为2的整数次幂的计数器。,模N计数器,4,5,阎石《数字电子技术基础（第六版）》，6.3 若干常用的时序逻辑电路，教材p271（PDF页293）,6.3 若干常用的时序逻辑电路,271,教材在“6.3 若干常用的时序逻辑电路”中围绕“任意进制计数器”展开相关内容；本节点按知识图谱问答需要概括为：具有指定模数而不必为2的整数次幂的计数器。
DE_OBJ_044,顺序脉冲发生器,ComputingObject,数字电子技术,若干常用的时序逻辑电路,按照规定时间顺序在多个输出端产生脉冲的时序电路。,,4,4,阎石《数字电子技术基础（第六版）》，6.3 若干常用的时序逻辑电路，教材p271（PDF页293）,6.3 若干常用的时序逻辑电路,271,教材在“6.3 若干常用的时序逻辑电路”中围绕“顺序脉冲发生器”展开相关内容；本节点按知识图谱问答需要概括为：按照规定时间顺序在多个输出端产生脉冲的时序电路。
DE_OBJ_045,序列信号发生器,ComputingObject,数字电子技术,若干常用的时序逻辑电路,按照预定规律循环产生二进制序列的时序电路。,,4,4,阎石《数字电子技术基础（第六版）》，6.3 若干常用的时序逻辑电路，教材p271（PDF页293）,6.3 若干常用的时序逻辑电路,271,教材在“6.3 若干常用的时序逻辑电路”中围绕“序列信号发生器”展开相关内容；本节点按知识图谱问答需要概括为：按照预定规律循环产生二进制序列的时序电路。
DE_ALG_011,状态化简,Algorithm,数字电子技术,时序逻辑电路的设计方法,合并等价状态以减少时序逻辑电路所需状态数。,,4,4,阎石《数字电子技术基础（第六版）》，6.4 时序逻辑电路的设计方法，教材p310（PDF页332）,6.4 时序逻辑电路的设计方法,310,教材在“6.4 时序逻辑电路的设计方法”中围绕“状态化简”展开相关内容；本节点按知识图谱问答需要概括为：合并等价状态以减少时序逻辑电路所需状态数。
DE_OPE_012,状态编码,Operation,数字电子技术,时序逻辑电路的设计方法,为抽象状态分配二进制代码以便用触发器实现。,状态分配,4,5,阎石《数字电子技术基础（第六版）》，6.4 时序逻辑电路的设计方法，教材p310（PDF页332）,6.4 时序逻辑电路的设计方法,310,教材在“6.4 时序逻辑电路的设计方法”中围绕“状态编码”展开相关内容；本节点按知识图谱问答需要概括为：为抽象状态分配二进制代码以便用触发器实现。
DE_OBJ_046,施密特触发器,ComputingObject,数字电子技术,施密特触发电路,具有滞回特性的阈值开关电路，可用于波形整形。,Schmitt Trigger,3,5,阎石《数字电子技术基础（第六版）》，7.2 施密特触发电路，教材p350（PDF页372）,7.2 施密特触发电路,350,教材在“7.2 施密特触发电路”中围绕“施密特触发器”展开相关内容；本节点按知识图谱问答需要概括为：具有滞回特性的阈值开关电路，可用于波形整形。
DE_MET_011,上限阈值电压,Metric,数字电子技术,施密特触发电路,输入上升过程中引起输出翻转的阈值电压。,VT+,3,4,阎石《数字电子技术基础（第六版）》，7.2 施密特触发电路，教材p350（PDF页372）,7.2 施密特触发电路,350,教材在“7.2 施密特触发电路”中围绕“上限阈值电压”展开相关内容；本节点按知识图谱问答需要概括为：输入上升过程中引起输出翻转的阈值电压。
DE_MET_012,下限阈值电压,Metric,数字电子技术,施密特触发电路,输入下降过程中引起输出翻转的阈值电压。,VT-,3,4,阎石《数字电子技术基础（第六版）》，7.2 施密特触发电路，教材p350（PDF页372）,7.2 施密特触发电路,350,教材在“7.2 施密特触发电路”中围绕“下限阈值电压”展开相关内容；本节点按知识图谱问答需要概括为：输入下降过程中引起输出翻转的阈值电压。
DE_MET_013,回差电压,Metric,数字电子技术,施密特触发电路,上、下阈值电压之差，反映施密特触发器的滞回宽度。,滞回电压,3,5,阎石《数字电子技术基础（第六版）》，7.2 施密特触发电路，教材p350（PDF页372）,7.2 施密特触发电路,350,教材在“7.2 施密特触发电路”中围绕“回差电压”展开相关内容；本节点按知识图谱问答需要概括为：上、下阈值电压之差，反映施密特触发器的滞回宽度。
DE_APP_001,波形整形,Application,数字电子技术,施密特触发电路,把缓慢或畸变的输入波形转换成边沿较陡的数字脉冲。,,3,5,阎石《数字电子技术基础（第六版）》，7.2 施密特触发电路，教材p350（PDF页372）,7.2 施密特触发电路,350,教材在“7.2 施密特触发电路”中围绕“波形整形”展开相关内容；本节点按知识图谱问答需要概括为：把缓慢或畸变的输入波形转换成边沿较陡的数字脉冲。
DE_OBJ_047,单稳态触发器,ComputingObject,数字电子技术,单稳态电路,具有一个稳定状态和一个暂稳状态的脉冲电路。,Monostable Multivibrator,3,5,阎石《数字电子技术基础（第六版）》，7.3 单稳态电路，教材p357（PDF页379）,7.3 单稳态电路,357,教材在“7.3 单稳态电路”中围绕“单稳态触发器”展开相关内容；本节点按知识图谱问答需要概括为：具有一个稳定状态和一个暂稳状态的脉冲电路。
DE_CON_024,暂稳态,Concept,数字电子技术,单稳态电路,单稳态电路受触发后在一定时间内维持的非稳定状态。,,3,4,阎石《数字电子技术基础（第六版）》，7.3 单稳态电路，教材p357（PDF页379）,7.3 单稳态电路,357,教材在“7.3 单稳态电路”中围绕“暂稳态”展开相关内容；本节点按知识图谱问答需要概括为：单稳态电路受触发后在一定时间内维持的非稳定状态。
DE_MET_014,输出脉冲宽度,Metric,数字电子技术,单稳态电路,单稳态电路一次触发所产生输出脉冲的持续时间。,,3,4,阎石《数字电子技术基础（第六版）》，7.3 单稳态电路，教材p357（PDF页379）,7.3 单稳态电路,357,教材在“7.3 单稳态电路”中围绕“输出脉冲宽度”展开相关内容；本节点按知识图谱问答需要概括为：单稳态电路一次触发所产生输出脉冲的持续时间。
DE_OBJ_048,多谐振荡器,ComputingObject,数字电子技术,多谐振荡电路,无需外加周期触发信号即可自激产生矩形脉冲的振荡电路。,Astable Multivibrator,3,5,阎石《数字电子技术基础（第六版）》，7.4 多谐振荡电路，教材p364（PDF页386）,7.4 多谐振荡电路,364,教材在“7.4 多谐振荡电路”中围绕“多谐振荡器”展开相关内容；本节点按知识图谱问答需要概括为：无需外加周期触发信号即可自激产生矩形脉冲的振荡电路。
DE_OBJ_049,对称式多谐振荡器,ComputingObject,数字电子技术,多谐振荡电路,电路两侧结构参数对称的多谐振荡器。,,4,3,阎石《数字电子技术基础（第六版）》，7.4 多谐振荡电路，教材p364（PDF页386）,7.4 多谐振荡电路,364,教材在“7.4 多谐振荡电路”中围绕“对称式多谐振荡器”展开相关内容；本节点按知识图谱问答需要概括为：电路两侧结构参数对称的多谐振荡器。
DE_OBJ_050,非对称式多谐振荡器,ComputingObject,数字电子技术,多谐振荡电路,电路两侧参数不完全对称的多谐振荡器。,,4,3,阎石《数字电子技术基础（第六版）》，7.4 多谐振荡电路，教材p364（PDF页386）,7.4 多谐振荡电路,364,教材在“7.4 多谐振荡电路”中围绕“非对称式多谐振荡器”展开相关内容；本节点按知识图谱问答需要概括为：电路两侧参数不完全对称的多谐振荡器。
DE_OBJ_051,环形振荡器,ComputingObject,数字电子技术,多谐振荡电路,利用奇数级反相器首尾连接及传播延迟形成振荡的电路。,Ring Oscillator,4,4,阎石《数字电子技术基础（第六版）》，7.4 多谐振荡电路，教材p364（PDF页386）,7.4 多谐振荡电路,364,教材在“7.4 多谐振荡电路”中围绕“环形振荡器”展开相关内容；本节点按知识图谱问答需要概括为：利用奇数级反相器首尾连接及传播延迟形成振荡的电路。
DE_OBJ_052,石英晶体多谐振荡器,ComputingObject,数字电子技术,多谐振荡电路,利用石英晶体高品质因数获得稳定频率的振荡电路。,晶体振荡器,4,4,阎石《数字电子技术基础（第六版）》，7.4 多谐振荡电路，教材p364（PDF页386）,7.4 多谐振荡电路,364,教材在“7.4 多谐振荡电路”中围绕“石英晶体多谐振荡器”展开相关内容；本节点按知识图谱问答需要概括为：利用石英晶体高品质因数获得稳定频率的振荡电路。
DE_MET_015,振荡频率,Metric,数字电子技术,多谐振荡电路,多谐振荡器单位时间内产生周期波形的重复频率。,,3,5,阎石《数字电子技术基础（第六版）》，7.4 多谐振荡电路，教材p364（PDF页386）,7.4 多谐振荡电路,364,教材在“7.4 多谐振荡电路”中围绕“振荡频率”展开相关内容；本节点按知识图谱问答需要概括为：多谐振荡器单位时间内产生周期波形的重复频率。
DE_OBJ_053,555定时器,ComputingObject,数字电子技术,555定时器及其应用,集成比较器、锁存器和放电管等单元的通用定时器件。,555 Timer,3,5,阎石《数字电子技术基础（第六版）》，7.5 555定时器及其应用，教材p375（PDF页397）,7.5 555定时器及其应用,375,教材在“7.5 555定时器及其应用”中围绕“555定时器”展开相关内容；本节点按知识图谱问答需要概括为：集成比较器、锁存器和放电管等单元的通用定时器件。
DE_OBJ_054,555施密特触发电路,ComputingObject,数字电子技术,555定时器及其应用,利用555定时器内部比较器构成的施密特触发应用电路。,,3,4,阎石《数字电子技术基础（第六版）》，7.5 555定时器及其应用，教材p375（PDF页397）,7.5 555定时器及其应用,375,教材在“7.5 555定时器及其应用”中围绕“555施密特触发电路”展开相关内容；本节点按知识图谱问答需要概括为：利用555定时器内部比较器构成的施密特触发应用电路。
DE_OBJ_055,555单稳态电路,ComputingObject,数字电子技术,555定时器及其应用,利用555定时器构成的单稳态定时电路。,,3,5,阎石《数字电子技术基础（第六版）》，7.5 555定时器及其应用，教材p375（PDF页397）,7.5 555定时器及其应用,375,教材在“7.5 555定时器及其应用”中围绕“555单稳态电路”展开相关内容；本节点按知识图谱问答需要概括为：利用555定时器构成的单稳态定时电路。
DE_OBJ_056,555多谐振荡电路,ComputingObject,数字电子技术,555定时器及其应用,利用555定时器构成的自激多谐振荡电路。,,3,5,阎石《数字电子技术基础（第六版）》，7.5 555定时器及其应用，教材p375（PDF页397）,7.5 555定时器及其应用,375,教材在“7.5 555定时器及其应用”中围绕“555多谐振荡电路”展开相关内容；本节点按知识图谱问答需要概括为：利用555定时器构成的自激多谐振荡电路。
DE_OBJ_057,D/A转换器,ComputingObject,数字电子技术,D/A转换器的电路结构和工作原理,把数字量转换为与其数值对应的模拟量的电路。,DAC,3,5,阎石《数字电子技术基础（第六版）》，8.2 D/A转换器的电路结构和工作原理，教材p389（PDF页411）,8.2 D/A转换器的电路结构和工作原理,389,教材在“8.2 D/A转换器的电路结构和工作原理”中围绕“D/A转换器”展开相关内容；本节点按知识图谱问答需要概括为：把数字量转换为与其数值对应的模拟量的电路。
DE_OBJ_058,权电阻网络D/A转换器,ComputingObject,数字电子技术,D/A转换器的电路结构和工作原理,用按二进制权值配置的电阻网络实现数模转换的DAC。,Weighted-Resistor DAC,4,4,阎石《数字电子技术基础（第六版）》，8.2 D/A转换器的电路结构和工作原理，教材p389（PDF页411）,8.2 D/A转换器的电路结构和工作原理,389,教材在“8.2 D/A转换器的电路结构和工作原理”中围绕“权电阻网络D/A转换器”展开相关内容；本节点按知识图谱问答需要概括为：用按二进制权值配置的电阻网络实现数模转换的DAC。
DE_OBJ_059,倒T形电阻网络D/A转换器,ComputingObject,数字电子技术,D/A转换器的电路结构和工作原理,利用R-2R倒T形电阻网络实现各位权重的DAC。,R-2R DAC,4,5,阎石《数字电子技术基础（第六版）》，8.2 D/A转换器的电路结构和工作原理，教材p389（PDF页411）,8.2 D/A转换器的电路结构和工作原理,389,教材在“8.2 D/A转换器的电路结构和工作原理”中围绕“倒T形电阻网络D/A转换器”展开相关内容；本节点按知识图谱问答需要概括为：利用R-2R倒T形电阻网络实现各位权重的DAC。
DE_OBJ_060,权电流型D/A转换器,ComputingObject,数字电子技术,D/A转换器的电路结构和工作原理,利用按位权分配的电流源形成模拟输出的DAC。,,4,4,阎石《数字电子技术基础（第六版）》，8.2 D/A转换器的电路结构和工作原理，教材p389（PDF页411）,8.2 D/A转换器的电路结构和工作原理,389,教材在“8.2 D/A转换器的电路结构和工作原理”中围绕“权电流型D/A转换器”展开相关内容；本节点按知识图谱问答需要概括为：利用按位权分配的电流源形成模拟输出的DAC。
DE_OBJ_061,双极性输出D/A转换器,ComputingObject,数字电子技术,D/A转换器的电路结构和工作原理,能够输出正、负极性模拟量的数模转换器。,,4,3,阎石《数字电子技术基础（第六版）》，8.2 D/A转换器的电路结构和工作原理，教材p389（PDF页411）,8.2 D/A转换器的电路结构和工作原理,389,教材在“8.2 D/A转换器的电路结构和工作原理”中围绕“双极性输出D/A转换器”展开相关内容；本节点按知识图谱问答需要概括为：能够输出正、负极性模拟量的数模转换器。
DE_MET_016,D/A分辨率,Metric,数字电子技术,D/A转换器的转换精度与转换速度,DAC可分辨的最小数字变化对应的模拟输出增量。,DAC Resolution,3,5,阎石《数字电子技术基础（第六版）》，8.3 D/A转换器的转换精度与转换速度，教材p400（PDF页422）,8.3 D/A转换器的转换精度与转换速度,400,教材在“8.3 D/A转换器的转换精度与转换速度”中围绕“D/A分辨率”展开相关内容；本节点按知识图谱问答需要概括为：DAC可分辨的最小数字变化对应的模拟输出增量。
DE_MET_017,D/A转换精度,Metric,数字电子技术,D/A转换器的转换精度与转换速度,实际模拟输出相对理想转换关系的接近程度。,DAC Accuracy,4,5,阎石《数字电子技术基础（第六版）》，8.3 D/A转换器的转换精度与转换速度，教材p400（PDF页422）,8.3 D/A转换器的转换精度与转换速度,400,教材在“8.3 D/A转换器的转换精度与转换速度”中围绕“D/A转换精度”展开相关内容；本节点按知识图谱问答需要概括为：实际模拟输出相对理想转换关系的接近程度。
DE_MET_018,D/A转换速度,Metric,数字电子技术,D/A转换器的转换精度与转换速度,数字输入变化后DAC输出达到规定误差范围所需的速度性能。,,4,4,阎石《数字电子技术基础（第六版）》，8.3 D/A转换器的转换精度与转换速度，教材p400（PDF页422）,8.3 D/A转换器的转换精度与转换速度,400,教材在“8.3 D/A转换器的转换精度与转换速度”中围绕“D/A转换速度”展开相关内容；本节点按知识图谱问答需要概括为：数字输入变化后DAC输出达到规定误差范围所需的速度性能。
DE_MET_019,D/A建立时间,Metric,数字电子技术,D/A转换器的转换精度与转换速度,DAC输出从变化开始到进入规定误差带所需的时间。,"Settling Time,建立时间",4,4,阎石《数字电子技术基础（第六版）》，8.3 D/A转换器的转换精度与转换速度，教材p400（PDF页422）,8.3 D/A转换器的转换精度与转换速度,400,教材在“8.3 D/A转换器的转换精度与转换速度”中讨论D/A转换速度相关指标；本节点以“D/A建立时间”区分触发器时序参数，概括为：DAC输出从变化开始到进入规定误差带所需的时间。
DE_OBJ_062,A/D转换器,ComputingObject,数字电子技术,A/D转换的基本原理,把模拟量转换成相应数字编码的电路。,ADC,3,5,阎石《数字电子技术基础（第六版）》，8.4 A/D转换的基本原理，教材p404（PDF页426）,8.4 A/D转换的基本原理,404,教材在“8.4 A/D转换的基本原理”中围绕“A/D转换器”展开相关内容；本节点按知识图谱问答需要概括为：把模拟量转换成相应数字编码的电路。
DE_OPE_013,取样,Operation,数字电子技术,A/D转换的基本原理,在离散时刻获取连续模拟信号瞬时值的过程。,Sampling,3,5,阎石《数字电子技术基础（第六版）》，8.4 A/D转换的基本原理，教材p404（PDF页426）,8.4 A/D转换的基本原理,404,教材在“8.4 A/D转换的基本原理”中围绕“取样”展开相关内容；本节点按知识图谱问答需要概括为：在离散时刻获取连续模拟信号瞬时值的过程。
DE_OPE_014,保持,Operation,数字电子技术,A/D转换的基本原理,在转换期间把取样得到的模拟值保持近似不变的过程。,Hold,3,5,阎石《数字电子技术基础（第六版）》，8.4 A/D转换的基本原理，教材p404（PDF页426）,8.4 A/D转换的基本原理,404,教材在“8.4 A/D转换的基本原理”中围绕“保持”展开相关内容；本节点按知识图谱问答需要概括为：在转换期间把取样得到的模拟值保持近似不变的过程。
DE_OPE_015,量化,Operation,数字电子技术,A/D转换的基本原理,把连续幅值映射为有限个离散量级的过程。,Quantization,4,5,阎石《数字电子技术基础（第六版）》，8.4 A/D转换的基本原理，教材p404（PDF页426）,8.4 A/D转换的基本原理,404,教材在“8.4 A/D转换的基本原理”中围绕“量化”展开相关内容；本节点按知识图谱问答需要概括为：把连续幅值映射为有限个离散量级的过程。
DE_OPE_016,编码,Operation,数字电子技术,A/D转换的基本原理,把量化后的离散等级转换为对应数字代码的过程。,Encoding,3,5,阎石《数字电子技术基础（第六版）》，8.4 A/D转换的基本原理，教材p404（PDF页426）,8.4 A/D转换的基本原理,404,教材在“8.4 A/D转换的基本原理”中围绕“编码”展开相关内容；本节点按知识图谱问答需要概括为：把量化后的离散等级转换为对应数字代码的过程。
DE_PRB_004,量化误差,Problem,数字电子技术,A/D转换的基本原理,由连续模拟量映射到离散量化等级而产生的幅值误差。,Quantization Error,4,5,阎石《数字电子技术基础（第六版）》，8.4 A/D转换的基本原理，教材p404（PDF页426）,8.4 A/D转换的基本原理,404,教材在“8.4 A/D转换的基本原理”中围绕“量化误差”展开相关内容；本节点按知识图谱问答需要概括为：由连续模拟量映射到离散量化等级而产生的幅值误差。
DE_OBJ_063,采样保持器,ComputingObject,数字电子技术,取样-保持电路,对模拟输入进行取样并在A/D转换期间保持该电压的电路。,"S/H电路,取样-保持电路",4,5,阎石《数字电子技术基础（第六版）》，8.5 取样-保持电路，教材p407（PDF页429）,8.5 取样-保持电路,407,教材在“8.5 取样-保持电路”中围绕“取样-保持电路”展开相关内容；本节点以“采样保持器”作为图谱中的区分名称，概括为：对模拟输入进行取样并在A/D转换期间保持该电压的电路。
DE_OBJ_064,并联比较型A/D转换器,ComputingObject,数字电子技术,A/D转换器的电路结构和工作原理,使用多个并行比较器同时判断输入范围、转换速度很高的ADC。,Flash ADC,4,5,阎石《数字电子技术基础（第六版）》，8.6 A/D转换器的电路结构和工作原理，教材p408（PDF页430）,8.6 A/D转换器的电路结构和工作原理,408,教材在“8.6 A/D转换器的电路结构和工作原理”中围绕“并联比较型A/D转换器”展开相关内容；本节点按知识图谱问答需要概括为：使用多个并行比较器同时判断输入范围、转换速度很高的ADC。
DE_OBJ_065,流水线型A/D转换器,ComputingObject,数字电子技术,A/D转换器的电路结构和工作原理,把转换过程分成多个级联阶段并流水处理的ADC。,Pipeline ADC,5,4,阎石《数字电子技术基础（第六版）》，8.6 A/D转换器的电路结构和工作原理，教材p408（PDF页430）,8.6 A/D转换器的电路结构和工作原理,408,教材在“8.6 A/D转换器的电路结构和工作原理”中围绕“流水线型A/D转换器”展开相关内容；本节点按知识图谱问答需要概括为：把转换过程分成多个级联阶段并流水处理的ADC。
DE_OBJ_066,逐次逼近型A/D转换器,ComputingObject,数字电子技术,A/D转换器的电路结构和工作原理,通过逐位试探并比较来逼近输入模拟值的ADC。,SAR ADC,4,5,阎石《数字电子技术基础（第六版）》，8.6 A/D转换器的电路结构和工作原理，教材p408（PDF页430）,8.6 A/D转换器的电路结构和工作原理,408,教材在“8.6 A/D转换器的电路结构和工作原理”中围绕“逐次逼近型A/D转换器”展开相关内容；本节点按知识图谱问答需要概括为：通过逐位试探并比较来逼近输入模拟值的ADC。
DE_OBJ_067,双积分型A/D转换器,ComputingObject,数字电子技术,A/D转换器的电路结构和工作原理,利用积分器对输入和参考信号分阶段积分完成转换的ADC。,Dual-Slope ADC,4,4,阎石《数字电子技术基础（第六版）》，8.6 A/D转换器的电路结构和工作原理，教材p408（PDF页430）,8.6 A/D转换器的电路结构和工作原理,408,教材在“8.6 A/D转换器的电路结构和工作原理”中围绕“双积分型A/D转换器”展开相关内容；本节点按知识图谱问答需要概括为：利用积分器对输入和参考信号分阶段积分完成转换的ADC。
DE_OBJ_068,Σ-Δ型A/D转换器,ComputingObject,数字电子技术,A/D转换器的电路结构和工作原理,利用过采样、噪声整形和数字滤波实现高分辨率转换的ADC。,Sigma-Delta ADC,5,4,阎石《数字电子技术基础（第六版）》，8.6 A/D转换器的电路结构和工作原理，教材p408（PDF页430）,8.6 A/D转换器的电路结构和工作原理,408,教材在“8.6 A/D转换器的电路结构和工作原理”中围绕“Σ-Δ型A/D转换器”展开相关内容；本节点按知识图谱问答需要概括为：利用过采样、噪声整形和数字滤波实现高分辨率转换的ADC。
DE_OBJ_069,V-F变换型A/D转换器,ComputingObject,数字电子技术,A/D转换器的电路结构和工作原理,先把输入电压转换为频率，再对频率计数得到数字量的ADC。,V/F ADC,4,3,阎石《数字电子技术基础（第六版）》，8.6 A/D转换器的电路结构和工作原理，教材p408（PDF页430）,8.6 A/D转换器的电路结构和工作原理,408,教材在“8.6 A/D转换器的电路结构和工作原理”中围绕“V-F变换型A/D转换器”展开相关内容；本节点按知识图谱问答需要概括为：先把输入电压转换为频率，再对频率计数得到数字量的ADC。
DE_OBJ_070,逐次逼近寄存器,ComputingObject,数字电子技术,A/D转换器的电路结构和工作原理,在SAR ADC中保存并逐位修正试探数字码的寄存器。,SAR,4,5,阎石《数字电子技术基础（第六版）》，8.6 A/D转换器的电路结构和工作原理，教材p408（PDF页430）,8.6 A/D转换器的电路结构和工作原理,408,教材在“8.6 A/D转换器的电路结构和工作原理”中围绕“逐次逼近寄存器”展开相关内容；本节点按知识图谱问答需要概括为：在SAR ADC中保存并逐位修正试探数字码的寄存器。
DE_MET_020,A/D分辨率,Metric,数字电子技术,A/D转换器的转换精度与转换速度,ADC能够区分的最小模拟输入变化量，通常由位数决定。,ADC Resolution,3,5,阎石《数字电子技术基础（第六版）》，8.7 A/D转换器的转换精度与转换速度，教材p426（PDF页448）,8.7 A/D转换器的转换精度与转换速度,426,教材在“8.7 A/D转换器的转换精度与转换速度”中围绕“A/D分辨率”展开相关内容；本节点按知识图谱问答需要概括为：ADC能够区分的最小模拟输入变化量，通常由位数决定。
DE_MET_021,A/D转换精度,Metric,数字电子技术,A/D转换器的转换精度与转换速度,ADC实际输出代码与理想转换特性的接近程度。,ADC Accuracy,4,5,阎石《数字电子技术基础（第六版）》，8.7 A/D转换器的转换精度与转换速度，教材p426（PDF页448）,8.7 A/D转换器的转换精度与转换速度,426,教材在“8.7 A/D转换器的转换精度与转换速度”中围绕“A/D转换精度”展开相关内容；本节点按知识图谱问答需要概括为：ADC实际输出代码与理想转换特性的接近程度。
DE_MET_022,A/D转换速度,Metric,数字电子技术,A/D转换器的转换精度与转换速度,ADC完成一次转换所需时间或单位时间内可完成转换的能力。,,4,5,阎石《数字电子技术基础（第六版）》，8.7 A/D转换器的转换精度与转换速度，教材p426（PDF页448）,8.7 A/D转换器的转换精度与转换速度,426,教材在“8.7 A/D转换器的转换精度与转换速度”中围绕“A/D转换速度”展开相关内容；本节点按知识图谱问答需要概括为：ADC完成一次转换所需时间或单位时间内可完成转换的能力。
